Author,Publisher,Title,Main_Price,Wafilife_Price,book_url
EL Publications পরিষদ,Not Listed,পৌরনীতি ও সুশাসন ২য় পত্র,0,৩৩০৳,https://www.wafilife.com/pouroniti-o-susason-2nd-paper/pd/76400
EL Publications পরিষদ,Not Listed,পৌরনীতি ১ম পত্র ১১ দিন এইচএসসি ২০২৬ ও ২০২৭,0,৩৩০৳,https://www.wafilife.com/hsc-2026-and-27-civics-1st-paper-11-days/pd/76358
আহমদ আলী,Not Listed,কিশোর সিরিজ ১-২০,"২,৮০০৳","১,৪০০৳",https://www.wafilife.com/kishor-series-1-20/pd/78254
ইউ.জে. তাসনিম,Not Listed,জলের গায়ে জল,২০০৳,১৭২৳,https://www.wafilife.com/joler-gaye-jol/pd/77991
ইরফান শেখ,Not Listed,জুলাই জাতীয় সনদ ২০২৫: ভবিষ্যতের পথরেখা,৩৬০৳,৩০৯৳,https://www.wafilife.com/july-jatiyo-shonod-2025-vobisshot-podorekha/pd/76498
ইরফান শেখ,Not Listed,জুলাই গণঅভ্যুত্থান পরবর্তী অন্তর্বর্তী সরকারের অন্দরমহল,৬০০৳,৫৫০৳,https://www.wafilife.com/july-gonobhyutthan-peroborti-antorborti-shorkarer-ondormohol/pd/76448
ইরফান শেখ,Not Listed,কৃপার শাস্ত্রের অর্থভেদ,৭৫০৳,৬৪৫৳,https://www.wafilife.com/kripar-shastrer-orthobhed/pd/76413
কর্নেল (অব.) কাজী নূর-উজ্জামান,Not Listed,একাত্তরের মুক্তিযুদ্ধ : একজন সেক্টর কমান্ডারের স্মৃতিকথা,২৪০৳,১৯২৳,https://www.wafilife.com/ekattorer-muktijuddho-akjon-sector-commanderer-smritkotha/pd/78970
ড. ডেভ স্লগেট,Not Listed,ড্রোন ওয়ারফেয়ার,৪৪০৳,৩৩০৳,https://www.wafilife.com/drone-warfare/pd/77024
ড. নাজাত সালিবি আত-তাউয়িল,Not Listed,অয়েল ওয়ার,৬৩৮৳,৪৭৮৳,https://www.wafilife.com/oil-war/pd/77160
তিশা রানী ঘোষ,Not Listed,বাংলার প্রকৃতি,0,১০০৳,https://www.wafilife.com/banglar-prokriti/pd/76229
পরেশ চন্দ্র সূত্রধর,Not Listed,ধলেশ্বরী থেকে পদ্মা,৪০০৳,৩২০৳,https://www.wafilife.com/dhaleshwari-theke-padma/pd/78598
পরেশ চন্দ্র সূত্রধর,Not Listed,তিল্লির খন্ডচিত্র,২০০৳,১৬০৳,https://www.wafilife.com/tillir-khondochitro/pd/78535
ফারহাত ইশতিয়াক,Not Listed,দিয়ার এ দিল,৪৫০৳,২৭০৳,https://www.wafilife.com/diyar-e-dil/pd/78872
মোস্তাক আহ্‌মাদ,Not Listed,বুদ্ধির গণিত মজার ধাঁধা,৩০০৳,২৬৯৳,https://www.wafilife.com/buddhir-gonit-mojar-dhadha/pd/81614
মোস্তাক আহ্‌মাদ,Not Listed,৭০০ গাণিতিক মজার কুইজ,২০০৳,১৭৯৳,https://www.wafilife.com/700-ganitik-mojar-quize/pd/81625
মোস্তাক আহ্‌মাদ,Not Listed,বিজ্ঞানের মজার কুইজ,২৫০৳,২২৯৳,https://www.wafilife.com/bigganer-mojar-quize/pd/81627
মোস্তাক আহ্‌মাদ,Not Listed,ছোটদের রূপকথার গল্প রাক্ষস ও বুদ্ধিমান বামুন,১৬০৳,১৪৯৳,https://www.wafilife.com/sotoder-rupkother-golpo-rakkhos-o-buddiman-mamun/pd/78887
রাজশেখর বসু,Not Listed,পরশুরাম গল্পসমগ্র,"১,০০০৳",৮৭৯৳,https://www.wafilife.com/parshuram-galpasamagra/pd/78813
শিমুল ফরিদ,Not Listed,ভালোবাসার জন্মদিন,২৫০৳,২১৫৳,https://www.wafilife.com/valobashar-jonmodin/pd/78479
স্টেফান সোয়াইগ,Not Listed,চেস স্টোরি,২২০৳,১৩২৳,https://www.wafilife.com/chess-story/pd/78922
AAOIFI,Not Listed,কোড অফ ইথিকস কর্মক্ষেত্রে নীতি ও নৈতিকতা,২০০৳,১৬০৳,https://www.wafilife.com/code-of-ethics/pd/58372
Anwar Dil,Not Listed,Rabindranath Tagore and Victoria Ocampo (The Creative Touch),৮০০৳,৬৬৪৳,https://www.wafilife.com/rabindranath-tagore-and-victoria-ocampo-the-creative-touch/pd/47435
Charles Dickens,Not Listed,A Tale Of Two Cities,"১,৩০০৳","১,১১৩৳",https://www.wafilife.com/a-tale-of-two-cities/pd/60033
Charles Dickens,Not Listed,Oliver Twist,"১,৪০০৳","১,১৬২৳",https://www.wafilife.com/oliver-twist/pd/60036
Dai Jianbing,Not Listed,The Ten Capabilities of the Communist Party of China,৯৫০৳,৭১৩৳,https://www.wafilife.com/the-ten-capabilities-of-the-communist-party-of-china/pd/63412
Dr. Abul Hossain,Not Listed,Hidden Economy of Bangladesh and Its Policy Implications,৩২০৳,২১৮৳,https://www.wafilife.com/hidden-economy-of-bangladesh-and-its-policy-implications/pd/43533
Dr. Himel Borkot,Not Listed,Next Fifty Collective features,"২,৫০০৳","২,০৫০৳",https://www.wafilife.com/নেক্সট-ফিফটি-কালেকটিভ-ফিচারস/pd/61881
Dr. Md. Golzare Nabi,Not Listed,Measuring Performance of Islamic Banks in Bangladesh,"১,০০০৳",৬৫০৳,https://www.wafilife.com/measuring-performance-in-business-of-islamic-banks-in-bangla/pd/60437
Dr. Muhammad Moniuzzaman,Not Listed,Medi English (For Medical And Admission Test),৮২৫৳,৫৬০৳,https://www.wafilife.com/মেডি-ইংলিশ/pd/5612
Dr. Muhammad Moniuzzaman,Not Listed,Zamindars Of Bangla : Case Study of Selected Rangpur Zamindars 1793-1950,৬০০৳,৪৯৮৳,https://www.wafilife.com/zamindars-of-bangla-case-study-of-selected-rangpur-zamindars/pd/49390
Dr. Nasir Misfir Al Zahrani,Not Listed,The Prophet's Biography in Minutes (English Version),৪৫০৳,২৭৯৳,https://www.wafilife.com/the-prophet039s-biography-in-minutes-english-version/pd/81485
Edgar Rice Burroughs,Not Listed,Tarzan,৬০০৳,৪৫০৳,https://www.wafilife.com/tarzan/pd/63522
Enamul Haque (Technology matters),Not Listed,A Beginner's Guide To Data Science,৭০০৳,৪৯০৳,https://www.wafilife.com/a-beginner-s-guide-to-data-science/pd/56471
Ernest Hemingway,Not Listed,The Old Man and the Sea,১৭০৳,১৪১৳,https://www.wafilife.com/the-old-man-and-the-sea/pd/60041
Fadlur R Kalim Kashmiri,Not Listed,The Many Shades of Shirk,0,৩২০৳,https://www.wafilife.com/the-many-shades-of-shirk/pd/60943
Georgian Folk-Take,Not Listed,ফড়িং আর পিঁপড়ে,৬০৳,৫২৳,https://www.wafilife.com/foring-o-pipre/pd/57041
H. G. Wells,Not Listed,The Time Mechien,৩০০৳,২৪৯৳,https://www.wafilife.com/the-time-mechien/pd/60031
H.M.M. Jubair Ahmed,Not Listed,Moqsodul Momineen,২৫০৳,১৯৯৳,https://www.wafilife.com/moqsodul-momineen/pd/81517
H.M.M. Jubair Ahmed,Not Listed,Niyamul Quraan (English),২৪০৳,২২৯৳,https://www.wafilife.com/niyamul-quraan-english/pd/81518
John Sanday,Not Listed,"Discover the Monuments of Bangladesh : A Guide to their History, Location",২৫০৳,২০৫৳,https://www.wafilife.com/discover-the-monuments-of-bangladesh-a-guide-to-their-histor/pd/34979
Jonathan Swift,Not Listed,Gulliver’s Travels,৫৯০৳,৫০৭৳,https://www.wafilife.com/gullivers-travels/pd/60039
Jules Verne,Not Listed,Around The World In 80 Days,৪৫০৳,৩৮৭৳,https://www.wafilife.com/around-the-world-in-80-days/pd/60037
Julfikar Newton,Not Listed,Bangabandhu Poet of Politics,৪৫০৳,৩০৬৳,https://www.wafilife.com/bangabandhu-poet-of-politics/pd/43527
K. A. Islam,Not Listed,জবে ভুল-ভ্রান্তির শিক্ষণীয় ঘটনা: টেকসই HRD,0,৩০০৳,https://www.wafilife.com/teach-soi-hrd/pd/62657
Kazi Nurul Haque,Not Listed,Thoughts on Insurance : Bangladesh Perspective,৪৫০৳,৩৭৪৳,https://www.wafilife.com/thoughts-on-insurance-bangladesh-perspective/pd/47544
Khalid Baig,Not Listed,Slippery Stone,৮০০৳,৬০০৳,https://www.wafilife.com/স্লিপারি-স্টোন/pd/59412
Larisa Jasarevic,Not Listed,Children of Salik Treasure Hunt,৭৯৯৳,৫৯৯৳,https://www.wafilife.com/children-of-salik-treasure-hunt/pd/74712
Lewis Caroll,Not Listed,আজব দেশে অ্যালিস,১৫০৳,১৩৯৳,https://www.wafilife.com/ajob-deshe-alice/pd/78657
Lewis Caroll,Not Listed,Alice’s Adventures in Wonderland,২০০৳,১৭২৳,https://www.wafilife.com/alices-adventures-in-wonderland/pd/60038
Lois Lowry,Not Listed,The Giver,৫০০৳,৪৩০৳,https://www.wafilife.com/the-giver/pd/60034
Lt Col (Retd) A KM Maksudul Haque PhD,Not Listed,Terrorism and Jihad,৫০০৳,৪৩০৳,https://www.wafilife.com/terrorism-and-jihad/pd/62970
M Zohurul Islam FCA,Not Listed,Principles of Accounting,৩০০৳,২৪০৳,https://www.wafilife.com/principles-of-accounting/pd/29529
M. Gias Uddin Chy,Not Listed,Kids English Word Book,২৫০৳,১৪৫৳,https://www.wafilife.com/kids-english-word-book/pd/21644
M. Harunur Rashid,Not Listed,English for Bangali Learners,৩০০৳,২৪৯৳,https://www.wafilife.com/english-for-bangali-learners/pd/10073
M. Hassanullah,Not Listed,Managing Extension Services,৪০০৳,৩২৮৳,https://www.wafilife.com/managing-extension-services/pd/10574
M. Hassanullah,Not Listed,Performance of Agricultural Extension organizations of Bangladesh,৪০০৳,৩২৮৳,https://www.wafilife.com/performance-of-agricultural-extension-organizations-of-bangl/pd/10597
M. Masudur Rahman,Not Listed,Business Comunication,৩১০৳,২৮৯৳,https://www.wafilife.com/business-comunication/pd/79407
M. Masudur Rahman,Not Listed,"Department Of Marketing Business Communication (BBA Honus, 2nd Year) Session: 2013-2014",২৮৫৳,২৪৯৳,https://www.wafilife.com/department-of-marketing-business-communication-bba-honus-2nd/pd/79417
M. Masudur Rahman,Not Listed,Business Communication And Report Writing (Department Of Accounting And Finance And Banking) (BBA honors 2nd Year) (Accounting Code: 222513)(Finance And Banking Code: 222413),৩৪৪৳,৩১৯৳,https://www.wafilife.com/business-communication-and-report-writing-department-of-acco/pd/79419
M. Masudur Rahman,Not Listed,"Business Communication And Report Writing (BBA Honus, 2nd Year) Session: 2013-2014",৩৪৪৳,৩১৯৳,https://www.wafilife.com/business-communication-and-report-writing-bba-honus-2nd-year/pd/79400
M. Mirjahan,Not Listed,Community Partnership For Sustainable Water Management (volume 3),২৮০৳,২২৯.৬০৳,https://www.wafilife.com/কমিউনিটি-পার্টনারশিপ-ফর-সাস্টেইনেবল-ওয়াটার-ম্যানেজমেন্ট-এক্স/pd/22352
M. Mufakharul Islam,Not Listed,An Economic History of Bengal 1757-1947,৭৯০৳,৬৫৬৳,https://www.wafilife.com/an-economic-history-of-bengal-1757-1947/pd/10067
M. N. Pearson,Not Listed,Pious Passengers: The Hajj in Earlier Times,৩০৫৳,২৫০.১০৳,https://www.wafilife.com/pious-passengers-the-hajj-in-earlier-times/pd/10598
M. Shamsher Ali,Not Listed,Islam Science And Culture,৫০০৳,৩৬৫৳,https://www.wafilife.com/islam-science-and-culture/pd/8549
M. Shamsher Ali,Not Listed,Making Math Fun,২৫০৳,২০৮৳,https://www.wafilife.com/making-math-fun/pd/7919
M. U. Kazi,Not Listed,Self-Evident Miracles of the Holy Qur'an,0,৩৪৫৳,https://www.wafilife.com/self-evident-miracles-of-the-holy-quran/pd/177
M. Youssouf Ali,Not Listed,"Fish, Water and People Reflections on Inland Openwater Fisheries Resources of Bangladesh",৩০০৳,২৪৬৳,https://www.wafilife.com/ফিশ-ওয়াটার-এন্ড-পিপল-রিফ্লেকশন-অন-ইনল্যান্ড-ওপেনওয়াটার-ফিশার/pd/22273
M. Zahidul Islam,Not Listed,Dictionary of Idioms and Phrases,৩০০৳,২৪০৳,https://www.wafilife.com/dictionary-of-idioms-and-phrases/pd/6012
M.A.K. Saqib,Not Listed,A Guide to the Celebration of 'Eed,0,১১৫৳,https://www.wafilife.com/a-guide-to-the-celebration-of-eed/pd/174
MD. Ruhul Amin Sarkar,Not Listed,Rural Financing and Agricultural Credit in Bangladesh: Future Development Strategies for Formal Sector Banks,৫৫০৳,৪৫১৳,https://www.wafilife.com/rural-financing-and-agricultural-credit-in-bangladesh-future/pd/10610
Mahbub Hasan Lingcon,Not Listed,Akkharpatra Chemistry Second Paper (Class 11-12) - English Version,0,৮০০৳,https://www.wafilife.com/কেমিস্ট্রি-দ্বিতীয়-পত্র/pd/15846
Mahbub Hasan Lingcon,Not Listed,Akkharpatra Chemistry First Paper (Class 11-12) - English Version,0,৮০০৳,https://www.wafilife.com/কেমিস্ট্রি-১ম-পত্র-একাদশ-দ্বাদশ-শ্রেণি/pd/15971
Mahbub Hossain,Not Listed,Rethingking Rural poverty: Bangladesh as a Case Study,৪০০৳,৩২৮৳,https://www.wafilife.com/রিথিংকিং-রুরাল-পভার্টি-বাংলাদেশ-অ্যাজ-এ-কেস-স্ট্যাডি/pd/22309
Mahbub ul Haq,Not Listed,Human Development in South Asia 1998 : The Education Challenge,৪৫০৳,৩৬৯৳,https://www.wafilife.com/হিউম্যান-ডেভেলপমেন্ট-ইন-সাউথ-এশিয়া-১৯৯৮-দ্য-এডুকাশন-চ্যালেঞ্/pd/22293
Mahbub ul Haq,Not Listed,Human Development in South Asia 2003,৬৫০৳,৫৩৩৳,https://www.wafilife.com/human-development-in-south-asia-2003/pd/10538
Mahbub ul Haq,Not Listed,Human Development in South Asia 1998,৪৫০৳,৩৬৯৳,https://www.wafilife.com/human-development-in-south-asia-1998/pd/10536
Mahbubur Rahman,Not Listed,Dhaka An Urban Reader,"১,২৮০৳","১,০৪৯.৬০৳",https://www.wafilife.com/dhaka-an-urban-reader/pd/10502
Mahendra P Lama,Not Listed,"Human Security in India Discourse, Practices and Policy implications",৬০০৳,৪৯২৳,https://www.wafilife.com/human-security-in-india-discourse-practices-and-policy-impli/pd/10542
Mahfuz Ullah,Not Listed,ULFA,৭৫০৳,৬২৩৳,https://www.wafilife.com/ulfa/pd/10084
Mahfuz Ullah,Not Listed,Begum Khaleda Zia,"২,০০০৳","১,৮২০৳",https://www.wafilife.com/begum-khaleda-zia/pd/46288
Mahfuzur Rahman,Not Listed,The Amnesiacs,৩০০৳,২৪৯৳,https://www.wafilife.com/the-amnesiacs/pd/47411
Mahfuzur Rahman,Not Listed,From Naogaon to New York,৯৪৫৳,৭৮৪৳,https://www.wafilife.com/from-naogaon-to-new-york/pd/10074
Mahmood Ahmad Ghadanfar,Not Listed,Commanders of the Muslim Army,"২,২০০৳","২,০৯০৳",https://www.wafilife.com/commanders-of-the-muslim-army/pd/4968
Mahmood Ahmad Ghadanfar,Not Listed,Great Women of Islam,"১,৫৪০৳","১,৪৬৩৳",https://www.wafilife.com/great-women-of-islam/pd/860
Mahmuda Bari,Not Listed,English 2nd Paper (Classes xi-xii and HSC exam 2024),৩২০৳,২৭২৳,https://www.wafilife.com/ইংলিশ-সেকেন্ড-পেপার-একাদশ-দ্বাদশ-ও-এইচএসসি-২০২৪/pd/16698
Mahmudul Alam,Not Listed,Bangladesh Assessing Basic Learning Skills,২২০৳,১৮০.৪০৳,https://www.wafilife.com/bangladesh-assessing-basic-learning-skills/pd/10473
Mahmudul Alam,Not Listed,A Question of Quality: State of Primary Education in Bangladesh-3,৩০০৳,২৪৬৳,https://www.wafilife.com/a-question-of-quality-state-of-primary-education-in-banglade/pd/10459
Majdi Muhammad Ash Shahawi,Not Listed,Marital Discord: Causes and Cures,"১,১০০৳","১,০৪৫৳",https://www.wafilife.com/marital-discord-causes-and-cures/pd/5028
Majed S. Al-Rassi,Not Listed,Islam is Your Birthright,৬০০৳,৫৭০৳,https://www.wafilife.com/islam-is-your-birthright/pd/306
Manjula Chaudhary,Not Listed,An Analytical Development of the Exposition of The Kautilya usages,৪০০৳,৩৩২৳,https://www.wafilife.com/an-analytical-development-of-the-exposition-of-the-kautilya/pd/10344
Marianna Pascal,Not Listed,English Fast and Easy,৫০০৳,৪০০৳,https://www.wafilife.com/ইংলিশ-ফাস্ট-অ্যান্ড-ইজি/pd/16195
Mark Twain,Not Listed,Adventure of Hackle Bari Feen,৯২০৳,৭৯১.২০৳,https://www.wafilife.com/adventure-of-hackle-bari-feen/pd/60032
Mashhur Hasan Salman,Not Listed,The Concise Presentation of the Fiqh,"২,৪২০৳","২,২৯৯৳",https://www.wafilife.com/the-concise-presentation-of-the-fiqh/pd/287
Masudul Hasan Roni,Not Listed,Professor's Selected Basic Essay,৪৫০৳,২৯৩৳,https://www.wafilife.com/professors-selected-basic-essay/pd/8041
Matt Yarrington,Not Listed,"Crocodile in the Water, Tiger on the Bank Common Bengali Proverbs",৭০০৳,৫৭৪৳,https://www.wafilife.com/crocodile-in-the-water-tiger-on-the-bank-common-bengali-prov/pd/10495
Maulana Wahiduddin Khan,Not Listed,God Arises,0,"১,০৪৫৳ - ১,২৫৪৳",https://www.wafilife.com/god-arises/pd/200
Maulana Wahiduddin Khan,Not Listed,Ramadan: The Month of Fasting (Quran Stories For Little Children),0,১২০৳,https://www.wafilife.com/ramadan-the-month-of-fasting-quran-stories-for-little-childr/pd/840
Maulivi Abdul Aziz,Not Listed,History of Islam - Muawiyah Ibn Abi Sufyan,"১,৫৪০৳","১,৪৬৩৳",https://www.wafilife.com/history-of-islam-muawiyah-ibn-abi-sufyan/pd/5001
Maulivi Abdul Aziz,Not Listed,History of Islam - Uthman Ibn Affan,"১,৫৪০৳","১,৪৬৩৳",https://www.wafilife.com/history-of-islam-uthman-ibn-affan/pd/4998
Maulivi Abdul Aziz,Not Listed,History of Islam - Ali Ibn Abi Taalib,"১,৫৪০৳","১,৪৬৩৳",https://www.wafilife.com/history-of-islam-ali-ibn-abi-taalib/pd/4997
EL Publications পরিষদ,Not Listed,পৌরনীতি ও সুশাসন ২য় পত্র,0,৩৩০৳,https://www.wafilife.com/pouroniti-o-susason-2nd-paper/pd/76400
EL Publications পরিষদ,Not Listed,পৌরনীতি ১ম পত্র ১১ দিন এইচএসসি ২০২৬ ও ২০২৭,0,৩৩০৳,https://www.wafilife.com/hsc-2026-and-27-civics-1st-paper-11-days/pd/76358
আহমদ আলী,Not Listed,কিশোর সিরিজ ১-২০,"২,৮০০৳","১,৪০০৳",https://www.wafilife.com/kishor-series-1-20/pd/78254
ইউ.জে. তাসনিম,Not Listed,জলের গায়ে জল,২০০৳,১৭২৳,https://www.wafilife.com/joler-gaye-jol/pd/77991
ইরফান শেখ,Not Listed,জুলাই জাতীয় সনদ ২০২৫: ভবিষ্যতের পথরেখা,৩৬০৳,৩০৯৳,https://www.wafilife.com/july-jatiyo-shonod-2025-vobisshot-podorekha/pd/76498
ইরফান শেখ,Not Listed,জুলাই গণঅভ্যুত্থান পরবর্তী অন্তর্বর্তী সরকারের অন্দরমহল,৬০০৳,৫৫০৳,https://www.wafilife.com/july-gonobhyutthan-peroborti-antorborti-shorkarer-ondormohol/pd/76448
ইরফান শেখ,Not Listed,কৃপার শাস্ত্রের অর্থভেদ,৭৫০৳,৬৪৫৳,https://www.wafilife.com/kripar-shastrer-orthobhed/pd/76413
কর্নেল (অব.) কাজী নূর-উজ্জামান,Not Listed,একাত্তরের মুক্তিযুদ্ধ : একজন সেক্টর কমান্ডারের স্মৃতিকথা,২৪০৳,১৯২৳,https://www.wafilife.com/ekattorer-muktijuddho-akjon-sector-commanderer-smritkotha/pd/78970
ড. ডেভ স্লগেট,Not Listed,ড্রোন ওয়ারফেয়ার,৪৪০৳,৩৩০৳,https://www.wafilife.com/drone-warfare/pd/77024
ড. নাজাত সালিবি আত-তাউয়িল,Not Listed,অয়েল ওয়ার,৬৩৮৳,৪৭৮৳,https://www.wafilife.com/oil-war/pd/77160
তিশা রানী ঘোষ,Not Listed,বাংলার প্রকৃতি,0,১০০৳,https://www.wafilife.com/banglar-prokriti/pd/76229
পরেশ চন্দ্র সূত্রধর,Not Listed,ধলেশ্বরী থেকে পদ্মা,৪০০৳,৩২০৳,https://www.wafilife.com/dhaleshwari-theke-padma/pd/78598
পরেশ চন্দ্র সূত্রধর,Not Listed,তিল্লির খন্ডচিত্র,২০০৳,১৬০৳,https://www.wafilife.com/tillir-khondochitro/pd/78535
ফারহাত ইশতিয়াক,Not Listed,দিয়ার এ দিল,৪৫০৳,২৭০৳,https://www.wafilife.com/diyar-e-dil/pd/78872
মোস্তাক আহ্‌মাদ,Not Listed,বুদ্ধির গণিত মজার ধাঁধা,৩০০৳,২৬৯৳,https://www.wafilife.com/buddhir-gonit-mojar-dhadha/pd/81614
মোস্তাক আহ্‌মাদ,Not Listed,৭০০ গাণিতিক মজার কুইজ,২০০৳,১৭৯৳,https://www.wafilife.com/700-ganitik-mojar-quize/pd/81625
মোস্তাক আহ্‌মাদ,Not Listed,বিজ্ঞানের মজার কুইজ,২৫০৳,২২৯৳,https://www.wafilife.com/bigganer-mojar-quize/pd/81627
মোস্তাক আহ্‌মাদ,Not Listed,ছোটদের রূপকথার গল্প রাক্ষস ও বুদ্ধিমান বামুন,১৬০৳,১৪৯৳,https://www.wafilife.com/sotoder-rupkother-golpo-rakkhos-o-buddiman-mamun/pd/78887
রাজশেখর বসু,Not Listed,পরশুরাম গল্পসমগ্র,"১,০০০৳",৮৭৯৳,https://www.wafilife.com/parshuram-galpasamagra/pd/78813
শিমুল ফরিদ,Not Listed,ভালোবাসার জন্মদিন,২৫০৳,২১৫৳,https://www.wafilife.com/valobashar-jonmodin/pd/78479
স্টেফান সোয়াইগ,Not Listed,চেস স্টোরি,২২০৳,১৩২৳,https://www.wafilife.com/chess-story/pd/78922
AAOIFI,Not Listed,কোড অফ ইথিকস কর্মক্ষেত্রে নীতি ও নৈতিকতা,২০০৳,১৬০৳,https://www.wafilife.com/code-of-ethics/pd/58372
Anwar Dil,Not Listed,Rabindranath Tagore and Victoria Ocampo (The Creative Touch),৮০০৳,৬৬৪৳,https://www.wafilife.com/rabindranath-tagore-and-victoria-ocampo-the-creative-touch/pd/47435
Charles Dickens,Not Listed,A Tale Of Two Cities,"১,৩০০৳","১,১১৩৳",https://www.wafilife.com/a-tale-of-two-cities/pd/60033
Charles Dickens,Not Listed,Oliver Twist,"১,৪০০৳","১,১৬২৳",https://www.wafilife.com/oliver-twist/pd/60036
Dai Jianbing,Not Listed,The Ten Capabilities of the Communist Party of China,৯৫০৳,৭১৩৳,https://www.wafilife.com/the-ten-capabilities-of-the-communist-party-of-china/pd/63412
Dr. Abul Hossain,Not Listed,Hidden Economy of Bangladesh and Its Policy Implications,৩২০৳,২১৮৳,https://www.wafilife.com/hidden-economy-of-bangladesh-and-its-policy-implications/pd/43533
Dr. Himel Borkot,Not Listed,Next Fifty Collective features,"২,৫০০৳","২,০৫০৳",https://www.wafilife.com/নেক্সট-ফিফটি-কালেকটিভ-ফিচারস/pd/61881
Dr. Md. Golzare Nabi,Not Listed,Measuring Performance of Islamic Banks in Bangladesh,"১,০০০৳",৬৫০৳,https://www.wafilife.com/measuring-performance-in-business-of-islamic-banks-in-bangla/pd/60437
Dr. Muhammad Moniuzzaman,Not Listed,Medi English (For Medical And Admission Test),৮২৫৳,৫৬০৳,https://www.wafilife.com/মেডি-ইংলিশ/pd/5612
Dr. Muhammad Moniuzzaman,Not Listed,Zamindars Of Bangla : Case Study of Selected Rangpur Zamindars 1793-1950,৬০০৳,৪৯৮৳,https://www.wafilife.com/zamindars-of-bangla-case-study-of-selected-rangpur-zamindars/pd/49390
Dr. Nasir Misfir Al Zahrani,Not Listed,The Prophet's Biography in Minutes (English Version),৪৫০৳,২৭৯৳,https://www.wafilife.com/the-prophet039s-biography-in-minutes-english-version/pd/81485
Edgar Rice Burroughs,Not Listed,Tarzan,৬০০৳,৪৫০৳,https://www.wafilife.com/tarzan/pd/63522
Enamul Haque (Technology matters),Not Listed,A Beginner's Guide To Data Science,৭০০৳,৪৯০৳,https://www.wafilife.com/a-beginner-s-guide-to-data-science/pd/56471
Ernest Hemingway,Not Listed,The Old Man and the Sea,১৭০৳,১৪১৳,https://www.wafilife.com/the-old-man-and-the-sea/pd/60041
Fadlur R Kalim Kashmiri,Not Listed,The Many Shades of Shirk,0,৩২০৳,https://www.wafilife.com/the-many-shades-of-shirk/pd/60943
Georgian Folk-Take,Not Listed,ফড়িং আর পিঁপড়ে,৬০৳,৫২৳,https://www.wafilife.com/foring-o-pipre/pd/57041
H. G. Wells,Not Listed,The Time Mechien,৩০০৳,২৪৯৳,https://www.wafilife.com/the-time-mechien/pd/60031
H.M.M. Jubair Ahmed,Not Listed,Moqsodul Momineen,২৫০৳,১৯৯৳,https://www.wafilife.com/moqsodul-momineen/pd/81517
H.M.M. Jubair Ahmed,Not Listed,Niyamul Quraan (English),২৪০৳,২২৯৳,https://www.wafilife.com/niyamul-quraan-english/pd/81518
John Sanday,Not Listed,"Discover the Monuments of Bangladesh : A Guide to their History, Location",২৫০৳,২০৫৳,https://www.wafilife.com/discover-the-monuments-of-bangladesh-a-guide-to-their-histor/pd/34979
Jonathan Swift,Not Listed,Gulliver’s Travels,৫৯০৳,৫০৭৳,https://www.wafilife.com/gullivers-travels/pd/60039
Jules Verne,Not Listed,Around The World In 80 Days,৪৫০৳,৩৮৭৳,https://www.wafilife.com/around-the-world-in-80-days/pd/60037
Julfikar Newton,Not Listed,Bangabandhu Poet of Politics,৪৫০৳,৩০৬৳,https://www.wafilife.com/bangabandhu-poet-of-politics/pd/43527
K. A. Islam,Not Listed,জবে ভুল-ভ্রান্তির শিক্ষণীয় ঘটনা: টেকসই HRD,0,৩০০৳,https://www.wafilife.com/teach-soi-hrd/pd/62657
Kazi Nurul Haque,Not Listed,Thoughts on Insurance : Bangladesh Perspective,৪৫০৳,৩৭৪৳,https://www.wafilife.com/thoughts-on-insurance-bangladesh-perspective/pd/47544
Khalid Baig,Not Listed,Slippery Stone,৮০০৳,৬০০৳,https://www.wafilife.com/স্লিপারি-স্টোন/pd/59412
Larisa Jasarevic,Not Listed,Children of Salik Treasure Hunt,৭৯৯৳,৫৯৯৳,https://www.wafilife.com/children-of-salik-treasure-hunt/pd/74712
Lewis Caroll,Not Listed,আজব দেশে অ্যালিস,১৫০৳,১৩৯৳,https://www.wafilife.com/ajob-deshe-alice/pd/78657
Lewis Caroll,Not Listed,Alice’s Adventures in Wonderland,২০০৳,১৭২৳,https://www.wafilife.com/alices-adventures-in-wonderland/pd/60038
Lois Lowry,Not Listed,The Giver,৫০০৳,৪৩০৳,https://www.wafilife.com/the-giver/pd/60034
Lt Col (Retd) A KM Maksudul Haque PhD,Not Listed,Terrorism and Jihad,৫০০৳,৪৩০৳,https://www.wafilife.com/terrorism-and-jihad/pd/62970
M Zohurul Islam FCA,Not Listed,Principles of Accounting,৩০০৳,২৪০৳,https://www.wafilife.com/principles-of-accounting/pd/29529
M. Gias Uddin Chy,Not Listed,Kids English Word Book,২৫০৳,১৪৫৳,https://www.wafilife.com/kids-english-word-book/pd/21644
M. Harunur Rashid,Not Listed,English for Bangali Learners,৩০০৳,২৪৯৳,https://www.wafilife.com/english-for-bangali-learners/pd/10073
M. Hassanullah,Not Listed,Managing Extension Services,৪০০৳,৩২৮৳,https://www.wafilife.com/managing-extension-services/pd/10574
M. Hassanullah,Not Listed,Performance of Agricultural Extension organizations of Bangladesh,৪০০৳,৩২৮৳,https://www.wafilife.com/performance-of-agricultural-extension-organizations-of-bangl/pd/10597
M. Masudur Rahman,Not Listed,Business Comunication,৩১০৳,২৮৯৳,https://www.wafilife.com/business-comunication/pd/79407
M. Masudur Rahman,Not Listed,"Department Of Marketing Business Communication (BBA Honus, 2nd Year) Session: 2013-2014",২৮৫৳,২৪৯৳,https://www.wafilife.com/department-of-marketing-business-communication-bba-honus-2nd/pd/79417
M. Masudur Rahman,Not Listed,Business Communication And Report Writing (Department Of Accounting And Finance And Banking) (BBA honors 2nd Year) (Accounting Code: 222513)(Finance And Banking Code: 222413),৩৪৪৳,৩১৯৳,https://www.wafilife.com/business-communication-and-report-writing-department-of-acco/pd/79419
M. Masudur Rahman,Not Listed,"Business Communication And Report Writing (BBA Honus, 2nd Year) Session: 2013-2014",৩৪৪৳,৩১৯৳,https://www.wafilife.com/business-communication-and-report-writing-bba-honus-2nd-year/pd/79400
M. Mirjahan,Not Listed,Community Partnership For Sustainable Water Management (volume 3),২৮০৳,২২৯.৬০৳,https://www.wafilife.com/কমিউনিটি-পার্টনারশিপ-ফর-সাস্টেইনেবল-ওয়াটার-ম্যানেজমেন্ট-এক্স/pd/22352
M. Mufakharul Islam,Not Listed,An Economic History of Bengal 1757-1947,৭৯০৳,৬৫৬৳,https://www.wafilife.com/an-economic-history-of-bengal-1757-1947/pd/10067
M. N. Pearson,Not Listed,Pious Passengers: The Hajj in Earlier Times,৩০৫৳,২৫০.১০৳,https://www.wafilife.com/pious-passengers-the-hajj-in-earlier-times/pd/10598
M. Shamsher Ali,Not Listed,Islam Science And Culture,৫০০৳,৩৬৫৳,https://www.wafilife.com/islam-science-and-culture/pd/8549
M. Shamsher Ali,Not Listed,Making Math Fun,২৫০৳,২০৮৳,https://www.wafilife.com/making-math-fun/pd/7919
M. U. Kazi,Not Listed,Self-Evident Miracles of the Holy Qur'an,0,৩৪৫৳,https://www.wafilife.com/self-evident-miracles-of-the-holy-quran/pd/177
M. Youssouf Ali,Not Listed,"Fish, Water and People Reflections on Inland Openwater Fisheries Resources of Bangladesh",৩০০৳,২৪৬৳,https://www.wafilife.com/ফিশ-ওয়াটার-এন্ড-পিপল-রিফ্লেকশন-অন-ইনল্যান্ড-ওপেনওয়াটার-ফিশার/pd/22273
M. Zahidul Islam,Not Listed,Dictionary of Idioms and Phrases,৩০০৳,২৪০৳,https://www.wafilife.com/dictionary-of-idioms-and-phrases/pd/6012
M.A.K. Saqib,Not Listed,A Guide to the Celebration of 'Eed,0,১১৫৳,https://www.wafilife.com/a-guide-to-the-celebration-of-eed/pd/174
MD. Ruhul Amin Sarkar,Not Listed,Rural Financing and Agricultural Credit in Bangladesh: Future Development Strategies for Formal Sector Banks,৫৫০৳,৪৫১৳,https://www.wafilife.com/rural-financing-and-agricultural-credit-in-bangladesh-future/pd/10610
Mahbub Hasan Lingcon,Not Listed,Akkharpatra Chemistry Second Paper (Class 11-12) - English Version,0,৮০০৳,https://www.wafilife.com/কেমিস্ট্রি-দ্বিতীয়-পত্র/pd/15846
Mahbub Hasan Lingcon,Not Listed,Akkharpatra Chemistry First Paper (Class 11-12) - English Version,0,৮০০৳,https://www.wafilife.com/কেমিস্ট্রি-১ম-পত্র-একাদশ-দ্বাদশ-শ্রেণি/pd/15971
Mahbub Hossain,Not Listed,Rethingking Rural poverty: Bangladesh as a Case Study,৪০০৳,৩২৮৳,https://www.wafilife.com/রিথিংকিং-রুরাল-পভার্টি-বাংলাদেশ-অ্যাজ-এ-কেস-স্ট্যাডি/pd/22309
Mahbub ul Haq,Not Listed,Human Development in South Asia 1998 : The Education Challenge,৪৫০৳,৩৬৯৳,https://www.wafilife.com/হিউম্যান-ডেভেলপমেন্ট-ইন-সাউথ-এশিয়া-১৯৯৮-দ্য-এডুকাশন-চ্যালেঞ্/pd/22293
Mahbub ul Haq,Not Listed,Human Development in South Asia 2003,৬৫০৳,৫৩৩৳,https://www.wafilife.com/human-development-in-south-asia-2003/pd/10538
Mahbub ul Haq,Not Listed,Human Development in South Asia 1998,৪৫০৳,৩৬৯৳,https://www.wafilife.com/human-development-in-south-asia-1998/pd/10536
Mahbubur Rahman,Not Listed,Dhaka An Urban Reader,"১,২৮০৳","১,০৪৯.৬০৳",https://www.wafilife.com/dhaka-an-urban-reader/pd/10502
Mahendra P Lama,Not Listed,"Human Security in India Discourse, Practices and Policy implications",৬০০৳,৪৯২৳,https://www.wafilife.com/human-security-in-india-discourse-practices-and-policy-impli/pd/10542
Mahfuz Ullah,Not Listed,ULFA,৭৫০৳,৬২৩৳,https://www.wafilife.com/ulfa/pd/10084
Mahfuz Ullah,Not Listed,Begum Khaleda Zia,"২,০০০৳","১,৮২০৳",https://www.wafilife.com/begum-khaleda-zia/pd/46288
Mahfuzur Rahman,Not Listed,The Amnesiacs,৩০০৳,২৪৯৳,https://www.wafilife.com/the-amnesiacs/pd/47411
Mahfuzur Rahman,Not Listed,From Naogaon to New York,৯৪৫৳,৭৮৪৳,https://www.wafilife.com/from-naogaon-to-new-york/pd/10074
Mahmood Ahmad Ghadanfar,Not Listed,Commanders of the Muslim Army,"২,২০০৳","২,০৯০৳",https://www.wafilife.com/commanders-of-the-muslim-army/pd/4968
Mahmood Ahmad Ghadanfar,Not Listed,Great Women of Islam,"১,৫৪০৳","১,৪৬৩৳",https://www.wafilife.com/great-women-of-islam/pd/860
Mahmuda Bari,Not Listed,English 2nd Paper (Classes xi-xii and HSC exam 2024),৩২০৳,২৭২৳,https://www.wafilife.com/ইংলিশ-সেকেন্ড-পেপার-একাদশ-দ্বাদশ-ও-এইচএসসি-২০২৪/pd/16698
Mahmudul Alam,Not Listed,Bangladesh Assessing Basic Learning Skills,২২০৳,১৮০.৪০৳,https://www.wafilife.com/bangladesh-assessing-basic-learning-skills/pd/10473
Mahmudul Alam,Not Listed,A Question of Quality: State of Primary Education in Bangladesh-3,৩০০৳,২৪৬৳,https://www.wafilife.com/a-question-of-quality-state-of-primary-education-in-banglade/pd/10459
Majdi Muhammad Ash Shahawi,Not Listed,Marital Discord: Causes and Cures,"১,১০০৳","১,০৪৫৳",https://www.wafilife.com/marital-discord-causes-and-cures/pd/5028
Majed S. Al-Rassi,Not Listed,Islam is Your Birthright,৬০০৳,৫৭০৳,https://www.wafilife.com/islam-is-your-birthright/pd/306
Manjula Chaudhary,Not Listed,An Analytical Development of the Exposition of The Kautilya usages,৪০০৳,৩৩২৳,https://www.wafilife.com/an-analytical-development-of-the-exposition-of-the-kautilya/pd/10344
Marianna Pascal,Not Listed,English Fast and Easy,৫০০৳,৪০০৳,https://www.wafilife.com/ইংলিশ-ফাস্ট-অ্যান্ড-ইজি/pd/16195
Mark Twain,Not Listed,Adventure of Hackle Bari Feen,৯২০৳,৭৯১.২০৳,https://www.wafilife.com/adventure-of-hackle-bari-feen/pd/60032
Mashhur Hasan Salman,Not Listed,The Concise Presentation of the Fiqh,"২,৪২০৳","২,২৯৯৳",https://www.wafilife.com/the-concise-presentation-of-the-fiqh/pd/287
Masudul Hasan Roni,Not Listed,Professor's Selected Basic Essay,৪৫০৳,২৯৩৳,https://www.wafilife.com/professors-selected-basic-essay/pd/8041
Matt Yarrington,Not Listed,"Crocodile in the Water, Tiger on the Bank Common Bengali Proverbs",৭০০৳,৫৭৪৳,https://www.wafilife.com/crocodile-in-the-water-tiger-on-the-bank-common-bengali-prov/pd/10495
Maulana Wahiduddin Khan,Not Listed,God Arises,0,"১,০৪৫৳ - ১,২৫৪৳",https://www.wafilife.com/god-arises/pd/200
Maulana Wahiduddin Khan,Not Listed,Ramadan: The Month of Fasting (Quran Stories For Little Children),0,১২০৳,https://www.wafilife.com/ramadan-the-month-of-fasting-quran-stories-for-little-childr/pd/840
Maulivi Abdul Aziz,Not Listed,History of Islam - Muawiyah Ibn Abi Sufyan,"১,৫৪০৳","১,৪৬৩৳",https://www.wafilife.com/history-of-islam-muawiyah-ibn-abi-sufyan/pd/5001
Maulivi Abdul Aziz,Not Listed,History of Islam - Uthman Ibn Affan,"১,৫৪০৳","১,৪৬৩৳",https://www.wafilife.com/history-of-islam-uthman-ibn-affan/pd/4998
Maulivi Abdul Aziz,Not Listed,History of Islam - Ali Ibn Abi Taalib,"১,৫৪০৳","১,৪৬৩৳",https://www.wafilife.com/history-of-islam-ali-ibn-abi-taalib/pd/4997
Maulvi Abdul Aziz,Not Listed,Islamic Studies Grade 7,"৩,৫০০৳","৩,৩২৫৳",https://www.wafilife.com/islamic-studies-grade-7/pd/3403
Maulvi Abdul Aziz,Not Listed,Islamic Studies Grade 12,"৩,৫০০৳","৩,৩২৫৳",https://www.wafilife.com/islamic-studies-grade-12/pd/3408
Maulvi Abdul Aziz,Not Listed,Islamic Studies Grade 5,"৩,২৫০৳","৩,০৮৮৳",https://www.wafilife.com/islamic-studies-grade-5/pd/3401
Maulvi Abdul Aziz,Not Listed,Islamic Studies Grade 9,"৩,৫০০৳","৩,৩২৫৳",https://www.wafilife.com/islamic-studies-grade-9/pd/3406
Maulvi Abdul Aziz,Not Listed,Islamic Studies Grade 4,"৩,২৫০৳","৩,০৮৮৳",https://www.wafilife.com/islamic-studies-grade-4/pd/3400
Maulvi Abdul Aziz,Not Listed,Islamic Studies Grade 1,"৩,০০০৳","২,৮৫০৳",https://www.wafilife.com/islamic-studies-grade-1/pd/3397
Maulvi Abdul Aziz,Not Listed,Islamic Studies Grade 8,"৪,৫০০৳","৪,২৭৫৳",https://www.wafilife.com/islamic-studies-grade-8/pd/3404
Maulvi Abdul Aziz,Not Listed,Islamic Studies Grade 10,"৩,৫০০৳","৩,৩২৫৳",https://www.wafilife.com/islamic-studies-grade-10/pd/3405
Maulvi Abdul Aziz,Not Listed,Islamic Studies Grade 3,"২,৭৫০৳","২,৬১২৳",https://www.wafilife.com/islamic-studies-grade-3/pd/3399
Maulvi Abdul Aziz,Not Listed,20 Hadith for Kids,0,৬৬০৳,https://www.wafilife.com/20-hadith-for-kids/pd/3387
Maulvi Abdul Aziz,Not Listed,Islamic Studies Grade 11,"৩,৭৫০৳","৩,৫৬৩৳",https://www.wafilife.com/islamic-studies-grade-11/pd/3407
Maulvi Abdul Aziz,Not Listed,Islamic Studies Grade 2,"৩,০০০৳","২,৮৫০৳",https://www.wafilife.com/islamic-studies-grade-2/pd/3398
Maulvi Abdul Aziz,Not Listed,History of Islam - Umar Ibn Al-Khattab,"১,৫৪০৳","১,৪৬৩৳",https://www.wafilife.com/history-of-islam-umar-ibn-al-khattab/pd/132
Maulvi Abdul Aziz,Not Listed,Islamic Studies Grade 6,"৩,৫০০৳","৩,৩২৫৳",https://www.wafilife.com/islamic-studies-grade-6/pd/3402
Maulvi Abdul Aziz,Not Listed,History of Islam - Abu Bakr as-Siddiq,"১,৫৪০৳","১,৪৬৩৳",https://www.wafilife.com/history-of-islam-abu-bakr-as-siddiq/pd/163
Maulvi Abdul Aziz,Not Listed,Words Builder,৮৮০৳,৮২৭৳,https://www.wafilife.com/words-builder/pd/259
Md. Abdul Baten (Methun),Not Listed,"Financial Management In English (BBa Hons. 3rd Year, Session: 2013-2014) ‍Subject Code: 232305",৫৫৪৳,৪৯৯৳,https://www.wafilife.com/financial-management-in-english-bba-hons-3rd-year-session-20/pd/79415
Md. Abdul Baten (Methun),Not Listed,"Financial Management In English (BBa Hons. 3rd Year, Session: 2013-2014) Subject Code: 232415, 232513)",৫৫৪৳,৪৭৯৳,https://www.wafilife.com/financial-management-in-english-bba-hons-3rd-year-session-20/pd/79406
Md. Abdul Hye,Not Listed,Study Series Introduction to Linguistics,১৫০৳,১১৩৳,https://www.wafilife.com/study-series-introduction-to-linguistics/pd/9622
Md. Abdur Razzak,Not Listed,Young Learner's Communicative English Grammar (Class 7),0,৬১০৳,https://www.wafilife.com/ইয়ং-লারনার্স-কমিউনিকেটিভ-ইংলিশ-গ্রামার/pd/15969
Md. Abdur Razzak,Not Listed,Little Learners English Grammar (Class-5),0,৪০০৳,https://www.wafilife.com/লিটল-লারনার্স-ইংলিশ-গ্রামার/pd/15947
Md. Abdur Razzak,Not Listed,Key to Young Learner's Communicative English Grammar (Class 8),0,৯০৳,https://www.wafilife.com/কী-টু-ইয়ং-লারনার্স-কমিউনিকেটিভ-ইংলিশ-গ্রামার/pd/15939
Md. Abdur Razzak Mia,Not Listed,Key to Young Learners Communicative English Grammar (Class 6),0,৬০৳,https://www.wafilife.com/কী-টু-ইয়ং-লারনার্স-কমিউনিকেটিভ-ইংলিশ-গ্রামার/pd/15951
Md. Abdur Razzak Mia,Not Listed,Young Learners Communicative English Grammar (Class 6),0,৪১০৳,https://www.wafilife.com/ইয়ং-লারনার্স-কমিউনিকেটিভ-ইংলিশ-গ্রামার/pd/15950
Md. Abdus Sattar,Not Listed,Faculty Based Government Bank Job Solution (Whiteprint),৫০০৳,৩৫০৳,https://www.wafilife.com/ফ্যাকাল্টি-বেইজ্ড-গভর্নমেন্ট-ব্যাংক-জব-সলিউশন/pd/16452
Md. Abu Bokar Siddik (Razu),Not Listed,Adroit (English) [Business Studies (C) Unit] - Business Studies And Grup Change,৬২০৳,৪৯৮৳,https://www.wafilife.com/adroit-english-business-studies-c-unit-business-studies-and/pd/7172
Md. Abu Bokar Siddik (Razu),Not Listed,বৈশাখী : ঢাবি খ ইউনিটের পূর্ণাঙ্গ লিখিত সহায়িকা,৩৫০৳,২৯৮৳,https://www.wafilife.com/boishakhi-du-a-b-d-uniter-purnango-likhito-sohayika/pd/7177
Md. Abu Bokar Siddik (Razu),Not Listed,ঢাকা বিশ্ববিদ্যালয় গ ইউনিট প্রশ্ন ব্যাংক,৪০০৳,৩২০৳,https://www.wafilife.com/dhaka-bisshwabiddyalay-c-unit-proshno-bank/pd/7178
Md. Abu Bokar Siddik (Razu),Not Listed,Adroit (English) [Humanities and Group Change Unit],৬২০৳,৫৫৮৳,https://www.wafilife.com/এড্রোইট-বি-ডি-ইউনিট/pd/13968
Md. Abu Zobaer Al - Mukul,Not Listed,An Easy Access To English Grammar,২৮৫৳,২৩৪৳,https://www.wafilife.com/এন-এজি-আক্সেস-টু-ইংলিশ-গ্রামার/pd/20531
Md. Ahsan Ullah,Not Listed,A Handbook On Vat Return Submission,৫০০৳,৪৪৫৳,https://www.wafilife.com/a-handbook-on-vat-return-submission/pd/14692
Md. Aktar Hossain,Not Listed,English 2nd Paper (Classes xi-xii and HSC exam 2024),৩২০৳,২৭২৳,https://www.wafilife.com/ইংলিশ-সেকেন্ড-পেপার-একাদশ-দ্বাদশ-ও-এইচএসসি-২০২৪/pd/16698
Md. Al-Amin (Choton),Not Listed,Footage BUP Concept Book and Question Bank Exclusive Guide For - FST,0,৩৩০৳,https://www.wafilife.com/footage-bup-concept-book-and-question-bank-exclusive-guide-f/pd/16940
Md. Al-Amin (Choton),Not Listed,BUP ফুটেজ ফাইনাল মডেল টেস্ট,২৮০৳,২৩৮৳,https://www.wafilife.com/bup-footage-final-model-test/pd/24121
Md. Amor Faruk Ripon,Not Listed,Read And Pass Short Cut For Itp Exam,৫০০৳,৩৭৫৳,https://www.wafilife.com/read-and-pass-short-cut-for-itp-exam/pd/14732
Md. Asaduzzaman,Not Listed,Mechanics (Hon's),৩৫০৳,২৬৯৳,https://www.wafilife.com/মেকানিক্স/pd/16868
Md. Badiuzzaman,Not Listed,Handbook Of Economics,৪০০৳,৩৫২৳,https://www.wafilife.com/হ্যান্ডবুক-অফ-ইকোনোমিক/pd/12796
Md. Benzeer Rizvee,Not Listed,"Financial Management In English (BBa Hons. 3rd Year, Session: 2013-2014) ‍Subject Code: 232305",৫৫৪৳,৪৯৯৳,https://www.wafilife.com/financial-management-in-english-bba-hons-3rd-year-session-20/pd/79415
Md. Benzeer Rizvee,Not Listed,"Financial Management In English (BBa Hons. 3rd Year, Session: 2013-2014) Subject Code: 232415, 232513)",৫৫৪৳,৪৭৯৳,https://www.wafilife.com/financial-management-in-english-bba-hons-3rd-year-session-20/pd/79406
Md. Elias Hossain,Not Listed,Advanced Calculus-1 (Whiteprint),৪৬০৳,৩৬৮৳,https://www.wafilife.com/অ্যাডভান্স-ক্যালকুলাস-১/pd/16812
Md. Faruk Hossain,Not Listed,বাংলাদেশের রাজনৈতিক অর্থনীতি - অনার্স ২য় বর্ষ - রাষ্ট্রবিজ্ঞান বিভাগ - বিষয় কোড: ২১৯০৩,৪৯০৳,৪১৬৳,https://www.wafilife.com/bangladesher-rajnoitik-orthoniti-honors-2nd-year/pd/77823
Md. Faruk Hossain,Not Listed,English 2nd Paper (Classes xi-xii and HSC exam 2024),৩২০৳,২৭২৳,https://www.wafilife.com/ইংলিশ-সেকেন্ড-পেপার-একাদশ-দ্বাদশ-ও-এইচএসসি-২০২৪/pd/16698
Md. Fazlul Haque,Not Listed,How To Read English Newspapers,৩৩৫৳,২৮৮৳,https://www.wafilife.com/how-to-read-english-newspapers/pd/8040
Md. Fazlul Haque,Not Listed,ইংলিশ ফর কমপিটিটিভ এক্সাম,"১,২০০৳",৭৮০৳,https://www.wafilife.com/english-for-competitive-exams/pd/8039
Md. Ferdaus Rahman,Not Listed,English 2nd Paper (Classes xi-xii and HSC exam 2024),৩২০৳,২৭২৳,https://www.wafilife.com/ইংলিশ-সেকেন্ড-পেপার-একাদশ-দ্বাদশ-ও-এইচএসসি-২০২৪/pd/16698
Md. Golam Rabbani,Not Listed,The Magic Way To English Language,0,৫৭৫৳,https://www.wafilife.com/দি-ম্যাজিক-ওয়ে-টু-ইংলিশ-ল্যাঙ্গুয়েজ/pd/21549
Md. Habibur Rahman,Not Listed,An Easy Access To English Grammar,২৮৫৳,২৩৪৳,https://www.wafilife.com/এন-এজি-আক্সেস-টু-ইংলিশ-গ্রামার/pd/20531
Md. Hafizar Rahaman,Not Listed,A Common Sense of Tense,২৫০৳,২০০৳,https://www.wafilife.com/এ-কমন-সেন্স-অব-টেন্স/pd/19310
Md. Haseeb Kabir,Not Listed,Saifur's Cambridge Bangla Solution-11 (AC READING),0,২০০৳,https://www.wafilife.com/cambridge-ielts-11-bangla-english/pd/5986
Md. Haseeb Kabir,Not Listed,Cambridge IELTS 13 (Bangla-English),0,২০০৳,https://www.wafilife.com/cambridge-ielts-13-bangla-english/pd/5988
Md. Imran Hasan,Not Listed,TBC An Exclusive Suggestion Question Bank with Answer and Model Test 2021,৩৫০৳,২৩৫৳,https://www.wafilife.com/tbc-an-exclusive-suggestion-question-bank-with-answer-and-mo/pd/9619
Md. Imran Hasan,Not Listed,"TBC an Exclusive Suggestion Question Bank, Examination 2023 [2nd Year]",৩৬০৳,২৮০৳,https://www.wafilife.com/tbc-an-exclusive-suggestion-question-bank-examination-2023-2/pd/9565
Md. Imran Hasan,Not Listed,TBC An Exclusive Suggestion Question Bank with Answer and Model Test Solution [3rd Year],৫১০৳,৩৪২৳,https://www.wafilife.com/tbc-an-exclusive-suggestion-question-bank-with-answer-and-mo/pd/9610
Md. Injamamul Sarwar Shuvo,Not Listed,English 2nd Paper (Classes xi-xii and HSC exam 2024),৩২০৳,২৭২৳,https://www.wafilife.com/ইংলিশ-সেকেন্ড-পেপার-একাদশ-দ্বাদশ-ও-এইচএসসি-২০২৪/pd/16698
Md. Iqbal Faruk,Not Listed,Test Your Vocabulary,১৭৫৳,১৫৮৳,https://www.wafilife.com/test-your-vocabulary/pd/20554
Md. Iqbal Hossain Rony,Not Listed,R Programming for Beginners,৫৬০৳,৪৬৫৳,https://www.wafilife.com/আর-প্রোগ্রামিং-ফর-বিগিনার্স/pd/24232
Md. Jamal Hossain,Not Listed,Radiant Learners Communicative English Grammar - With Model Question (Class 7),0,৪৭০৳,https://www.wafilife.com/রেডিয়েন্ট-লারনার্স-কমিউনিকেটিভ-ইংলিশ-গ্রামার-উইথ-মডেল-টেস্ট/pd/15974
Md. Jamal Hossain,Not Listed,Radiant Learners Communicative English Grammar - With Model Question (Class 6),0,৪১০৳,https://www.wafilife.com/রেডিয়েন্ট-লারনার্স-কমিউনিকেটিভ-ইংলিশ-গ্রামার-উইথ-মডেল-টেস্ট/pd/15888
Md. Jamal Hossain,Not Listed,Key to Radiant Learners Communicative English Grammar - With Model Question (Class 6),0,৭০৳,https://www.wafilife.com/কী-টু-রেডিয়েন্ট-লারনার্স-কমিউনিকেটিভ-ইংলিশ-গ্রামার-উইথ-মডেল/pd/15891
Md. Jamal Hossain,Not Listed,Key to Radiant Learners Communicative English Grammar - With Model Question (Class 7),0,৭০৳,https://www.wafilife.com/কী-টু-রেডিয়েন্ট-লারনার্স-কমিউনিকেটিভ-ইংলিশ-গ্রামার-উইথ-মডেল/pd/15876
Md. Jamal Uddin Jamy,Not Listed,ইজি ইংলিশ,৩০০৳,২৫২৳,https://www.wafilife.com/easy-english/pd/8834
Md. Jamal Uddin Jamy,Not Listed,Business English and Presentation Skill,৪৩০৳,৩৬১৳,https://www.wafilife.com/business-english-and-presentation-skill/pd/8776
Md. Jamal Uddin Jamy,Not Listed,Spoken English And Pronunciation,২৭০৳,২২৭৳,https://www.wafilife.com/spoken-english-and-pronunciation/pd/8835
Md. Kamruzzaman,Not Listed,Principles Of Finance,৩৩০৳,২৯৯৳,https://www.wafilife.com/principles-of-finance/pd/12786
Md. Khalilur Rahman,Not Listed,Akkharpatra Higher Mathematics Solution First Paper (Class 11-12) - English Version,0,৫০০৳,https://www.wafilife.com/হায়ার-ম্যাথমেটিক্স-১ম-পত্র/pd/15867
Md. Khalilur Rahman,Not Listed,Akkharpatra Higher Mathematics Solution Second Paper (Class 11-12) - English Version,0,৪৫০৳,https://www.wafilife.com/হায়ার-ম্যাথমেটিক্স-২য়পত্র/pd/15843
Md. Liton Ali,Not Listed,Introduction to Business,১৭০৳,১৬৬৳,https://www.wafilife.com/ইনট্রুডাকশন-টু-বিজনেস/pd/12789
Md. Majharul Islam,Not Listed,A Comprehensive Approach To English Literature,৩৭৫৳,৩১৯৳,https://www.wafilife.com/এ-কম্পেহেনশিব-এপরোর্চ-টু-ইংলিশ-লিটারেটর/pd/20546
Md. Maksudul Haque Khan,Not Listed,A Critical Review of Introduction to Linguistics - 3rd Year Honors,২৫০৳,২০০৳,https://www.wafilife.com/a-critical-review-of-introduction-to-linguistics-3rd-year-ho/pd/9582
Md. Masud Rana,Not Listed,Akkharpatra Information and Communication Technology (Class 11-12) - English Version,0,৭০০৳,https://www.wafilife.com/ইনফরমেশন-অ্যান্ড-কমিউনিকেশন-টেকনোলজি-আইসিটি/pd/15872
Md. Matiul Islam,Not Listed,Recollections of a Civil Servant Turned Banker,৯৯৫৳,৮১৫.৯০৳,https://www.wafilife.com/recollections-of-a-civil-servant-turned-banker/pd/36344
Md. Mofijur Rahman,Not Listed,Dropout Rate in Secondary Level Education in Bangldesh: A Study of VAB Schools,৪৫০৳,৩৬৯৳,https://www.wafilife.com/ড্রপআউট-রেট-ইন-সেকন্ডারি-লেভেল-এডুকাশন-ইন-বাংলাদেশ-এ-স্ট্যাড/pd/22289
Md. Mofizur Rahman Mahfuz,Not Listed,The Anatomy of Preposition,২৫০৳,১৮০৳,https://www.wafilife.com/the-anatomy-of-preposition/pd/8124
Md. Mohidur Rahman (M.A),Not Listed,An Effective Approach to Paragraph Writing,১৫০৳,১২৯৳,https://www.wafilife.com/এন-এফেকটিফ-এপরোর্চ-টু-প্যারাগ্রাফ-রাইটিং/pd/20570
Md. Mokhlesur Rahman,Not Listed,English 2nd Paper (Classes xi-xii and HSC exam 2024),৩২০৳,২৭২৳,https://www.wafilife.com/ইংলিশ-সেকেন্ড-পেপার-একাদশ-দ্বাদশ-ও-এইচএসসি-২০২৪/pd/16698
Md. Monir Hossain,Not Listed,Computer Fundamental and MS Office 2007-13,১৫০৳,১২০৳,https://www.wafilife.com/computer-fundamental-and-ms-office-2007-13/pd/6142
Md. Mosharraf Hossain,Not Listed,Bangladesh archaeology and tourism,৫৫০৳,৪৪০৳,https://www.wafilife.com/bangladesh-archaeological-and-tourism/pd/22115
Md. Mosharraf Hossain,Not Listed,COAL BANGLADESH,৬৫০৳,৫৪০৳,https://www.wafilife.com/coal-bangladesh/pd/10070
Md. Mosharraf Hossain,Not Listed,GAS BANGLADESH,৮৫০৳,৭০৬৳,https://www.wafilife.com/gas-bangladesh/pd/10075
Md. Mostafizur Rahman,Not Listed,Professor's Selected Basic Essay,৪৫০৳,২৯৩৳,https://www.wafilife.com/professors-selected-basic-essay/pd/8041
Md. Mostafizur Rahman,Not Listed,English 2nd Paper (Classes xi-xii and HSC exam 2024),৩২০৳,২৭২৳,https://www.wafilife.com/ইংলিশ-সেকেন্ড-পেপার-একাদশ-দ্বাদশ-ও-এইচএসসি-২০২৪/pd/16698
Md. Mujibur Rahman (BAU),Not Listed,Cambridge IELTS 13 (Bangla-English),0,২০০৳,https://www.wafilife.com/cambridge-ielts-13-bangla-english/pd/5988
Md. Muklesuzzaman Khan,Not Listed,ফ্লুয়েন্ট মেথড অব স্পোকেন ইংলিশ,২৫০৳,১৭৫৳,https://www.wafilife.com/fluent-method-of-spoken-english/pd/8105
Md. Muklesuzzaman Khan,Not Listed,মডার্ণ ইংলিশ ফর ফ্লুয়েনসি,১৮০৳,১১৭৳,https://www.wafilife.com/modern-english-for-fluency/pd/8112
Md. Muklesuzzaman Khan,Not Listed,স্মুথ ইংলিশ রাইটিং স্কিলস,১৮০৳,১৪৯৳,https://www.wafilife.com/smooth-english-writing-skills/pd/8122
Md. Najmul Hasan,Not Listed,Lattice Theory and Boolean Algebra (Masters) (Newsprint),৩০০৳,২৪০৳,https://www.wafilife.com/লিটল-থিওরি-অ্যান্ড-বুলিয়ান-অ্যালজেব্রা-মাস্টার্স/pd/16900
Md. Neyamul Islam,Not Listed,The Understanding Of Free Trade Agreements,৫২০৳,৪২৬.৪০৳,https://www.wafilife.com/দ্য-আন্ডারস্ট্যান্ডিং-অব-ফ্রি-ট্রেড-অ্যাগ্রিমেন্টস/pd/22281
Md. Nurul Islam,Not Listed,Akkharpatra Chemistry Second Paper (Class 11-12) - English Version,0,৮০০৳,https://www.wafilife.com/কেমিস্ট্রি-দ্বিতীয়-পত্র/pd/15846
Md. Nurul Islam,Not Listed,Akkharpatra Chemistry First Paper (Class 11-12) - English Version,0,৮০০৳,https://www.wafilife.com/কেমিস্ট্রি-১ম-পত্র-একাদশ-দ্বাদশ-শ্রেণি/pd/15971
Md. Nurul Islam,Not Listed,Akkharpatra Higher Mathematics Solution First Paper (Class 11-12) - English Version,0,৫০০৳,https://www.wafilife.com/হায়ার-ম্যাথমেটিক্স-১ম-পত্র/pd/15867
Md. Nurul Islam,Not Listed,Akkharpatra Higher Mathematics Solution Second Paper (Class 11-12) - English Version,0,৪৫০৳,https://www.wafilife.com/হায়ার-ম্যাথমেটিক্স-২য়পত্র/pd/15843
Md. Rafiul Islam,Not Listed,Santals And Oraons Of Bangladesh,২০০৳,১৬৪৳,https://www.wafilife.com/santals-and-oraons-of-bangladesh/pd/14565
Md. Rajibul Islam,Not Listed,Dreams IT Job Solution,৯৮০৳,৫৩০৳,https://www.wafilife.com/dreams-it-job-solution/pd/9068
Md. Rezaul Karim,Not Listed,ঢাকা বিশ্ববিদ্যালয় গ ইউনিট প্রশ্ন ব্যাংক,৪০০৳,৩২০৳,https://www.wafilife.com/dhaka-bisshwabiddyalay-c-unit-proshno-bank/pd/7178
Md. Rofiuddin,Not Listed,The foreigners Act 1946,১১০৳,৭২৳,https://www.wafilife.com/the-foreigners-act-1946/pd/45767
Md. Saadat Hossain,Not Listed,Numerical Analysis,৩০০৳,২৪০৳,https://www.wafilife.com/নিউমেরিক্যাল-অ্যানালাইসিস/pd/16817
Md. Safiur Rahman,Not Listed,Rohel Conversation in English for Fluency,১৫০৳,১২৫৳,https://www.wafilife.com/রোহেল-কনভার্সন-ইন-ইংলিশ-ফর-ফ্লুয়েন্সি/pd/20709
Md. Safiur Rahman,Not Listed,Rohel Dictionary of Synonyms and Antonyms,৩৮০৳,২৮৫৳,https://www.wafilife.com/রোহেল-ডিকশনারি-অফ-সাইননিস/pd/20702
Md. Sahidullha Babul,Not Listed,Kids English Word Book,২৫০৳,১৪৫৳,https://www.wafilife.com/kids-english-word-book/pd/21644
Md. Sanower Hossain Shamim,Not Listed,Barrons Mnemonics 800 High-Frequency Vocabulary With Bengali Meaning,৪৮০৳,২৮০৳,https://www.wafilife.com/barrons-mnemonics-800-high-frequency-vocabulary-with-bengali/pd/8918
Md. Sohal Rana(Text),Not Listed,English 2nd Paper (Classes xi-xii and HSC exam 2024),৩২০৳,২৭২৳,https://www.wafilife.com/ইংলিশ-সেকেন্ড-পেপার-একাদশ-দ্বাদশ-ও-এইচএসসি-২০২৪/pd/16698
Md. Suhel Rana,Not Listed,School Vocabulary - Class 8,২০০৳,১৯০৳,https://www.wafilife.com/স্কুল-ভকাবুলারি-অষ্টম-শ্রেণী/pd/18223
Md. Suhel Rana,Not Listed,School Vocabulary - Class 6,0,২০০৳,https://www.wafilife.com/school-vocabulary-class-6/pd/18224
Md. Suhel Rana,Not Listed,Text Book Vocabulary - HSC,২০০৳,১৮০৳,https://www.wafilife.com/টেক্সট-বুক-ভকাবুলারি-উচ্চ-মাধ্যমিক/pd/18222
Md. Suhel Rana,Not Listed,School Vobulary Class 7,0,১৫০৳,https://www.wafilife.com/school-vobulary-class-7/pd/18229
Md. Suhel Rana,Not Listed,Primary Wordbook Class 1-5,২০০৳,১৯০৳,https://www.wafilife.com/প্রাইমারী-ওয়ার্ডবুক/pd/23748
Md. Suhel Rana,Not Listed,School Vocabulary - Class 9-10,0,২০০৳,https://www.wafilife.com/স্কুল-ভকাবুলারি-৯ম-১০ম-শ্রেণী/pd/18221
Md. Tazul Islam,Not Listed,মাদকাসক্তি,৬৬০৳,৫৪৮৳,https://www.wafilife.com/madokashokti/pd/10185
Md. Tofayel Hossain (BCS),Not Listed,An Easy Access To English Grammar,২৮৫৳,২৩৪৳,https://www.wafilife.com/এন-এজি-আক্সেস-টু-ইংলিশ-গ্রামার/pd/20531
Md. Yousuf Nizam,Not Listed,A Handbook For Understanding English News,২৪০৳,১৬০৳,https://www.wafilife.com/a-handbook-for-understanding-english-news/pd/9070
Md. Zahedul Alam,Not Listed,Key Terms Of Marketing,৩০০৳,২২৫৳,https://www.wafilife.com/কি-টার্মস-অফ-মার্কেটিং/pd/12788
Md. Zahedul Alam,Not Listed,Principles of Marketing,৩০০৳,২৭৯৳,https://www.wafilife.com/principles-of-marketing/pd/12785
Md: Faruquzzaman Akan,Not Listed,Conversation On Everyday English (A Practical Course In Spoken English),২৭৫৳,২২০৳,https://www.wafilife.com/conversation-on-everyday-english-a-practical-course-in-spoke/pd/20536
Michael Tofte,Not Listed,How to Make It in Today’s World: A Modern Muslim’s Survival Guide,"১,৩২০৳","১,২৫৪৳",https://www.wafilife.com/how-to-make-it-in-todays-world-a-modern-muslims-survival-gui/pd/188
Mijan Parvez J.,Not Listed,A Research Book Learning Articles The Easy Way,২২৫৳,১৮০৳,https://www.wafilife.com/a-research-book-learning-articles-the-easy-way/pd/9576
Mirza Azizul Islam,Not Listed,Macro Economic Policy Implementation In Bangladesh,৩৫০৳,২৯১৳,https://www.wafilife.com/macro-economic-policy-implementation-in-bangladesh/pd/9258
Moazzam Zaman,Not Listed,Prophets Sent by Allah - The Story of Muhammad,৪৮০৳,৪৫৬৳,https://www.wafilife.com/prophets-sent-by-allah-the-story-of-muhammad/pd/5041
Moazzam Zaman,Not Listed,Prophets Sent by Allah - The Story of Yusuf (Joseph),৪৮০৳,৪৫৬৳,https://www.wafilife.com/prophets-sent-by-allah-the-story-of-yusuf-joseph/pd/5043
Moazzam Zaman,Not Listed,Prophets Sent by Allah - The Story of Yunus (Johah),৪৮০৳,৪৫৬৳,https://www.wafilife.com/prophets-sent-by-allah-the-story-of-yunus-johah/pd/5044
Moazzam Zaman,Not Listed,Prophets Sent by Allah - The Story of Luut (Lot),৪৮০৳,৪৫৬৳,https://www.wafilife.com/prophets-sent-by-allah-the-story-of-luut-lot/pd/5040
Moazzam Zaman,Not Listed,Prophets Sent by Allah - The Story of Ayoub (Job),৪৮০৳,৪৫৬৳,https://www.wafilife.com/prophets-sent-by-allah-the-story-of-ayoub-job/pd/5035
Moazzam Zaman,Not Listed,Reader's Kid English Library,"৯,৪৪০৳","৭,২৬৮.৮০৳",https://www.wafilife.com/রিডারস-কিড-ইংলিশ-লাইব্রেরী/pd/29703
Moazzam Zaman,Not Listed,Prophets Sent by Allah - The Story of Shuaib (Jethro),৪৮০৳,৪৫৬৳,https://www.wafilife.com/prophets-sent-by-allah-the-story-of-shuaib-jethro/pd/5042
Mohaiminul Islam Mufti,Not Listed,English 2nd Paper (Classes xi-xii and HSC exam 2024),৩২০৳,২৭২৳,https://www.wafilife.com/ইংলিশ-সেকেন্ড-পেপার-একাদশ-দ্বাদশ-ও-এইচএসসি-২০২৪/pd/16698
Mohamed Edi Al-Araimi,Not Listed,A Taste of Patience,"১,১০০৳","১,০৪৫৳",https://www.wafilife.com/a-taste-of-patience/pd/4946
Mohammad Abdul Latif,Not Listed,Income Tax Manual,"১,০০০৳",৭৪০৳,https://www.wafilife.com/income-tax-manual/pd/14730
Mohammad Abdul Latif,Not Listed,Income Tax Manual Part 1 and 2,"২,০০০৳","১,৪৮০৳",https://www.wafilife.com/income-tax-manual-part-1-and-2/pd/14728
Mohammad Abdul Maleque,Not Listed,The History of a Shoe Maker,৩৫০৳,২৫২৳,https://www.wafilife.com/the-history-of-a-shoe-maker/pd/9333
Mohammad Abdul Wahed Tomal,Not Listed,Computer - 1 (English Version),১০০৳,৮০৳,https://www.wafilife.com/কম্পিউটার-১/pd/16201
Mohammad Abrarul Hoque,Not Listed,English 2nd Paper (Classes xi-xii and HSC exam 2024),৩২০৳,২৭২৳,https://www.wafilife.com/ইংলিশ-সেকেন্ড-পেপার-একাদশ-দ্বাদশ-ও-এইচএসসি-২০২৪/pd/16698
Mohammad Akbar Hosain,Not Listed,A Critical Review of Introduction to Poetry (English (Honors) 1st Year,৩০০৳,২৪০৳,https://www.wafilife.com/a-critical-review-of-introduction-to-poetry-english-honors-1/pd/9586
Mohammad Alamgheer,Not Listed,Mohammad (sm) The Glory of God,৩৬০৳,২৫২৳,https://www.wafilife.com/mohammad-sm-the-glory-of-god/pd/1542
Mohammad Ameeruz Zaman,Not Listed,In Quest of Fairness,৫০০৳,৪১০৳,https://www.wafilife.com/ইন-কোয়েস্ট-অব-ফায়ারনেস/pd/22342
Mohammad Ataur Rahman,Not Listed,French For Bengali Learners,৪৫০৳,৩২০৳,https://www.wafilife.com/ফ্রেন্স-ফর-বেঙ্গলি-লার্নার/pd/20530
Mohammad Maruf Khan,Not Listed,Flower and Moni,৬৫৳,৫৬৳,https://www.wafilife.com/flower-and-moni/pd/10154
Mohammad Maruf Khan,Not Listed,এক যে ছিল মা গাছ,৭৫৳,৬৪৳,https://www.wafilife.com/ek-je-chilo-ma-gach/pd/10170
Mohammad Maruf Khan,Not Listed,Mother Nature,৯০৳,৭৭৳,https://www.wafilife.com/mother-nature/pd/10159
Mohammad Mohabbat Khan,Not Listed,Administrative Reforms in Bangladesh,৪২৫৳,৩৪৮.৫০৳,https://www.wafilife.com/অ্যাডমিনিস্ট্র্যাটিভ-রিফর্মস্-ইন-বাংলাদেশ/pd/22172
Mohammad Mohiuddin Mahi,Not Listed,Correct or Incorrect,১৫০৳,১০৫৳,https://www.wafilife.com/কারেক্ট-অর-ইনকারেক্ট/pd/18239
Mohammad Mohiuddin Mahi,Not Listed,Basics of English Literature With Linguistics,১৬০৳,১৩৬৳,https://www.wafilife.com/ব্যাসিক-অফ-ইংলিশ-লিটারেটর-উইথ-লিংগুস্টিক/pd/18235
Mohammad Mohiuddin Mahi,Not Listed,Oxon's English For Job Seekers,৭৫০৳,৩৮৩৳,https://www.wafilife.com/অক্সনস-ইংলিশ-ফর-জব-সীকারস/pd/18236
Mohammad Mohiuddin Mahi,Not Listed,Oxons A Short Approach to English,৮২০৳,৬৪৭৳,https://www.wafilife.com/অক্সানস-এ-শর্ট-এপ্রোচ-টু-ইংলিশ/pd/18231
Mohammad Mohiuddin Mahi,Not Listed,ইংলিশ লিটারেচার ইন কম্পিটিটিভ এক্সাম,২৫০৳,১৪৮৳,https://www.wafilife.com/english-literature-in-competitive-exams/pd/18234
Mohammad Musa Khan,Not Listed,Business Mathmatics,৪৫০৳,৩৩৭৳,https://www.wafilife.com/business-mathmatics/pd/47525
Mohammad Musa Khan,Not Listed,Business Mathematics,৪৫০৳,৩৭৪৳,https://www.wafilife.com/business-mathematics/pd/10069
Mohammad Rafi,Not Listed,Small Ethnic Groups of Bangladesh a Mapping Exercise (with CD),"১,০০০৳",৮০০৳,https://www.wafilife.com/স্মল-এথনিক-গ্রুপ-অব-বাংলাদেশ-এ-ম্যাপিং-এক্সারসাইজ/pd/16179
Mohammad Rafi,Not Listed,Eight IELTS Real Tests,0,২০০৳,https://www.wafilife.com/eight-ielts-real-tests/pd/16236
Mohammad Rafiqul Islam,Not Listed,Shipping Logistics and International Trade,৩০০৳,২৫২৳,https://www.wafilife.com/শিপিং-লজিস্টিক-এন্ড-ইন্টারন্যাশনাল-ট্রেড/pd/22268
Mohammad Rafiqul Islam,Not Listed,Foreign Exchange Transaction Manual,২০০৳,১৪৮৳,https://www.wafilife.com/foreign-exchange-transaction-manual/pd/14690
Mohammad Rafiqul Islam,Not Listed,The Insight of International Trade,৫০০৳,৩৫০৳,https://www.wafilife.com/the-insight-of-international-trade/pd/14701
"Mohammad Rahman, Ph.D",Not Listed,Your Money Matters,"১,৫৪০৳","১,৪৬৩৳",https://www.wafilife.com/your-money-matters/pd/255
Mohammad Sajjadur Rahman,Not Listed,Neoliberal Development In Bangladesh: People on the Margins,৬৯০৳,৫৬৫.৮০৳,https://www.wafilife.com/নিওলিবারেল-ডেভেলপমেন্ট-ইন-বাংলাদেশ-পিপল-অন-দ্য-মার্জিন্স/pd/22168
Mohammad Taher Hossain Salim,Not Listed,English Sentences: Learning Through Structures and Functions,২০০৳,১৮২৳,https://www.wafilife.com/ইংলিশ-সেনটেন্স/pd/20579
Mohammad Tanzimuddin Khan,Not Listed,Neoliberal Development In Bangladesh: People on the Margins,৬৯০৳,৫৬৫.৮০৳,https://www.wafilife.com/নিওলিবারেল-ডেভেলপমেন্ট-ইন-বাংলাদেশ-পিপল-অন-দ্য-মার্জিন্স/pd/22168
Mohammad humayun kabir,Not Listed,A Critical Review of Introduction to Poetry (English (Honors) 1st Year,৩০০৳,২৪০৳,https://www.wafilife.com/a-critical-review-of-introduction-to-poetry-english-honors-1/pd/9586
Mohammad humayun kabir,Not Listed,A Critical Review of Romantic Poetry -2nd Year Honours,২৭৫৳,২২০৳,https://www.wafilife.com/a-critical-review-of-romantic-poetry-2nd-year-honours/pd/9588
Mohammed Sarwar Alam,Not Listed,English Sentences: Learning Through Structures and Functions,২০০৳,১৮২৳,https://www.wafilife.com/ইংলিশ-সেনটেন্স/pd/20579
Mohammod Ariful Islam,Not Listed,Akkharpatra Information and Communication Technology (Class 11-12) - English Version,0,৭০০৳,https://www.wafilife.com/ইনফরমেশন-অ্যান্ড-কমিউনিকেশন-টেকনোলজি-আইসিটি/pd/15872
Mohammod Jahidul Islam,Not Listed,Professor's Selected Basic Essay,৪৫০৳,২৯৩৳,https://www.wafilife.com/professors-selected-basic-essay/pd/8041
Mohammod Maniruzzaman Miah,Not Listed,State of Human Rights in Bangladesh and Related Issues,১২৫৳,১০৪৳,https://www.wafilife.com/state-of-human-rights-in-bangladesh-and-related-issues/pd/49588
Mohammod Maniruzzaman Miah,Not Listed,Flood in Bangladesh,১২৫৳,১০৪৳,https://www.wafilife.com/flood-in-bangladesh/pd/49445
Monirul Hussain,Not Listed,"Human Security in India Health, Shelter and Marginalisation",৪৪০৳,৩৬০.৮০৳,https://www.wafilife.com/human-security-in-india-health-shelter-and-marginalisation/pd/10543
Monirun Necha Ninu,Not Listed,Math Lab-3 (Honors 4th Year),২৭০৳,২১৬৳,https://www.wafilife.com/ম্যাথ-ল্যাব-৩/pd/16863
Monjurul Alam,Not Listed,Foundation English For Undergraduates,0,২২৫৳,https://www.wafilife.com/ফাউন্ডেশন-ইংলিশ-ফর-আন্ডার-গ্রাজুয়েশনস/pd/20542
Moonis Ahmar,Not Listed,Paradigms of Conflict Resolution in South Asia,৫৫০৳,৪৫১৳,https://www.wafilife.com/paradigms-of-conflict-resolution-in-south-asia/pd/10594
Mosharaff Hossain,Not Listed,Agriculture in Bangladesh-Performance Problems and Prospects,৩২৫৳,২৬৬.৫০৳,https://www.wafilife.com/agriculture-in-bangladesh-performance-problems-and-prospects/pd/10465
Mostaque Ahmed,Not Listed,Overcoming the Governance Crisis in Dhaka City,৩৭৫৳,৩০৭.৫০৳,https://www.wafilife.com/overcoming-the-governance-crisis-in-dhaka-city/pd/22290
Mozammel Haque,Not Listed,Choice of Technology: Fertilizer Manufacture in Bangladesh,২২৫৳,১৮৪.৫০৳,https://www.wafilife.com/choice-of-technology-fertilizer-manufacture-in-bangladesh/pd/10487
Mozammel Haque,Not Listed,Machinery Manufacturing in Bangladesh,২৫০৳,২০৫৳,https://www.wafilife.com/machinery-manufacturing-in-bangladesh/pd/10570
Mrinnyoee Dhor,Not Listed,Math Lab-2 (Snatok 3rd Year),১৫০৳,১২০৳,https://www.wafilife.com/math-lab-2-snatok-3rd-year/pd/16908
Muhammad Abdul Mughawiri,Not Listed,Stories of Repentance,"১,০০০৳",৯৫০৳,https://www.wafilife.com/stories-of-repentance/pd/3414
Muhammad Ahmad bin Ismail Al-Muqaddam,Not Listed,Al-Mahdi: Truth or Fiction?,0,"১,৫৬০৳",https://www.wafilife.com/al-mahdi-truth-or-fiction/pd/3410
Muhammad Al-Ameen,Not Listed,Islam the Perfect Religion,0,২১০৳,https://www.wafilife.com/islam-the-perfect-religion/pd/60945
Muhammad Ali Hashimi,Not Listed,The Ideal Muslim: The True Islamic Personality of the Muslim.,"১,৭৬০৳","১,৬৭২৳",https://www.wafilife.com/the-ideal-muslim-the-true-islamic-personality-of-the-muslim/pd/204
Muhammad Ali Hashimi,Not Listed,The ideal Muslimah,"১,৯৮০৳","১,৮৮১৳",https://www.wafilife.com/the-ideal-muslimah/pd/1998
Muhammad Ali Qutb,Not Listed,Women around the Messenger,"১,৫২০৳","১,৪৪৪৳",https://www.wafilife.com/women-around-the-messenger/pd/3099
Muhammad Asadullah Al-Galib,Not Listed,Ahle Hadeeth Movement What &amp; Why?,0,৪০৳,https://www.wafilife.com/ahle-hadeeth-movement-what-why/pd/13608
Muhammad Ata ur Rahim,Not Listed,Jesus Prophet of Islam,"১,৫৪০৳","১,৪৬৩৳",https://www.wafilife.com/jesus-prophet-of-islam/pd/191
Muhammad Bilal Lakhani,Not Listed,Real-Life Lessons from the Holy Quran (Hard cover),"১,১০০৳","১,০৬৭৳",https://www.wafilife.com/real-life-lessons-from-the-holy-quran-hard-cover/pd/5045
Muhammad Bin Abdul Aziz,Not Listed,Islamic Fatawa Regarding Women,"১,৭৬০৳","১,৬৭২৳",https://www.wafilife.com/islamic-fatawa-regarding-women/pd/5019
Muhammad Bin Jamil Zeno,Not Listed,The Pillars of Islam and Iman,"১,৩২০৳","১,২৫৪৳",https://www.wafilife.com/the-pillars-of-islam-and-iman/pd/256
Muhammad Haneef Shahid,Not Listed,Why Women Are Accepting Islam,"১,৫৪০৳","১,৪৬৩৳",https://www.wafilife.com/why-women-are-accepting-islam/pd/3366
Muhammad Ibn Abdul Wahab,Not Listed,Kitabut-Tawheed Explained (Bengali),"১,৩২০৳","১,২৫৪৳",https://www.wafilife.com/kitabut-tawheed-explained-bengali/pd/3266
Muhammad Ibn Abdul Wahab,Not Listed,Provisions for the Hereafter,"২,২০০৳","২,০৯০৳",https://www.wafilife.com/provisions-for-the-hereafter/pd/3431
Muhammad Ibn Salih Al Uthaymeen,Not Listed,Fasting Tarawaeeh &amp; Zakah,২৮০৳,২৬৬৳,https://www.wafilife.com/fasting-tarawaeeh-amp-zakah/pd/824
Muhammad Ibn Salih Al Uthaymeen,Not Listed,"Ahlu-Sunnah Wal-Jamaah: Their Creed, Their Way",0,৮২০৳,https://www.wafilife.com/ahlu-sunnah-wal-jamaah-their-creed-their-way/pd/709
Muhammad Ibn Salih Al Uthaymeen,Not Listed,The Beautiful Names and Attributes of Allah,"১,৩২০৳","১,২৪১৳",https://www.wafilife.com/the-beautiful-names-and-attributes-of-allah/pd/5090
Muhammad Ibn Salih Al Uthaymeen,Not Listed,Commentary on Kitab At-Tawheed (2 Vol. Set),"৪,৮৪০৳","৪,৫৯৮৳",https://www.wafilife.com/commentary-on-kitab-at-tawheed-2-vol-set/pd/861
Muhammad Ismail al Muqaddam,Not Listed,Making Sense of the Portents of the Hour,"১,৮৯০৳","১,৭৯৫৳",https://www.wafilife.com/making-sense-of-the-portents-of-the-hour/pd/5027
Muhammad Ismail al Muqaddam,Not Listed,Fiqh Al-Haya (Understanding the Islamic Concept of Modesty),"১,২০০৳","১,১৪০৳",https://www.wafilife.com/fiqh-al-haya-understanding-the-islamic-concept-of-modesty/pd/4604
Muhammad Nazmul Haq,Not Listed,A Question of Quality: State of Primary Education in Bangladesh-3,৩০০৳,২৪৬৳,https://www.wafilife.com/a-question-of-quality-state-of-primary-education-in-banglade/pd/10459
Muhammad Rahbar,Not Listed,Raising Children According to the Quran &amp; Sunnah,0,২৮০৳,https://www.wafilife.com/raising-children-according-to-the-quran-amp-sunnah/pd/842
Muhammad Rajjob Hossain,Not Listed,Saifur's Cambridge Bangla Solution-11 (AC READING),0,২০০৳,https://www.wafilife.com/cambridge-ielts-11-bangla-english/pd/5986
Muhammad S.ar-Rahawan,Not Listed,Hadith Terminology and Classification,"১,৫৪০৳","১,৪৬৩৳",https://www.wafilife.com/hadith-terminology-and-classification/pd/207
Muhammad Samsul Haque,Not Listed,"Aid, Development and Diplomacy Need for an Aid Policy",১৫০৳,১২৩৳,https://www.wafilife.com/aid-development-and-diplomacy-need-for-an-aid-policy/pd/10466
Muhammad Yunus,Not Listed,"A World of Three Zeros: The New Economics of Zero Poverty, Zero Unemployment, and Zero Net Carbon Emissions","১,২০০৳",৯৮৪৳,https://www.wafilife.com/a-world-of-three-zeros-the-new-economics-of-zero-poverty-zer/pd/10464
Muhammad Z. Mamun,Not Listed,Densification - A Strategic Plan to Mitigate Riverbank Erosion Disaster in Bangladesh,৪০০৳,৩২৮৳,https://www.wafilife.com/densification-a-strategic-plan-to-mitigate-riverbank-erosion/pd/10496
Muhammad bin Abdul-Aziz al-Musnad,Not Listed,"SELECTED INVOCATIONS TO BE MADE DURING PROSTRATIONS , WITR PRAYER AND AT THE END OF QURAN RECITATION",২০০৳,১৯০৳,https://www.wafilife.com/selected-invocations-to-be-made-during-prostrations-witr-pra/pd/3370
Muhammad bin Abdul-Aziz al-Musnad,Not Listed,Fatawa Islamiyah Islamic Verdicts (8 Vols. Set),"১৬,০০০৳","১৫,২০০৳",https://www.wafilife.com/fatawa-islamiyah-islamic-verdicts-8-vols-set/pd/143
Muhammad ibn Sulayman at-Tamimi,Not Listed,"The Three Fundamentals, the Four Precepts and the Conditions of Prayer",২৪০৳,২২৮৳,https://www.wafilife.com/the-three-fundamentals-the-four-precepts-and-the-conditions/pd/290
Muhammad ibn Sulaymân at-Tamimi,Not Listed,The Book of Major Sins,৮৮০৳,৮৩৬৳,https://www.wafilife.com/the-book-of-major-sins/pd/215
Muhammed Ibn Ismaiel Al-Bukhari,Not Listed,Sahih Al-Bukhari - Arabic-English (9 Vols. Set),"২০,২৫০৳","১৯,২৩৭.৫০৳",https://www.wafilife.com/sahih-al-bukhari-arabic-english-9-vols-set/pd/3379
Muid Mustarik,Not Listed,Akkharpatra Biology 2nd Paper (Class 11-12) - English Version,0,৭৫০৳,https://www.wafilife.com/বায়োলজি-২য়-পত্র/pd/15979
Muinul Islam,Not Listed,Role of the State In Bangladesh’s Underdevelopment,৯৯৫৳,৮১৫.৯০৳,https://www.wafilife.com/role-of-the-state-in-bangladesh-s-underdevelopment/pd/35061
Muinul Islam,Not Listed,Role of the State In Bangladesh’s Underdevelopment,৯৯৫৳,৮১৫৳,https://www.wafilife.com/রোল-অব-দ্য-স্টেট-ইন-বাংলাদেশস-আন্ডারডেভেলপমেন্ট/pd/22243
Mukhlesur Rahman Mukit,Not Listed,Agri-BCS (Total Solution of Agriculture for Bangladesh Civil Service - Paper 1 and 2),৬৭২৳,৫০৪৳,https://www.wafilife.com/agri-bcs-total-solution-of-agriculture-for-bangladesh-civil/pd/13925
Mukhlesur Rahman Mukit,Not Listed,এগ্রি ভাইভা,৪৭০৳,৩৫৩৳,https://www.wafilife.com/agri-viva/pd/13955
Munir Ahmed,Not Listed,Sepoy Mutiny a Rajput Mutineer,৩০০৳,২৪৬৳,https://www.wafilife.com/sepoy-mutiny-a-rajput-mutineer/pd/7727
Munir Quddus,Not Listed,Bangladesh Economy in the 21st Century,"১,০৫০৳",৮৬১৳,https://www.wafilife.com/bangladesh-economy-in-the-21st-century/pd/10474
Munir Quddus,Not Listed,Entrepreneurs and Economic Development,৩৫০৳,২৮৭৳,https://www.wafilife.com/entrepreneurs-and-economic-development/pd/10512
Munshi Shirajul Haque,Not Listed,A Critical Review Of: William Shakespeare,২৭৫৳,২২০৳,https://www.wafilife.com/a-critical-review-of-william-shakespeare/pd/9611
Munshi Shirajul Haque,Not Listed,A Critical Review of Elizabethan and Jacobean Drama (English Honors) 3rd Year,২৫০৳,২০০৳,https://www.wafilife.com/a-critical-review-of-elizabethan-and-jacobean-drama-english/pd/9587
Munshi Shirajul Haque,Not Listed,A Critical Review of History of English Literature (English (Honors) 2nd Year,২৭৫৳,২২০৳,https://www.wafilife.com/a-critical-review-of-history-of-english-literature-english-h/pd/9574
Munshi Shirajul Haque,Not Listed,A Critical Review of Sixteenth and Seventeenth Century Poetry -3rd Year Honors,২৫০৳,২০০৳,https://www.wafilife.com/a-critical-review-of-sixteenth-and-seventeenth-century-poetr/pd/9601
Munshi Shirajul Haque,Not Listed,A Critical Review of Victorian Poetry,২৮৫৳,২২৮৳,https://www.wafilife.com/a-critical-review-of-victorian-poetry/pd/9605
Muntassir Mamoon,Not Listed,Civil Society in Bangladesh Resilience And Retreat,৩৫০৳,২৮৭৳,https://www.wafilife.com/civil-society-in-bangladesh-resilience-and-retreat/pd/8799
Musharaf Hussain,Not Listed,A Guide to Ramadan and Fasting,0,৩৭০৳,https://www.wafilife.com/a-guide-to-ramadan-and-fasting/pd/828
Mushfique-Us-Saleheen,Not Listed,English Grammar And Composition 1st Paper (For Class 11 and 12),৩০৭৳,২৭৯৳,https://www.wafilife.com/english-grammar-and-composition-1st-paper-for-class-11-and-1/pd/21448
Mustafa K. Mujeri,Not Listed,Securing Food For All In Bangladesh,"২,২০০৳","১,৮০৪৳",https://www.wafilife.com/সিকিউরিং-ফুড-ফর-অল-ইন-বাংলাদেশ/pd/22346
Mustafizur Rahman,Not Listed,The Japanese Strategy,২৮০৳,২২৯.৬০৳,https://www.wafilife.com/the-japanese-strategy/pd/10623
Muzaffer Ahmed,Not Listed,Performance of Agricultural Extension organizations of Bangladesh,৪০০৳,৩২৮৳,https://www.wafilife.com/performance-of-agricultural-extension-organizations-of-bangl/pd/10597
Naceur Jabnoun,Not Listed,Islam and Management,"১,৭৬০৳","১,৬৭২৳",https://www.wafilife.com/islam-and-management/pd/198
Nadeem Qadir,Not Listed,My Beautiful Bangladesh,"১,৫০০৳","১,২৪৫৳",https://www.wafilife.com/my-beautiful-bangladesh/pd/10079
Nahid Sultana,Not Listed,A Critical Review of the Introduction to Prose (English (Honors) 1st Year,২৫০৳,২০০৳,https://www.wafilife.com/a-critical-review-of-the-introduction-to-prose-english-honor/pd/9585
Nahid Sultana,Not Listed,A Critical Review Of Introduction to Literary Criticism (Up to Romantic Period) -3rd Year Honours,২৫০৳,২০০৳,https://www.wafilife.com/a-critical-review-of-introduction-to-literary-criticism-up-t/pd/9578
Najimuddin Ahmod,Not Listed,"Epic Stories in Terracotta: Depicted on Kantanagar Temple, Bangaldesh",৪৯৫৳,৪০৫.৯০৳,https://www.wafilife.com/ইপিক-স্টোরিজ-ইন-টেরাকোটা-ডেপিক্টেড-অন-কান্তানগর-টেম্পল-বাংলা/pd/22259
Nayeem Ahmed Baloch,Not Listed,A Tale of Two Camels,৩২০৳,৩০৪৳,https://www.wafilife.com/a-tale-of-two-camels/pd/4945
Nayeem Ahmed Baloch,Not Listed,Reader's Kid English Library,"৯,৪৪০৳","৭,২৬৮.৮০৳",https://www.wafilife.com/রিডারস-কিড-ইংলিশ-লাইব্রেরী/pd/29703
Nayeem Ahmed Baloch,Not Listed,The First Human Murder,৩৫০৳,৩৩২৳,https://www.wafilife.com/the-first-human-murder/pd/3432
Nayma Haque,Not Listed,Applied Philosophy,৩৫০৳,২৯১৳,https://www.wafilife.com/এ্যাপলাইড-ফিলোসফি/pd/17679
Nazibor Rahman,Not Listed,Seeing The End Of Poverty? (Bhaimara Revisited),৪৫০৳,৩৬৯৳,https://www.wafilife.com/সিইং-দ্য-ইন্ড-অব-পভার্টি-ভাইমারা-রিভিজিটেড/pd/22314
Nazibor Rahman,Not Listed,Seeing the End of Poverty,৪৫০৳,৩৬৯৳,https://www.wafilife.com/seeing-the-end-of-poverty/pd/10611
Nazimuddin Ahmed,Not Listed,"Discover the Monuments of Bangladesh : A Guide to their History, Location",২৫০৳,২০৫৳,https://www.wafilife.com/discover-the-monuments-of-bangladesh-a-guide-to-their-histor/pd/34979
Nazimuddin Ahmed,Not Listed,The Buildings of Khan Jahan in and Around Bagerhat,১৩০৳,১১১৳,https://www.wafilife.com/the-buildings-of-khan-jahan-in-and-around-bagerhat/pd/10618
Nazimuddin Ahmed,Not Listed,Epic Stories in Terracotta,৪৯৫৳,৪০৫.৯০৳,https://www.wafilife.com/epic-stories-in-terracotta/pd/10519
Nazimuddin Ahmed,Not Listed,Buildings of the British Raj in Bangladesh,১৯৫৳,১৫৯.৯০৳,https://www.wafilife.com/buildings-of-the-british-raj-in-bangladesh/pd/34978
Nazmul Amin Majumdar,Not Listed,Corporate Social Responsibility Practices in Emerging Economies: The Case of Bangladesh,৭৫০৳,৬১৫৳,https://www.wafilife.com/করপোরেট-সোশাল-রেসপন্সিবিলিটি-প্র্যাক্টিসেস-ইন-ইমার্জিং-ইকোনম/pd/22247
Nazmul Amin Majumdar,Not Listed,Corporate Social Responsibility Practices in Emerging Economies,৭৫০৳,৬১৫৳,https://www.wafilife.com/corporate-social-responsibility-practices-in-emerging-econom/pd/10494
Nazmul Hasan,Not Listed,A Critical Review Of: William Shakespeare,২৭৫৳,২২০৳,https://www.wafilife.com/a-critical-review-of-william-shakespeare/pd/9611
Nazmul Hasan,Not Listed,A Critical Review of Sixteenth and Seventeenth Century Poetry -3rd Year Honors,২৫০৳,২০০৳,https://www.wafilife.com/a-critical-review-of-sixteenth-and-seventeenth-century-poetr/pd/9601
Nazmul Hasan,Not Listed,A Critical Review of Victorian Poetry,২৮৫৳,২২৮৳,https://www.wafilife.com/a-critical-review-of-victorian-poetry/pd/9605
Neeman A. Sobhan,Not Listed,An Abiding City Ruminations from Rome,৪০০৳,৩২৮৳,https://www.wafilife.com/an-abiding-city-ruminations-from-rome/pd/10468
Niaz Zaman,Not Listed,The Boy Who Loved Ballons,৮০৳,৭৯৳,https://www.wafilife.com/the-boy-who-loved-ballons/pd/78375
Niaz Zaman,Not Listed,"A Divided Legacy - The Partition in Selected Novels of India, Pakistan and Bangladesh",৫০০৳,৪১০৳,https://www.wafilife.com/a-divided-legacy-the-partition-in-selected-novels-of-india-p/pd/35016
Niaz Zaman,Not Listed,The Art of Kantha Embroidery,৮৫০৳,৬৯৭৳,https://www.wafilife.com/the-art-of-kantha-embroidery/pd/10617
Niaz Zaman,Not Listed,Bosha Bhat to Biryani The Legacy of Bangladeshi Cuisine,"১,৬৫০৳","১,৩৫৩৳",https://www.wafilife.com/bosha-bhat-to-biryani-the-legacy-of-bangladeshi-cuisine/pd/10480
Niaz Zaman,Not Listed,1971 and After: Selected Stories,৩৫০৳,২৮৭৳,https://www.wafilife.com/1971-and-after-selected-stories/pd/35015
Nidhâm Sakkijha,Not Listed,Dutifulness to Parents: In the Light of the Holy Qur’an and the Authentic Sunnah,৩০০৳,২৮৫৳,https://www.wafilife.com/dutifulness-to-parents-in-the-light-of-the-holy-quran-and-th/pd/3047
Nitham Sakkijha,Not Listed,Dutifulness to Parents: In the Light of the Holy Quran,৩০০৳,২৮৫৳,https://www.wafilife.com/dutifulness-to-parents-in-the-light-of-the-holy-quran/pd/4980
Nizam Ahmed,Not Listed,Aiding the Parliament of Bangladesh (Experience and Prospect),৬০০৳,৪৯২৳,https://www.wafilife.com/এইডিং-দ্য-পার্লামেন্ট-অব-বাংলাদেশ-এক্সপেরিয়েন্স-এন্ড-প্রসপেক/pd/22245
Noazesh Ahmed,Not Listed,Wild Flowers of Bangladesh,"১,০০০৳",৮২০৳,https://www.wafilife.com/wild-flowers-of-bangladesh/pd/10636
Norendro Kumar Mondol,Not Listed,Horappa: Concept of Modern World,১২০৳,১০৯৳,https://www.wafilife.com/horappa-concept-of-modern-world/pd/81787
Oddapika Siddika Kabir,Not Listed,Bangladeshi Curry Cook Book,৪০০৳,৩২৮৳,https://www.wafilife.com/bangladeshi-curry-cook-book/pd/8798
Odhikar,Not Listed,Human Rights in Bangladesh 1997,২২৫৳,১৮৪.৫০৳,https://www.wafilife.com/হিউম্যান-রাইট্স-ইন-বাংলাদেশ-১৯৯৭/pd/22344
Odhikar,Not Listed,Human Rights in Bangladesh 1996,২৫০৳,২০৫৳,https://www.wafilife.com/human-rights-in-bangladesh-1996/pd/10540
Omar Haider Chowdhury,Not Listed,Economic Reform and Trade Performance in South Asia,৫৫০৳,৪৫১৳,https://www.wafilife.com/economic-reform-and-trade-performance-in-south-asia/pd/10505
Paul Sillitoe,Not Listed,Indigenous Knowledge Inquiries - A Methodologies Manual for Development,৬০০৳,৪৯২৳,https://www.wafilife.com/ইন্ডিজেনাস-নলেজ-ইনকোয়েরিস-এ-মেথোডোলজিস-ম্যানুয়াল-ফর-ডেভেলপমে/pd/22276
Peter Dixon,Not Listed,Indigenous Knowledge Inquiries - A Methodologies Manual for Development,৬০০৳,৪৯২৳,https://www.wafilife.com/ইন্ডিজেনাস-নলেজ-ইনকোয়েরিস-এ-মেথোডোলজিস-ম্যানুয়াল-ফর-ডেভেলপমে/pd/22276
Pias Majid,Not Listed,New Normal and Other Poems,৩৮০৳,২৮৫৳,https://www.wafilife.com/new-normal-and-other-poems/pd/75613
Pratap Datta,Not Listed,A Golden Treasure of English Words,১৭৫৳,১২৪৳,https://www.wafilife.com/এ-গোল্ডেন-ট্রেজারি-অফ-ইংলিশ-ওয়ার্ডস/pd/20564
Pratima Paul Majumder,Not Listed,Engendering Garment Industry,৩৫৬৳,২৯১.৯২৳,https://www.wafilife.com/engendering-garment-industry/pd/10511
Pratima Paul Majumder,Not Listed,The Squatters of Dhaka City - Dynamism in the Life of Agargaon Squatters,১৭০৳,১৩৯.৪০৳,https://www.wafilife.com/the-squatters-of-dhaka-city-dynamism-in-the-life-of-agargaon/pd/10626
Premachandra Wattage,Not Listed,Community Partnership For Sustainable Water Management: Experience of the BWDB Systems Rehabitation Project Social and Economic Impact ( volume 2),৩৯৫৳,৩২৩.৯০৳,https://www.wafilife.com/কমিউনিটি-পার্টনারশিপ-ফর-সাস্টেইনেবল-ওয়াটার-ম্যানেজমেন্ট-এক্স/pd/22351
Pro. Dr. Mezbauddin Ahmed,Not Listed,Differential Geometry (Snatok 3rd Year),৩২০৳,২৫৬৳,https://www.wafilife.com/ডিফারেন্সিয়াল-জিওমেট্রি-স্নাতক-৩য়-বর্ষ/pd/16906
Pro. Jahurul Islam,Not Listed,Advanced Reading And Writing,২৯০৳,২৫৯৳,https://www.wafilife.com/এডভান্স-রিডিং-এন্ড-রাইটিং/pd/20543
Prof Abdul Barik Sarder,Not Listed,A Gateway to English Prose -8th Ed.,৩১৫৳,২৩৯৳,https://www.wafilife.com/এ-গেটওয়ে-টু-ইংলিশ-পোর্চ-৮ম-এডিশন/pd/20551
Prof K M A Bari,Not Listed,Tenses (All About Tenses),১৭৫৳,১২৪৳,https://www.wafilife.com/টেন্স-অল-এবাউট-টেন্স/pd/20532
Prof Md. Abdul Awal,Not Listed,Methods Of Applied Mathematics,৩৩০৳,২৬৪৳,https://www.wafilife.com/মেথড-অব-অ্যাপ্লাইড-ম্যাথমেটিক্স/pd/16823
Prof Md. Abdul Awal,Not Listed,Mechanics (Hon's),৩৫০৳,২৬৯৳,https://www.wafilife.com/মেকানিক্স/pd/16868
Prof Md. Abdul Awal,Not Listed,Ordinary Differential Equation (Snatok 3rd Year),৩১০৳,২৭২৳,https://www.wafilife.com/অর্ডিনারি-ডিফারেন্সিয়াল-ইকুয়েশন/pd/16879
Prof Md. Abdul Awal,Not Listed,Partial Differential Equation,২৭০৳,২১৬৳,https://www.wafilife.com/পারশিয়াল-ডিফারেনশিয়াল-ইকুয়ালেশন/pd/16815
Prof. Abdul Rashid Khan,Not Listed,Astrophysics and the Holy Quran2,"২,৪২০৳","২,২৯৯৳",https://www.wafilife.com/astrophysics-and-the-holy-quran2/pd/4959
Prof. Dr. Kh. Mezbahuddin Ahmed,Not Listed,Geometry of Differential Manifolds (Newsprint),২৫০৳,২০০৳,https://www.wafilife.com/জিওমেট্রি-অব-ডিফারেন্সিয়াল-মেনিফোল্ডস/pd/16859
Prof. Dr. Md. Fazlur Rahman,Not Listed,Topology,২৩০৳,১৮৪৳,https://www.wafilife.com/টপোলজি/pd/16825
Prof. Dr. Md. Fazlur Rahman,Not Listed,Theory Of Numbers (Honors 4th Year),২৮০৳,২২৪৳,https://www.wafilife.com/থিওরি-অব-নাম্বারস-অনার্স-৪র্থ-বর্ষ/pd/16821
Prof. Dr. Md. Fazlur Rahman,Not Listed,Mathematical Modeling In Biology,২০০৳,১৬০৳,https://www.wafilife.com/ম্যাথমেটিক্যাল-মডেলিং-ইন-বায়োলজি/pd/16822
Prof. Dr. Md. Fazlur Rahman,Not Listed,Fundamentals Of Mathematics (Honors 1st Year) (Solutions) (Newsprint),১৬০৳,১২৮৳,https://www.wafilife.com/ফান্ডামেন্টাল-অব-ম্যাথমেটিক্স-অনার্স-১ম-বর্ষ-সমাধান/pd/16865
Prof. Dr. Md. Fazlur Rahman,Not Listed,Complex Analysis,২৯০৳,২৩২৳,https://www.wafilife.com/কমপ্লেক্স-অ্যানালাইসিস/pd/16813
Prof. MD. Maqbul Hossain,Not Listed,An Introduction to Sociological Thought,২৮৫৳,১৭১৳,https://www.wafilife.com/an-introduction-to-sociological-thought/pd/8714
Prof. MD. Maqbul Hossain,Not Listed,Production Economics And Marketing,৩০০৳,২৭৯৳,https://www.wafilife.com/production-economics-and-marketing/pd/12782
Prof. Mahmoud Ismail Saleh,Not Listed,Dictionary of Islamic Words and Expressions (Arabic-English),"২,৭৫০৳","২,৬১২৳",https://www.wafilife.com/dictionary-of-islamic-words-and-expressions-arabic-english/pd/4975
Prof. Md. Golam Hossain Pramanik,Not Listed,Akkharpatra Physics Second Paper (Class 11-12) - English Version,0,৮০০৳,https://www.wafilife.com/ফিজিক্স-দ্বিতীয়-পত্র/pd/15847
Prof. Md. Hafizur Rahman,Not Listed,Fundamentals Of Mathematics (Honors 1st Year) (Solutions) (Newsprint),১৬০৳,১২৮৳,https://www.wafilife.com/ফান্ডামেন্টাল-অব-ম্যাথমেটিক্স-অনার্স-১ম-বর্ষ-সমাধান/pd/16865
Prof. Moinuddin Chowdhury,Not Listed,The Art and Science of Presentation Skills,২৮০৳,২৩৫৳,https://www.wafilife.com/the-art-and-science-of-presentation-skills/pd/8836
Prof. Rehman Sobhan,Not Listed,Untranquil Recollections,"১,০০০৳",৮২০৳,https://www.wafilife.com/untranquil-recollections/pd/35123
Prof. Rehman Sobhan,Not Listed,Untranquil Recollections,৯৭৫৳,৭৯৯.৫০৳,https://www.wafilife.com/untranquil-recollections/pd/35084
Prof. Rehman Sobhan,Not Listed,An Inclusive Democracy for a Just Society,২৮০৳,২২৪৳,https://www.wafilife.com/an-inclusive-democracy-for-a-just-society/pd/13022
Prof. Rehman Sobhan,Not Listed,Quality of Public Investment in Bangaldesh: An Annexure to Independent Review of Bangaldesh's Development 1996,৩৫০৳,২৮৭৳,https://www.wafilife.com/কোয়ালিটি-অব-পাবলিক-ইনভেস্টমেন্ট-ইন-বাংলাদেশ-এন-এনাক্সার-টু-ই/pd/22283
Prof. Rehman Sobhan,Not Listed,Rediscovering the Southern Silk Route - Integrating Asia’s Transport Infrastructure,৩৮০৳,৩১১.৬০৳,https://www.wafilife.com/rediscovering-the-southern-silk-route-integrating-asias-tran/pd/10604
Prof. Rehman Sobhan,Not Listed,Transforming Eastern South Asia: Building Growth Zones for Economic Cooperation,৩০০৳,২৪৬৳,https://www.wafilife.com/transforming-eastern-south-asia-building-growth-zones-for-ec/pd/10632
Prof. Rehman Sobhan,Not Listed,A Citizen’s Social Charter for South Asia An Agenda for Civic Action,৫৩০৳,৪৩৪.৬০৳,https://www.wafilife.com/a-citizens-social-charter-for-south-asia-an-agenda-for-civic/pd/10457
Prof. Shah Muhammad Habibir Rahman,Not Listed,Interest,0,৫০৳,https://www.wafilife.com/ইন্টারেস্ট/pd/13591
Prof. Subodh Chandra Sinha,Not Listed,A Gateway to English Prose -8th Ed.,৩১৫৳,২৩৯৳,https://www.wafilife.com/এ-গেটওয়ে-টু-ইংলিশ-পোর্চ-৮ম-এডিশন/pd/20551
Professor A. F. M. Abdur Rahman,Not Listed,Advance Theory Of Numbers (Masters),২৪০৳,১৯২৳,https://www.wafilife.com/অ্যাডভান্স-থিওরি-অব-নাম্বারস-মাস্টার্স/pd/16848
Professor A. F. M. Abdur Rahman,Not Listed,Discrete Mathematics (Snatok 4th Year),২৮০৳,২৩০৳,https://www.wafilife.com/ডিস্ক্রিট-ম্যাথমেটিক্স-স্নাতক-৪র্থ-বর্ষ/pd/16892
Professor A. F. M. Abdur Rahman,Not Listed,Complex Analaysis (Honors 3rd Year),২৯০৳,২৩৭৳,https://www.wafilife.com/কমপ্লেক্স-অ্যানালাইসিস-অনার্স-৩য়-বর্ষ/pd/16877
Professor A. F. M. Abdur Rahman,Not Listed,Functional Analysis (Snatok 4th Year),২২০৳,১৬৬৳,https://www.wafilife.com/ফাংশনাল-অ্যানালাইসিস-স্নাতক-৪র্থ-বর্ষ/pd/16912
Professor Abdur Razzak,Not Listed,Political Parties in India,৮০০৳,৬৫৬৳,https://www.wafilife.com/প্রেক্টিক্যাল-প্র্যাকটিস-ইন-ইন্ডিয়া/pd/14353
Professor Ashim Kumar Saha,Not Listed,Akkharpatra Higher Mathematics Solution First Paper (Class 11-12) - English Version,0,৫০০৳,https://www.wafilife.com/হায়ার-ম্যাথমেটিক্স-১ম-পত্র/pd/15867
Professor Ashim Kumar Saha,Not Listed,Akkharpatra Higher Mathematics Solution Second Paper (Class 11-12) - English Version,0,৪৫০৳,https://www.wafilife.com/হায়ার-ম্যাথমেটিক্স-২য়পত্র/pd/15843
Professor Dewan Kuddus,Not Listed,Methods Of Applied Mathematics,৩৩০৳,২৬৪৳,https://www.wafilife.com/মেথড-অব-অ্যাপ্লাইড-ম্যাথমেটিক্স/pd/16823
Professor Dewan Kuddus,Not Listed,Linear Algebra - Honors 1st Year,৩১০৳,২৫৪৳,https://www.wafilife.com/লিনিয়ার-অ্যালজেব্রা-অনার্স-১ম-বর্ষ/pd/16870
Professor Dewan Kuddus,Not Listed,Calculus - 2 (Solution),১৬০৳,১৩৭৳,https://www.wafilife.com/ক্যালকুলাস-২-সমাধান/pd/16897
Professor Dr. A H M Mujtaba Hossain,Not Listed,The Last Prophet,"১,৬০০৳",৮০০৳,https://www.wafilife.com/the-last-prophet/pd/2000
Professor Dr. Ataul Haq Pramanik,Not Listed,Political Economy of Development,৩০০৳,২৪০৳,https://www.wafilife.com/political-economy-of-development/pd/29621
Professor Dr. B. M. Ikramul Haque,Not Listed,ক্যালকুলাস-I,৩৬২৳,৩০৮৳,https://www.wafilife.com/calculus-i/pd/71868
Professor Dr. B. M. Ikramul Haque,Not Listed,Akkharpatra Higher Mathematics Solution First Paper (Class 11-12) - English Version,0,৫০০৳,https://www.wafilife.com/হায়ার-ম্যাথমেটিক্স-১ম-পত্র/pd/15867
Professor Dr. B. M. Ikramul Haque,Not Listed,Akkharpatra Higher Mathematics Solution Second Paper (Class 11-12) - English Version,0,৪৫০৳,https://www.wafilife.com/হায়ার-ম্যাথমেটিক্স-২য়পত্র/pd/15843
Professor Dr. Emajuddin Ahamed,Not Listed,Military Rule and the myth of Democracy,১৭৫৳,১৪৫৳,https://www.wafilife.com/military-rule-and-the-myth-of-democracy/pd/49447
Professor Dr. Faizur Rahman,Not Listed,Real Analaysis (Honours 3rd Year),৩১০৳,২৪৮৳,https://www.wafilife.com/রিয়েল-অ্যানালাইসিস-অনার্স-৩য়-বর্ষ/pd/16852
Professor Dr. Fozlur Rahman,Not Listed,Differential and Integral Equations (Newsprint),৩১০৳,২৪৮৳,https://www.wafilife.com/ডিফারেন্সিয়াল-অ্যান্ড-ইন্টেগ্রাল-ইকুয়ালেশন/pd/16860
Professor Dr. Fozlur Rahman,Not Listed,Fundamental Of Mathematics (Honors 1st Year),৩১০৳,২৪৯৳,https://www.wafilife.com/ফান্ডামেন্টাল-অব-ম্যাথমেটিক্স-অনার্স-১ম-বর্ষ/pd/16849
Professor Dr. Johirul Haque,Not Listed,"Friends Language (Grammar, Reading Comprehension Writing Composition)",৩৯৫৳,২৬৫৳,https://www.wafilife.com/ফ্রেন্ড-ল্যাংগুয়েজ-গ্রামার/pd/20534
Professor Dr. M. Abu Misir,Not Listed,Security Analysis and Portfolio Management,২৫০৳,২০০৳,https://www.wafilife.com/security-analysis-and-portfolio-management/pd/12781
Professor Dr. M. Abul Kashem Mojumdar,Not Listed,Financial Management In The Public Sector: Some Selected Issues,৫০০৳,৩৭৫৳,https://www.wafilife.com/financial-management-in-the-public-sector-some-selected-issu/pd/14556
Professor Dr. Md. Fazlul Haque,Not Listed,An Easy Access To English Grammar,২৮৫৳,২৩৪৳,https://www.wafilife.com/এন-এজি-আক্সেস-টু-ইংলিশ-গ্রামার/pd/20531
Professor Dr. Mir Mahfuzul Haque,Not Listed,Business Communication (Department of Management),৩৫০৳,২৯৮৳,https://www.wafilife.com/বিজনেস-কমিউনিকেশান/pd/16481
Professor Haradhan Nag,Not Listed,Chemistry-2nd Paper (Class XI-XII),৭৩৫৳,৬৬২৳,https://www.wafilife.com/chemistry-2nd-paper-english-version-class-xi-xii/pd/16545
Professor Kazi Nurul Islam,Not Listed,Religions for Peace,২২০৳,১৮৯৳,https://www.wafilife.com/religions-for-peace/pd/29528
Professor M Mofizar Rahman,Not Listed,An ABC of English Literature,0,৭৫৳,https://www.wafilife.com/an-abc-of-english-literature/pd/9632
Professor Mafizur Rahman,Not Listed,THE QURAN The miracle of All Miracles,১২০৳,৯০৳,https://www.wafilife.com/the-quran-the-miracle-of-all-miracles/pd/62351
Professor Md. Elias Hossain,Not Listed,Lattice Theory and Boolean Algebra (Masters) (Newsprint),৩০০৳,২৪০৳,https://www.wafilife.com/লিটল-থিওরি-অ্যান্ড-বুলিয়ান-অ্যালজেব্রা-মাস্টার্স/pd/16900
Professor Muhammad Nurul Haq,Not Listed,A Manual of the Public School Methods and Practices in the USA,১৭৫৳,১৪৫৳,https://www.wafilife.com/a-manual-of-the-public-school-methods-and-practices-in-the-u/pd/10183
Professor Muhammad Zulfiqar,Not Listed,Prayer According to the Sunnah,"২,০০০৳","১,৯০০৳",https://www.wafilife.com/prayer-according-to-the-sunnah/pd/135
Professor Muhammad Zulfiqar,Not Listed,Fast According to Quran and Sunnah,"১,৩২০৳","১,২৫৪৳",https://www.wafilife.com/fast-according-to-quran-and-sunnah/pd/649
Professor Muhammad Zulfiqar,Not Listed,Zakah According to the Quran and Sunnah,"১,৬০০৳","১,৫২০৳",https://www.wafilife.com/zakah-according-to-the-quran-and-sunnah/pd/683
Professor Muhamoud Esma,Not Listed,Heroes of Islam,"১,৭৬০৳","১,৬৭২৳",https://www.wafilife.com/heroes-of-islam/pd/134
Qari Muhammad Idrees,Not Listed,Al-Qaaidah Al-Quraaniyyah: An Introduction to Tajweed,৮০০৳,৭৬০৳,https://www.wafilife.com/al-qaaidah-al-quraaniyyah-an-introduction-to-tajweed/pd/4957
Quazi Mostain Billah,Not Listed,Foundation English For Undergraduates,0,২২৫৳,https://www.wafilife.com/ফাউন্ডেশন-ইংলিশ-ফর-আন্ডার-গ্রাজুয়েশনস/pd/20542
R. C. Paul,Not Listed,Wonderful Place in the World,২০০৳,১৬৪৳,https://www.wafilife.com/wonderful-place-in-the-world/pd/43427
Raana Haider,Not Listed,India : Beyond The Taj And The Raj,"১,৫৯০৳","১,৩০৩.৮০৳",https://www.wafilife.com/india-beyond-the-taj-and-the-raj/pd/10557
Raana Haider,Not Listed,China Contrasting Contours,৩৭৫৳,৩০৭.৫০৳,https://www.wafilife.com/china-contrasting-contours/pd/10486
Rafiq Md. Jahangir Alam,Not Listed,Differential Geometry (Snatok 3rd Year),৩২০৳,২৫৬৳,https://www.wafilife.com/ডিফারেন্সিয়াল-জিওমেট্রি-স্নাতক-৩য়-বর্ষ/pd/16906
Rafiq Md. Jahangir Alam,Not Listed,Geometry of Differential Manifolds (Newsprint),২৫০৳,২০০৳,https://www.wafilife.com/জিওমেট্রি-অব-ডিফারেন্সিয়াল-মেনিফোল্ডস/pd/16859
Ragib Noor,Not Listed,Lets Learn Opposites,১০০৳,৭৮৳,https://www.wafilife.com/lets-learn-opposites/pd/6366
Ragib Noor,Not Listed,Let's Learn Shapes And Colours,১০০৳,৭৮৳,https://www.wafilife.com/lets-learn-shapes-and-colours/pd/6365
Rahim M. Quazi,Not Listed,Money and Macroeconomics: Selected Topics from Bangladesh,৯০০৳,৭৩৮৳,https://www.wafilife.com/money-and-macroeconomics-selected-topics-from-bangladesh/pd/10581
Rahima Karim,Not Listed,হারিয়ে গেছে বেমবি,২০০৳,১৫০৳,https://www.wafilife.com/hariye-geche-bembi-rngin/pd/78058
Rahima Karim,Not Listed,ছোট্ট তিনটি ছাগল ছানা দুষ্টু একটি নেকড়ে,১৫০৳,১২০৳,https://www.wafilife.com/chotto-tinti-sagol-sana-dusto-akti-nekre/pd/78057
Rahima Karim,Not Listed,Half a Century in America,৩০০৳,২৬৭৳,https://www.wafilife.com/half-a-century-in-america/pd/24245
Rahman M Mahbub,Not Listed,Developing Writing Skill,৭৫০৳,৬২৩৳,https://www.wafilife.com/developing-writing-skill/pd/10071
Raihan Ali,Not Listed,Vocabulary Global Passport,0,২০০৳,https://www.wafilife.com/vocabulary-global-passport/pd/8438
Raisuddin Ahmed,Not Listed,Retrospects and Prospects of the Rice Economy of Bangladesh,৩৬৫৳,২৯৯.৩০৳,https://www.wafilife.com/retrospects-and-prospects-of-the-rice-economy-of-bangladesh/pd/10608
Rajib Chatterjee,Not Listed,The Man With The Magic Wand,১৬০৳,১২৮৳,https://www.wafilife.com/the-man-with-the-magic-wand/pd/5826
Rakib Mahadi,Not Listed,Faculty Based Government Bank Job Solution (Whiteprint),৫০০৳,৩৫০৳,https://www.wafilife.com/ফ্যাকাল্টি-বেইজ্ড-গভর্নমেন্ট-ব্যাংক-জব-সলিউশন/pd/16452
Rakib Uddin Ahmed,Not Listed,"আধুনিক Spoken English, Grammar and Word Book",0,৩০০৳,https://www.wafilife.com/adhunik-spoken-english-grammar-and-word-book/pd/7196
Ranabir Samaddar,Not Listed,Paradoxes of the Nationalist Time Political Essays on Bangladesh,৩০০৳,২৪৬৳,https://www.wafilife.com/প্যারাডক্সেস-অব-স্য-ন্যাশনালিস্ট-টাইম-পলিটিক্যাল-এসেইস-অন-বা/pd/22299
Rashidul Hassan Bachchu,Not Listed,Walking On The Path Of Poetry,১৬০৳,১৩৩৳,https://www.wafilife.com/walking-on-the-path-of-poetry/pd/35569
Raunaq Jahan,Not Listed,Pakistan Failure in National Integration,৫০০৳,৪১০৳,https://www.wafilife.com/pakistan-failure-in-national-integration/pd/35010
Raunaq Jahan,Not Listed,Bangladesh Politics Problems and Issues (New Expanded Edition),৬২০৳,৫০৮.৪০৳,https://www.wafilife.com/বাংলাদেশ-পলিটিক্স-প্রবলেমস-এন্ড-ইস্যুস/pd/22064
Raunaq Jahan,Not Listed,Bangladesh Promise and Performance,৬০০৳,৪৯২৳,https://www.wafilife.com/বাংলাদেশ-প্রমিস-এন্ড-পারফোর্মেন্স/pd/22249
Raunaq Jahan,Not Listed,Political Parties In Bangladesh,৫৫০৳,৪৯০৳,https://www.wafilife.com/political-parties-in-bangladesh/pd/13027
Raymond J. Manderola,Not Listed,Guidelines for Raising Children,৩৫০৳,৩৩২৳,https://www.wafilife.com/guidelines-for-raising-children/pd/3351
Rezaqul Haider,Not Listed,One Year in East Timor,৪৫০৳,৩৭৪৳,https://www.wafilife.com/one-year-in-east-timor/pd/10080
Rezoanul Hoque Shuvo,Not Listed,English 2nd Paper (Classes xi-xii and HSC exam 2024),৩২০৳,২৭২৳,https://www.wafilife.com/ইংলিশ-সেকেন্ড-পেপার-একাদশ-দ্বাদশ-ও-এইচএসসি-২০২৪/pd/16698
Riaz Uddin-1,Not Listed,Linear Algebra - Honors 1st Year,৩২০৳,২৫৬৳,https://www.wafilife.com/লিনিয়ার-অ্যালজেবরা-অনার্স-১ম-বর্ষ/pd/16854
Rick Gregory,Not Listed,Trading the Silver Seed - Local Knowledge and Market Moralities in Aquacultural Development,৪০০৳,৩২৮৳,https://www.wafilife.com/trading-the-silver-seed-local-knowledge-and-market-moralitie/pd/10631
Rita Afsar (,Not Listed,The Squatters of Dhaka City - Dynamism in the Life of Agargaon Squatters,১৭০৳,১৩৯.৪০৳,https://www.wafilife.com/the-squatters-of-dhaka-city-dynamism-in-the-life-of-agargaon/pd/10626
Roger Moody,Not Listed,Phulbari Coal Project,১৫০৳,১১৩৳,https://www.wafilife.com/phulbari-coal-project/pd/10359
Rudabeh Shahid,Not Listed,The Mystic Contribution (Khan Jahan Ali and the Creation of Bagerhat),২০০৳,১৬৬৳,https://www.wafilife.com/the-mystic-contribution-khan-jahan-ali-and-the-creation-of-b/pd/10083
Ruhul Amin (Golpokar),Not Listed,Bangladesh Customs Tariff Fiscal Year 2023-2024,৩৫০৳,২২০৳,https://www.wafilife.com/বাংলাদেশ-কাস্টমস-তারিফ-ফিসক্যাল-২০২৩-২৪/pd/26115
Ruhul Amin (Golpokar),Not Listed,Bangladesh Customs Tariff Solution (Fiscal Year : 2023-2024),"১,০০০৳",৬৭০৳,https://www.wafilife.com/bangladesh-customs-tariff-solution-fiscal-year-2021-2022/pd/14681
Ruhul Amin (Golpokar),Not Listed,Bangladesh Customs Tariff Fiscal Year 2021-2022,৩৫০৳,২৪৩৳,https://www.wafilife.com/bangladesh-customs-tariff-fiscal-year-2021-2022/pd/14665
Runa Khan,Not Listed,Play School Workbook 3rd Part,১০০৳,৮৯৳,https://www.wafilife.com/play-school-workbook-3rd-part/pd/78376
Runa Khan,Not Listed,Play School Workbook 2nd Part,১০০৳,৮২৳,https://www.wafilife.com/প্লে-স্কুল-ওয়ার্কবুক-সেকেন্ড-পার্ট/pd/22250
Runa Khan,Not Listed,Play School Workbook 4th Part,১০০৳,৮২৳,https://www.wafilife.com/প্লে-স্কুল-ওয়ার্কবুক-ফোর্থ-পার্ট/pd/22272
Runa Khan,Not Listed,Play School Workbook 3rd Part,১০০৳,৮২৳,https://www.wafilife.com/প্লে-স্কুল-ওয়ার্কবুক-থার্ড-পার্ট/pd/22277
Runa Khan,Not Listed,Play School Workbook 2nd step,১৩০৳,১০৬.৬০৳,https://www.wafilife.com/প্লে-স্কুল-ওয়ার্কবুক-২য়-স্টেপ/pd/9837
Runa Khan,Not Listed,Play School Workbook 3rd step,১৩০৳,১০৬.৬০৳,https://www.wafilife.com/প্লে-স্কুল-ওয়ার্কবুক-৩য়-স্টেপ/pd/9838
Runa Khan,Not Listed,Play School Workbook 4th step,১৩০৳,১০৬.৬০৳,https://www.wafilife.com/প্লে-স্কুল-ওয়ার্কবুক-৪র্থ-স্টেপ/pd/9839
Runa Khan,Not Listed,Play School Workbook 1st step,১৩০৳,১০৬.৬০৳,https://www.wafilife.com/প্লে-স্কুল-ওয়ার্কবুক-১ম-স্টেপ/pd/9836
Runa Khan,Not Listed,Play School Workbooks 1st Part,১০০৳,৮২৳,https://www.wafilife.com/প্লে-স্কুল-ওয়ার্কবুকস্-ফার্স্ট-পার্ট/pd/22212
Rushidan Islam Rahman,Not Listed,"Growth, Employment and Social Change in Bangladesh",৯৮০৳,৮০৩.৬০৳,https://www.wafilife.com/growth-employment-and-social-change-in-bangladesh/pd/10531
S H Khan Majlish,Not Listed,A Golden Treasure of English Words,১৭৫৳,১২৪৳,https://www.wafilife.com/এ-গোল্ডেন-ট্রেজারি-অফ-ইংলিশ-ওয়ার্ডস/pd/20564
S M Belal Uddin,Not Listed,Digital Marketing 101,৪০০৳,২৯২৳,https://www.wafilife.com/digital-marketing-101/pd/8833
S Q Sajedur Rahman,Not Listed,Mechanics (Hon's),৩৫০৳,২৬৯৳,https://www.wafilife.com/মেকানিক্স/pd/16868
S. M. Shahidul Isalm,Not Listed,Business Mathematics [S. M. Shahidul Isalm],২৫০৳,২২০৳,https://www.wafilife.com/বিজনেস-ম্যাথমেটিক্স/pd/8716
S. M. Zakir Hussain,Not Listed,Fluency Formulas in English,১৮০৳,১৪৪৳,https://www.wafilife.com/fluency-formulas-in-english/pd/6023
S. M. Zakir Hussain,Not Listed,5-Day Basic English Course,১৮০৳,১৪৪৳,https://www.wafilife.com/5-day-basic-english-course/pd/6025
S. M. Zakir Hussain,Not Listed,A Systematic Approach t o Critical Reasoning and Analytical Ability (Books-2) - Books-2,২২০৳,১৭৬৳,https://www.wafilife.com/এ-সিসটেমেটিক-এপ্রোচ-টু-ক্রিটিকাল-রিজনিং-অ্যান্ড-এনালাইটিকেল/pd/25800
S. M. Zakir Hussain,Not Listed,Effective Listening And Smooth Pronunciation,১২০৳,১০০৳,https://www.wafilife.com/ইফেক্টিভ-লিসেনিং-এন্ড-স্মুথ-প্রোনান্সিয়াশন/pd/25801
S. M. Zakir Hussain,Not Listed,Natural Spoken English,১২০৳,১০০৳,https://www.wafilife.com/ন্যাচারাল-স্পোকেন-ইংলিশ/pd/25802
S. M. Zakir Hussain,Not Listed,Systematic Approach t o Critical Reasoning and Analytical Ability (Books-1),২২০৳,১৮৯৳,https://www.wafilife.com/এ-সিসটেমেটিক-এপ্রোচ-টু-ক্রিটিকাল-রিজনিং-অ্যান্ড-এনালাইটিকেল/pd/25799
S. M. Zakir Hussain,Not Listed,A High Level English Course (Books-1) - বুকস-১,১৯০৳,১৬০৳,https://www.wafilife.com/এ-হাই-লেভেল-ইংলিশ-কোর্স-বুক-১/pd/25798
S. M. Zakir Hussain,Not Listed,How to Speak English Fluently Book-1,১৪৫৳,১০৯৳,https://www.wafilife.com/হাউ-টু-স্পিক-ইংলিশ-ফ্লুইন্টলি-বুক-১/pd/25432
S. M. Zakir Hussain,Not Listed,How to Speak English Fluently Book 2,১৮০৳,১৫৫৳,https://www.wafilife.com/হাউ-টু-স্পীক-ইংলিশ-ফ্লোয়েন্টলি-বুক-২/pd/25433
S. M. Zakir Hussain,Not Listed,Effective Writting Skill For Advanced Learners,২৬০৳,২১৬৳,https://www.wafilife.com/এফেকটিভ-রাইটিং-স্কিল-ফর-এডভান্স-লারনার্স/pd/20625
S. M. Zakir Hussain,Not Listed,Rohel Freehand writing : Learn to write anything that comes to your mind,৩২০৳,২৬৬৳,https://www.wafilife.com/রোহেল-ফ্রিহ্যান্ড-রাইটিং-লার্ন/pd/20635
S. M. Zakir Hussain,Not Listed,A Dictionary of English Structures,২০০৳,১৪৬৳,https://www.wafilife.com/এ-ডিকশনারি-অফ-ইংলিশ-স্ট্রাকচার/pd/20622
S. M. Zakir Hussain,Not Listed,রোহেল ইলেবোরেট ডিকশনারি (বেঙ্গলী টু ইংলিশ),৪০০৳,২৯২৳,https://www.wafilife.com/rohel-elaborate-dictionary-bengali-to-english/pd/20707
S. M. Zakir Hussain,Not Listed,Tactics for Learning Prepositions (Books-1 ) - Prepositions(1),২২০৳,১৮৩৳,https://www.wafilife.com/টেকটিক্স-ফর-লার্নিং-প্রিপ্রোজিশনস্/pd/20627
S. M. Zakir Hussain,Not Listed,Mastering Tenses,১২০৳,৯৯.৬০৳,https://www.wafilife.com/মাস্টারিং-টেনস্/pd/20628
S. M. Zakir Hussain,Not Listed,"Rohel Phonetics : A Practical , Easy Approach with Magic Techniques a Unique book for Learners whose mother tongue is Bangla",২৫০৳,২০৭.৫০৳,https://www.wafilife.com/রোহেল-ফনেটিক্স/pd/20652
S. M. Zakir Hussain,Not Listed,বাংলা ভাষা পরিক্রমা,৫০০৳,৪৪০৳,https://www.wafilife.com/bangla-bhasha-poricroma/pd/20690
S. M. Zakir Hussain,Not Listed,The Anatomy of the english Sentence,২৩০৳,১৯১৳,https://www.wafilife.com/দি-এনাটমি-অফ-দি-ইংলিশ-সেনটেন্স/pd/20620
S. M. Zakir Hussain,Not Listed,A Passage To The English Language - White,৬২০৳,৫৫৫৳,https://www.wafilife.com/এ-প্যাসেজ-টু-দি-ইংলিশ-ল্যাঙ্গুয়েজ-সাদা/pd/20623
S. M. Zakir Hussain,Not Listed,The Beauty of Mathematics : Book-1,২৪০৳,১৯৯৳,https://www.wafilife.com/দি-বিউটি-অফ-ম্যাথমেটিক্স-বুক-১/pd/25754
S. M. Zakir Hussain,Not Listed,A Passage To The English Language (News),৪০০৳,৩৫৯৳,https://www.wafilife.com/এ-প্যাসেজ-টু-দি-ইংলিশ-ল্যাঙ্গুয়েজ-নিউজ/pd/20621
S. M. Zakir Hussain,Not Listed,A High Level English Course (Books-3),১২৫৳,১০৯৳,https://www.wafilife.com/এ-হাই-লেভেল-ইংলিশ-কোর্স-বুক-৩/pd/20712
S. M. Zakir Hussain,Not Listed,How to Teach English,৩২০৳,২৬৫.৬০৳,https://www.wafilife.com/হাউ-টু-টিচ-ইংলিশ/pd/20638
S. M. Zakir Hussain,Not Listed,কোরআনের আলোকে প্রাণের প্রাগৈতিহাসিক উৎস এবং মানব মনের গুপ্ত রহস্য,১০০৳,৮০৳,https://www.wafilife.com/quraner-aloke-praner-praugotihasik-utso-and-manob-moner-gupt/pd/20699
S. M. Zakir Hussain,Not Listed,আবেগের ভারসাম্য এবং অফুরন্ত প্রাণশক্তি,৯৫৳,৭৯৳,https://www.wafilife.com/abeger-varsamo-and-afuronto-pranoshokti/pd/20687
S. M. Zakir Hussain,Not Listed,Tactics for Learning Prepositions (Books-2 ) - Prepositions(2),১৫০৳,১২৪৳,https://www.wafilife.com/tactics-for-learning-prepositions-books-2-prepositions2/pd/20645
S. M. Zakir Hussain,Not Listed,Word Making Tactics (Books-1),১৪০৳,১১৬৳,https://www.wafilife.com/word-making-tactics-books-1/pd/20633
S. M. Zakir Hussain,Not Listed,Word Making Tactics (Books-3),১২০৳,১০০৳,https://www.wafilife.com/ওয়ার্ড-ম্যাকিং-টেকটিকস-বুক-৩/pd/20646
S. M. Zakir Hussain,Not Listed,রোহেল ইলেবোরেট ডিকশনারি ( ইংলিশ টু বেঙ্গলী),৫৩০৳,৩৯২৳,https://www.wafilife.com/rohel-elaborate-dictionary-english-to-bengali/pd/20696
S. M. Zakir Hussain,Not Listed,Magic Rules of Pronunciation Book-1,১৩০৳,১০৮৳,https://www.wafilife.com/ম্যাজিক-রুলস-অফ-প্রনাউন্সেশন-বুক-১/pd/20619
S. M. Zakir Hussain,Not Listed,Tactics for Learning Phrasal Verbs,১৬০৳,১৩৩৳,https://www.wafilife.com/লার্নিং-পার্সাল-ভার্বস/pd/20630
S. M. Zakir Hussain,Not Listed,A High Level English Course - (Books-2),১৮০৳,১৪৯৳,https://www.wafilife.com/a-high-level-english-course-books-2/pd/20639
S. M. Zakir Hussain,Not Listed,ব্যর্থতা ও হতাশার অবসান,৯০৳,৭৫৳,https://www.wafilife.com/barthota-o-hotashar-obidhan/pd/20644
S. M. Zakir Hussain,Not Listed,The Pleasure of Idiomatic English,১৫০৳,১২৪.৫০৳,https://www.wafilife.com/দি-প্লেজার-অব-ইডিওমেটিক-ইংলিশ/pd/20640
S. M. Zakir Hussain,Not Listed,"প্রাচুর্য, মানসিক শক্তি এবং প্রকৃত উপভোগের রহস্য",৭০৳,৫৮৳,https://www.wafilife.com/prachurjo-manosik-shokti-and-prokrito-upovoger-rohosyo/pd/20648
S. M. Zakir Hussain,Not Listed,Tough English Made Simple,১০০৳,৮৩৳,https://www.wafilife.com/টাফ-ইংলিশ-মেড-সিম্পল/pd/20629
S. M. Zakir Hussain,Not Listed,অসুস্থতার আনন্দ,১৫০৳,১২৫৳,https://www.wafilife.com/osusthotar-anondo/pd/20698
S. M. Zakir Hussain,Not Listed,Word Making Tactics (Books-2),১১০৳,৯১৳,https://www.wafilife.com/ওয়ার্ড-ম্যাকিং-টেকটিকস-বুক-২/pd/20642
S. M. Zakir Hussain,Not Listed,Word Learning Magic (Books-1),১৭০৳,১৪১.১০৳,https://www.wafilife.com/ওয়ার্ড-লার্নিং-ম্যাজিক-বুক-১/pd/20641
S. M. Zakir Hussain,Not Listed,Sentence Analysis for IELTS,১৫০৳,১১৩৳,https://www.wafilife.com/sentence-analysis-for-ielts/pd/20624
S. M. Zakir Hussain,Not Listed,সৃজনশীল চিন্তার কৌশল ও প্রয়োগ (১ম খন্ড),১২৫৳,১০৪৳,https://www.wafilife.com/srijonshil-chintar-koushol-o-proyog-1st-part/pd/20649
S. M. Zakir Hussain,Not Listed,মনের রূপচর্চা এবং অন্যের মন জয় করার উপায়,৮৫৳,৭১৳,https://www.wafilife.com/moner-ruchorja-and-onner-mon-joy-korar-upay/pd/20647
S. M. Zakir Hussain,Not Listed,দুঃখ কষ্টের মূল্য এবং সদ্ব্যবহার,৭০৳,৫৮৳,https://www.wafilife.com/dukho-koster-mullo-o-sodbabohar/pd/20650
S. M. Zakir Hussain,Not Listed,Tactics for Effective Reading and Critical Thinking (Book-1),১৮০৳,১৪৯৳,https://www.wafilife.com/টেকটিকস-ফর-ইফেক্টিভ-রিডিং-এ্যান্ড-ক্রিটিক্যাল-থিংকিং-বুক-১/pd/20643
S. M. Zakir Hussain,Not Listed,জ্ঞানবৃ্ক্ষের সন্ধানে - ১ম খণ্ড,১০০৳,৮৩৳,https://www.wafilife.com/gganbrikher-sondhane-1st-part/pd/20695
S. M. Zakir Hussain,Not Listed,Word Learning Magic (Books-3),১৫০৳,১১৩৳,https://www.wafilife.com/word-learning-magic-books-3/pd/20689
S. M. Zakir Hussain,Not Listed,Word Learning Magic (Books-2),১৫০৳,১২৫৳,https://www.wafilife.com/ওয়ার্ড-লার্নিং-ম্যাজিক-বুক-২/pd/20651
S. M. Zakir Hussain,Not Listed,মহাজ্ঞান,১০০৳,৮৩৳,https://www.wafilife.com/mohaghan/pd/20691
S. M. Zakir Hussain,Not Listed,সফলতা অর্জনের বিজ্ঞান,১৯০৳,১৫৮৳,https://www.wafilife.com/sofolota-orjoner-biggan/pd/20688
S. M. Zakir Hussain,Not Listed,Encyclopedia of English Usage,৩৫০৳,২৯১৳,https://www.wafilife.com/এনসাইক্লোপিডিয়া-অফ-ইংলিশ-ইউজেস/pd/20697
S. M. Zakir Hussain,Not Listed,উদ্ভাবনী চিন্তার কাঠামো,১৬০৳,১৩৩৳,https://www.wafilife.com/the-structure-of-inventive-thought/pd/20704
S. M. Zakir Hussain,Not Listed,Rohel Multi-Purpose Pocket Dictionary (English to bengali),১২০৳,৯০৳,https://www.wafilife.com/rohel-multi-purpose-pocket-dictionary-english-to-bengali/pd/20701
S. M. Zakir Hussain,Not Listed,British And American English Defferentiated,১০০৳,৮৩৳,https://www.wafilife.com/british-and-american-english-defferentiated/pd/20626
S. M. Zakir Hussain,Not Listed,A Dictionary of Modern Spoken English,৩৪০৳,২৭২৳,https://www.wafilife.com/a-dictionary-of-modern-spoken-english/pd/6021
S. M. Zakir Hussain,Not Listed,Realistic English (Book-1),১৫০৳,১২০৳,https://www.wafilife.com/realistic-english-book-1/pd/6212
S. M. Zakir Hussain,Not Listed,IELTS Vocabulary &amp; Reading Practice,২৫০৳,২০০৳,https://www.wafilife.com/ielts-vocabulary-amp-reading-practice/pd/6213
S. M. Zakir Hussain,Not Listed,Synonyms and Antonyms,৩৫০৳,২৮০৳,https://www.wafilife.com/synonyms-and-antonyms/pd/6017
S. M. Zakir Hussain,Not Listed,Pre-IELTS Grammar,২৫০৳,১৮৭৳,https://www.wafilife.com/pre-ielts-grammar/pd/6026
S. M. Zakir Hussain,Not Listed,Vocabulary Plus,১৮০৳,১৪৪৳,https://www.wafilife.com/vocabulary-plus/pd/6020
S. M. Zakir Hussain,Not Listed,Theory of Knowledge and other selected articles,১০০৳,৮০৳,https://www.wafilife.com/theory-of-knowledge-and-other-selected-articles/pd/6246
S. R. Osmani,Not Listed,Poverty And Vulnerability In Rural Bangladesh,৮৫০৳,৬৯৭৳,https://www.wafilife.com/poverty-and-vulnerability-in-rural-bangladesh/pd/10601
S.M. Eftekhar Uddin,Not Listed,Children English Word Book,২৫০৳,১৪৫৳,https://www.wafilife.com/children-english-word-book/pd/21630
S.M. Faisal Arafat,Not Listed,A Critical Review of Sixteenth and Seventeenth Century Poetry -3rd Year Honors,২৫০৳,২০০৳,https://www.wafilife.com/a-critical-review-of-sixteenth-and-seventeenth-century-poetr/pd/9601
SAMEH STRAUCH,Not Listed,Hadith Course,৮০০৳,৭৬০৳,https://www.wafilife.com/hadith-course/pd/308
SM Jakirul Islam,Not Listed,English Grammar And Composition 1st Paper (For Class 11 and 12),৩০৭৳,২৭৯৳,https://www.wafilife.com/english-grammar-and-composition-1st-paper-for-class-11-and-1/pd/21448
Saeed Ali al-Qahtani,Not Listed,The Purity of the Muslim,৪০০৳,৩৮০৳,https://www.wafilife.com/the-purity-of-the-muslim/pd/292
Saad Islam,Not Listed,How to Become a Successful Student,৩২০৳,২৬২.৪০৳,https://www.wafilife.com/হাউ-টু-বিকাম-এ-সাকসেসফুল-স্টুডেন্ট/pd/12429
Saadul Quader,Not Listed,A Golden Treasure of English Words,১৭৫৳,১২৪৳,https://www.wafilife.com/এ-গোল্ডেন-ট্রেজারি-অফ-ইংলিশ-ওয়ার্ডস/pd/20564
Saaliha,Not Listed,Helping Others (Akhlaaq Building Kids),৩৮০৳,২২৮৳,https://www.wafilife.com/helping-others-akhlaaq-building-kids/pd/1321
Sabina Faiz Rashid,Not Listed,Discoursing Birthing Care: Experiences from Bangladesh,২৫০৳,২০৫৳,https://www.wafilife.com/ডিস্কার্সিং-বার্থিং-কেয়ার-এক্সপেরিয়েন্স-ফ্রম-বাংলাদেশ/pd/22328
Sad Yusuf Abu Aziz,Not Listed,Men and Women Around the Messenger,"২,৫০০৳","২,৩৭৫৳",https://www.wafilife.com/men-and-women-around-the-messenger/pd/5029
Sadaf Farooqi,Not Listed,Traversing the Highs and Lows of Muslim Marriage,"১,১০০৳","১,০৪৫৳",https://www.wafilife.com/traversing-the-highs-and-lows-of-muslim-marriage/pd/299
Sadaf Farooqi,Not Listed,Into the Quran: Let It Enrich Your Soul &amp; Your Life,"১,৯৮০৳","১,৮৮১৳",https://www.wafilife.com/into-the-quran-let-it-enrich-your-soul-amp-your-life/pd/5014
Sadaf Farooqi,Not Listed,Traversing the Highs and Lows of Muslim Marriage,"১,১০০৳","১,০৪৫৳",https://www.wafilife.com/traversing-the-highs-and-lows-of-muslim-marriage/pd/469
Saddam Hossain,Not Listed,Hasemi Method Computer Basic,৩৬০৳,২০০৳,https://www.wafilife.com/hasemi-method-computer-basic/pd/8019
Sadiq Ahmed,Not Listed,Making Dhaka Livable,৪৫০৳,৩৬৯৳,https://www.wafilife.com/making-dhaka-livable/pd/10572
Sadruddin Ahmad,Not Listed,A Comprehensive Coursebook for Students Of English,৯৯৳,৯০৳,https://www.wafilife.com/এ-কম্প্রেসিভ-কোর্সবুক-ফর-স্টুডেন্ডস-অফ-ইংলিশ/pd/20550
Saeed bin Ali bin Wahf Al- Qahtani,Not Listed,A Mercy to the Universe,"১,৮০০৳","১,৬৯২৳",https://www.wafilife.com/a-mercy-to-the-universe/pd/3382
Saera Habib,Not Listed,Friend's Dictionary of Synonyms And Antonyms,৩০০৳,২১০৳,https://www.wafilife.com/ফ্রেন্ডস-ডিকশনারি/pd/20541
Safar Ali Akanda,Not Listed,Language Movement and the making of Bangladesh,৫৫০৳,৪৫১৳,https://www.wafilife.com/ল্যাঙ্গুয়েজ-মুভমেন্ট-এন্ড-দ্য-মেকিং-অব-বাংলাদেশ/pd/22208
Safiqur Rahman,Not Listed,Bangldesh in the Mirror : An Outsider Perspective on a Struggling Democracy,৫৫০৳,৪৬৮৳,https://www.wafilife.com/বাংলাদেশ-ইন-দ্য-মিরর-এন-আউটসাইডার-পার্সপেক্টিভ-অন-এ-স্ট্রাগ্/pd/22286
Sahidullah,Not Listed,Fluid Dynamics (Masters),২৬০৳,১৯৫৳,https://www.wafilife.com/ফ্লুইড-ডাইনামিক-মাস্টার্স/pd/16896
Saifiur-Rahman Al-Mubarakpuri,Not Listed,History of Makkah (Bengali),৮৮০৳,৮৩৬৳,https://www.wafilife.com/history-of-makkah-bengali/pd/5000
Saifiur-Rahman Al-Mubarakpuri,Not Listed,The Sealed Nectar (Large Full Color Ed.),"৩,৯৬০৳","৩,৭৬২৳",https://www.wafilife.com/the-sealed-nectar-large-full-col-ed/pd/3425
Saifulla,Not Listed,Ordinary Differential Equation (Snatok 3rd Year),৩১০৳,২৭২৳,https://www.wafilife.com/অর্ডিনারি-ডিফারেন্সিয়াল-ইকুয়েশন/pd/16879
Saifur Rahman Khan,Not Listed,Saifur's Cambridge Bangla Solution-15 (AC READING),0,২০০৳,https://www.wafilife.com/cambridge-ielts-15-bangla-english/pd/5990
Saifur Rahman Khan,Not Listed,Saifur's IELTS Writing,0,৩০০৳,https://www.wafilife.com/saifurs-ielts-writing/pd/5985
Saifur Rahman Khan,Not Listed,হাতে-কলমে Reading Skill,0,৪০০৳,https://www.wafilife.com/hate-kolome-reading-skill/pd/5976
Saifur Rahman Khan,Not Listed,Progga BCS Written English,0,৫৫০৳,https://www.wafilife.com/progga-bcs-written-english/pd/5957
Saifur Rahman Khan,Not Listed,Saifur's Cambridge Bangla Solution-14 (AC READING),0,২০০৳,https://www.wafilife.com/cambridge-ielts-14-bangla-english/pd/5989
Saifur Rahman Khan,Not Listed,Saifur's Cambridge Bangla Solution-11 (AC READING),0,২০০৳,https://www.wafilife.com/cambridge-ielts-11-bangla-english/pd/5986
Saifur Rahman Khan,Not Listed,ইংলিশ শিখবো বাংলা দিয়ে (Book Two),১২০৳,৮৪৳,https://www.wafilife.com/english-shikhbo-bangla-diye-book-2/pd/25773
Saifur Rahman Khan,Not Listed,ইংলিশ শিখবো বাংলা দিয়ে (Book One),১২০৳,৮৪৳,https://www.wafilife.com/english-shikhbo-bangla-diye-book-1/pd/25774
Saifur Rahman Khan,Not Listed,ইংলিশ শিখবো বাংলা দিয়ে (Book Three),১২০৳,৮৪৳,https://www.wafilife.com/english-shikhbo-bangla-diye-book-3/pd/25772
Saifur Rahman Khan,Not Listed,ক্লাস Six গ্রামার ও Composition (১ম ও ২য় পত্র),0,৫৫০৳,https://www.wafilife.com/bangla-ortho-bujhe-bujhe-school-grammer-class-6/pd/25771
Saifur Rahman Khan,Not Listed,Saifurs Cambridge IELTS 16 (Academic),0,২০০৳,https://www.wafilife.com/সাইফুরস-ক্যামব্রিজ-আইইএলটিএস-১৬-একাডেমিক/pd/25791
Saifur Rahman Khan,Not Listed,Saifur's Cambridge IELTS 17 Academic,0,২০০৳,https://www.wafilife.com/saifurs-cambridge-ielts-17-academic/pd/25768
Saifur Rahman Khan,Not Listed,Cambridge IELTS 13 (Bangla-English),0,২০০৳,https://www.wafilife.com/cambridge-ielts-13-bangla-english/pd/5988
Saifur Rahman Khan,Not Listed,Saifurs Math,0,৫০০৳,https://www.wafilife.com/saifurs-math/pd/5960
Saifur Rahman Khan,Not Listed,Saifurs listening and Speaking Practice Book,0,৬০০৳,https://www.wafilife.com/saifurs-listening-and-speaking-practice-book/pd/5982
Saifur Rahman Khan,Not Listed,বাংলা অর্থ বুঝে বুঝে স্কুল গ্রামার (ক্লাস-7),0,৪৫০৳,https://www.wafilife.com/bangla-ortho-bujhe-bujhe-school-grammer-class-7/pd/25770
Saifur Rahman Khan,Not Listed,IBA অনুবাদপিডিয়া,0,৬৫০৳,https://www.wafilife.com/iba-onubadpedia/pd/5978
Saifur Rahman Khan,Not Listed,Saifur's : Reconstruction of Sentences,১১০৳,১০৫৳,https://www.wafilife.com/saifurs-reconstruction-of-sentences/pd/6002
Saimum Kabir,Not Listed,Aspirations and Ideas,"১,৪৫০৳","১,১৮৯৳",https://www.wafilife.com/aspirations-and-ideas/pd/10471
Sajedur Rahman,Not Listed,Hydrodynamics (Snatok 4th Year),৩১০৳,২৬৩৳,https://www.wafilife.com/হাইড্রোডাইনামিক-স্নাতক-৪র্থ-বর্ষ/pd/16911
Sakina Hirschfelder,Not Listed,The Path to Self-Fulfilment,"১,১০০৳","১,০৪৫৳",https://www.wafilife.com/the-path-to-self-fulfilment/pd/288
Salaahud Deen Ali A Mawjood,Not Listed,Imam Saeed Bin Al-Musayyab (Biogrtaphy),"১,০০০৳",৯৫০৳,https://www.wafilife.com/imam-saeed-bin-al-musayyab-biogrtaphy/pd/5008
Salah Bin M Al-Budair,Not Listed,Attainment of the Happiness,"৩,৬০০৳","৩,৪২০৳",https://www.wafilife.com/attainment-of-the-happiness/pd/4962
Saleem al-Hilal,Not Listed,The Benevolence of Islam,২০০৳,১৯০৳,https://www.wafilife.com/the-benevolence-of-islam/pd/214
Salehuddin Ahmed,Not Listed,Economics and Altruism: Random Thoughts,৪৬৫৳,৩৮১.৩০৳,https://www.wafilife.com/ইকোনোমিক্স-এন্ড-অ্যাল্ট্রুইজম-রেন্ডম-থট/pd/22320
Salih Al-Fawzaan,Not Listed,The book of Tawheed (Oneness of Allah),"১,১০০৳","১,০৪৫৳",https://www.wafilife.com/the-book-of-tawheed-oneness-of-allah/pd/3265
Salih Al-Fawzaan,Not Listed,A Summary of Islamic Jurisprudence (2 Vols. Set),0,"৭,৫০০৳",https://www.wafilife.com/a-summary-of-islamic-jurisprudence-2-vols-set/pd/2930
Salim Jahan,Not Listed,Bangladesh Contemporary Development Issues,৪৮০৳,৩৯৩.৬০৳,https://www.wafilife.com/bangladesh-contemporary-development-issues/pd/62475
Salim Jahan,Not Listed,Overcoming Human Poverty,৬০০৳,৪৯২৳,https://www.wafilife.com/অভার্কামিং-হিউম্যান-পভার্টি/pd/22270
Salim al-Hilali,Not Listed,True Repentance in Light of the Noble Qur'an and Sound Hadith,২৪০৳,২২৮৳,https://www.wafilife.com/true-repentance-in-light-of-the-noble-quran-and-sound-hadith/pd/300
Sameh Strauch,Not Listed,Hadith Course,৮০০৳,৭৬০৳,https://www.wafilife.com/hadith-course/pd/250
Sameh Strauch,Not Listed,"Fiqh Course Tahaarah, Salaah &amp; Janaa'iz","১,১০০৳","১,০৪৫৳",https://www.wafilife.com/fiqh-course-tahaarah-salaah-amp-janaaiz/pd/222
Sami Ayyoub,Not Listed,A Man And a Horse,১৬০৳,১৫০৳,https://www.wafilife.com/a-man-and-a-horse/pd/3383
Samir R Nath,Not Listed,A Question of Quality : State of Primary Education in Banglesh - 2,৭৫০৳,৬১৫৳,https://www.wafilife.com/এ-কোয়েশ্চন-অব-কোয়ালিটি-স্টেট-অব-প্রাইমারি-এডুকাশন-ইন-বাংলাদে/pd/22292
Samir R Nath,Not Listed,A Question of Quality : State of Primary Education in Bangladesh-2,৭৫০৳,৬১৫৳,https://www.wafilife.com/a-question-of-quality-state-of-primary-education-in-banglade/pd/10458
Samuel Jaffe,Not Listed,"An Internal Matter The U.S., Grassroots Activism and the Creation of Bangladesh",৮৫০৳,৬৯৭৳,https://www.wafilife.com/এন-ইন্টারনাল-ম্যাটার/pd/13746
Saniyasnain Khan,Not Listed,How to Pray Salat,0,১২০৳,https://www.wafilife.com/how-to-pray-salat/pd/5006
Saniyasnain Khan,Not Listed,Bedtime Quran Stories,0,"১,৩০০৳",https://www.wafilife.com/bedtime-quran-stories/pd/8577
Saniyasnain Khan,Not Listed,Goodnight Stories from the Life of the Prophet Muhammad,0,"১,৩০০৳",https://www.wafilife.com/goodnight-stories-from-the-life-of-the-prophet-muhammad/pd/8578
Sanjoy Barua,Not Listed,Mechanics (Hon's),৩৫০৳,২৬৯৳,https://www.wafilife.com/মেকানিক্স/pd/16868
Sanjoy Barua,Not Listed,Fundamentals Of Mathematics (Honors 1st Year) (Solutions) (Newsprint),১৬০৳,১২৮৳,https://www.wafilife.com/ফান্ডামেন্টাল-অব-ম্যাথমেটিক্স-অনার্স-১ম-বর্ষ-সমাধান/pd/16865
Sayeda Rowshan Qadir,Not Listed,Social Formation in Dhaka City,২৫০৳,২০৫৳,https://www.wafilife.com/social-formation-in-dhaka-city/pd/10613
Sayeda Zakia Sultana,Not Listed,A Critical Review of Introduction to Linguistics - 3rd Year Honors,২৫০৳,২০০৳,https://www.wafilife.com/a-critical-review-of-introduction-to-linguistics-3rd-year-ho/pd/9582
Sayeeda Salina,Not Listed,A Critical Review Of: William Shakespeare,২৭৫৳,২২০৳,https://www.wafilife.com/a-critical-review-of-william-shakespeare/pd/9611
Sayeedul Huq,Not Listed,Social Formation in Dhaka City,২৫০৳,২০৫৳,https://www.wafilife.com/social-formation-in-dhaka-city/pd/10613
Sayyed Abul Ala Mawdudi,Not Listed,Nations Rise and Fall Why?,২৫৳,২৪৳,https://www.wafilife.com/nations-rise-and-fall-why/pd/1533
Scott Flensburg,Not Listed,ম্যাথ ম্যাজিক,৩০০৳,২৪৬৳,https://www.wafilife.com/math-magic/pd/9078
Sejuti Mansur,Not Listed,Take On the World,৩৫০৳,২৫৫.৫০৳,https://www.wafilife.com/take-on-the-world/pd/7337
Shabeer Ahmad,Not Listed,Development of Science and Technology in Islamic History,"১,২৫০৳","১,১৮৮৳",https://www.wafilife.com/development-of-science-and-technology-in-islamic-history/pd/4973
Shafiqul Islam Sohel,Not Listed,TBC An Exclusive Suggestion Question Bank with Answer and Model Test 2021,৩৫০৳,২৩৫৳,https://www.wafilife.com/tbc-an-exclusive-suggestion-question-bank-with-answer-and-mo/pd/9619
Shafiqul Islam Sohel,Not Listed,"TBC an Exclusive Suggestion Question Bank, Examination 2023 [2nd Year]",৩৬০৳,২৮০৳,https://www.wafilife.com/tbc-an-exclusive-suggestion-question-bank-examination-2023-2/pd/9565
Shafiqul Islam Sohel,Not Listed,TBC An Exclusive Suggestion Question Bank with Answer and Model Test Solution [3rd Year],৫১০৳,৩৪২৳,https://www.wafilife.com/tbc-an-exclusive-suggestion-question-bank-with-answer-and-mo/pd/9610
Shah M. Nazmul Alam,Not Listed,Financial Management In The Public Sector: Some Selected Issues,৫০০৳,৩৭৫৳,https://www.wafilife.com/financial-management-in-the-public-sector-some-selected-issu/pd/14556
Shah Mohammad Fazle Elahi,Not Listed,Income Tax Manual,"১,০০০৳",৭৪০৳,https://www.wafilife.com/income-tax-manual/pd/14730
Shah Mohammad Fazle Elahi,Not Listed,Income Tax Manual Part 1 and 2,"২,০০০৳","১,৪৮০৳",https://www.wafilife.com/income-tax-manual-part-1-and-2/pd/14728
Shahed Montaz,Not Listed,"Ethnic Peoples of Bangladesh Life, Culture and Rights",২৬০৳,১৯৫৳,https://www.wafilife.com/ethnic-peoples-of-bangladesh-life-culture-and-rights/pd/63531
Shahid Mohammad,Not Listed,Die Young,৩৮০৳,৩০৪৳,https://www.wafilife.com/ডাই-ইয়ং/pd/13785
Shahidur R. Khandker,Not Listed,Fighting Poverty with Microcredit: Experience in Bangladesh,৪৫০৳,৩৬৯৳,https://www.wafilife.com/ফাইটিং-প্রভার্টি-উইথ-মাইক্রোক্রেডিট-এক্সপেরিয়েন্স-ইন-বাংলাদে/pd/22305
Shahina Dewan,Not Listed,A Critical Review of Seventeenth and Eighteenth Century Non-Fictional Prose (English Honors) 3rd Year,২৫০৳,২০০৳,https://www.wafilife.com/a-critical-review-of-seventeenth-and-eighteenth-century-non/pd/9603
Shahina Dewan,Not Listed,A Critical Review of Elizabethan and Jacobean Drama (English Honors) 3rd Year,২৫০৳,২০০৳,https://www.wafilife.com/a-critical-review-of-elizabethan-and-jacobean-drama-english/pd/9587
Shahina Dewan,Not Listed,A Critical Review of Sixteenth and Seventeenth Century Poetry -3rd Year Honors,২৫০৳,২০০৳,https://www.wafilife.com/a-critical-review-of-sixteenth-and-seventeenth-century-poetr/pd/9601
Shahina Dewan,Not Listed,Introduction To Drama (2nd Year English Honors),৩০০৳,২৪০৳,https://www.wafilife.com/introduction-to-drama-2nd-year-english-honors/pd/9583
Shaikh Abdul Aziz bin Abdullah bin Baz,Not Listed,Treatises Zakat and Fasting,১৬০৳,১৫২৳,https://www.wafilife.com/treatises-zakat-and-fasting/pd/3355
Shaikh Abdul Aziz bin Abdullah bin Baz,Not Listed,An Important Warning Against Ribaa,৩০০৳,২৮৫৳,https://www.wafilife.com/an-important-warning-against-ribaa/pd/3264
Shaikh Abdul Aziz bin Abdullah bin Baz,Not Listed,নবী করীম (সাঃ) এর নামায আদায়ের পদ্ধতি,১১৫৳,১০৯৳,https://www.wafilife.com/nobi-korim-sw-er-namaj-adayer-poddhoti/pd/3237
Shaikh Abdullah,Not Listed,Biography of the Prophet (2 Vols. Set),"৩,৬০০৳","৩,৪২০৳",https://www.wafilife.com/biography-of-the-prophet-2-vols-set/pd/4965
Shaikh Abdur Rahman As-Sadi,Not Listed,"Tafsir As-Sadi, (28-29-30)","২,০০০৳","১,৮৮০৳",https://www.wafilife.com/tafsir-as-sadi-28-29-30/pd/5401
Shaikh Fazlur Rahman,Not Listed,A Highway Engineer's Untold Story,৬৮৫৳,৫৬৯৳,https://www.wafilife.com/a-highway-engineers-untold-story/pd/10066
Shaikh Maqsood Ali,Not Listed,From East Bengal to Bangladesh: Dynamics and Perspectives,"১,২০০৳",৯৮৪৳,https://www.wafilife.com/ফ্রম-ইস্ট-বেঙ্গল-টু-বাংলাদেশ-ডাইনামিক-এন্ড-পার্সপেক্টিভ/pd/22241
Shajahan Manik,Not Listed,English Vocabulary and Rules with Proverbs,২২০৳,১৮৯৳,https://www.wafilife.com/english-vocabulary-and-rules-with-proverbs/pd/7267
Shajahan Manik,Not Listed,Children Learning Alphabet,১২০৳,৯০৳,https://www.wafilife.com/children-learning-alphabet/pd/7445
Shakyh Abdul Muhsin al-Abbaad,Not Listed,A Glimpse at the Impeccable Character of the Noble Messenger,0,"১,২৬০৳",https://www.wafilife.com/a-glimpse-at-the-impeccable-character-of-the-noble-messenger/pd/2705
Shamim Hamid,Not Listed,Why Women Count - Essays on Women in Development in Bangladesh,২৯০৳,২৩৭.৮০৳,https://www.wafilife.com/why-women-count-essays-on-women-in-development-in-bangladesh/pd/35064
Shamim Hamid,Not Listed,"Bangladesh and the United Nations Common Principles, Shared Values",৭৯০৳,৬৪৭.৮০৳,https://www.wafilife.com/bangladesh-and-the-united-nations-common-principles-shared-v/pd/10472
Shamim Mondole,Not Listed,How To Read English Newspapers,৩৩৫৳,২৮৮৳,https://www.wafilife.com/how-to-read-english-newspapers/pd/8040
Shamsul Alam Belal,Not Listed,South Asia Yesterday Today Tomorrow,"১,২৫০৳","১,০০০৳",https://www.wafilife.com/south-asia-yesterday-today-tomorrow/pd/22127
Shamsul Alam Belal,Not Listed,"United States Russia, Israel, China, India And The Muslim World",৫০০৳,৪০০৳,https://www.wafilife.com/united-states-russia-israel-china-india-and-the-muslim-world/pd/43701
Shamsul Haque,Not Listed,Performance of Agricultural Extension organizations of Bangladesh,৪০০৳,৩২৮৳,https://www.wafilife.com/performance-of-agricultural-extension-organizations-of-bangl/pd/10597
Sharif Hossain Ahmad Chowdhury,Not Listed,A Critical Review Of: Classics In Translation,২৩৫৳,১৮৮৳,https://www.wafilife.com/a-critical-review-of-classics-in-translation/pd/9612
Sharif Muhammad Younus,Not Listed,Narration,৬০৳,৪৫৳,https://www.wafilife.com/নেরেশন/pd/18149
Sharmin Jahan,Not Listed,Let's Learn Colouring Book 1,৪৮০৳,৩৬০৳,https://www.wafilife.com/lets-learn-colouring-book-1/pd/6313
Sharmin Jahan,Not Listed,Oysterfair Nursery Rhymes,১০০৳,৭৮৳,https://www.wafilife.com/oysterfair-nursery-rhymes/pd/6354
Sharmin Jahan,Not Listed,Let's Learn Colouring Book 2,৩৮০৳,২৮৫৳,https://www.wafilife.com/lets-learn-colouring-book-2/pd/6314
Sharmin Jahan,Not Listed,Oysterfair Numbers,১০০৳,৭৮৳,https://www.wafilife.com/oysterfair-numbers/pd/6351
Shaykh Abdul Aziz Bin Abdullah,Not Listed,Fatawa Regarding Fasting and Zakah,৫৮০৳,৫৫১৳,https://www.wafilife.com/fatawa-regarding-fasting-and-zakah/pd/3356
Shaykh Mashhur Hasan Salman,Not Listed,Common Mistakes Regarding Prayer,"১,০০০৳",৯৫০৳,https://www.wafilife.com/common-mistakes-regarding-prayer/pd/286
Shazia Nazlee,Not Listed,The Gift of Ramadan,৪৮০৳,৪৫৬৳,https://www.wafilife.com/the-gift-of-ramadan/pd/3357
Shazia Nazlee,Not Listed,Abu Lahab and His Wife Arwah,৪৮০৳,৪৫৬৳,https://www.wafilife.com/abu-lahab-and-his-wife-arwah/pd/4952
Shazia Nazlee,Not Listed,Reader's Kid English Library,"৯,৪৪০৳","৭,২৬৮.৮০৳",https://www.wafilife.com/রিডারস-কিড-ইংলিশ-লাইব্রেরী/pd/29703
Shazzadur Rahman,Not Listed,পাখির সাথে,৪৫৳,৩৯.৬০৳,https://www.wafilife.com/pakhir-sathe/pd/10175
Shazzadur Rahman,Not Listed,সব পারি,৪৫৳,৩৯৳,https://www.wafilife.com/sob-pari/pd/10180
Shazzadur Rahman,Not Listed,I Can Do Everything!,৫৫৳,৪৭৳,https://www.wafilife.com/i-can-do-everything/pd/10155
Shazzadur Rahman,Not Listed,Little Boy,৯০৳,৭৭৳,https://www.wafilife.com/little-boy/pd/10156
Shazzadur Rahman,Not Listed,With the Birds,৯০৳,৭৭৳,https://www.wafilife.com/with-the-birds/pd/10165
Shazzadur Rahman,Not Listed,Little Girl,৯০৳,৭৭৳,https://www.wafilife.com/little-girl/pd/10157
Shazzadur Rahman,Not Listed,বাবু কোথায়,৪৫৳,৩৯৳,https://www.wafilife.com/babu-kothay/pd/10178
Shirin Akter Shila,Not Listed,Fundamental Of Mathematics (Honors 1st Year),৩১০৳,২৪৯৳,https://www.wafilife.com/ফান্ডামেন্টাল-অব-ম্যাথমেটিক্স-অনার্স-১ম-বর্ষ/pd/16849
Shukla Rani Halder,Not Listed,A Critical Review Of: Classics In Translation,২৩৫৳,১৮৮৳,https://www.wafilife.com/a-critical-review-of-classics-in-translation/pd/9612
Shukla Rani Halder,Not Listed,The Essential ABC of English Literature (Honors Level),৭৫৳,৫৬৳,https://www.wafilife.com/the-essential-abc-of-english-literature-honors-level/pd/9567
Shukla Rani Halder,Not Listed,Classics in Translation Study Series (English Honors) 4th Year,২৭৫৳,১৮৪৳,https://www.wafilife.com/classics-in-translation-study-series-english-honors-4th-year/pd/9613
Shukla Rani Halder,Not Listed,Study Series Introduction to Linguistics,১৫০৳,১১৩৳,https://www.wafilife.com/study-series-introduction-to-linguistics/pd/9622
Siam Mosharraf Hossain,Not Listed,Word Map (A Strategic Approach To Vocabulary Building),৩৮০৳,৩০৪৳,https://www.wafilife.com/word-map-a-strategic-approach-to-vocabulary-building/pd/9763
Siddiqa Juma,Not Listed,My Ramadan Activity Book,0,১২০৳,https://www.wafilife.com/my-ramadan-activity-book/pd/835
Simeen Mahmud,Not Listed,The Squatters of Dhaka City - Dynamism in the Life of Agargaon Squatters,১৭০৳,১৩৯.৪০৳,https://www.wafilife.com/the-squatters-of-dhaka-city-dynamism-in-the-life-of-agargaon/pd/10626
Sir Arthur Conan Doyle,Not Listed,The Mystrious Adventures Of Sherlock Holmes,৩২০৳,২৪৬৳,https://www.wafilife.com/the-mystrious-adventures-of-sherlock-holmes/pd/43075
Siraz Uddin Sathi,Not Listed,Grameen Bank The Struggle of Dr. Muhammad Yunus,৬০০৳,৪৯৮৳,https://www.wafilife.com/grameen-bank-the-struggle-of-dr-muhammad-yunus/pd/47644
Siraz Uddin Sathi,Not Listed,রোহিঙ্গাদের বিষাদ-সিন্ধু,৪৯০৳,৪০৭৳,https://www.wafilife.com/rohingyader-bishad-sindhu/pd/10145
Siraz Uddin Sathi,Not Listed,পবিত্র মক্কা নগরীর ইতিকথা,২৪০৳,১৯২৳,https://www.wafilife.com/pobitro-mokka-nogorir-etikotha/pd/10108
Siraz Uddin Sathi,Not Listed,কোরআনের কথা ও কাহিনী,৪৬০৳,৩৬৯৳,https://www.wafilife.com/quran-er-kotha-o-kahini/pd/10098
Siraz Uddin Sathi,Not Listed,The Holy City Makka,৪০০৳,৩৩২৳,https://www.wafilife.com/the-holy-city-makka/pd/10082
Sitara Alamgir,Not Listed,Social Formation in Dhaka City,২৫০৳,২০৫৳,https://www.wafilife.com/social-formation-in-dhaka-city/pd/10613
Sobbosachi Mistri,Not Listed,Birds Home,৫৫৳,৪৭৳,https://www.wafilife.com/birds-home/pd/10153
Sobbosachi Mistri,Not Listed,My Self,৫৫৳,৪৭৳,https://www.wafilife.com/my-self/pd/10161
Sobbosachi Mistri,Not Listed,Pak Pak,৫৫৳,৪৭৳,https://www.wafilife.com/pak-pak/pd/10162
Sohel Chowdhury,Not Listed,TBC An Exclusive Suggestion Question Bank with Answer and Model Test 2021,৩৫০৳,২৩৫৳,https://www.wafilife.com/tbc-an-exclusive-suggestion-question-bank-with-answer-and-mo/pd/9619
Sohel Chowdhury,Not Listed,"TBC an Exclusive Suggestion Question Bank, Examination 2023 [2nd Year]",৩৬০৳,২৮০৳,https://www.wafilife.com/tbc-an-exclusive-suggestion-question-bank-examination-2023-2/pd/9565
Sohel Chowdhury,Not Listed,TBC An Exclusive Suggestion Question Bank with Answer and Model Test Solution [3rd Year],৫১০৳,৩৪২৳,https://www.wafilife.com/tbc-an-exclusive-suggestion-question-bank-with-answer-and-mo/pd/9610
Subhash Chandra Sarker,Not Listed,English Grammar And Composition 1st Paper (For Class 11 and 12),৩০৭৳,২৭৯৳,https://www.wafilife.com/english-grammar-and-composition-1st-paper-for-class-11-and-1/pd/21448
Sudeep Sen,Not Listed,Postcards from Bangladesh,"১,৮০০৳","১,৪৭৬৳",https://www.wafilife.com/postcards-from-bangladesh/pd/10600
Sumaiya Khair,Not Listed,"Child Labour Revisited: Gender, Culture, Economics and Human Rights",৬৫০৳,৫৩৩৳,https://www.wafilife.com/চাইল্ড-লেবার-রিভিজিটেড-জেন্ডার-কালচার-ইকোনোমিক্স-এন্ড-হিউম্য/pd/22310
Susan Holcombe,Not Listed,Managing To Empower (The Grameen Banks Experience of Poverty Alleviation),৪০০৳,৩২৮৳,https://www.wafilife.com/ম্যানেজিং-টু-ইম্পাওয়ার-দ্য-গ্রামীণ-ব্যাংক্স-এক্সপেরিয়েন্স-অব/pd/22302
Swadesh Ranjan Bose,Not Listed,Collected Works Regional Cooperation for Development in South Asia (Volume I),৩০০৳,২৪৬৳,https://www.wafilife.com/collected-works-regional-cooperation-for-development-in-sout/pd/10491
Swadesh Ranjan Bose,Not Listed,"Collected Works: Essays on Economic Policies, Inequality and Problems of Development (Volume II)",৬০০৳,৪৯২৳,https://www.wafilife.com/collected-works-essays-on-economic-policies-inequality-and-p/pd/10492
Swapan Halder,Not Listed,English Grammar And Composition (For Classes Xi-xii) Second Paper (Approved By National Curriculum and Textbook Board NCTB),২৫০৳,২০৮৳,https://www.wafilife.com/ইংলিশ-গ্রামার-এন্ড-কম্পোজিশন-ফর-ক্লাস-১১-ও-১২-২য়-পত্র/pd/20581
Swapan Sikdar,Not Listed,Lets Learn Nursery Rhymes,১০০৳,৭৫৳,https://www.wafilife.com/lets-learn-nursery-rhymes/pd/6323
Swarna Paul,Not Listed,A Critical Review Of Introduction to Literary Criticism (Up to Romantic Period) -3rd Year Honours,২৫০৳,২০০৳,https://www.wafilife.com/a-critical-review-of-introduction-to-literary-criticism-up-t/pd/9578
Swarna Paul,Not Listed,A Critical Review of Restoration and Eighteenth Century Poetry and Drama (For the Students of 3rd Year English Honors),0,২৭৫৳,https://www.wafilife.com/a-critical-review-of-restoration-and-eighteenth-century-poet/pd/9618
Syed Ainal Huque,Not Listed,A Critical Review Of: All In One (for third year english honours students),৫৫০৳,৪৪০৳,https://www.wafilife.com/a-critical-review-of-all-in-one-for-third-year-english-honou/pd/9589
Syed Ainal Huque,Not Listed,A Critical Review of Restoration and Eighteenth Century Poetry and Drama (For the Students of 3rd Year English Honors),0,২৭৫৳,https://www.wafilife.com/a-critical-review-of-restoration-and-eighteenth-century-poet/pd/9618
Syed Ainal Huque,Not Listed,Introduction To Drama (2nd Year English Honors),৩০০৳,২৪০৳,https://www.wafilife.com/introduction-to-drama-2nd-year-english-honors/pd/9583
Syed Akib,Not Listed,A Critical Review Of: William Shakespeare,২৭৫৳,২২০৳,https://www.wafilife.com/a-critical-review-of-william-shakespeare/pd/9611
Syed Akib,Not Listed,A Critical Review of Victorian Poetry,২৮৫৳,২২৮৳,https://www.wafilife.com/a-critical-review-of-victorian-poetry/pd/9605
Syed Giasuddin Ahmed,Not Listed,Dropout Rate in Secondary Level Education in Bangldesh: A Study of VAB Schools,৪৫০৳,৩৬৯৳,https://www.wafilife.com/ড্রপআউট-রেট-ইন-সেকন্ডারি-লেভেল-এডুকাশন-ইন-বাংলাদেশ-এ-স্ট্যাড/pd/22289
Syed Hammadul Karim,Not Listed,RIBA - A Challenge for Modern Muslims,0,২৫০৳,https://www.wafilife.com/riba-a-challenge-for-modern-muslims/pd/65154
Syed Masood-ul-Hasan,Not Listed,110 Ahadith Qudsi,"১,০০০৳",৯৫০৳,https://www.wafilife.com/110-ahadith-qudsi/pd/3428
Syed Muhammad Sajjad Kabir (SMS Kabir),Not Listed,Essentials Of Counseling,৮৫০৳,৬৮০৳,https://www.wafilife.com/essentials-of-counseling/pd/21726
Syed Sazedur Rahman,Not Listed,Quantum Mechanics (Masters),৩৩০৳,২৪২৳,https://www.wafilife.com/কোয়ান্টাম-মেকানিক্স-মাস্টার্স/pd/16827
Syed Sazedur Rahman,Not Listed,Quantum Mechanics (Hon's),৩১০৳,২৪৮৳,https://www.wafilife.com/কোয়ান্টাম-মেকানিক্স/pd/16861
Syed Zakir Hussain,Not Listed,মুহাম্মদ (স.) এর অমিয় বাণী,৪৫০৳,৩৭৪৳,https://www.wafilife.com/muhammad-sm-er-omio-bani/pd/10141
Syeda Fathema Sultana,Not Listed,A Critical Review of Restoration and Eighteenth Century Poetry and Drama (For the Students of 3rd Year English Honors),0,২৭৫৳,https://www.wafilife.com/a-critical-review-of-restoration-and-eighteenth-century-poet/pd/9618
Syeda Rozana Rashid,Not Listed,Uncertain Tomorrows,৬৫০৳,৫৩৩৳,https://www.wafilife.com/আনসার্টেইন-টুমোরোস/pd/22285
Synapse Sprout Press Team,Not Listed,Dr. Fry’s Sight Words Word Search – Vol 2,২৫০৳,২২৫৳,https://www.wafilife.com/dr-frys-sight-words-word-search-vol-2/pd/77040
Synapse Sprout Press Team,Not Listed,Sudoku (Easy to Medium),৩০০৳,২৭০৳,https://www.wafilife.com/sudoku-easy-to-medium/pd/77044
Synapse Sprout Press Team,Not Listed,Dr. Fry’s Sight Words Word Search – Vol 1,২৫০৳,২২৫৳,https://www.wafilife.com/dr-frys-sight-words-word-search-vol-1/pd/77039
Synapse Sprout Press Team,Not Listed,Fun and Brain-Boosting Sudoku for Kids,৩৫০৳,৩১৫৳,https://www.wafilife.com/fun-and-brain-boosting-sudoku-for-kids/pd/77042
Synapse Sprout Press Team,Not Listed,Sudoku (Medium to Hard),৩০০৳,২৭০৳,https://www.wafilife.com/sudoku-medium-to-hard/pd/77045
Synapse Sprout Press Team,Not Listed,Islamic Word Search,২৫০৳,২২৫৳,https://www.wafilife.com/islamic-word-search/pd/77038
T. J. Fitikides,Not Listed,কমন মিসটেকস ইন ইংলিশ,৩০০৳,২৪০৳,https://www.wafilife.com/common-mistakes-in-english/pd/61244
TBC Teachers Team,Not Listed,TBC An Exclusive Suggestion - 2023 With Question Bank and Model Test(1st Year),৪০০৳,২৮০৳,https://www.wafilife.com/tbc-an-exclusive-suggestion-2023-with-question-bank-and-mode/pd/9566
Tahera Kassamali,Not Listed,My Ramadan Fun Book,0,১২০৳,https://www.wafilife.com/my-ramadan-fun-book/pd/836
Tahmina Banu,Not Listed,Strategy for Organizing Effective Training Courses in Bangladesh,৫০০৳,৪১৫৳,https://www.wafilife.com/strategy-for-organizing-effective-training-courses-in-bangla/pd/9268
Tahmina Khatun,Not Listed,A Golden Treasure of English Words,১৭৫৳,১২৪৳,https://www.wafilife.com/এ-গোল্ডেন-ট্রেজারি-অফ-ইংলিশ-ওয়ার্ডস/pd/20564
Talim Hossain,Not Listed,Preservation of Endangered Languages of Bangladesh LAHRA,২০০৳,১৬৬৳,https://www.wafilife.com/preservation-of-endangered-languages-of-bangladesh-lahra/pd/10081
Tamun E Mursalin,Not Listed,Word Map (A Strategic Approach To Vocabulary Building),৩৮০৳,৩০৪৳,https://www.wafilife.com/word-map-a-strategic-approach-to-vocabulary-building/pd/9763
Tamun E Mursalin,Not Listed,C for Contest,৩৯০৳,২৯২৳,https://www.wafilife.com/c-for-contest/pd/9757
Tapon Kumar Ghosh,Not Listed,Banking And Financial Terms,৩০০৳,২৫৮৳,https://www.wafilife.com/banking-and-financial-terms/pd/7297
Tasmina Payel,Not Listed,Math Fun,২২০৳,১৭২৳,https://www.wafilife.com/math-fun/pd/6387
Tasmina Payel,Not Listed,The Kids Book,৩৮০৳,২৯৬৳,https://www.wafilife.com/the-kids-book/pd/6386
Tasnuva Payel,Not Listed,Kids অ আ ক খ,0,২২০৳,https://www.wafilife.com/kids-o-a-ka-kha/pd/6395
Tasnuva Payel,Not Listed,Kids Numbers,0,২২০৳,https://www.wafilife.com/kids-numbers/pd/6396
Taymullah A Rahman,Not Listed,44 Ways to Manhood: Breaking Old Habits &amp; Building New Personalities,0,"১,১০০৳",https://www.wafilife.com/44-ways-to-manhood-breaking-old-habits-amp-building-new-pers/pd/4938
The World Bank,Not Listed,Economics and Governance of Nengovernmental organizations in Bangladesh,৪৬০৳,৩৭৭.২০৳,https://www.wafilife.com/economics-and-governance-of-nengovernmental-organizations-in/pd/34982
The World Bank,Not Listed,An Annotated Bibligraphy of World Bank Reports and Publications on Bangladesh 1972-1998,২৬৮৳,২১৯.৭৬৳,https://www.wafilife.com/an-annotated-bibligraphy-of-world-bank-reports-and-publicati/pd/34981
The World Bank,Not Listed,Bangladesh : Rural Infrastructure Strategy Study,৩৬০৳,২৯৫.২০৳,https://www.wafilife.com/bangladesh-rural-infrastructure-strategy-study/pd/34980
The World Bank,Not Listed,Promoting the Rural Non-Farm Sector in Bangladesh,৫০০৳,৪১০৳,https://www.wafilife.com/প্রমোটিং-দ্য-রুরাল-নন-ফার্ম-সেক্টর-ইন-বাংলাদেশ/pd/22319
The World Bank,Not Listed,Education Sector Review (Volume-2),২২৫৳,১৮৪.৫০৳,https://www.wafilife.com/education-sector-review-volume-2/pd/34983
The World Bank,Not Listed,Education Sector Review (Volume-3),২৬০৳,২১৩.২০৳,https://www.wafilife.com/education-sector-review-volume-3/pd/34984
Therese Blanchet,Not Listed,"Lost Innocence, Stolen Childhoods",৪০০৳,৩২৮৳,https://www.wafilife.com/লস্ট-ইনোসেন্স-স্টোলেন-চাইল্ডহোড্স/pd/22275
Tofail Ahmed,Not Listed,Bangladesh: Reform Agenda for Local Governance,২৮০৳,২২৪৳,https://www.wafilife.com/bangladesh-reform-agenda-for-local-governance/pd/13026
Touhidur Rahman (B.Sc and M.Sc),Not Listed,Vocab Supplements with Magoosh 1400 Plus,৪৮০৳,৩১২৳,https://www.wafilife.com/vocab-supplements-with-magoosh-1400-plus/pd/12736
Touhidur Rahman (B.Sc and M.Sc),Not Listed,নিমোনিক পাওয়ার ভোকাবুলারি,৪৮০৳,৩১২৳,https://www.wafilife.com/nemonic-power-vocabulary/pd/12735
Touhidur Rahman (B.Sc and M.Sc),Not Listed,নিমোনিক ইডিয়ামস এন্ড ফ্রেজেস (ইডিয়ামস এন্ড ফ্রেজেস মনে রাখার বই),২০০৳,১৩৪৳,https://www.wafilife.com/nemonic-idioms-and-phrases-idioms-and-phrases-mone-rakhar-bo/pd/12734
Towhid Bin Muzaffar,Not Listed,Preservation of Endangered Languages of Bangladesh LAHRA,২০০৳,১৬৬৳,https://www.wafilife.com/preservation-of-endangered-languages-of-bangladesh-lahra/pd/10081
Tuhin Rahman,Not Listed,Crash Your IELTS,২০০৳,১৪৬৳,https://www.wafilife.com/crash-your-ielts/pd/43540
Tushar Ahmed,Not Listed,Lets Learn Word Bank,৩৮০৳,২৮৫৳,https://www.wafilife.com/lets-learn-word-bank/pd/6317
Tusti Roza,Not Listed,First Sweet Baby Series গুণতে শেখা,২২০৳,১৫৪৳,https://www.wafilife.com/first-sweet-baby-series-gunte-shekha/pd/6394
Tusti Roza,Not Listed,Lets Learn Smart Books (10 books gift box),0,৮০০৳,https://www.wafilife.com/লেটস-লার্ন-স্মার্ট-বুকস-১০-টি-বই-এর-গিফ্ট-বক্স/pd/13236
Tusti Roza,Not Listed,First Sweet Baby Series Picture Book,২২০৳,১৭২৳,https://www.wafilife.com/first-sweet-baby-series-picture-book/pd/6393
Tusti Roza,Not Listed,First Sweet Baby Series ا ب ت,২২০৳,১৭২৳,https://www.wafilife.com/first-sweet-baby-series-alif-ba-ta/pd/6389
Tusti Roza,Not Listed,First sweet baby series (Foam books),0,"১,৫৪০৳",https://www.wafilife.com/ফার্স্ট-সুইট-বেবি-সিরিজ/pd/12051
Tusti Roza,Not Listed,First Sweet Baby Series Nursery Rhymes,২২০৳,১৭২৳,https://www.wafilife.com/first-sweet-baby-series-nursery-rhymes/pd/6392
Tusti Roza,Not Listed,First Sweet Baby Series Fruits,২২০৳,১৭২৳,https://www.wafilife.com/first-sweet-baby-series-fruits/pd/6390
Tusti Roza,Not Listed,First Sweet Baby Series Know Your Body,২২০৳,১৭২৳,https://www.wafilife.com/first-sweet-baby-series-know-your-body/pd/6388
Tusti Roza,Not Listed,First Sweet Baby Series 1 2 3,২২০৳,১৭২৳,https://www.wafilife.com/first-sweet-baby-series-1-2-3/pd/6391
UMM Abdurrahman Sakina Hirschfelder,Not Listed,Who is Allah?,"১,৭৬০৳","১,৬৭২৳",https://www.wafilife.com/who-is-allah/pd/212
UMM Abdurrahman Sakina Hirschfelder,Not Listed,The Path to Self-Fulfilment,"১,১০০৳","১,০৪৫৳",https://www.wafilife.com/the-path-to-self-fulfilment/pd/220
Umar S. al-Ashqar,Not Listed,Islamic Creed Series Vol. 1: Belief in Allah,"১,৬০০৳","১,৫২০৳",https://www.wafilife.com/islamic-creed-series-vol-1-belief-in-allah/pd/5013
Umar S. al-Ashqar,Not Listed,Islamic Creed Series Vol. 4- The Messengers and the Messages: In the Light of the Qur'an and Sunnah,"১,৫৪০৳","১,৪৬৩৳",https://www.wafilife.com/islamic-creed-series-vol-4-the-messengers-and-the-messages-i/pd/673
Umar S. al-Ashqar,Not Listed,Islamic Creed Series Vol. 7- Paradise and Hell: In the Light of the Qur'an and Sunnah,"১,৭৬০৳","১,৬৭২৳",https://www.wafilife.com/islamic-creed-series-vol-7-paradise-and-hell-in-the-light-of/pd/678
Umar S. al-Ashqar,Not Listed,Islamic Creed Series Vol. 3- The World of the Jinn and Devils: In the Light of the Qur'an and Sunnah,"১,৩২০৳","১,২৫৪৳",https://www.wafilife.com/the-world-of-the-jinn-and-devils-in-the-light-of-the-quran-a/pd/670
Umar S. al-Ashqar,Not Listed,Islamic Creed Series Vol. 8: Divine Will and Predestination,"১,০০০৳",৯৫০৳,https://www.wafilife.com/islamic-creed-series-vol-8-divine-will-and-predestination-in/pd/675
Umar S. al-Ashqar,Not Listed,Islamic Creed Series Vol. 6- The Day of Resurrection: In the Light of the Qur'an and Sunnah,"১,৫৪০৳","১,৪৬৩৳",https://www.wafilife.com/islamic-creed-series-vol-6-the-day-of-resurrection-in-the-li/pd/676
Umar S. al-Ashqar,Not Listed,Islamic Creed Series Vol. 5: The Minor Resurrection,"১,৫৪০৳","১,৪৬৩৳",https://www.wafilife.com/islamic-creed-series-vol-5-the-minor-resurrection/pd/5015
Umar S. al-Ashqar,Not Listed,Islamic Creed Series Vol. 2- The World of the Noble Angels: In the Light of the Qur'an and Sunnah,৯০০৳,৮৫৫৳,https://www.wafilife.com/the-world-of-the-noble-angels-in-the-light-of-the-quran-and/pd/671
Umm An-Numan,Not Listed,Ahmad has to go potty,৩২০৳,৩০৪৳,https://www.wafilife.com/ahmad-has-to-go-potty/pd/2230
Umm Muhammad,Not Listed,The Observance of Al-Mawlid An-Nabawi and Other Birthdays,0,১৭০৳,https://www.wafilife.com/the-observance-of-al-mawlid-an-nabawi-and-other-birthdays/pd/172
Umm Muhammad,Not Listed,From the Guidance of Surah Ya' Seen,0,২৮৫৳,https://www.wafilife.com/from-the-guidance-of-surah-ya-seen/pd/180
Umm Muhammad,Not Listed,A Brief Introduction to Tajweed,0,১৭০৳,https://www.wafilife.com/a-brief-introduction-to-tajweed/pd/181
Umm Zainab Salmah,Not Listed,What is Jannah?,0,১২০৳,https://www.wafilife.com/what-is-jannah/pd/1975
Utpal,Not Listed,Ordinary Differential Equation (Snatok 3rd Year),৩১০৳,২৭২৳,https://www.wafilife.com/অর্ডিনারি-ডিফারেন্সিয়াল-ইকুয়েশন/pd/16879
Wahid A Bali,Not Listed,How to Bring Up Your Children Islamically,0,৪১০৳,https://www.wafilife.com/how-to-bring-up-your-children-islamically/pd/845
Wahiduddin Mahmud,Not Listed,Popular Economics Unpopular Essays,২৭৫৳,২২৫.৫০৳,https://www.wafilife.com/popular-economics-unpopular-essays/pd/10599
Waresul Karim,Not Listed,Election under a Caretaker Government - An Empirical Analysis of the October 2001 Parliamentary Election in Bangladesh,৫৮৫৳,৪৭৯.৭০৳,https://www.wafilife.com/ইলেকশন-আন্ডার-এ-কেয়ারটেকার-গভার্মেন্ট-এন-এম্পিরিসাল-অ্যানালা/pd/22288
Willem van Schendel,Not Listed,"Francis Buchanan in Southeast Bengal : His Journey to Chittagong, the Chittagong Hill Tracts, Noakhali and Comilla",৪০০৳,৩২৮৳,https://www.wafilife.com/ফ্রানসিস-বুকানন-ইন-সাউথ-ইস্ট-বাঙ্গল-হিস-জারনি-টু-চিটাগং-দা-চ/pd/21186
William Shakespeare,Not Listed,Introduction to Poetry (Volume I &amp; II),৩৯৫৳,৩৭৫৳,https://www.wafilife.com/introduction-to-poetry-volume-i-amp-ii/pd/9626
Withman,Not Listed,Introduction to Poetry (Volume I &amp; II),৩৯৫৳,৩৭৫৳,https://www.wafilife.com/introduction-to-poetry-volume-i-amp-ii/pd/9626
Words and Pages,Not Listed,Spoken Apologies,৩০০৳,২৫৮৳,https://www.wafilife.com/spoken-apologies/pd/70867
Words and Pages,Not Listed,Entwined,0,৩০০৳,https://www.wafilife.com/entwined/pd/70412
Words and Pages,Not Listed,Piku: The Boy Who Never Stops Playing,১২০৳,৯৬৳,https://www.wafilife.com/piku-the-boy-who-never-stops-playing/pd/69815
Words and Pages,Not Listed,Deep Inside,৩৫০৳,২৮০৳,https://www.wafilife.com/deep-inside/pd/69820
Words and Pages,Not Listed,Duru Duru,0,৩০০৳,https://www.wafilife.com/duru-duru/pd/69597
Yahya M A Obdigo,Not Listed,Forty Hadiths on Good Moral Values: with Short Com,"১,৫৪০৳","১,৪৬৩৳",https://www.wafilife.com/forty-hadiths-on-good-moral-values-with-short-com/pd/4985
Yahya M A Obdigo,Not Listed,Forty Hadiths on Poisonous Social Habits,"১,৫৪০৳","১,৪৬৩৳",https://www.wafilife.com/forty-hadiths-on-poisonous-social-habits/pd/4986
Yahya M. A. Ondigo,Not Listed,My Journey from Christianity to Islam,৫৩০৳,৫০৩৳,https://www.wafilife.com/my-journey-from-christianity-to-islam/pd/219
Yahya M. A. Ondigo,Not Listed,Forty Hadiths on Good Moral Values,"১,৫৪০৳","১,৪৬৩৳",https://www.wafilife.com/forty-hadiths-on-good-moral-values/pd/283
Yahya M. A. Ondigo,Not Listed,"Muslim-Christian Interactions: Past, Present &amp; Future","১,৫৪০৳","১,৪৬৩৳",https://www.wafilife.com/muslim-christian-interactions-past-present-amp-future/pd/284
Yeakob Peralman,Not Listed,Mathmatics can be Fun-1,২৫০৳,২০০৳,https://www.wafilife.com/mathmatics-can-be-fun-1/pd/21883
Yusuf Al-Hajj Ahmad,Not Listed,Scientific Wonders on the Earth and in Space,"২,৮০০৳","২,৬৩২৳",https://www.wafilife.com/scientific-wonders-on-the-earth-and-in-space/pd/5049
Yusuf Al-Hajj Ahmad,Not Listed,Islamic Medicine the Key to a Better Life,"২,৮৬০৳","২,৭১৭৳",https://www.wafilife.com/islamic-medicine-the-key-to-a-better-life/pd/3557
Yusuf Al-Hajj Ahmad,Not Listed,Scientific Miracles in the Oceans and Animals,"২,৪০০৳","২,২৫৬৳",https://www.wafilife.com/scientific-miracles-in-the-oceans-and-animals/pd/5048
Yusuf Al-Hajj Ahmad,Not Listed,The Unchallengeable Miracles of the Quran,"২,৮৬০৳","২,৬৮৮৳",https://www.wafilife.com/the-unchallengeable-miracles-of-the-quran/pd/5938
Yusuf Al-Hajj Ahmad,Not Listed,Islamic Guideline on Medicine,"২,৬৪০৳","২,৫০৮৳",https://www.wafilife.com/islamic-guideline-on-medicine/pd/2884
Zabed Mohammad PhD,Not Listed,IDEAL TEACHER- THE ARCHITECTS OF HUMAN CAPITAL,৬০০৳,৫১৬৳,https://www.wafilife.com/ideal-teacher-the-architects-of-human-capital/pd/62961
Zafor Mohammad Mahmud,Not Listed,A Critical Review of Introduction to Linguistics - 3rd Year Honors,২৫০৳,২০০৳,https://www.wafilife.com/a-critical-review-of-introduction-to-linguistics-3rd-year-ho/pd/9582
Zahid Ul Arefin Choudhury,Not Listed,Mapping Conflict in Chittagong Hill Tracts 1997-2014,৪০০৳,৩২৮৳,https://www.wafilife.com/mapping-conflict-in-chittagong-hill-tracts-1997-2014/pd/5927
Zahirul Islam,Not Listed,Rice Pests of Bangladesh Their Ecology and Management,"১,৬০০৳","১,৩১২৳",https://www.wafilife.com/rice-pests-of-bangladesh-their-ecology-and-management/pd/10609
Zaki Eusufzai,Not Listed,Liberalisation in the Shadow of a Large Nation - A Case of Bangladesh-India Economic Relations,২০০৳,১৬৪৳,https://www.wafilife.com/লিবারালাইজেশন-ইন-দ্য-শাডো-অব-অ্যা-লার্জ-ন্যাশন-অ্যা-কেস-অব-ব/pd/22353
Zejd Omerbegovic,Not Listed,Children of Salik Treasure Hunt,৭৯৯৳,৫৯৯৳,https://www.wafilife.com/children-of-salik-treasure-hunt/pd/74712
Zoya Amir,Not Listed,Magical Mr. Potato,১১০৳,৬৩৳,https://www.wafilife.com/magical-mr-potato/pd/42893
ldmc,Not Listed,কুরআনের ভাষা সহজ আরবী ব্যাকরণ ও শিক্ষা পদ্ধতি,"১,২০০৳","১,০৩২৳",https://www.wafilife.com/quraner-vasha-shahoj-arbi-bakaron-o-shikkha-pddoti/pd/76175
ড. খালিদ আবু শাদি,Not Listed,শয়তানের সাথে যুদ্ধ,৩০০৳,২৩১৳,https://www.wafilife.com/shoytan-er-sathe-juddho/pd/73145
ড. খালিদ আবু শাদি,Not Listed,গুনাহ মাফের প্যাকেজ,"১,৬৪০৳",৯৯৯৳,https://www.wafilife.com/gunah-maf-er-package/pd/71121
ড. খালিদ আবু শাদি,Not Listed,নারীর অন্তরযাত্রা,"১,০৪২৳",৭৮১৳,https://www.wafilife.com/narir-ontorjatra/pd/69647
ড. খালিদ আবু শাদি,Not Listed,ওহে রিসালাতের ধারক,২৮৪৳,২১৩৳,https://www.wafilife.com/ohe-risalater-dharok/pd/59822
ড. খালিদ আবু শাদি,Not Listed,মুহাম্মদ পাবলিকেশন প্রকাশিত নতুন ৯টি বই,"২,৪১০৳","১,৮০৮৳",https://www.wafilife.com/muhammod-publication-new-released-9-books/pd/59053
ড. মুহাম্মদ ইবনে আবদুর রহমান আরিফী,Not Listed,স্টেবল মাইন্ড প্যাকেজ,"১,৬৫৮৳","১,২৪৪৳",https://www.wafilife.com/stable-mind-package/pd/73436
ড. মুহাম্মদ ইবনে আবদুর রহমান আরিফী,Not Listed,দারুত তিবইয়ানের ৫টি বইয়ের প্যাকেজ,"৩,৭০০৳","২,২২০৳",https://www.wafilife.com/darut-tibiyan-package-of-5-books/pd/64866
ড. মুহাম্মদ ইবনে আবদুর রহমান আরিফী,Not Listed,হে বোন! জান্নাত তোমার প্রতীক্ষায় ১ম ও ২য় খণ্ড প্যাকেজ,৮০০৳,৪০০৳,https://www.wafilife.com/hey-bon-jannat-tomar-protikkhay-package/pd/64472
ড. মুহাম্মদ ইবনে আবদুর রহমান আরিফী,Not Listed,ভার্সিটির সেই দিগুলোতে,১২৫৳,৯১৳,https://www.wafilife.com/varsitir-sei-dingulote/pd/61826
ড. মুহাম্মদ ইবনে আবদুর রহমান আরিফী,Not Listed,ইসলাম হাউজ পাবলিকেশন প্রকাশিত মোটিভেশান বইসমূহ,"২,২৫০৳","১,৩৫০৳",https://www.wafilife.com/islam-house-publication-prokashito-motivation-boishomuho/pd/59554
ড. মুহাম্মদ ইবনে আবদুর রহমান আরিফী,Not Listed,ইসলাম হাউজ পাবলিকেশন প্রকাশিত পরকাল বিষয়ক বইসমূহ,"২,৩৫০৳","১,৪১০৳",https://www.wafilife.com/islam-house-publication-prokashito-porokal-bishoyok-boishomu/pd/59546
القاضي ناصر الدين عبد الله بن عمر البيضاوي (কাজী নাসিরুদ্দিন আব্দুল্লাহ বিন আমর বায়যাবী),Not Listed,তাফসীরে বাইজাবি,0,৬৫০৳,https://www.wafilife.com/tafsire-bayjabi/pd/59616
القاضي ناصر الدين عبد الله بن عمر البيضاوي (কাজী নাসিরুদ্দিন আব্দুল্লাহ বিন আমর বায়যাবী),Not Listed,প্রশ্নোত্তরে তাফসীরুল বায়যাবী,১৪০৳,১২৬৳,https://www.wafilife.com/proshnottore-tafosirul-bayjabi/pd/34106
অঁতোয়ান দ্য স্যাঁৎ একজ্যুপেরি,Not Listed,ছোট্ট রাজপুত্র,৪৮০৳,৩৮৯৳,https://www.wafilife.com/chhotto-rajputro/pd/77544
অঁতোয়ান দ্য স্যাঁৎ একজ্যুপেরি,Not Listed,ছোট্ট এক রাজপুত্র,২০০৳,১৫৩৳,https://www.wafilife.com/chotto-rajpotro/pd/42956
অঁতোয়ান দ্য স্যাঁৎ একজ্যুপেরি,Not Listed,ছোট্ট রাজপুত্র,৩৫০৳,২৯৮৳,https://www.wafilife.com/chhotto-rajputro/pd/77545
অঁতোয়ান দ্য স্যাঁৎ একজ্যুপেরি,Not Listed,The Little Prince,২৫০৳,১২৫৳,https://www.wafilife.com/the-little-prince/pd/65109
অং চিং,Not Listed,পাহাড়ের লাল আখ্যান,৬০০৳,৪৯২৳,https://www.wafilife.com/paharer-lal-akhyan/pd/61291
অক্ষয়কুমার মৈত্রেয়,Not Listed,মীর কাশিম,৪০০৳,৩২০৳,https://www.wafilife.com/mir-kashim/pd/30575
অক্ষয়কুমার মৈত্রেয়,Not Listed,সিরাজদ্দৌলা,৩২৫৳,২৬০৳,https://www.wafilife.com/sirazuddoula/pd/21951
অক্ষয়কুমার মৈত্রেয়,Not Listed,মীর কাসিম,২৫০৳,২০০৳,https://www.wafilife.com/mir-kasim/pd/21946
অক্ষয়কুমার মৈত্রেয়,Not Listed,রাণী ভবানী,২৫০৳,২০০৳,https://www.wafilife.com/rani-vobani/pd/43596
অক্ষয়কুমার মৈত্রেয়,Not Listed,ফিরিঙ্গ বণিক,২২৫৳,১৯১৳,https://www.wafilife.com/firingi-bonik/pd/10367
অক্ষয়কুমার মৈত্রেয়,Not Listed,সিরাজদ্দৌলা,৩২৫৳,২৬০৳,https://www.wafilife.com/sirazuddoula/pd/10988
অক্ষরপত্র সম্পাদনা পর্ষদ,Not Listed,অক্ষরপত্র আধুনিক ব্যাকরণ ও নির্মিতি - নবম-দশম শ্রেণি,0,৬০০৳,https://www.wafilife.com/akkharpatra-adhunik-byakaran-o-nirmiti-class-9-10/pd/75039
অক্ষরপত্র সম্পাদনা পর্ষদ,Not Listed,অক্ষরপত্র নন্দন ব্যাকরণ ও নির্মিতি - অষ্টম শ্রেণি,0,৪৫০৳,https://www.wafilife.com/akkharpatra-nandon-byakaron-o-nirmiti-class-8/pd/75020
অক্ষরপত্র সম্পাদনা পর্ষদ,Not Listed,Akkharpatra Radiant Learner's Communicative English Grammar &amp; Composition With Model Questions - Class 8,0,৭৫০৳,https://www.wafilife.com/akkharpatra-radiant-learners-communicative-english-grammar-c/pd/75033
অক্ষরপত্র সম্পাদনা পর্ষদ,Not Listed,অক্ষরপত্র নন্দন ব্যাকরণ ও নির্মিতি - নবম-দশম শ্রেণি,0,৬০০৳,https://www.wafilife.com/akkharpatra-nandon-byakaron-o-nirmiti-class-9-10/pd/75016
অক্ষরপত্র সম্পাদনা পর্ষদ,Not Listed,অক্ষরপত্র নন্দন ব্যাকরণ ও নির্মিতি - ষষ্ঠ শ্রেণি,0,৩৮০৳,https://www.wafilife.com/akkharpatra-nandon-byakaron-o-nirmiti-class-6/pd/75031
অক্ষরপত্র সম্পাদনা পর্ষদ,Not Listed,অক্ষরপত্র আধুনিক ব্যাকরণ ও নির্মিতি - অষ্টম শ্রেণি,0,৪৫০৳,https://www.wafilife.com/akkharpatra-adhunik-byakaran-o-nirmiti-class-8/pd/75040
অক্ষরপত্র সম্পাদনা পর্ষদ,Not Listed,Akkharpatra Rapid Learner's Communicative English Grammar &amp; Composition With Model Questions - Class 8,0,৭৫০৳,https://www.wafilife.com/akkharpatra-rapid-learners-communicative-english-grammar-com/pd/75038
অক্ষরপত্র সম্পাদনা পর্ষদ,Not Listed,Akkharpatra Rapid Learner's Communicative English Grammar &amp; Composition With Model Questions For Classes 9-10,0,৮৭০৳,https://www.wafilife.com/akkharpatra-rapid-learners-communicative-english-grammar-com/pd/75037
অক্ষরপত্র সম্পাদনা পর্ষদ,Not Listed,অক্ষরপত্র আধুনিক ব্যাকরণ ও নির্মিতি - সপ্তম শ্রেণি,0,৪১০৳,https://www.wafilife.com/akkharpatra-adhunik-byakaran-o-nirmiti-class-7/pd/75041
অক্ষরপত্র সম্পাদনা পর্ষদ,Not Listed,অক্ষরপত্র নন্দন ব্যাকরণ ও নির্মিতি - সপ্তম শ্রেণি,0,৪০০৳,https://www.wafilife.com/akkharpatra-nandon-byakaron-o-nirmiti-class-7/pd/75030
অক্ষরপত্র সম্পাদনা পর্ষদ,Not Listed,Akkharpatra Radiant Learner's Communicative English Grammar &amp; Composition With Model Questions For Classes 9-10,0,৮৭০৳,https://www.wafilife.com/akkharpatra-radiant-learners-communicative-english-grammar-c/pd/75032
অক্ষরপত্র সম্পাদনা পর্ষদ,Not Listed,অক্ষরপত্র আধুনিক ব্যাকরণ ও নির্মিতি - ষষ্ঠ শ্রেণি,0,৩৮০৳,https://www.wafilife.com/akkharpatra-adhunik-byakaran-o-nirmiti-class-6/pd/74660
অক্ষরপত্র সম্পাদনা পর্ষদ,Not Listed,Akkharpatra Radiant Learner's Communicative English Grammar &amp; Composition With Model Questions - Class 7,0,৬১০৳,https://www.wafilife.com/akkharpatra-radiant-learners-communicative-english-grammar-c/pd/74586
অক্ষরপত্র সম্পাদনা পর্ষদ,Not Listed,Akkharpatra Beginner's English Grammar Class Five,0,৪৯০৳,https://www.wafilife.com/akkharpatra-beginners-english-grammar-class-five/pd/74585
অক্ষরপত্র সম্পাদনা পর্ষদ,Not Listed,Akkharpatra Rapid Learner's Communicative English Grammar &amp; Composition With Model Questions - Class 7,0,৬১০৳,https://www.wafilife.com/akkharpatra-rapid-learners-communicative-english-grammar-com/pd/74511
অক্ষরপত্র সম্পাদনা পর্ষদ,Not Listed,Akkharpatra Rapid Learner's Communicative English Grammar &amp; Composition With Model Questions - Class 6,0,৫৬০৳,https://www.wafilife.com/akkharpatra-rapid-learners-communicative-english-grammar-com/pd/74513
অক্ষরপত্র সম্পাদনা পর্ষদ,Not Listed,অক্ষরপত্র বিদ্যার্থী ব্যাকরণ ও নির্মিতি - নবম ও দশম শ্রেণি,0,৬০০৳,https://www.wafilife.com/অক্ষরপত্র-বিদ্যার্থী-ব্যাকরণ-ও-নির্মিতি-নবম-ও-দশম-শ্রেণি/pd/74327
অক্ষরপত্র সম্পাদনা পর্ষদ,Not Listed,Akkharpatra Young Learner's Communicative English Grammar & Composition With Model Questions For Classes 9-10,0,৮৭০৳,https://www.wafilife.com/akkharpatra-young-learners-communicative-english-grammar-com/pd/73974
অক্ষরপত্র সম্পাদনা পর্ষদ,Not Listed,অক্ষরপত্র বিদ্যার্থী ব্যাকরণ ও নির্মিতি - সপ্তম শ্রেণি,0,৪১০৳,https://www.wafilife.com/akkharpatra-biddyarthi-byakaran-o-nirmiti-class-7/pd/73857
অক্ষরপত্র সম্পাদনা পর্ষদ,Not Listed,অক্ষরপত্র বিদ্যার্থী ব্যাকরণ ও নির্মিতি - ষষ্ঠ শ্রেণি,0,৩৮০৳,https://www.wafilife.com/akkharpatra-biddyarthi-byakaran-o-nirmiti-class-6/pd/73858
অক্ষরপত্র সম্পাদনা পর্ষদ,Not Listed,অক্ষরপত্র বিদ্যার্থী ব্যাকরণ ও নির্মিতি - পঞ্চম শ্রেণি,0,৫৬০৳,https://www.wafilife.com/akkharpatra-biddyarthi-byakaran-o-nirmiti-class-5/pd/73767
অক্ষরপত্র সম্পাদনা পর্ষদ,Not Listed,Akkharpatra Little Learner's English Grammar And Composition - Class 4,0,৫০০৳,https://www.wafilife.com/akkharpatra-little-learners-english-grammar-and-composition/pd/73684
অক্ষরপত্র সম্পাদনা পর্ষদ,Not Listed,অক্ষরপত্র আনন্দ ব্যাকরণ - চতুর্থ শ্রেণি,0,৪৩০৳,https://www.wafilife.com/akkharpatra-ananda-byakaran-class-4/pd/73690
অক্ষরপত্র সম্পাদনা পর্ষদ,Not Listed,Akkharpatra Little Learner's English Grammar And Composition - Class 2,0,২২০৳,https://www.wafilife.com/akkharpatra-little-learners-english-grammar-and-composition/pd/73683
অক্ষরপত্র সম্পাদনা পর্ষদ,Not Listed,অক্ষরপত্র আনন্দ ব্যাকরণ - তৃতীয় শ্রেণি,0,৩৩০৳,https://www.wafilife.com/akkharpatra-ananda-byakaran-class-3/pd/73691
অক্ষরপত্র সম্পাদনা পর্ষদ,Not Listed,Akkharpatra Little Learner's English Grammar And Composition - Class 3,0,৩৮০৳,https://www.wafilife.com/akkharpatra-little-learners-english-grammar-and-composition/pd/73686
অক্ষরপত্র সম্পাদনা পর্ষদ,Not Listed,অক্ষরপত্র আনন্দ ব্যাকরণ - দ্বিতীয় শ্রেণি,0,২৬০৳,https://www.wafilife.com/akkharpatra-ananda-byakaran-class-2/pd/73692
অক্ষরপত্র সম্পাদনা পর্ষদ,Not Listed,Akkharpatra Young Learner's Communicative English Grammar And Composition With Model Questions - Class 7,0,৬১০৳,https://www.wafilife.com/akkharpatra-young-learners-communicative-english-grammar-and/pd/73682
অক্ষরপত্র সম্পাদনা পর্ষদ,Not Listed,Akkharpatra Young Learner's Communicative English Grammar And Composition With Model Questions - Class 6,0,৫৬০৳,https://www.wafilife.com/akkharpatra-young-learners-communicative-english-grammar-com/pd/73681
অক্ষরপত্র সম্পাদনা পর্ষদ,Not Listed,Akkharpatra Beginner's English Grammar Class Two,0,২৪০৳,https://www.wafilife.com/akkharpatra-beginners-english-grammar-class-two/pd/73687
অক্ষরপত্র সম্পাদনা পর্ষদ,Not Listed,অক্ষরপত্র বাংলা ব্যাকরণের সহজ পাঠ পঞ্চম শ্রেণি,0,৪৯০৳,https://www.wafilife.com/akkharpatra-bangla-byakoroner-sahaj-path-class-five/pd/73693
অক্ষরপত্র সম্পাদনা পর্ষদ,Not Listed,অক্ষরপত্র বাংলা ব্যাকরণের সহজ পাঠ তৃতীয় শ্রেণি,0,৪৩০৳,https://www.wafilife.com/akkharpatra-bangla-byakoroner-sahaj-path-class-three/pd/73695
অক্ষরপত্র সম্পাদনা পর্ষদ,Not Listed,Akkharpatra Beginner's English Grammar Class Four,0,৪৮০৳,https://www.wafilife.com/akkharpatra-beginners-english-grammar-class-four/pd/73694
অক্ষরপত্র সম্পাদনা পর্ষদ,Not Listed,অক্ষরপত্র বাংলা ব্যাকরণের সহজ পাঠ চতুর্থ শ্রেণি,0,৪৭০৳,https://www.wafilife.com/akkharpatra-bangla-byakoroner-sahaj-path-class-four/pd/72555
অক্ষরপত্র সম্পাদনা পর্ষদ,Not Listed,Akkharpatra Beginner's English Grammar Class Three,0,৪৩০৳,https://www.wafilife.com/akkharpatra-beginners-english-grammar-class-three/pd/72520
অক্ষরপত্র সম্পাদনা পর্ষদ,Not Listed,ইসলাম ও নৈতিক শিক্ষা ১ (প্রথম শ্রেণির জন্য),0,২০০৳,https://www.wafilife.com/islam-o-noitik-shikkha-1-for-class-one/pd/72137
অক্ষরপত্র সম্পাদনা পর্ষদ,Not Listed,অক্ষরপত্র বাংলা ব্যাকরণের সহজ পাঠ প্রথম শ্রেণি,0,২০০৳,https://www.wafilife.com/akkharpatra-bangla-byakoroner-sahaj-path-class-one/pd/71448
অক্ষরপত্র সম্পাদনা পর্ষদ,Not Listed,অক্ষরপত্র বিগিনার্স ইংলিশ ব্যাকরণ ক্লাস ওয়ান,0,২০০৳,https://www.wafilife.com/akkharpatra-beginners-english-grammar-class-one/pd/71449
অক্ষরপত্র সম্পাদনা পর্ষদ,Not Listed,অক্ষরপত্র ভূগোল প্রথম পত্র (একাদশ-দ্বাদশ শ্রেণি),0,২৮০৳,https://www.wafilife.com/akkharpatra-vugol-1st-paper-class-11-12/pd/67776
অক্ষরপত্র সম্পাদনা পর্ষদ,Not Listed,অক্ষরপত্র চতুর্থ শ্রেণি প্যাকেজ,0,৭৮৫৳,https://www.wafilife.com/aksharapatra-class-iv-package/pd/61212
অক্ষরপত্র সম্পাদনা পর্ষদ,Not Listed,অক্ষরপত্র দ্বিতীয় শ্রেণি প্যাকেজ,0,"১,৩৯৫৳",https://www.wafilife.com/akkharpatra-class-2-package/pd/61219
অক্ষরপত্র সম্পাদনা পর্ষদ,Not Listed,অক্ষরপত্র তৃতীয় শ্রেণি প্যাকেজ,0,"১,২১৫৳",https://www.wafilife.com/akkharpatra-3rd-class-package/pd/61213
অক্ষরপত্র সম্পাদনা পর্ষদ,Not Listed,অক্ষরপত্র প্রথম শ্রেণি প্যাকেজ,0,"১,২১৫৳",https://www.wafilife.com/akkharpatra-class-1-package/pd/61222
অক্ষরপত্র সম্পাদনা পর্ষদ,Not Listed,অক্ষরপত্র কিন্ডারগার্টেন: প্লে গ্রুপ প্যাকেজ,0,"১,৮৬০৳",https://www.wafilife.com/akharapatra-kintargarden-play-group-package/pd/61207
অক্ষরপত্র সম্পাদনা পর্ষদ,Not Listed,Active English 2 (For Class One),0,১৮০৳,https://www.wafilife.com/active-english-2-for-class-one/pd/60171
অক্ষরপত্র সম্পাদনা পর্ষদ,Not Listed,My Dictionary 1 (For Class Three),0,২০০৳,https://www.wafilife.com/my-dictionary-1-for-class-three/pd/60163
অক্ষরপত্র সম্পাদনা পর্ষদ,Not Listed,Word Book With Picture 3 (For Class One),0,১৫০৳,https://www.wafilife.com/word-book-with-picture-3-for-class-one/pd/60172
অক্ষরপত্র সম্পাদনা পর্ষদ,Not Listed,প্রাথমিক সাধারণ জ্ঞান ৪ (দ্বিতীয় শ্রেণির জন্য),0,১৮০৳,https://www.wafilife.com/prathomik-sadharon-gyan-4-for-class-two/pd/60167
অক্ষরপত্র সম্পাদনা পর্ষদ,Not Listed,আমার জ্যামিতি শেখা ২ (তৃতীয় শ্রেণির জন্য),0,১৭০৳,https://www.wafilife.com/amar-geometry-shikha-2-for-class-three/pd/60166
অক্ষরপত্র সম্পাদনা পর্ষদ,Not Listed,প্রাথমিক সাধারণ জ্ঞান ৫ (তৃতীয় শ্রেণির জন্য),0,২১০৳,https://www.wafilife.com/prathomik-sadharon-gyan-5-for-class-three/pd/60165
অক্ষরপত্র সম্পাদনা পর্ষদ,Not Listed,Active English 3 (For Class Two),0,২০০৳,https://www.wafilife.com/active-english-3-for-class-two/pd/60177
অক্ষরপত্র সম্পাদনা পর্ষদ,Not Listed,ছবি এঁকে রং করি ৬ (তৃতীয় শ্রেণির জন্য),0,১৩৫৳,https://www.wafilife.com/chobi-eke-rong-kori-6-for-class-three/pd/60178
অক্ষরপত্র সম্পাদনা পর্ষদ,Not Listed,আমার পরিবেশ পরিচিতি ৩ (দ্বিতীয় শ্রেণির জন্য),0,২০০৳,https://www.wafilife.com/amar-poribesh-porichiti-3-for-class-two/pd/60173
অক্ষরপত্র সম্পাদনা পর্ষদ,Not Listed,ছবি এঁকে রং করি ৫ (দ্বিতীয় শ্রেণির জন্য),0,১৩৫৳,https://www.wafilife.com/chobi-eke-rong-kori-5-for-class-two/pd/60181
অক্ষরপত্র সম্পাদনা পর্ষদ,Not Listed,আমার জ্যামিতি শেখা ৩ (চতুর্থ শ্রেণির জন্য),0,১৮০৳,https://www.wafilife.com/amar-geometry-shikha-3-for-class-four/pd/60162
অক্ষরপত্র সম্পাদনা পর্ষদ,Not Listed,আমার জ্যামিতি শেখা ১ (দ্বিতীয় শ্রেণির জন্য),0,১৫০৳,https://www.wafilife.com/amar-geometry-shikha-1-for-class-two/pd/60174
অক্ষরপত্র সম্পাদনা পর্ষদ,Not Listed,ছবি এঁকে রং করি ৪ (প্রথম শ্রেণির জন্য),0,১৩৫৳,https://www.wafilife.com/chobi-eke-rong-kori-4-for-class-one/pd/60169
অক্ষরপত্র সম্পাদনা পর্ষদ,Not Listed,প্রাথমিক সাধারণ জ্ঞান ৩ (প্রথম শ্রেণির জন্য),0,১৭০৳,https://www.wafilife.com/prathomik-sadharon-gyan-3-for-class-one/pd/60170
অক্ষরপত্র সম্পাদনা পর্ষদ,Not Listed,ইসলাম ও নৈতিক শিক্ষা ২ (দ্বিতীয় শ্রেণির জন্য),0,২০০৳,https://www.wafilife.com/islam-o-noitik-shikkha-2-for-class-two/pd/60159
অক্ষরপত্র সম্পাদনা পর্ষদ,Not Listed,আমার জ্যামিতি শেখা ৪ (পঞ্চম শ্রেণির জন্য),0,২০০৳,https://www.wafilife.com/amar-geometry-shikha-4-for-class-five/pd/60160
অক্ষয়কুমার দত্ত,Not Listed,প্রাচীন হিন্দুদিগের সমুদ্রযাত্রা ও বাণিজ্য বিস্তার,২০০৳,১৬০৳,https://www.wafilife.com/prasin-hindudiger-shomudro-jatra-o-banijjo-bistar/pd/43627
অক্ষয়কুমার দত্ত,Not Listed,শ্রেষ্ঠ প্রবন্ধ,৪০০৳,৩২৮৳,https://www.wafilife.com/sherstho-probondho/pd/38341
অক্ষয়কুমার দত্ত,Not Listed,ভারতবর্ষীয় উপাসক-সম্প্রদায় -২য় খণ্ড,৮৫০৳,৬৮০৳,https://www.wafilife.com/the-religius-sects-of-the-hindus-2nd-part/pd/43604
অক্ষয়কুমার দত্ত,Not Listed,শ্রেষ্ঠ প্রবন্ধ,২০০৳,১৬৬৳,https://www.wafilife.com/shrestho-probondho/pd/42308
অক্ষয়কুমার দত্ত,Not Listed,শ্রেষ্ঠ প্রবন্ধ,২০০৳,১৬৬৳,https://www.wafilife.com/shrestho-probondho/pd/42311
অক্ষয়কুমার দত্ত,Not Listed,শিক্ষা বিষয়ক প্রবন্ধাবলী,১৮০৳,১৪৯৳,https://www.wafilife.com/essays-on-education/pd/17668
অক্ষয়কুমার মৈত্রয়,Not Listed,ফিরিঙ্গি বণিক্,২৪০৳,১৯৯৳,https://www.wafilife.com/firingi-bonik/pd/17585
অক্ষয়কুমার মৈত্রয়,Not Listed,সিরাজদ্দৌলা,৪৫০৳,৩৪৭৳,https://www.wafilife.com/sirajuddaula/pd/12758
অখিল নিয়োগী (স্বপনবুড়ো),Not Listed,ভয় সমগ্র,৩৭৫৳,২৫২৳,https://www.wafilife.com/voy-somogro/pd/54472
অগ ম্যান্ডিনো,Not Listed,সাফল্যের মন্ত্র,১৫০৳,১২০৳,https://www.wafilife.com/safoller-montro/pd/33917
অগ ম্যান্ডিনো,Not Listed,দ্য গ্রেটেস্ট সেলসম্যান ইন দ্য ওয়ার্ল্ড,২৫০৳,১৭৫৳,https://www.wafilife.com/the-greatest-salesman-in-the-world/pd/27544
অগ ম্যান্ডিনো,Not Listed,দ্য গ্রেটেস্ট সেলসম্যান ইন দ্য ওয়ার্ল্ড,২০০৳,৯০৳,https://www.wafilife.com/the-greatest-salesman-in-the-world/pd/53773
অগ ম্যান্ডিনো,Not Listed,দ্য গ্রেটেস্ট সেলসম্যান ইন দ্য ওয়ার্ল্ড,১২৫৳,১০৩৳,https://www.wafilife.com/the-greatest-salesman-in-the-world/pd/19824
অগ ম্যান্ডিনো,Not Listed,দ্য গ্রেটেস্ট সিক্রেট ইন দ্য ওয়ার্ল্ড,৩০০৳,২১৯৳,https://www.wafilife.com/the-greatest-secret-in-the-world/pd/7417
অগ ম্যান্ডিনো,Not Listed,দ্য গ্রেটেস্ট সেলসম্যান ইন দ্য ওয়ার্ল্ড,২৫০৳,২১৫৳,https://www.wafilife.com/the-greatest-salesman-in-the-world/pd/7291
অগাস্ট কুবিজ,Not Listed,আমার বন্ধু হিটলার,৫০০৳,৩৭৫৳,https://www.wafilife.com/amar-bundhu-hitlar/pd/66721
অগাস্টা গোলডিন,Not Listed,হাঁস কেন ভেজে না,১২০৳,৯৬৳,https://www.wafilife.com/has-keno-veje-na/pd/16188
অঘোর মন্ডল,Not Listed,এক্সট্রা কাভার,২০০৳,১৩৬৳,https://www.wafilife.com/extra-cover/pd/41080
অঘোর মন্ডল,Not Listed,এক্সট্রা টাইম,২০০৳,১৬৪৳,https://www.wafilife.com/extra-time/pd/46634
অঙ্কিতা,Not Listed,কালসন্দর্ভা,৩২০৳,২২৪৳,https://www.wafilife.com/kalsondorva/pd/42118
অঙ্কুর ওয়ারিকু,Not Listed,ডু এপিক সীট,২৭০৳,২০৩৳,https://www.wafilife.com/do-epic-shit/pd/67833
অঙ্কুর ওয়ারিকো,Not Listed,ডু এপিক শিট,২৮০৳,২২৪৳,https://www.wafilife.com/do-epic-shit/pd/25238
অঙ্গনা পি. চ্যাটার্জি,Not Listed,কাশ্মীর দ্য কেস ফর ফ্রিডম,৩২০৳,২৪০৳,https://www.wafilife.com/kashmir-the-case-for-freedom/pd/73177
অঙ্গনা পি. চ্যাটার্জি,Not Listed,আজাদির লড়াই (পেপারব্যাক),২০৪৳,১৬৩৳,https://www.wafilife.com/ajadir-lorai/pd/5162
অচ্যুতচরণ চৌধুরী তত্ত্বনিধি,Not Listed,চট্টগ্রামের ইতিহাস,৪০০৳,৩৩২৳,https://www.wafilife.com/chattogramer-itehas/pd/49683
অচ্যুতচরণ চৌধুরী তত্ত্বনিধি,Not Listed,শ্রীহট্টের ইতিবৃত্ত পূর্বাংশ,৫০০৳,৪১৫৳,https://www.wafilife.com/sreehotter-etybritto-pubangso/pd/49551
অচ্যুৎ গোস্বামী,Not Listed,বাংলা উপন্যাসের ধারা,৩৫০৳,৩০১৳,https://www.wafilife.com/bangla-upponaser-dhara/pd/36848
অজন্তা রেজওয়ানা মির্জা,Not Listed,কন্টেন্ট রাইটিং,৪৭০৳,৩৯৫৳,https://www.wafilife.com/content-writing/pd/32518
অজয় রায়,Not Listed,আমরা কী ধরনের শিক্ষা চাই,৩৬০৳,২৮৮৳,https://www.wafilife.com/amra-ki-dhoroner-shikkha-chai/pd/9183
অজান্তা অহি,Not Listed,ভালোবাসারা ভালো নেই (পার্পেল এডিশন),৮০০৳,৬৫৬৳,https://www.wafilife.com/valobasa-valo-nei-purple-edition/pd/61361
অজিত কুমার গুহ,Not Listed,নতুন বাংলা রচনা,৮৯৫৳,৭৪২৳,https://www.wafilife.com/notun-bangla-rochona/pd/45426
অজিত কুমার নাগ,Not Listed,স্বাধীনতা সংগ্রামে খুলনা,২৫০৳,২০৫৳,https://www.wafilife.com/swadhinata-songrame-khulna/pd/53115
অজিত কুমার বড়ুয়া,Not Listed,আমার দেখা মুক্তিযুদ্ধ ও কিছু অসম্পূর্ণ কাজ,২৫০৳,২০০৳,https://www.wafilife.com/amar-dekha-muktijuddo-o-kichu-asampunna-kaj/pd/54422
অজিত রায় ভজন,Not Listed,পাখির মতো মেলব ডানা,১৩৫৳,১১২৳,https://www.wafilife.com/pakhir-moto-melbo-dana/pd/35678
অজয় দাশগুপ্ত,Not Listed,একাত্তর ৭১,৫৬০৳,৪৪৮৳,https://www.wafilife.com/ekattor-71/pd/55257
অজয় দাশগুপ্ত,Not Listed,মন ও মাঠে স্বপ্ন হাঁটে,১৮০৳,১৪৯৳,https://www.wafilife.com/mon-o-mathe-shopno-hate/pd/40927
অজয় দাশগুপ্ত,Not Listed,গুজবের অর্থনীতি,৩০০৳,২৪৬৳,https://www.wafilife.com/gujober-orthoniti/pd/46776
অজয় দাশগুপ্ত,Not Listed,একাত্তরের ৭১,৩০০৳,২৪৯৳,https://www.wafilife.com/akatorer-71/pd/50129
অজয় দাশগুপ্ত,Not Listed,বাংলাদেশের ব্যাংকিংয়ের তিন দশক,১২০৳,১০০৳,https://www.wafilife.com/bangladesher-bankinger-tin-doshok/pd/50246
অজয় দাশগুপ্ত,Not Listed,বাংলাদেশের অর্থনীতি,২০০৳,১৬৬৳,https://www.wafilife.com/bangaldesher-orthoniti/pd/50245
অজয় বিশ্বাস,Not Listed,অতঃপর ফেরা,৪০০৳,৩৩২৳,https://www.wafilife.com/atopor-fera/pd/32687
অজয় ভট্টাচার্য,Not Listed,নানকার বিদ্রোহ,৫৫০৳,৪৫৭৳,https://www.wafilife.com/nankar-bidroh/pd/17564
অজয় মিত্র (বিবিএ),Not Listed,হিসাববিজ্ঞান (৯ম-১০ম শ্রেণি)-2024,৪৯০৳,৪১২৳,https://www.wafilife.com/hisabbiggan-class-9th-10th-2022/pd/7900
অজয় সরকার,Not Listed,ডেন্টাল এইড: ডেন্টাল ভর্তি পরীক্ষার সহায়ক টেক্সট বুক,৭৫০৳,৫১০৳,https://www.wafilife.com/dental-aid/pd/5615
অজয় সরকার,Not Listed,জয়কলি ম্যাথ সাজেশন: ব্যবসায় শিক্ষা ও মানবিক শাখার জন্য (বুয়েট মেডিকেল বিশ্ববিদ্যালয়ে ভর্তি গাইডলাইন),২২৫৳,১৫০৳,https://www.wafilife.com/joykoly-math-suggestion/pd/5634
অজয় সরকার,Not Listed,মেরিন বিচিত্রা,৭৫০৳,৫১০৳,https://www.wafilife.com/marine-bichitra/pd/5637
অজয় সরকার,Not Listed,ফিন্যান্স বিচিত্রা (ফিন্যান্স ব্যাংকিং ও বিমা ১ম ও ২য় পত্র) (সকল বিশ্ববিদ্যালয় ভর্তি পরীক্ষার সহায়ক টেস্ট বুক),৫২৫৳,৩৬০৳,https://www.wafilife.com/finance-bichitra/pd/5632
অজয় সরকার,Not Listed,GST গুচ্ছ এইড মডেল টেস্ট - বিজ্ঞান অনুষদ,৩০০৳,২১০৳,https://www.wafilife.com/guccho-aid-model-test-biggan/pd/17914
অজয় সরকার,Not Listed,GST গুচ্ছ এইড - মানবিক মডেল টেস্ট,৩০০৳,২১০৳,https://www.wafilife.com/guccho-aid-model-test-manobik/pd/17915
অজয় সরকার,Not Listed,জাহাঙ্গীরনগর বিশ্ববিদ্যালয় প্রশ্নব্যাংক ও মডেল টেস্ট - B ইউনিট,৫২৫৳,৩৬০৳,https://www.wafilife.com/jahangirnagar-bishobiddalay-vorti-sohayuka-somajbiggan-onush/pd/18204
অজয় সরকার,Not Listed,হিসাব বিচিত্রা -১ম ও ২য় পত্র (সকল বিশ্ববিদ্যালয় ভর্তি পরীক্ষার সহায়ক একমাত্র টেক্সট বুক),৭৫০৳,৫১০৳,https://www.wafilife.com/hisab-bichitra/pd/5629
অজয় সরকার,Not Listed,মার্কেটিং বিচিত্রা (উৎপাদন ব্যবন্থাপনা ও বিপণন ১ম ও ২য় পত্র) (সকল বিশ্ববিদ্যালয় ভর্তি পরীক্ষার সহায়ক টেক্সট বুক),৫২৫৳,৩৬০৳,https://www.wafilife.com/marketing-bichitra/pd/5631
অজয় সরকার,Not Listed,চট্টগ্রাম বিশ্ববিদ্যালয় প্রশ্নব্যাংক ও মডেল টেস্ট বিজ্ঞান শাখা - এ- ইউনিট (পেপারব্যাক),৫২৫৳,৩৬০৳,https://www.wafilife.com/cu-prosnobank-a-unit/pd/5644
অজয় সরকার,Not Listed,চট্টগ্রাম বিশ্ববিদ্যালয় প্রশ্নব্যাংক ও মডেল টেস্ট মানবিক শাখা - বি ইউনিট (পেপারব্যাক),৫২৫৳,৩৬০৳,https://www.wafilife.com/cu-prosnobank-a-unit/pd/5645
অজয় সরকার,Not Listed,চট্টগ্রাম বিশ্ববিদ্যালয় প্রশ্নব্যাংক ও মডেল টেস্ট ব্যবসায় শিক্ষা - সি ইউনিট (পেপারব্যাক),৫২৫৳,৩৬০৳,https://www.wafilife.com/cu-prosnobank-c-unit/pd/5646
অজয় সরকার,Not Listed,চট্টগ্রাম বিশ্ববিদ্যালয় প্রশ্নব্যাংক ও ভর্তি সহায়িকা - ডি- ইউনিট,৫২৫৳,৩৬০৳,https://www.wafilife.com/cu-prosnobank-a-unit/pd/5647
অজয় সরকার,Not Listed,"জয়কলি প্রশ্নব্যাংক, ঢাবি (কলা, আইন ও সমাজিক বিজ্ঞান ইউনিট) (পেপারব্যাক)",৬০০৳,৪৩৮৳,https://www.wafilife.com/du-d-unit/pd/5654
অজয় সরকার,Not Listed,"শাহজালাল বিজ্ঞান ও প্রযুক্তি বিশ্ববিদ্যালয় প্রশ্নব্যাংক ও মডেল টেস্ট -(এবি ইউনিট, বিজ্ঞান বিভাগ)",৫২৫৳,৩৬০৳,https://www.wafilife.com/sust-prosnobank-ab-unit/pd/5648
অজয় সরকার,Not Listed,জয়কলি GK হাইলাইটস আন্তর্জাতিক বিষয়াবলি,0,৯০৳,https://www.wafilife.com/general-knowledge-highlights-antorjatik-bishoyaboli-churanto/pd/21048
অজয় সরকার,Not Listed,জয়কলি রিসেন্ট জব সল্যুশন,৪২০৳,৩০৫৳,https://www.wafilife.com/joykoly-recent-job-solution/pd/10389
অঞ্জন আচার্য,Not Listed,আমিই অ্যালবার্ট আইনস্টাইন,0,২০০৳,https://www.wafilife.com/amie-albert-einstein/pd/63997
অঞ্জন আচার্য,Not Listed,সাদা রাত,২২০৳,১৫৪৳,https://www.wafilife.com/sada-raat/pd/62849
অঞ্জন আচার্য,Not Listed,সংযোগ-সূত্র,২৫০৳,২২৪৳,https://www.wafilife.com/sangjog-sutra/pd/36037
অঞ্জন আচার্য,Not Listed,মানিক বন্দ্যোপাধ্যায়,১০০৳,৮২৳,https://www.wafilife.com/manik-bondyopadhyay/pd/38286
অঞ্জন আচার্য,Not Listed,আমিই অ্যালবার্ট আইনস্টাইন,২০০৳,১৬৬৳,https://www.wafilife.com/amii-albert-einstein/pd/10026
অঞ্জন দত্ত,Not Listed,Community Partnership For Sustainable Water Management: Experience of the BWDB Systems Rehabitation Project Social and Economic Impact ( volume 2),৩৯৫৳,৩২৩.৯০৳,https://www.wafilife.com/কমিউনিটি-পার্টনারশিপ-ফর-সাস্টেইনেবল-ওয়াটার-ম্যানেজমেন্ট-এক্স/pd/22351
অঞ্জন দত্ত,Not Listed,Community Partnership For Sustainable Water Management: Experience of the BWDB Systems Rehabitation Project: Summary report ( volume 1),৩৯৫৳,৩২৩.৯০৳,https://www.wafilife.com/কমিউনিটি-পার্টনারশিপ-ফর-সাস্টেইনেবল-ওয়াটার-ম্যানেজমেন্ট-এক্স/pd/22343
অঞ্জন দত্ত,Not Listed,Community Partnership For Sustainable Water Management: Experience of the BWDB Systems Rehabitation Project: Institunal Developement Impacts (volume 4),২৮০৳,২২৯.৬০৳,https://www.wafilife.com/কমিউনিটি-পার্টনারশিপ-ফর-সাস্টেইনেবল-ওয়াটার-ম্যানেজমেন্ট-এক্স/pd/22336
অঞ্জন মজুমদার,Not Listed,পুব পাহাড়ের গুপ্তধন,২০০৳,১৯০৳,https://www.wafilife.com/pub-paharer-guptodhon/pd/36093
অঞ্জন মজুমদার,Not Listed,লেয়ার মুরগি পালন ছোট ভুলে বড় ক্ষতি,২০০৳,১৯০৳,https://www.wafilife.com/layer-murgi-palon-choto-vule-boro-khoti/pd/10742
অঞ্জন শরীফ,Not Listed,লিখনশৈলী,২৫০৳,২০০৳,https://www.wafilife.com/likhanshaili/pd/59429
অঞ্জন সাহা,Not Listed,বাংলাদেশের প্রেক্ষাপটে ডিপ্লোমা শিক্ষা,৩০০৳,২৪৯৳,https://www.wafilife.com/bangladesher-prekkhapote-diploma-sikkha/pd/49510
অঞ্জন সেন,Not Listed,বাংলার চিত্রকলা: মধ্যযুগ থেকে কালীঘাট,২০০৳,১৭২৳,https://www.wafilife.com/banglar-chitrokola-moddjug-thyka-kalighat/pd/76290
অঞ্জলি সরকার,Not Listed,সফল যারা কেমন তারা,২৭০৳,২০২.৫০৳,https://www.wafilife.com/shofol-jara-kemon-tara/pd/44319
অড্রি ট্রুসকে,Not Listed,আওরঙ্গজেব : বিতর্কের অন্তরালে,৩০০৳,২৪০৳,https://www.wafilife.com/aorongojeber-bitorker-ontrale/pd/23872
অড্রি ট্রুসকে,Not Listed,আওরঙ্গজেব ব্যক্তি ও কল্পকথা,২০০৳,১৪৬৳,https://www.wafilife.com/awrongojeb-bekti-o-kolpokotha/pd/8935
অণিমা বিশ্বাস,Not Listed,আমার বই,৬০৳,৫২৳,https://www.wafilife.com/amar-boi/pd/35978
অতনু চক্রবর্ত্তী,Not Listed,মেঘে ঢাকা তারা বিস্মৃতির মেঘে ঢেকে যাওয়া বাঙালি বিজ্ঞানী (২য় খণ্ড),২০০৳,১৬০৳,https://www.wafilife.com/meghe-dhaka-tara-2/pd/9226
অতনু চক্রবর্ত্তী,Not Listed,মেঘে ঢাকা তারা বিস্মৃতির মেঘে ঢেকে যাওয়া বাঙালি বিজ্ঞানী,২০০৳,১৬০৳,https://www.wafilife.com/meghe-dhaka-tara/pd/9225
অতনু তিয়াস,Not Listed,বুদ্ধি দিয়ে রাজ্য জয়,১২০৳,৯০৳,https://www.wafilife.com/buddhi-diye-rajya-joy/pd/69529
অতনু রায় চৌধুরী,Not Listed,শূন্য দিয়ে ভাগ করলে কী হয়,৪০০৳,৩২৮৳,https://www.wafilife.com/shunno-diye-vag-korle-ki-hoy/pd/8868
অতীন্দ্র মজুমদার,Not Listed,ভাষা তত্ত্ব,২৫০৳,২১৫৳,https://www.wafilife.com/vasha-tottho/pd/36838
অতীন্দ্র মজুমদার,Not Listed,চর্যাপদ,২২০৳,১৬৭.৬০৳,https://www.wafilife.com/charjapad/pd/40992
অতুল সুর,Not Listed,বাঙলা ও বাঙালীর বিবর্তন,৭০০৳,৫২৫৳,https://www.wafilife.com/bangla-o-bangalir-biborton/pd/14539
অতুল সুর,Not Listed,মহাভারত ও সিন্ধুসভ্যতা,২০০৳,১৫৪৳,https://www.wafilife.com/mahabharat-o-sindhusabhyta/pd/43013
অতুল সুর,Not Listed,বাঙালির নৃতাত্ত্বিক পরিচয়,১৫০৳,১২৫৳,https://www.wafilife.com/bangalir-nritattik-porichoy/pd/7849
অতুলচন্দ্র গুপ্ত,Not Listed,কাব্যজিজ্ঞাসা,২০০৳,১৬৬৳,https://www.wafilife.com/kabyajigyasa/pd/51025
অতুলচন্দ্র গুপ্ত,Not Listed,কাব্য জিজ্ঞাসা,১৫০৳,১২৫৳,https://www.wafilife.com/kabbo-gigassa/pd/42305
অতুলচন্দ্র গুপ্ত,Not Listed,কাব্যজিজ্ঞাসা,৭৫৳,৫৬৳,https://www.wafilife.com/kabbojiggasa/pd/34893
অতুলপ্রসাদ,Not Listed,ত্রয়ী,৩০০৳,২২৫৳,https://www.wafilife.com/troyee/pd/40098
অথির চক্রবর্তী,Not Listed,কুয়াশার হরিণ,৩০০৳,২৪০৳,https://www.wafilife.com/kuashar-horin/pd/78532
অথির চক্রবর্তী,Not Listed,রাজা হাতির ঘণ্টা বাজে,১২০৳,৯৬৳,https://www.wafilife.com/raja-hatir-ghonta-baje/pd/55106
অদিতি চ্যাটার্জী,Not Listed,চট্টগ্রাম বিশ্ববিদ্যালয় প্রশ্নব্যাংক ও মডেল টেস্ট মানবিক শাখা - বি ইউনিট (পেপারব্যাক),৫২৫৳,৩৬০৳,https://www.wafilife.com/cu-prosnobank-a-unit/pd/5645
অদিতি চ্যাটার্জী,Not Listed,রাজশাহী বিশ্ববিদ্যালয় প্রশ্নব্যাংক ও মডেল টেস্ট ব্যবসায় শিক্ষা অনুষদ - বি ইউনিট,৫২৫৳,৩৬০৳,https://www.wafilife.com/ru-prosnobank-b-unit/pd/5642
অদিতি চ্যাটার্জী,Not Listed,জয়কলি বাংলাদেশ ইউনিভার্সিটি অব প্রফেশনালস : প্রশ্নব্যাংক (ব্যবসায় এফবিএস),৫২৫৳,৩৬০৳,https://www.wafilife.com/joykoly-bangladesh-university-of-professional-bup-fbs-bebsay/pd/5675
অদিতি চ্যাটার্জী,Not Listed,জয়কলি বাংলাদেশ ইউনিভার্সিটি অব প্রফেশনালস : প্রশ্নব্যাংক (মানবিক এফএএসএস),৫২৫৳,৩৬০৳,https://www.wafilife.com/joykoly-bangladesh-university-of-professional-bup-fass-manob/pd/5674
অদিতি চ্যাটার্জী,Not Listed,কৃষি বিচিত্রা (সকল কৃষি বিশ্ববিদ্যালয় ভর্তি পরীক্ষার সহায়ক টেক্সট বুক),৮২৫৳,৫৬০৳,https://www.wafilife.com/krishi-bichitra/pd/5673
অদিতি চ্যাটার্জী,Not Listed,জয়কলি বাংলাদেশ ইউনিভার্সিটি অব প্রফেশনালস প্রশ্নব্যাংক (এফএসএসএস সমন্বিত),৫০০৳,৩৬০৳,https://www.wafilife.com/bup-fsss-somonnito/pd/5676
অদিতি তুলি,Not Listed,আনন্দ বসন্ত সমাগমে(হার্ডকভার),২৮০৳,১৯৬৳,https://www.wafilife.com/e0a686e0a6a8e0a6a8e0a78de0a6a6-e0a6ace0a6b8e0a6a8e0a78de0a6a/pd/66429
অদিতি তুলি,Not Listed,দুঃখগুলো নির্বাসিত হোক (হার্ডকভার),২২০৳,১৫৪৳,https://www.wafilife.com/e0a6a6e0a781e0a683e0a696e0a697e0a781e0a6b2e0a78b-e0a6a8e0a6b/pd/66408
অদিতি ফাল্গুনী,Not Listed,গ্রিক পুরাণের গল্প,৩০০৳,২৪০৳,https://www.wafilife.com/greek-puraner-golpo/pd/76286
অদিতি ফাল্গুনী,Not Listed,বাংলার নারী সংগ্রামের ইতিহাস,২০০৳,১৫০৳,https://www.wafilife.com/banglar-nari-songramer-etihas/pd/44255
অদিতি ফাল্গুনী,Not Listed,আদিবাসী জনগণের অধিকার বিষয়ক জাতিসংঘের ঘোষণা,১৫০৳,১২০৳,https://www.wafilife.com/adibashi-jonogoner-odhikar-bisoyok-jatisongher-ghosona/pd/24163
অদিতি ফাল্গুনী,Not Listed,শিরদাঁড়া বাঁশীর কবি,১৫০৳,১২৩৳,https://www.wafilife.com/shirdanra-banshi-r-kobi/pd/53155
অদিতি ভট্টাচার্য্য,Not Listed,চট্টগ্রাম বিশ্ববিদ্যালয় প্রশ্নব্যাংক ও মডেল টেস্ট ব্যবসায় শিক্ষা - সি ইউনিট (পেপারব্যাক),৫২৫৳,৩৬০৳,https://www.wafilife.com/cu-prosnobank-c-unit/pd/5646
অদ্বৈত কুমার দাস,Not Listed,অগ্রবর্তী সংখ্যাতত্ত্ব (নিউজপ্রিন্ট),২৪০৳,১৯৬.৮০৳,https://www.wafilife.com/advanced-theory-of-numbers/pd/16867
অদ্বৈত কুমার দাস,Not Listed,অন্তরক প্রজগতের জ্যামিতি (নিউজপ্রিন্ট),২৪০৳,১৯২৳,https://www.wafilife.com/geometry-of-differential-manifolds/pd/16856
অদ্বৈত কুমার দাস,Not Listed,সাংখ্যিক বিশ্লষণ - অনার্স ৩য় বর্ষ,৩০০৳,২৪০৳,https://www.wafilife.com/numerical-analysis/pd/16826
অদ্বৈত কুমার দাস,Not Listed,সংখ্যাতত্ত্ব - অনার্স ৪র্থ বর্ষ,২২০৳,১৭৬৳,https://www.wafilife.com/songkhatotto/pd/16857
অদ্বৈত কুমার দাস,Not Listed,ফলিত গণিতের পদ্ধতি - ৪র্থ বর্ষ,৩৩০৳,২৬৪৳,https://www.wafilife.com/folito-goniter-poddhoti-4th-year/pd/16866
অদ্বৈত মল্লবর্মণ,Not Listed,তিতাস একটি নদীর নাম,৪০০৳,৩২০৳,https://www.wafilife.com/titash-ekti-nodir-nam/pd/64529
অদ্বৈত মল্লবর্মণ,Not Listed,তিতাস একটি নদীর নাম,৩৩৩৳,২৫০৳,https://www.wafilife.com/titas-ekti-nodir-name/pd/64245
অদ্বৈত মল্লবর্মণ,Not Listed,তিতাস একটি নদীর নাম,৩০০৳,২৪৯৳,https://www.wafilife.com/titas-ekti-nadir-nam/pd/64055
অদ্বৈত মল্লবর্মণ,Not Listed,তিতাস একটি নদীর নাম,৪৫০৳,৩৬০৳,https://www.wafilife.com/titas-ekti-nodir-nam/pd/59418
অদ্বৈত মল্লবর্মণ,Not Listed,গল্পসমগ্র,২২০৳,১৮৩৳,https://www.wafilife.com/golposomogro/pd/37300
অদ্বৈত মল্লবর্মণ,Not Listed,তিতাস একটি নদীর নাম,২৫০৳,২১৯৳,https://www.wafilife.com/titas-ekti-nodir-nam/pd/79112
অদ্বৈত মারুত,Not Listed,গোলপাহাড়ের ঘোড়া,২৫০৳,২০৫৳,https://www.wafilife.com/goalpaharer-ghora/pd/72619
অদ্বৈত মারুত,Not Listed,ফাঁদে পড়ে কাঁদে দানো,১০০৳,৮৬৳,https://www.wafilife.com/phande-pore-kande-dano/pd/53949
অদ্বৈত মারুত,Not Listed,পাখিগাছ ও বুড়ো কাকের গল্প,১০০৳,৮২৳,https://www.wafilife.com/pakhigach-o-buro-kaker-golpo/pd/43452
অদ্বয় দত্ত,Not Listed,চার রঙের রূপকথা,১৫০৳,১২০৳,https://www.wafilife.com/char-ronger-roopkotha/pd/41926
অদ্রি মনির হাসান,Not Listed,The Secrets of Pirate Island,১৯০৳,১৫৮৳,https://www.wafilife.com/the-secrets-of-pirate-island/pd/47465
অধীর বিশ্বাস,Not Listed,আমরা তো এখন ইন্ডিয়ায়,৮৫৳,৭৩৳,https://www.wafilife.com/amra-to-akhon-india-a/pd/36018
অধীর বিশ্বাস,Not Listed,আল্লাহর জমিতে পা,২৫০৳,২১৫৳,https://www.wafilife.com/allahor-jomite-pa/pd/35994
অধ্যক্ষ (অব.) মোঃ আল মামুন জাহাঙ্গীরি,Not Listed,আমার ছোট্টবেলা,২৫০৳,২০০৳,https://www.wafilife.com/amar-chotobela/pd/78728
অধ্যক্ষ আবদুল মজীদ,Not Listed,বিতর্কিত জেরুজালেম নগরী,১২০৳,১১৪৳,https://www.wafilife.com/bitorkito-jarujalem/pd/73937
অধ্যক্ষ আবু আব্দুল্লাহেল কাফী,Not Listed,স্বাধীনতা ও সার্বোভৌমত্ব আল্লাহর বিরাট এক নিয়ামত,৫০৳,৪০৳,https://www.wafilife.com/shadhinota-o-sharbovomotto-allahor-ek-birat-niyamot/pd/58736
অধ্যক্ষ আবু আব্দুল্লাহেল কাফী,Not Listed,নূরে নূরানী পাঞ্জেসূরা,৩০৳,২২৳,https://www.wafilife.com/nure-nurani-panjesura/pd/46018
অধ্যক্ষ আবু সাঈদ বিশ্বাস,Not Listed,জীববিজ্ঞান-দ্বিতীয় পত্র (একাদশ-দ্বাদশ শ্রেণি),২২৪৳,১৯৮৳,https://www.wafilife.com/biology-2nd-paper-for-class-xi-xii/pd/45476
অধ্যক্ষ এ কিউ এম আবদুল হাকিম আল মাদানী,Not Listed,ইমাম ইবনু তাইমিয়া (রহ) ও শায়খ মুহাম্মদ ইবনু আবদিল ওয়াহহাব (রহ) : জীবন ও কর্ম,৮০৳,৬৪৳,https://www.wafilife.com/ibnu-taimia-o-abdil-wahab-rh-jibon-o-kormo/pd/2231
অধ্যক্ষ এ. কে. এম. জহুরুল হক,Not Listed,জরুরী মাছায়েল ও দোয়ায়ে মাছনুনাহ বা বেহেস্তের কুঞ্জী,৪০৳,২৮৳,https://www.wafilife.com/joruli-machayel-o-doyaye-machonunaho-ba-behester-kunji/pd/38787
অধ্যক্ষ এ. কে. এম. জহুরুল হক,Not Listed,আদাবুল মুরিদ বা ছাবেরিয়া তরিকার ছবক,৪০৳,৩৫৳,https://www.wafilife.com/adabul-murid-ba-saberia-torikar-sobok/pd/12319
অধ্যক্ষ এ. কে. এম. জহুরুল হক,Not Listed,শরীয়তের দৃষ্টিতে টেলিভিশন ও ভি.সি.আর,২০৳,১৮৳,https://www.wafilife.com/shoriyoter-drishtite-television-o-v-c-r/pd/12352
অধ্যক্ষ এইচ এম ওমর ফারুক সাইফী,Not Listed,রত্ন সাগর,১৫০৳,৮৩৳,https://www.wafilife.com/rotno-sagor/pd/19767
অধ্যক্ষ এম এ কালাম,Not Listed,হিসাববিজ্ঞান -প্রথম পত্র (প্রথম ও দ্বিতীয় খন্ড) - একাদশ-দ্বাদশ শ্রেণি,0,৭২৫৳,https://www.wafilife.com/accounting-1st-paper-1st/pd/30781
অধ্যক্ষ এম এ কালাম,Not Listed,ব্যবসায় ও বাণিজ্যিক আইন-বিবিএ (অনার্স) ৩য় বর্ষ (একাউন্টিং),৪২৯৳,৩৯৯৳,https://www.wafilife.com/business-and-commercial-laws-bba-hon-s-3rd-year-accounting/pd/30776
অধ্যক্ষ এম এ কালাম,Not Listed,হিসাববিজ্ঞান - দ্বিতীয় পত্র (প্রথম ও দ্বিতীয় খন্ড) - একাদশ-দ্বাদশ শ্রেণি,৭৫০৳,৬৭৫৳,https://www.wafilife.com/accounting-2nd-paper-1st/pd/30792
অধ্যক্ষ এম এ কালাম,Not Listed,ব্যাংকিং ও বিমা-বিবিএ (অনার্স) ৩য় বর্ষ (একাউন্টিং),৪২৯৳,৩৯৯৳,https://www.wafilife.com/banking-and-insurance-bba-hon-s-3rd-year-accounting/pd/30778
অধ্যক্ষ এম এ কালাম,Not Listed,Financial Management (For 4th Year Management Department),৫৭২৳,৫১৫৳,https://www.wafilife.com/financial-management-for-4th-year-management-department/pd/30796
অধ্যক্ষ এম এ কালাম,Not Listed,বিনিয়োগ ব্যবস্থাপনা - অনার্স ৪র্থ বর্ষ,৫৯৩৳,৫৩৪৳,https://www.wafilife.com/investment-management-for-4th-year-management-department/pd/30782
অধ্যক্ষ এম এ কালাম,Not Listed,সরবরাহ শিকল ব্যবস্থাপনা (৪র্থ বর্ষ ব্যবস্থপনা বিভাগের জন্য),৩৮৬৳,৩৪৭৳,https://www.wafilife.com/supply-management-for-4th-year-management-department/pd/30774
অধ্যক্ষ এম এ কালাম,Not Listed,"ফিন্যান্স, ব্যাংকিং ও বিমা - প্রথম পত্র - (ফিন্যান্স সমাধান)একাদশ-দ্বাদশ শ্রেণি",১৩৫৳,১২২৳,https://www.wafilife.com/finance-banking-and-insurance-1st-paper/pd/30783
অধ্যক্ষ এম এ কালাম,Not Listed,"শিল্পোদ্যোগ-বিবিএ (অনার্স) ৩য় বর্ষ (একাউন্টিং, ফাইনান্স এবং ব্যাংকিং)",৩৯৩৳,৩৫৪৳,https://www.wafilife.com/entrepreneurship-bba-hon-s-3rd-year-accouning-finance-and-ba/pd/30788
অধ্যক্ষ এম এ কালাম,Not Listed,"ফিন্যান্স, ব্যাংকিং ও বিমা - প্রথম পত্র ( ফিন্যান্স )",৪৮৮৳,৪৬৪৳,https://www.wafilife.com/finance-banking-and-insurance-1st-part-finance/pd/30771
অধ্যক্ষ এম এ কালাম,Not Listed,"ফিল্যান্স, ব্যাংকিং ও বিমা - দ্বিতীয় পত্র ( ব্যাংকিং ও বিমা )",0,৪৩৮৳,https://www.wafilife.com/finance-banking-and-insurance-2nd-paper-banking-and-insuranc/pd/30777
অধ্যক্ষ এম এ কালাম,Not Listed,হিসাববিজ্ঞান -প্রথম পত্র (প্রথম ও দ্বিতীয় খন্ড) (একাদশ-দ্বাদশ শ্রেণি),0,৭২৫৳,https://www.wafilife.com/accounting-1st-paper-class-xi-xii/pd/30768
অধ্যক্ষ এম এ কালাম,Not Listed,নিরীক্ষা ও নিশ্চয়তা - বিবিএ (অনার্স) ৩য় বর্ষ (একাউন্টিং),৪৫৮৳,৩৮৫৳,https://www.wafilife.com/nirikkha-o-nischoyota-bba-honors-3rd-year-accounting/pd/16924
অধ্যক্ষ এম এ কালাম,Not Listed,সরবরাহ শিকল ব্যবস্থাপনা (৪র্থ বর্ষ ব্যবস্থপনা বিভাগের জন্য),৩৪০৳,২৮৫৳,https://www.wafilife.com/sorboraho-sikol-babosthapona-choturtho-borsho-babosthapona-b/pd/16979
অধ্যক্ষ এম এ কালাম,Not Listed,"ফিন্যান্স, ব্যাংকিং ও বিমা - দ্বিতীয় পত্র (ব্যাংকিং ও বিমা)",৩৩৮৳,৩১৭৳,https://www.wafilife.com/finance-banking-o-bima-ditio-potro-banking-o-bima/pd/17007
অধ্যক্ষ এম এ কালাম,Not Listed,Financial Management (For 4th Year Management Department),৪৫৮৳,৪১২৳,https://www.wafilife.com/ফিনান্সিয়াল-ব্যবস্থাপনা-৪র্থ-বর্ষ-ব্যবস্থাপনা-বিভাগের-জন্য/pd/17004
অধ্যক্ষ এম এ কালাম,Not Listed,ব্যবসায় ও বাণিজ্যিক আইন - বিবিএ (অনার্স) ৩য় বর্ষ (একাউন্টিং),৩৭২৳,৩১২৳,https://www.wafilife.com/babosay-o-banijjik-ayin-bba-honors-3rd-year-accounting/pd/17000
অধ্যক্ষ এম এ কালাম,Not Listed,"শিল্পোদ্যোগ-বিবিএ (অনার্স) ৩য় বর্ষ (একাউন্টিং, ফাইনান্স এবং ব্যাংকিং)",৩৪৩৳,২৮৮৳,https://www.wafilife.com/silpodyog-bba-honors-3rd-year-accounting-finance-and-banking/pd/16995
অধ্যক্ষ এম এ কালাম,Not Listed,"ফিন্যান্স, ব্যাংকিং ও বিমা - প্রথম পত্র (ফিন্যান্স)",৩৫০৳,৩৩০৳,https://www.wafilife.com/finance-banking-and-bima-1st-part-finance/pd/16992
অধ্যক্ষ এম এ কালাম,Not Listed,ব্যাংকিং ও বিমা - বিবিএ (অনার্স) ৩য় বর্ষ (একাউন্টিং),৪০০৳,৩৫৫৳,https://www.wafilife.com/banking-o-bima-bba-honors-3rd-year-accounting/pd/16997
অধ্যক্ষ এম এ কালাম,Not Listed,হিসাববিজ্ঞান দ্বিতীয় পত্র (একাদশ-দ্বাদশ শ্রেণি),৭৫০৳,৭০৫৳,https://www.wafilife.com/hisabbiggan-ditio-potro-ekados-dados-sreni/pd/17002
অধ্যক্ষ এম এ কালাম,Not Listed,হিসাববিজ্ঞান প্রথম পত্র সমাধান,৩১৩৳,২৬৬৳,https://www.wafilife.com/hisabbiggan-prothom-potro-somadhan/pd/30803
অধ্যক্ষ এম এ কালাম,Not Listed,সাংগঠনিক আচরণ -বিবিএ (অনার্স) ৪র্থ বর্ষ,৩৪৪৳,৩১৩৳,https://www.wafilife.com/organizational-behavior-bba-honors-4th-year/pd/30802
অধ্যক্ষ এম এ কালাম,Not Listed,কোম্পানি আইন -বিবিএ (অনার্স) ৪র্থ বর্ষ,২৪৭৳,২২৫৳,https://www.wafilife.com/company-law-bba-honors-4th-year/pd/30801
অধ্যক্ষ এম এ কালাম,Not Listed,কমার্স সাজেশন্স প্রশ্ন ব্যাংক ও সমাধানসহ-বিবিএ অনার্স ৪র্থ বর্ষ,0,২০০৳,https://www.wafilife.com/commerce-suggestion-question-bank-and-with-solution-bba-hons/pd/30798
অধ্যক্ষ এম এ কালাম,Not Listed,কার্য ব্যবস্থাপনা -বিবিএ (অনার্স) ৪র্থ বর্ষ,২৭৭৳,২৫২৳,https://www.wafilife.com/operations-management-bba-honors-4th-year/pd/30804
অধ্যক্ষ এম এ কালাম,Not Listed,ব্যাংক ব্যবস্থাপনা (৪র্থ বর্ষ ব্যবস্থপনা বিভাগের জন্য),৩১৫৳,২৮৭৳,https://www.wafilife.com/bank-management-for-4th-year-management-department/pd/30800
অধ্যক্ষ এম এ কালাম,Not Listed,Business Statistics,0,৪৬২৳,https://www.wafilife.com/business-statistics/pd/30805
অধ্যক্ষ এম এ কালাম,Not Listed,উৎপাদন ব্যয় হিসাববিজ্ঞান - বিবিএ অনার্স ৩য় বর্ষ,৫৭২৳,৪৮৬৳,https://www.wafilife.com/cost-accounting-bbs-hons-3rd-yesr/pd/30797
অধ্যক্ষ এম সোলাইমান কাসেমী,Not Listed,ছোটোদের সাহাবিদের গল্প,৩০০৳,১৫৯৳,https://www.wafilife.com/chotoder-sahabider-golpo/pd/42887
অধ্যক্ষ এম সোলাইমান কাসেমী,Not Listed,ছোটোদের হাদিসের গল্প,৩০০৳,১৫৯৳,https://www.wafilife.com/chotoder-hadiser-golpo/pd/42889
অধ্যক্ষ এম সোলাইমান কাসেমী,Not Listed,ছোটোদের কুরআনের গল্প,৩০০৳,১৫৯৳,https://www.wafilife.com/chotoder-quraner-golpo/pd/42886
অধ্যক্ষ ছমির আমিনুল,Not Listed,ভাষা আন্দোলনে কুড়িগ্রাম,১২৫৳,১০৪৳,https://www.wafilife.com/vasha-andolone-kurigram/pd/49772
অধ্যক্ষ পার্থ প্রতিম চৌধুরী,Not Listed,আমেরিকার যত কথা,২৮০৳,২৩২৳,https://www.wafilife.com/americar-jhoto-kotha/pd/47697
অধ্যক্ষ বিশ্বনাথ মজুমদার,Not Listed,সার্টিফিকেট ইন ড্রাইভিং কাম অটো মেকানিক্স,৩৮০৳,৩৬১৳,https://www.wafilife.com/certificate-in-driving-cum-auto-mechanics/pd/44056
অধ্যক্ষ বিশ্বনাথ মজুমদার,Not Listed,সার্টিফিকেট ইন ড্রাইভিং কাম অটো মেকানিক্স,৩৮০৳,৩৬৯৳,https://www.wafilife.com/certificate-in-driving-cum-auto-mechanics/pd/39500
অধ্যক্ষ মাও. যাইনুল আবেদীন (তামিরুল মিল্লাত),Not Listed,হেরার জ্যোতি দারসুল কুরআন সমাহার,২৪০৳,২০৪৳,https://www.wafilife.com/herar-joti-darsul-quran-somahar/pd/25427
অধ্যক্ষ মাওলানা আবদুর রাজ্জাক,Not Listed,মকছুদুল মুত্তাকীন,৩০০৳,২৫৯৳,https://www.wafilife.com/mokchudul-muttakin/pd/74121
অধ্যক্ষ মাওলানা মুহাম্মদ মফিজুর রহমান,Not Listed,জান্নাত লাভে ধন্য যারা,২৩০৳,১৬৮৳,https://www.wafilife.com/jannat-lave-donnho-jara/pd/45383
অধ্যক্ষ মাওলানা মুহাম্মদ যাইনুল আবেদীন,Not Listed,আমানত : ইসলামি দৃষ্টিকোণ,১৪০৳,১০৫৳,https://www.wafilife.com/amanot-islami-dristikon/pd/60838
অধ্যক্ষ মীর মকবুল আহমদ,Not Listed,আল-বারাকা একের ভিতর অনেক (ইবতেদায়ি তৃতীয় শ্রেনি),0,৩৬০৳,https://www.wafilife.com/al-baraka-aker-vitor-onek-ibtadayi-tityio-sreni/pd/36746
অধ্যক্ষ মীর মকবুল আহমদ,Not Listed,আল-বারাকা একের ভিতর অনেক (ইবতেদায়ি চতুর্থ শ্রেনি),0,৩৪৯৳,https://www.wafilife.com/al-baraka-aker-vitor-onek-ibtadayi-4th-sreni/pd/36726
অধ্যক্ষ মীর মকবুল আহমদ,Not Listed,আল-বারাকা একের ভিতর অনেক (ইবতেদায়ী দ্বিতীয় শ্রেনি),0,২০০৳,https://www.wafilife.com/al-barakah-aker-vitor-onek-ibtadayi-2nd-class/pd/36747
অধ্যক্ষ মীর মকবুল আহমদ,Not Listed,আল-বারাকা একের ভিতর অনেক (ইবতেদায়ি পঞ্চম শ্রেনি),0,৬৬০৳,https://www.wafilife.com/al-baraka-aker-vitor-onek-ibtadayi-ponchom-sreni/pd/36755
অধ্যক্ষ মুহাম্মদ আলমগীর,Not Listed,An Analytical Look into Modern and Islamic Education,৮০৳,৫৬৳,https://www.wafilife.com/এন-এনালিটিক্যাল-লুক-ইনটু-মর্ডাণ-এন্ড-ইসলামিক-এডুকেশন/pd/26061
অধ্যক্ষ মুহাম্মদ আলমগীর,Not Listed,কুর’আন সম্মত মুসলিম জীবন,২০০৳,১৩৬৳,https://www.wafilife.com/quran-sshommoto-muslim-jibon/pd/43815
অধ্যক্ষ মুহাম্মদ মিজানুর রহমান চৌধুরী,Not Listed,তালীমুস সুন্নাহ,0,৩০০৳,https://www.wafilife.com/talimus-sunnah/pd/5450
অধ্যক্ষ মুহাম্মাদ ফজলুর রহমান,Not Listed,নওয়াফেলুল ইসলাম,২০০৳,১৬৬৳,https://www.wafilife.com/nouyafelul-islam/pd/51956
অধ্যক্ষ মো. আনিছুর রহমান,Not Listed,আলোকিত পথে,১২০৳,১১০৳,https://www.wafilife.com/alokito-pothe/pd/77672
অধ্যক্ষ সাইয়্যেদ কামালুদ্দীন জাফরী,Not Listed,আপনার প্রশ্নের জবাব?,৪৫০৳,৩৩৮৳,https://www.wafilife.com/apnar-proshner-jobab/pd/14285
অধ্যক্ষ হাফিজ উদ্দিন আহমেদ,Not Listed,পৃথিবীর প্রাচীন সভ্যতা,৩৫০৳,২৬৩৳,https://www.wafilife.com/prithibir-prachin-sovyota/pd/53039
অধ্যক্ষ হাফিজ উদ্দিন আহমেদ,Not Listed,পরিবার রাষ্ট্র ও ধর্মের সমাজতত্ত্ব,২৫০৳,১৮৮৳,https://www.wafilife.com/poribar-rastro-o-dormar-somajtotto/pd/53036
অধ্যক্ষ হামিদুর হক মুন্সী,Not Listed,ভালো ছাত্র হওয়া ও পরীক্ষায় বেশি নম্বর পাবার উপায়,১৫০৳,১১৩৳,https://www.wafilife.com/valo-chatro-howa-o-porikkhay-beshi-nombor-pawar-upay/pd/8769
অধ্যাপক অরুণ কুমার নাথ,Not Listed,গণিত বিচিত্রা: গণিত ১ম ও ২য় পত্র,৮২৫৳,৫৬১৳,https://www.wafilife.com/ganit-bichitra/pd/5621
অধ্যাপক আতাউর রহমান,Not Listed,রম্য সাহিত্যিক আতাউর রহমান রচনাসমগ্র,৭৫০৳,৫৮৫৳,https://www.wafilife.com/romma-sahittik-ataur-rahman-rochonasomgro/pd/41444
অধ্যাপক আতাউর রহমান,Not Listed,বিদেশে বিভুঁইয়ে যখন যেখানে,২২৫৳,১৮০৳,https://www.wafilife.com/bideshe-bivuiye-zokhon-zekhane/pd/16174
অধ্যাপক আতাউর রহমান,Not Listed,যৎকিঞ্চিৎ,৩০০৳,২৩৪৳,https://www.wafilife.com/jotkinshit/pd/41317
অধ্যাপক আতাউর রহমান,Not Listed,জীবন স্মৃতি ও জীবনরঙ্ক,২০০৳,১৬০৳,https://www.wafilife.com/jibon-smriti-o-jibonrango/pd/51514
অধ্যাপক আনোয়ারুল কবির,Not Listed,মেধাবী,৪০০৳,৩৩৪৳,https://www.wafilife.com/easy-method-for-success-of-study-in-student-life-genius/pd/46272
অধ্যাপক আনোয়ারুল কবির,Not Listed,মেধাবী,৪০০৳,৩০০৳,https://www.wafilife.com/medhabi/pd/8074
অধ্যাপক আবদুল কুদ্দুস আদিল,Not Listed,আধুনিক সভ্যতার উজান বাঁকে,৪০০৳,৩০০৳,https://www.wafilife.com/adhunik-sovvotar-ujan-bake/pd/13423
অধ্যাপক আবদুল কুদ্দুস আদিল,Not Listed,বিশ্বনবীর জীবনচরিত,৩০০৳,২১০৳,https://www.wafilife.com/bishwanabir-jibonchorito/pd/30600
অধ্যাপক আবদুল গফুর,Not Listed,স্বাধীনতার গল্প শোনো,১৫০৳,১০৫৳,https://www.wafilife.com/shadinata-golop-shono/pd/34278
অধ্যাপক আবদুল গফুর,Not Listed,আমার কালের কথা,৩০০৳,২১০৳,https://www.wafilife.com/amar-kaler-kotha/pd/34310
অধ্যাপক আবদুল মান্নান,Not Listed,গ্রামীণ নারী,২৫০৳,২০০৳,https://www.wafilife.com/grameen-nari/pd/47637
অধ্যাপক আবদুল হালিম,Not Listed,রাসূল (সাঃ)- এর জীবন ও কুরআনের দর্শন,৩৫০৳,২৮০৳,https://www.wafilife.com/rasul-sw-er-jibon-o-quraner-dorshon/pd/71316
অধ্যাপক আবু সাইয়িদ,Not Listed,অঘোষিত যুদ্ধের ব্লু প্রিন্ট,৫০০৳,৪১৫৳,https://www.wafilife.com/oghoshito-juddhor-blue-print/pd/50247
অধ্যাপক আবু সাইয়িদ,Not Listed,বাংলাদেশের গেরিলা যুদ্ধ,৩৫০৳,২৮০৳,https://www.wafilife.com/bangladesher-guerrilla-juddho/pd/52538
অধ্যাপক আবু সাইয়িদ,Not Listed,তোমার আলোকে রহিব জাগিয়া,৩৫০৳,২৯১৳,https://www.wafilife.com/tomar-aloke-rohibo-jagiya/pd/52379
অধ্যাপক আবু সাইয়িদ,Not Listed,ইতিহাসের দায়ভার ও একজন আদুরী,২২৫৳,১৮০৳,https://www.wafilife.com/itihaser-dayvar-o-ekjon-aduri/pd/52108
অধ্যাপক আবু সাইয়িদ,Not Listed,গণহত্যা ‘৭১,৩০০৳,২৪০৳,https://www.wafilife.com/gonohatta-71/pd/52247
অধ্যাপক আবু সাইয়িদ,Not Listed,মৃত্যুঞ্জয়ী মুজিব,২৫০৳,২০৮৳,https://www.wafilife.com/mrittunjoye-mujib/pd/50542
অধ্যাপক আবু সাইয়িদ,Not Listed,মুক্তিযুদ্ধের দলিল লণ্ডভণ্ড এবং অতঃপর,৫০০৳,৪০০৳,https://www.wafilife.com/muktijuddher-dalil-londovando/pd/46133
অধ্যাপক আবু সাইয়িদ,Not Listed,বাংলাদেশ : থ্রেট অব ওয়ার,৩০০৳,২৪৯৳,https://www.wafilife.com/bangladesh-threat-of-war/pd/50198
অধ্যাপক আবু সাইয়িদ,Not Listed,মুক্তিযুদ্ধ : সিক্রেট ডিপ্লোম্যাসি,৩০০৳,২৪০৳,https://www.wafilife.com/muktizuddha-secret-diplomacy/pd/7672
অধ্যাপক আবু সাইয়িদ,Not Listed,যুদ্ধের আড়ালে যুদ্ধ,৪০০৳,৩৩২৳,https://www.wafilife.com/juddar-adali-juddo/pd/43207
অধ্যাপক আবু সাইয়িদ,Not Listed,রক্তমাখা বুক জুড়ে স্বদেশের ছবি,৭০৳,৫৮৳,https://www.wafilife.com/raktomakha-buk-jure-sodesher-sobi/pd/50543
অধ্যাপক আবু সাইয়িদ,Not Listed,কোর্ট মার্শাল আমি মৃত্যুকে পরোয়া করি না,৩৫০৳,২৮০৳,https://www.wafilife.com/court-marshal-aami-mrittuke-proya-kori-na/pd/33456
অধ্যাপক আবু সৈয়দ,Not Listed,Undeclared War: The blue Print,২০০৳,১৬৬৳,https://www.wafilife.com/undeclared-war-the-blue-print/pd/50215
অধ্যাপক আবুল আফছার,Not Listed,ঐতিহ্য,১৬৫৳,১৩৯৳,https://www.wafilife.com/oitijjha/pd/45268
অধ্যাপক আবুল কালাম চৌধুরী,Not Listed,মানব সম্পদ ব্যবস্থাপনা ( ২২২৬০১) ব্যবস্থাপনা বিভাগ দ্বিতীয় বর্ষ পাঠ্যবই,৪০০৳,৩২৮৳,https://www.wafilife.com/human-resource-management-222601-department-of-management-se/pd/31603
অধ্যাপক আবুল বাসার,Not Listed,ইসলামের ইতিহাস ও সংস্কৃতি - ২য় পত্র (একাদশ - দ্বাদশ শ্রেণি) (নিউজপ্রিন্ট),0,৩০০৳,https://www.wafilife.com/islamer-itihas-o-songskriti-ditiyo-potro/pd/16488
অধ্যাপক আবুল বাসার,Not Listed,ইসলামের ইতিহাস ও সংস্কৃতি - ১ম পত্র (একাদশ - দ্বাদশ শ্রেণি) (নিউজপ্রিন্ট),0,৩২৫৳,https://www.wafilife.com/islamer-itihas-o-songskriti-prothom-potro/pd/16489
অধ্যাপক আব্দুল মতিন,Not Listed,দৈনন্দিন জীবনে দোয়া ও জিকির,৩২৳,২২.৪০৳,https://www.wafilife.com/doinondin-jibone-doa-o-jikir/pd/4623
অধ্যাপক আব্দুল মান্নান চৌধূরী,Not Listed,মুক্তিযুদ্ধ ও মুজিব বাহিনী,১৫০৳,১২০৳,https://www.wafilife.com/muktijuddo-o-mujib-bahine/pd/54199
অধ্যাপক আব্দুস সালাম,Not Listed,জীবনের স্মৃতিকথা,১৬০৳,১২০৳,https://www.wafilife.com/jiboner-smritikotha/pd/36438
অধ্যাপক আলমগীর জলিল,Not Listed,রুবাইয়াৎ-ই-ওমর খৈয়াম,১৫০৳,১২৯৳,https://www.wafilife.com/rubayet-e-omor-khoiam/pd/76685
অধ্যাপক আশরাফ উজ জামান খান,Not Listed,Golden Words,৩০০৳,২৪০৳,https://www.wafilife.com/গোল্ডেন-ওয়ার্ডস্/pd/22489
অধ্যাপক আসহাবউদ্দীন আহমদ,Not Listed,ঘুষ,২৫০৳,১৯৩৳,https://www.wafilife.com/ghush/pd/43098
অধ্যাপক এ কে আজাদ খান,Not Listed,বাংলাদেশ ডায়াবেটিক সমিতি পথ-পরিক্রমা,২৫০৳,২১৫৳,https://www.wafilife.com/bangladesh-diabetic-somiti-patha-porikroma/pd/47183
অধ্যাপক এ কে আজাদ খান,Not Listed,সড়কপথে অক্সফোর্ড থেকে ঢাকা,২৫০৳,২০০৳,https://www.wafilife.com/sorokpothe-oxford-theke-dhaka/pd/21668
অধ্যাপক এ কে এম শহীদুল্লাহ,Not Listed,প্রাচ্যের রাষ্ট্রচিন্তা (অনার্স ২য় বর্ষ টেক্সট বই) (রাষ্ট্রবিজ্ঞান বিভাগ),৪১৫৳,৩৪০৳,https://www.wafilife.com/praccher-rastrochinta-honors-2nd-year-text-book-department-o/pd/31053
"অধ্যাপক এ, এফ, এম মতিউর রহমান",Not Listed,ছোটদের কুরআনের কাহিনী,১৫০৳,১০৫৳,https://www.wafilife.com/chotoder-quraner-kahini/pd/479
অধ্যাপক এ. এন. চৌধুরী,Not Listed,সমন্বিত প্রাণিবিজ্ঞান (১ম খন্ড),৩০০৳,২৫৫৳,https://www.wafilife.com/somonito-zoolozy-1st-part/pd/45453
অধ্যাপক এ. এন. চৌধুরী,Not Listed,উচ্চ মাধ্যমিক জীববিজ্ঞান (প্রাণিবিজ্ঞান),0,৩০০৳,https://www.wafilife.com/higher-secondary-biology-zoology/pd/45432
অধ্যাপক এ. এন. চৌধুরী,Not Listed,উচ্চ মাধ্যমিক জীববিজ্ঞান-উদ্ভিদবিজ্ঞান (১ম পত্র),0,২২৪৳,https://www.wafilife.com/higher-secondary-biology-botany-1st-part/pd/45430
অধ্যাপক এ. এফ. এম. আবদুল আযীয,Not Listed,হযরত মুজা্দ্দিদে আল্‌ফে সানী (র): জীবন ও কর্ম ২য় খণ্ড,৩৫০৳,৩২৫৳,https://www.wafilife.com/hazrat-mujaddid-alfesani-rahmatullahi-alaihi-1st-part/pd/20132
অধ্যাপক এ. এফ. এম. আবদুল আযীয,Not Listed,হযরত মুজা্দ্দিদ আল্‌ফেসানী রাহমাতুল্লাহি আলাইহি ১ম খণ্ড,৩৪০৳,৩১৬৳,https://www.wafilife.com/hazrat-mujaddid-alfesani-rahmatullahi-alaihi-1st-part/pd/20131
অধ্যাপক একেএম শহীদুল্লাহ,Not Listed,প্রাচ্যের রাষ্ট্রবিজ্ঞান - অনার্স ২য় বর্ষ - রাষ্ট্রবিজ্ঞান বিভাগ - বিষয় কোড: ২২১৯০৭,৪৫০৳,৩৮২৳,https://www.wafilife.com/praccher-rastrobiggan-honors-2nd-year/pd/77824
অধ্যাপক একেএম শহীদুল্লাহ,Not Listed,গ্রন্থকুটির প্রাচ্যের রাষ্ট্রচিন্তা ( অনার্স ২য় বর্ষ পাঠ্য বই ) - রাষ্ট্রবিজ্ঞান বিভাগ,৩৪৫৳,২৮৩৳,https://www.wafilife.com/gronthokutir-prachyer-rashtrochinta-honors-2nd-year-text-boo/pd/31300
অধ্যাপক এম আনোয়ার হোসেন,Not Listed,মা হওয়ার আগে ও পরে,২০০৳,১৫০৳,https://www.wafilife.com/ma-howar-age-o-pore/pd/44281
অধ্যাপক এম আনোয়ার হোসেন,Not Listed,নারীর স্বাস্থ্য কথা : বালিকা থেকে বৃদ্ধা,১৬০৳,১২৫৳,https://www.wafilife.com/narir-shastho-kotha-balika-theke-briddha/pd/6672
অধ্যাপক এম শাহজাহান মিনা,Not Listed,"ফিন্যান্স, ব্যাংকিং ও বিমা ১ম পত্র (একাদশ ও দ্বাদশ শ্রেণি জন্য)",0,৩৩০৳,https://www.wafilife.com/finance-banking-and-insurance-1st-paper-for-class-11-and-12/pd/21455
অধ্যাপক এম শাহজাহান মিনা,Not Listed,"ফিন্যান্স, ব্যাংকিং ও বীমা-দ্বিতীয় পত্র (একাদশ-দ্বাদশ শ্রেণি) (নিউজ)",৭৭৳,৭৫৳,https://www.wafilife.com/finance-banking-and-insurance-2nd-paper-class-11-and-12-news/pd/21600
অধ্যাপক এম শাহজাহান মিনা,Not Listed,"ফিন্যান্স, ব্যাংকিং ও বীমা-দ্বিতীয় পত্র (একাদশ-দ্বাদশ শ্রেণি) (সাদা)",0,৪১৫৳,https://www.wafilife.com/finance-banking-and-insurance-2nd-paper-class-11-and-12-whit/pd/21458
অধ্যাপক এস এম জয়নুল আবেদিন,Not Listed,বাংলাদেশের রাজনীতি ও শাসনব্যবস্থা,৪০০৳,৩৪৪৳,https://www.wafilife.com/bangladesher-rajniti-o-shasonbebostha/pd/23002
অধ্যাপক এস এম শফিউর রহমান,Not Listed,আল- কুরআনের আয়নায় আল্লাহ্‌র ভালবাসা,৬০৳,৪১৳,https://www.wafilife.com/al-qurraner-aynai-allahor-valobasha/pd/55292
অধ্যাপক এস. এম. ইমামউদ্দিন,Not Listed,মুসলিম স্পেনের রাজনৈতিক ইতিহাস,৩৫০৳,২৯৮৳,https://www.wafilife.com/muslim-spainer-rajnoitik-itihas/pd/8378
অধ্যাপক কফিল উদ্দিন আহমেদ,Not Listed,বাংলাদেশের লোকপ্রশাসন তত্ত্ব ও প্রয়োগ,৩০০৳,২৪০৳,https://www.wafilife.com/bangladesher-lok-proshason-totto-o-proyog/pd/21727
অধ্যাপক কফিল উদ্দিন আহমেদ,Not Listed,যেমন করে ভালো ছাত্র হওয়া যায়,১৫০৳,১২৫৳,https://www.wafilife.com/jemon-kore-valo-chatro-howya-jay-chatrochatri-shikkhok-o-ovi/pd/39811
অধ্যাপক কাজী নাঈম উদ্দীন,Not Listed,এবার আমি সফল হবো,২৮০৳,২১০৳,https://www.wafilife.com/ebar-ami-shafol-hobo/pd/63574
অধ্যাপক কাজী মফিজুল ইসলাম (বাচ্চু),Not Listed,আছ-ছরফ আরবী গ্রামার,৪০০৳,২৮০৳,https://www.wafilife.com/as-sorof-arbi-grammer/pd/67617
অধ্যাপক কামরুল আহসান চৌধুরী,Not Listed,মার্ক্সীয় সমাজতত্ত্ব,৩৭৫৳,২৮১৳,https://www.wafilife.com/marxist-sociology/pd/32357
অধ্যাপক কামরুল আহসান চৌধুরী,Not Listed,সমাজতত্ত্বের ধ্রুপদী চিন্তাধারা,৬০০৳,৪৫০৳,https://www.wafilife.com/somajtotter-drupodee-chintadhara/pd/40153
অধ্যাপক কে. আলী,Not Listed,আধুনিক ইউরোপের পরিচয়,৩০০৳,২৭৩৳,https://www.wafilife.com/adhunik-europer-porichoy/pd/43970
অধ্যাপক কে. আলী,Not Listed,মধ্যপাচ্যের ইতিহাস,৩০০৳,২৬৭৳,https://www.wafilife.com/moddopraccer-ithas/pd/44012
অধ্যাপক খন্দকার আবদুল রহিম,Not Listed,মাওলানা ভাসানী,৫৫০৳,৪২৪৳,https://www.wafilife.com/mawlana-bhashani/pd/43049
অধ্যাপক খুরশিদ আহমদ,Not Listed,ইসলামি পুনর্জাগরণে মাওলানা মওদূদী ও তাঁর চিন্তা-দর্শন,১০০৳,৭৫৳,https://www.wafilife.com/islami-punorjagorone-mawlana-maududi-o-tar-chinta-dorshon/pd/26841
অধ্যাপক খুরশিদ আহমদ,Not Listed,ইসলামের বৈশিষ্ট্য ও মূলনীতি,৭০৳,৫২.৫০৳,https://www.wafilife.com/islamer-boishishto-o-mulniti/pd/22528
অধ্যাপক খুরশিদ আহমদ,Not Listed,ইসলামে পারিবারিক জীবন,৮০৳,৬০৳,https://www.wafilife.com/islame-paribarik-jibon/pd/22529
অধ্যাপক গোলাম আযম,Not Listed,আল্লাহ তাআলার সাথে মানুষের সম্পর্ক,0,১৮৳,https://www.wafilife.com/allah-taalar-sathe-manusher-somporko/pd/61714
অধ্যাপক গোলাম আযম,Not Listed,রাসূলগণকে আল্লাহ তাআলা কি দায়িত্ব দিয়ে পাঠালেন,0,১৮৳,https://www.wafilife.com/rasulgonke-allah-tawala-ki-dayetto-diya-pathalen/pd/61686
অধ্যাপক গোলাম আযম,Not Listed,মুমিনের প্রথম কাজই হলো আল্লাহর দিকে ডাকা,১৮৳,১৪৳,https://www.wafilife.com/muminer-prothom-kaj-holo-allahr-dike-daka/pd/61694
অধ্যাপক গোলাম আযম,Not Listed,একজন মানুষ যিনি : দুনিয়া ও আখিরাতে অত্যাবশ্যক,0,১৮৳,https://www.wafilife.com/akhon-manus-jini-duniya-o-akhirate-ottabossok/pd/61684
অধ্যাপক গোলাম আযম,Not Listed,তাকদীর তাওয়াক্কুল সবর শোকর,0,১৮৳,https://www.wafilife.com/takder-tawaqqul-sobor-sokor/pd/61680
অধ্যাপক গোলাম আযম,Not Listed,দীন ইসলামের শিক্ষাদানে বুনিয়াদী গলদ,0,৩০৳,https://www.wafilife.com/deen-islamer-shikhadane-buniyadi-golod/pd/61709
অধ্যাপক গোলাম আযম,Not Listed,মুমিনের জেলখানা,১৮৳,১৪৳,https://www.wafilife.com/muminer-jelkhana/pd/61690
অধ্যাপক গোলাম আযম,Not Listed,ইসলাম কেবল ধর্ম নয়; দীন হিসেবেও মানতে হবে,0,১৮৳,https://www.wafilife.com/islam-kebol-dhormo-noy-din-hisabeo-mante-hobe/pd/61688
অধ্যাপক গোলাম আযম,Not Listed,খাঁটি মুমিন হতে হলে তাগূতের পাক্কা কাফির হতে হবে,0,১৮৳,https://www.wafilife.com/khati-mumin-hote-hole-taguter-pakka-kafer-hote-hobe/pd/61677
অধ্যাপক গোলাম আযম,Not Listed,মানবজাতির স্রষ্টা যিনি একমাত্র বিধানদাতা তিনি,0,৫৬৳,https://www.wafilife.com/manobjatir-srosta-jini-ekmatro-bidhandata-tini/pd/61712
অধ্যাপক গোলাম আযম,Not Listed,সৎ লোকের এত অভাব কেন?,0,২৪৳,https://www.wafilife.com/sot-loker-ato-ovav-keno/pd/61678
অধ্যাপক গোলাম আযম,Not Listed,সহজ বাংলায় আল কুরআনের অনুবাদ - দ্বিতীয় খণ্ড,৫০০৳,৩৭৫৳,https://www.wafilife.com/sohoj-bangla-al-quraner-onubad-ditiyo-khondo/pd/61633
অধ্যাপক গোলাম আযম,Not Listed,ইসলামী আন্দোলন: সাফল্য ও বিভ্রান্তি,0,৩০৳,https://www.wafilife.com/islami-andolon-safollo-o-brivanti/pd/61651
অধ্যাপক গোলাম আযম,Not Listed,নাফস রূহ কালব,0,১৮৳,https://www.wafilife.com/nafs-ruh-kalab/pd/61649
অধ্যাপক গোলাম আযম,Not Listed,প্রশান্তচিত্ত মুমিনের ভাবনা,২৬৳,২০৳,https://www.wafilife.com/prosantochitte-muminer-vabna/pd/61642
অধ্যাপক গোলাম আযম,Not Listed,জীবন্ত নামায,৩০৳,২৩৳,https://www.wafilife.com/jibonto-namaz/pd/61639
অধ্যাপক গোলাম আযম,Not Listed,মনটাকে কাজ দিন,২৬৳,২০৳,https://www.wafilife.com/montake-kaj-den/pd/61640
অধ্যাপক গোলাম আযম,Not Listed,পরিপূর্ণ জীবন বিধান হিসেবে ইসলামের সহজ পরিচয়,১০০৳,৮২৳,https://www.wafilife.com/poriporno-jibon-bidhan-hisabe-islamer-sohoj-porichoy/pd/61644
অধ্যাপক গোলাম আযম,Not Listed,"মযবুত ঈমান, সহীহ ইলম ও নেক আমল",0,৪০৳,https://www.wafilife.com/mojbud-iman-sohih-ilm-o-nek-amal/pd/61646
অধ্যাপক গোলাম আযম,Not Listed,সহজ বাংলায় আল কুরআনের অনুবাদ - প্রথম খণ্ড,৪৮০৳,৩৬০৳,https://www.wafilife.com/sohoj-bangla-al-quraner-onubad-prothom-khondo/pd/61617
অধ্যাপক গোলাম আযম,Not Listed,জীবনে যা দেখলাম - সপ্তম খণ্ড,৪২০৳,৩১৫৳,https://www.wafilife.com/jibone-ja-dekhlam-7th-part/pd/58248
অধ্যাপক গোলাম আযম,Not Listed,জীবনে যা দেখলাম - পঞ্চম খণ্ড,৪২০৳,৩১৫৳,https://www.wafilife.com/jibone-ja-dekhlam-5th-part/pd/58246
অধ্যাপক গোলাম আযম,Not Listed,জীবনে যা দেখলাম - দ্বিতীয় খণ্ড,৩৮০৳,২৮৫৳,https://www.wafilife.com/jibone-ja-dekhlam-2nd-part/pd/58243
অধ্যাপক গোলাম আযম,Not Listed,জীবনে যা দেখলাম ১ থেকে ৯ খন্ডের প্যাকেজ,"৩,৫৯০৳","২,৬৯৩৳",https://www.wafilife.com/jibone-ja-dekhlam-1-theke-9-khondo-package/pd/58251
অধ্যাপক গোলাম আযম,Not Listed,জীবনে যা দেখলাম - তৃতীয় খণ্ড,৩৮০৳,২৮৫৳,https://www.wafilife.com/jibone-ja-dekhlam-3rd-part/pd/58244
অধ্যাপক গোলাম আযম,Not Listed,জীবনে যা দেখলাম - চতুর্থ খণ্ড,৪২০৳,৩১৫৳,https://www.wafilife.com/jbione-ja-dehlam-4th-part/pd/58245
অধ্যাপক গোলাম আযম,Not Listed,জীবনে যা দেখলাম - নবম খণ্ড,৩১০৳,২৩৩৳,https://www.wafilife.com/jibone-ja-dekhlam-9th-part/pd/58250
অধ্যাপক গোলাম আযম,Not Listed,জীবনে যা দেখলাম - প্রথম খণ্ড,৩৮০৳,২৮৫৳,https://www.wafilife.com/jibone-ja-dekhlam/pd/58242
অধ্যাপক গোলাম আযম,Not Listed,জীবনে যা দেখলাম - অষ্টম খণ্ড,৪২০৳,৩১৫৳,https://www.wafilife.com/jibone-ja-dekhlam/pd/58249
অধ্যাপক গোলাম আযম,Not Listed,জীবনে যা দেখলাম - ষষ্ঠ খণ্ড,৪৬০৳,৩৪৫৳,https://www.wafilife.com/jibone-ja-dekhlem-6th-part/pd/58247
অধ্যাপক গোলাম আযম,Not Listed,শিক্ষাব্যবস্থার ইসলামী রূপরেখা,৩০৳,২৩৳,https://www.wafilife.com/shilhabebostay-islami-ruprekha/pd/61648
অধ্যাপক গোলাম আযম,Not Listed,Islam the only divine &amp; complete code of life,0,৬০৳,https://www.wafilife.com/islam-the-only-divine-complete-code-of-life/pd/61715
অধ্যাপক গোলাম আযম,Not Listed,সহজ বাংলায় আল কুরআনের অনুবাদ - তৃতীয় খণ্ড,৪৬০৳,৩৪৫৳,https://www.wafilife.com/sohoj-bangla-al-quraner-onubad-tritiyo-khondo/pd/61636
অধ্যাপক জগদীশ ভট্টাচার্য,Not Listed,ফসিল,২০০৳,১৫০৳,https://www.wafilife.com/foshil/pd/79334
অধ্যাপক জাকির হোসেন,Not Listed,মানুষ হওয়ার গল্প,৮০৳,৬৯৳,https://www.wafilife.com/manus-howar-golpo/pd/42536
অধ্যাপক জাকির হোসেন,Not Listed,মধু চাষ ও স্বাস্থ্য,১৩০৳,১০৮৳,https://www.wafilife.com/modhu-chas-o-shasto/pd/42204
অধ্যাপক জে. এম. বেলাল হোসেন সরকার,Not Listed,ইতিহাস-১ম পত্র (একাদশ-দ্বাদশ শ্রেণি)(সাদা),0,২৮০৳,https://www.wafilife.com/history-1st-part-for-class-xi-xii-white/pd/16571
অধ্যাপক জে. এম. বেলাল হোসেন সরকার,Not Listed,ইতিহাস-১ম পত্র (একাদশ-দ্বাদশ শ্রেণি)(নিউজ),0,২৩৫৳,https://www.wafilife.com/history-1st-part-class-xi-xii-news/pd/16549
অধ্যাপক জে. এম. বেলাল হোসেন সরকার,Not Listed,ইতিহাস-২য় পত্র (একাদশ-দ্বাদশ শ্রেণি) (নিউজ),0,১৯০৳,https://www.wafilife.com/history-2nd-paper-class-xi-xii-news/pd/16551
অধ্যাপক ড. অনিরুদ্ধ কাহালি,Not Listed,বাংলা ব্যাকরণ ও নির্মিতি -২য় পত্র (একাদশ ও দ্বাদশ শ্রেণি) (নিউজ),১০৪৳,৯৯৳,https://www.wafilife.com/bangla-bacaron-o-nirmito-2nd-paper-11-and-12/pd/21550
অধ্যাপক ড. অরূপরতন চৌধুরী,Not Listed,মাদকাসক্তি ও এইডস: সমস্যা ও সমাধান,২০০৳,১৬৬৳,https://www.wafilife.com/modokasokti-o-aids-somassha-o-somadhan/pd/50125
অধ্যাপক ড. অরূপরতন চৌধুরী,Not Listed,ডায়াবেটিসে মুখের সমস্যা,২৫০৳,১৮৯৳,https://www.wafilife.com/diyabetise-mukher-somosya/pd/51060
অধ্যাপক ড. অরূপরতন চৌধুরী,Not Listed,সুন্দর দাঁতে সুন্দর হাসি,২০০৳,১৬৬৳,https://www.wafilife.com/sundor-date-sundor-hasi/pd/50090
অধ্যাপক ড. অরূপরতন চৌধুরী,Not Listed,মাদকাসক্তি পরিস্থিতি বাংলাদেশ,৬০০৳,৪৯৮৳,https://www.wafilife.com/madakasakti-paristhiti-bangladesh/pd/51008
অধ্যাপক ড. অরূপরতন চৌধুরী,Not Listed,করোনাভাইরাসের সঙ্গে মাদক ও তামাকের সম্পর্ক,৪৫০৳,৩৭৪৳,https://www.wafilife.com/coronaviruser-songge-madok-o-tamaker-somporko/pd/50960
অধ্যাপক ড. অরূপরতন চৌধুরী,Not Listed,"তামাক, মাদক ও নারী বাংলাদেশ প্রেক্ষাপট",২০০৳,১৬৬৳,https://www.wafilife.com/tamak-madok-o-nari-bangladesh-prekkhapot/pd/50805
অধ্যাপক ড. অরূপরতন চৌধুরী,Not Listed,মুখই স্বাস্থের প্রবেশপথ,১৫০৳,১২৫৳,https://www.wafilife.com/mukhai-shaister-probespath/pd/50662
অধ্যাপক ড. অরূপরতন চৌধুরী,Not Listed,মুখের ক্যান্সার,২০০৳,১৬৬৳,https://www.wafilife.com/mukher-cancer/pd/50582
অধ্যাপক ড. অরূপরতন চৌধুরী,Not Listed,দাঁত ও মুখের রোগের সাথে দেহের রোগের সম্পর্ক,১৫০৳,১২৫৳,https://www.wafilife.com/dat-o-mukher-roger-sathe-deher-roger-somporko/pd/50509
অধ্যাপক ড. অরূপরতন চৌধুরী,Not Listed,মুখই স্বাস্থ্যের প্রবেশপথ,১৫০৳,১২৫৳,https://www.wafilife.com/mukh-i-swasthyer-probesh-path/pd/9725
অধ্যাপক ড. অরূপরতন চৌধুরী,Not Listed,মুখের স্বাস্থ্য ও তামাক পাতা,১৫০৳,১১৩৳,https://www.wafilife.com/mukher-shasto-o-tamak-pata/pd/53234
অধ্যাপক ড. অরূপরতন চৌধুরী,Not Listed,মুখ ও দাঁতের রোগ,২০০৳,১৪৬৳,https://www.wafilife.com/muk-o-dater-rog/pd/53235
অধ্যাপক ড. অরূপরতন চৌধুরী,Not Listed,ডায়াবেটিস এবং মুখ ও দাঁতের স্বাস্থ্য,২০০৳,১৬৬৳,https://www.wafilife.com/diabetes-ebong-mukh-o-dather-swashtho/pd/50567
অধ্যাপক ড. আবদুল মান্নান চৌধুরী,Not Listed,মুক্তিযুদ্ধের চেতনা ও ঘাতক দালাল প্রসঙ্গ,২৫০৳,২০৮৳,https://www.wafilife.com/muktijuddher-chetona-o-ghatok-dalal-prosonge/pd/50199
অধ্যাপক ড. আবদুল মান্নান চৌধুরী,Not Listed,মুক্তিযুদ্ধের প্রাসঙ্গিক কথা,২৫০৳,২০৮৳,https://www.wafilife.com/muktijuddher-prasongik-kotha/pd/50603
অধ্যাপক ড. আবদুল মান্নান চৌধুরী,Not Listed,নির্বাচন নিয়ে যত কথা,১০০৳,৮০৳,https://www.wafilife.com/nirbacon-neya-jato-kotha/pd/54165
অধ্যাপক ড. আবদুল মান্নান চৌধুরী,Not Listed,"Leaders, Leadership and Politics in Bangladesh",৩০০৳,২২৫৳,https://www.wafilife.com/leaders-leadership-and-politics-in-bangladesh/pd/53252
অধ্যাপক ড. আবদুল মান্নান চৌধুরী,Not Listed,মুক্তিযুদ্ধ মুক্তিযুদ্ধের চেতনা ও ঘাতক দালাল প্রসঙ্গ,২০০৳,১৫২৳,https://www.wafilife.com/muktijuddho-muktijuddher-chetona-o-gatok-dalal-prosongo/pd/46151
অধ্যাপক ড. আবদুল মান্নান চৌধুরী,Not Listed,অরাজনীতিকের রাজনীতি,৭০৳,৫৫৳,https://www.wafilife.com/orajnitiker-rajniti/pd/41251
অধ্যাপক ড. আবদুল মালেক ভূঁইয়া,Not Listed,অ থেকে চন্দ্রবিন্দু,৩২০৳,২৫০৳,https://www.wafilife.com/o-theke-chondrobindu/pd/77168
অধ্যাপক ড. আবদুস সবুর খান,Not Listed,তবকাত -ই - নাসিরী,৬৫০৳,৫০১৳,https://www.wafilife.com/tabkat-e-nasire/pd/43117
অধ্যাপক ড. আবু নোমান রফীকুর রহমান,Not Listed,অমীয় সুধা দারসুল হাদীস সমাহার ১,১৬০৳,১৩৬৳,https://www.wafilife.com/omio-sudha-darsul-hadis/pd/25426
অধ্যাপক ড. এ আর খান,Not Listed,আল্লাহ যা করেন ভালোর জন্যই করেন,৫০৳,৩৮৳,https://www.wafilife.com/allah-ja-koren-valor-jonnoi-koren/pd/38738
অধ্যাপক ড. ফজলে এলাহী মোহাম্মদ ফয়সাল,Not Listed,কর্মসংস্থান ও ব্যবসায়,২০০৳,১৬৪৳,https://www.wafilife.com/kormosongsthan-o-byaboshay/pd/62233
অধ্যাপক ড. ফালেহ ইবন মুহাম্মাদ আস-সুগাইর,Not Listed,মুসলিম নারী এবং সমসাময়িক প্রেক্ষাপটে তার দায়িত্ব কর্তব্য,২৩০৳,১৭৩৳,https://www.wafilife.com/muslim-nari-o-shomo-shamoik-prekkhapote-tar-dayitto-kortobbo/pd/4032
অধ্যাপক ড. বেদপ্রকাশ উপাধ্যায়,Not Listed,কল্কি অবতার ও হযরত মুহম্মদ সা. (প্রামাণ্য বঙ্গানুবাদ),২০০৳,১২৪৳,https://www.wafilife.com/kolki-obotar-o-hojrot-muhommad-sa-pramanno-bonganubad/pd/6968
অধ্যাপক ড. বেদপ্রকাশ উপাধ্যায়,Not Listed,কল্কি অবতার এবং মোহাম্মদ সাহেব,৪০০৳,২২০৳,https://www.wafilife.com/kalki-obotar-ebong-mohammad-shaheb/pd/6706
অধ্যাপক ড. মীজানুর রহমান,Not Listed,কমলালয়া কলকাতা,২৭৫৳,২২৫.৫০৳,https://www.wafilife.com/kamlaloya-kalkata/pd/77521
অধ্যাপক ড. মীজানুর রহমান,Not Listed,বাজারজাতকরণ : নীতিমালা ও ব্যবস্থাপনা,৬৫০৳,৫৫৯৳,https://www.wafilife.com/bajarkoron-nitimala-o-bebosthapona/pd/34487
অধ্যাপক ড. মীজানুর রহমান,Not Listed,মনোযোগ বাজারজাতকরণ,৪৫০৳,৩৮৭৳,https://www.wafilife.com/monojog-bazarjatkoron/pd/34429
অধ্যাপক ড. মীজানুর রহমান,Not Listed,পঞ্চাশের রিকনসিলিয়েশন ও অন্যান্য প্রবন্ধ,৩০০৳,২৫৮৳,https://www.wafilife.com/panchasher-reconciliation-o-annanya-probandha/pd/34525
অধ্যাপক ড. মীজানুর রহমান,Not Listed,সংকটে মার্কেটিং,৪০০৳,৩৪৪৳,https://www.wafilife.com/sankate-marketing/pd/34409
অধ্যাপক ড. মীজানুর রহমান,Not Listed,উত্তরগণতন্ত্র ও লিংকনের পিপল,২৫০৳,২১৫৳,https://www.wafilife.com/uttorgonotontro-o-linkaner-people/pd/34519
অধ্যাপক ড. মীজানুর রহমান,Not Listed,Bangabandhu Bangalees and Relevant Thoughts,২৭০৳,২৩২৳,https://www.wafilife.com/bangabandhu-bangalees-and-relevant-thoughts/pd/34572
অধ্যাপক ড. মীর আকরামুজ্জামান,Not Listed,ক্যারিয়ার বিকশিত জীবনের দ্বার,৪০০৳,৩২৮৳,https://www.wafilife.com/career-bikash-jiboner-dwara/pd/20005
অধ্যাপক ড. মুহাম্মদ আব্দুর রশীদ,Not Listed,মুজাদ্দেদে যামান আবূ বকর সিদ্দিকী (র.)  জীবন ও তাসাউফচর্চা,১৩০৳,৯৭.৫০৳,https://www.wafilife.com/mujaddide-jaman-abu-bakar-siddique-r-jibon-o-tasaufchorca/pd/9224
অধ্যাপক ড. মুহাম্মদ আব্দুর রশীদ,Not Listed,নারী নির্যাতন ও নারীর প্রতি সহিংসতা প্রতিরোধে ইসলামী দিকনির্দেশনা : প্রেক্ষাপট বাংলাদেশ,৩৫০৳,২৫২৳,https://www.wafilife.com/nari-nirjaton-o-narir-proti-sohingsota-protirodhe-islami-dik/pd/47081
অধ্যাপক ড. মুহাম্মাদ আব্দুল্লাহ,Not Listed,"ফাত্ওয়া সংজ্ঞা, গুরুত্ব ও ফাত্ওয়া দানের যোগ্যতা",৩৫৳,২৮৳,https://www.wafilife.com/fatwaya-songa-gurutto-fatwaya-daner-joggota/pd/1951
অধ্যাপক ড. মোঃ ইসমাইল জবিউল্লাহ,Not Listed,নিজে নিজে এনড্রয়েড শিখি,২৮০৳,২২৪৳,https://www.wafilife.com/nije-nije-android-shikhi/pd/6143
অধ্যাপক ড. মোঃ ইসমাইল জবিউল্লাহ,Not Listed,Data Structure and Algorithms,৩২০৳,২৫৬৳,https://www.wafilife.com/data-structure-and-algorithms/pd/6230
অধ্যাপক ড. মোঃ ইসমাইল জবিউল্লাহ,Not Listed,Introduction to computer fundamentals,২৫০৳,২০০৳,https://www.wafilife.com/introduction-to-computer-fundamentals/pd/6229
অধ্যাপক ড. মোঃ গোলাম মাওলা চৌধুরী,Not Listed,লেকচার ব্যবসায় সংগঠন ও ব্যবস্থাপনা ১ম পত্র - একাদশ ও দ্বাদশ শ্রেণি পরীক্ষা-২০২৫,৪৮০৳,৪৫৬৳,https://www.wafilife.com/lecture-byasay-songothon-o-byabosthapona-1st-part-hsc/pd/58363
অধ্যাপক ড. মোঃ গোলাম মাওলা চৌধুরী,Not Listed,লেকচার ব্যবসায় সংগঠন ও ব্যবস্থাপনা ২য় পত্র - পরীক্ষা ২০২৬,0,৫২০৳,https://www.wafilife.com/business-organization-and-management-2nd-part/pd/58092
অধ্যাপক ড. মোঃ গোলাম মাওলা চৌধুরী,Not Listed,জীবন দর্পণে,৩৫০৳,২৯৪৳,https://www.wafilife.com/jibon-dorpone/pd/55553
অধ্যাপক ড. মোঃ গোলাম মাওলা চৌধুরী,Not Listed,লেকচার ব্যবসায় সংগঠন ও ব্যবস্থাপনা ১ম পত্র - পরীক্ষা: ২০২৬,৪৮০৳,৪৫৬৳,https://www.wafilife.com/business-organization-and-management-1st-part/pd/58091
অধ্যাপক ড. মোঃ শামসুল আলম,Not Listed,আল-কুরআনের বিষয়ভিত্তিক আয়াত ও বিশ্লেষণ (বড় সাইজ),"১,০৫০৳",৫৭৭৳,https://www.wafilife.com/al-quraner-bishoy-vittik-ayat-o-bishleshon/pd/4494
অধ্যাপক ড. মোঃ শামসুল আলম,Not Listed,আল-কুরআনের বিষয়ভিত্তিক আয়াত ও বিশ্লেষণ,"১,০৫০৳",৫৮৯৳,https://www.wafilife.com/al-quraner-bishiyvittik-ayat-o-bishleshon/pd/81472
অধ্যাপক ড. মোহাম্মদ বাহাউদ্দিন,Not Listed,প্রেম ও প্রজ্ঞার বাহক রুমি,৩২০৳,২৫০৳,https://www.wafilife.com/prem-o-proggar-bahok-rumi/pd/41429
অধ্যাপক ড. মোহাম্মদ বাহাউদ্দিন,Not Listed,ইসলাম প্রাসঙ্গিক বিষয়াবলি,৩০০৳,২১০৳,https://www.wafilife.com/islam-prasongik-bishoyaboli/pd/41428
অধ্যাপক ড. সফিউদ্দিন আহমেদ,Not Listed,রবীন্দ্রনাথ মর্ত্যচারী ও আকাশচারী,৭০০৳,৫৬০৳,https://www.wafilife.com/rabindronath-mortyochari-o-akashachari/pd/52680
অধ্যাপক ড. সিরাজুল ইসলাম,Not Listed,আত্মশুদ্ধি,১০০৳,৬৪৳,https://www.wafilife.com/atmoshuddhi/pd/35307
অধ্যাপক ড. সিরাজুল ইসলাম,Not Listed,রসায়ন-১ (১ম বর্ষ) - বিষয় কোডঃ CMG7100,৫৮৬৳,৫২৭৳,https://www.wafilife.com/chemistry-1-1st-year/pd/29146
অধ্যাপক ড. সিরাজুল ইসলাম,Not Listed,ইসলামী আন্দোলন ও সাফল্য,৬০৳,৩৮৳,https://www.wafilife.com/islami-andolon-o-safolyo/pd/35305
অধ্যাপক ড. সিরাজুল ইসলাম,Not Listed,আল-কুরআনের আলোকে মুমিন জীবনের বৈশিষ্ট্য,১০০৳,৬৪৳,https://www.wafilife.com/al-quraner-aloke-mumin-jiboner-boishishto/pd/35304
অধ্যাপক ড. সিরাজুল ইসলাম,Not Listed,আত্মশুদ্ধি,১০০৳,৬৩৳,https://www.wafilife.com/atmoshoddhi/pd/35239
অধ্যাপক ড. সিরাজুল ইসলাম,Not Listed,ইসলামী সংগঠন ও পরিচালনা,১২০৳,৭৭৳,https://www.wafilife.com/islami-songothon-o-porichalona/pd/35306
অধ্যাপক ড. সুরাইয়া আক্তার,Not Listed,নারী ও ইসলাম,৫০০৳,৪২৫৳,https://www.wafilife.com/nari-o-islam/pd/34462
অধ্যাপক ড. সৈয়দ মাহমুদুল হাসান,Not Listed,বাংলার ইতিহাস (১৭৫৭-১৯৭১),৪০০৳,৩০০৳,https://www.wafilife.com/banglar-etihas-1757-1971/pd/53088
অধ্যাপক ড. হায়াৎ মামুদ,Not Listed,বঞ্চিত লাঞ্ছিত,৪০০৳,৩৪৯৳,https://www.wafilife.com/boncito-lancito/pd/82361
অধ্যাপক ড. হায়াৎ মামুদ,Not Listed,প্রমিত বাংলা ব্যাকরণ ও নির্মিতি - সপ্তম শ্রেণি ছাত্র ছাত্রীদের জন্য,৪২০৳,৩৭৮৳,https://www.wafilife.com/promito-bangla-bakoron-o-nirmiti/pd/41811
অধ্যাপক ড. হায়াৎ মামুদ,Not Listed,ভিনদেশের রূপকথা,৪৫০৳,৩৬০৳,https://www.wafilife.com/vindesher-rupkotha-asia-africa-europe/pd/59368
অধ্যাপক ডা. অরূপ রতন চৌধুরী,Not Listed,দাঁতের যত্ন,২৫০৳,২০৮৳,https://www.wafilife.com/dater-jhotno/pd/50764
অধ্যাপক ডা. অরূপ রতন চৌধুরী,Not Listed,একাত্তরের মুক্তিযুদ্ধ ও স্বাধীন বাংলা বেতারকেন্দ্র,৫০০৳,৪১৫৳,https://www.wafilife.com/ekatturer-muktizuddho-o-sadhin-bangla-betarkendro/pd/50727
অধ্যাপক ডা. এ. এফ. এম সেলিম,Not Listed,শিশুর স্বাভাবিক বৃদ্ধি ও বিকাশ,২০০৳,১৫০৳,https://www.wafilife.com/shishur-shavabik-briddhi-o-bikash/pd/9005
অধ্যাপক ডা. এ. কে. এম ফজলুল হক,Not Listed,কস্ট একাউন্টিং -অনার্স ৪র্থ বর্ষ,৩১০৳,২৫৮৳,https://www.wafilife.com/cost-accounting-hons-4th-year/pd/44044
অধ্যাপক ডা. এন এ কামরুল আহসান,Not Listed,আল কামূস অভিধান,"১,৩৯০৳",৯৭৩৳,https://www.wafilife.com/al-kamus-dictionary/pd/74318
অধ্যাপক ডা. এন এ কামরুল আহসান,Not Listed,তারকীবুল কোরআন পারা ২৮,৫৯০৳,৪১৩৳,https://www.wafilife.com/tarkibul-quran-para-28/pd/65339
অধ্যাপক ডা. এন এ কামরুল আহসান,Not Listed,তারকীবুল কোরআন (পারা ১),৫৫০৳,৩৮৫৳,https://www.wafilife.com/tarkibul-quran/pd/63545
অধ্যাপক ডা. এন এ কামরুল আহসান,Not Listed,তারকীবুল কোরআন (পারা ৩০),৬৯০৳,৪৮৩৳,https://www.wafilife.com/tarkibul-quran-30/pd/63546
অধ্যাপক ডা. এস এম মোস্তফা জামান,Not Listed,চিকিৎসাবিজ্ঞানের আদিকথা,৫০০৳,৪১০৳,https://www.wafilife.com/chikithshabigganer-adikatha/pd/53140
অধ্যাপক ডা. এস. এম. রেজাউল করিম মারুফ,Not Listed,সালাত পড়ি বুঝে বুঝে,৮০৳,৬৪৳,https://www.wafilife.com/salat-pori-bujhe-bujhe/pd/6430
অধ্যাপক ডা. কামরুল হাসান খান,Not Listed,"দেশ, স্বাস্থ্য, রাজনীতি আমাদের বাংলাদেশ",৬০০৳,৪৯৮৳,https://www.wafilife.com/desh-sastho-rajniti-amader-bangladesh/pd/51015
অধ্যাপক ডা. কামরুল হাসান খান,Not Listed,৯০-এর গণ-অভ্যুত্থানে শহীদ ডা. মিলন,২৫০৳,২০৮৳,https://www.wafilife.com/90-ar-gono-abvuttane-shohid-dr-milon/pd/50951
অধ্যাপক ডা. কামরুল হাসান খান,Not Listed,"করোনা ভাইরাস প্রতিরোধ, সতর্কতা এবং ভ্যাকসিন",২৫০৳,২০৮৳,https://www.wafilife.com/corona-virus-protirodh-sotorkota-ebong-vaccine/pd/50904
অধ্যাপক ডা. খাজা নাজিম উদ্দীন,Not Listed,নিত্যদিনের ডাক্তারী,৩৫০৳,২৯৪৳,https://www.wafilife.com/nityo-diner-daktari/pd/59758
অধ্যাপক ডা. গোপেন কুমার কুণ্ডু,Not Listed,শিশুদের মৃগী রোগ ও করণীয়,২০০৳,১৬৪৳,https://www.wafilife.com/shishuder-mrigi-rog-o-koroniyo/pd/62582
অধ্যাপক ডা. জাহীর আল-আমীন,Not Listed,নাক কান গলার সমস্যা ও করণীয়,৩০০৳,২২৫৳,https://www.wafilife.com/nak-kan-golar-somossa-o-koroniyo/pd/9002
অধ্যাপক ডা. প্রাণ গোপাল দত্ত,Not Listed,সাক্ষাৎকার সমগ্র,২৫০৳,২০৮৳,https://www.wafilife.com/saksatkar-somogro/pd/37649
অধ্যাপক ডা. প্রাণ গোপাল দত্ত,Not Listed,আমার যত কথা,২৫০৳,২০৮৳,https://www.wafilife.com/amar-jato-kotha/pd/37646
অধ্যাপক ডা. প্রাণ গোপাল দত্ত,Not Listed,সমকালীন ভাবনা,৩০০৳,২৪৯৳,https://www.wafilife.com/samokalin-bhabna/pd/37657
অধ্যাপক ডা. প্রাণ গোপাল দত্ত,Not Listed,হৃদয় আমার,৩০০৳,২৪৯৳,https://www.wafilife.com/ridoy-amar/pd/37647
অধ্যাপক ডা. প্রাণ গোপাল দত্ত,Not Listed,আমার যত কথা,৩০০৳,২২৫৳,https://www.wafilife.com/amar-zoto-kotha/pd/11572
অধ্যাপক ডা. মুহাম্মদ রফিকুল আলম,Not Listed,কিডনি নিয়ে যত কথা,১৪০৳,১১২৳,https://www.wafilife.com/কিডনি-নিয়ে-যত-কথা/pd/21696
অধ্যাপক ডা. মো. আজিজুল ইসলাম,Not Listed,শিশু কিশোর মনোবিকাশ ও অটিজম,২০০৳,১৬০৳,https://www.wafilife.com/shishu-kishor-monobikash-o-autism/pd/11510
অধ্যাপক ডা. মো. আজিজুল ইসলাম,Not Listed,মনের নানা রঙ ও মনোরোগ,২৫০৳,২০০৳,https://www.wafilife.com/moner-nana-rong-o-monorog/pd/11492
অধ্যাপক ডা. মো. রুহুল ফুরকান সিদ্দিক,Not Listed,জনস্বাস্থ্য কথা (প্রথম খণ্ড),৫০০৳,৩৭৫৳,https://www.wafilife.com/jonosastha-kotha-1st-part/pd/36920
অধ্যাপক ডা. মো. শহীদুল্লাহ,Not Listed,সুন্দর স্বাস্থ্যের জন্য,১৪০৳,১০৫৳,https://www.wafilife.com/sundor-shastor-jonno/pd/51726
অধ্যাপক ডা. মো. শহীদুল্লাহ,Not Listed,সুস্থ থাকুন,২৭০৳,২১৬৳,https://www.wafilife.com/sustho-thakun/pd/5838
অধ্যাপক ডা. মো. শহীদুল্লাহ,Not Listed,সুস্বাস্থ্যের জন্য,১২৫৳,১০০৳,https://www.wafilife.com/sushasther-jonno/pd/51728
অধ্যাপক ডা. মোঃ তাহমিনুর রহমান সজল,Not Listed,মানবদেহের বিভিন্ন রোগ ও তার প্রতিকার,৩৫০৳,২৫৫.৫০৳,https://www.wafilife.com/manobdeher-bivinno-rog-o-tar-protikar/pd/7392
অধ্যাপক ডা. মোঃ তাহমিনুর রহমান সজল,Not Listed,প্র্যাক্‌টিক্যাল প্যাথলজি,৪৫০৳,৩২৮.৫০৳,https://www.wafilife.com/practical-pathology/pd/7395
অধ্যাপক ডা. মোঃ তাহমিনুর রহমান সজল,Not Listed,ক্যান্সার প্রতিরোধে আপনার করণীয়,১৭৫৳,১২৭.৭৫৳,https://www.wafilife.com/cancer-protirodhe-apnar-koroniyo/pd/7394
অধ্যাপক ডা. মোঃ শহীদুল্লাহ,Not Listed,এইসব রোগ-ব্যাধি প্রতিরোধের নান উপায়,২৮০৳,২২৪৳,https://www.wafilife.com/aeisob-rog-bedhi-protirodher-nana-upay/pd/51444
অধ্যাপক ডা. মোঃ শহীদুল্লাহ,Not Listed,কোলেস্টেরল ও রোগবালাই,১১০৳,৮৮৳,https://www.wafilife.com/colesterol-o-rogbalai/pd/51482
অধ্যাপক ডা. মোঃ শহীদুল্লাহ,Not Listed,জানার কথা,১৫০৳,১২০৳,https://www.wafilife.com/janar-kotha/pd/51509
অধ্যাপক ডা. মোঃ শহীদুল্লাহ,Not Listed,ইসলাম ও স্বাস্থ্য,৮০৳,৫৬৳,https://www.wafilife.com/islam-o-shasto/pd/51430
অধ্যাপক ডা. মোঃ শহীদুল্লাহ,Not Listed,এইসব রোগ-ব্যাধি প্রতিরোধের নানা উপায়,২৮০৳,২২৪৳,https://www.wafilife.com/eisob-rog-byadi-protirodher-nana-upay/pd/5852
অধ্যাপক ডা. মোঃ শারফুদ্দিন আহমেদ,Not Listed,চোখের সমস্যা ও সমাধান,১৩৫৳,১০১.২৫৳,https://www.wafilife.com/chokher-somosha-o-somadhan/pd/44241
অধ্যাপক ডা. মোহাম্মদ আলমগীর চৌধুরী,Not Listed,নাক কান গলা চিকিৎসা ও সচেতনতা,৩০০৳,২১৬৳,https://www.wafilife.com/nak-kan-gola-chikitsha-o-socetonota/pd/33122
অধ্যাপক ডা. মোহাম্মদ আলী,Not Listed,লিভার : জানুন এবং ভালো থাকুন,৪০০৳,৩২০৳,https://www.wafilife.com/liver-janun-ebong-valo-thakun/pd/62305
অধ্যাপক ডা. মোহাম্মদ ফজলুল হক,Not Listed,এসে গেছি আশির কাছাকাছি,৩০০৳,২৪০৳,https://www.wafilife.com/ese-gechi-asir-kasakasi/pd/69577
অধ্যাপক ডা. মোহাম্মদ ফজলুল হক,Not Listed,Akkharpatra Biology 2nd Paper (Class 11-12) - English Version,0,৭৫০৳,https://www.wafilife.com/বায়োলজি-২য়-পত্র/pd/15979
অধ্যাপক ডা. মোহাম্মদ শাহ জহিরুল হক চৌধুরী,Not Listed,নিউরোকথন,২৫০৳,২০০৳,https://www.wafilife.com/neurokothon/pd/30305
অধ্যাপক ডা. শাহেরা খাতুন বেলা,Not Listed,আমার মা আমার চিকিৎসক,১৫০৳,১২৫৳,https://www.wafilife.com/amar-ma-amar-chikitsok/pd/39813
অধ্যাপক ডা. শুভাগত চৌধুরী,Not Listed,ডায়াবেটিস : রোগ লক্ষণ ও প্রতিকার,৩০০৳,২০৪৳,https://www.wafilife.com/dayabatis-rog-lokkhon-o-protikar/pd/43472
অধ্যাপক ডা. শুভাগত চৌধুরী,Not Listed,জীবাণুর বিরুদ্ধে লড়াই,৩০০৳,২৭৯৳,https://www.wafilife.com/jibanur-birudde-lorai/pd/32874
অধ্যাপক ডা. শুভাগত চৌধুরী,Not Listed,নিজের খেয়াল নিজে রাখুন,২০০৳,১৬০৳,https://www.wafilife.com/nijer-kheyal-nije-rakhun/pd/22088
অধ্যাপক ডা. শুভাগত চৌধুরী,Not Listed,ডায়াবেটিস ও সুস্থ জীবন,২০০৳,১৬০৳,https://www.wafilife.com/diabetice-o-shustho-jibon/pd/12864
অধ্যাপক ডা. শুভাগত চৌধুরী,Not Listed,চিকিৎসা বিজ্ঞানে আবিষ্কারের কাহিনী,১৮০৳,১৬৯৳,https://www.wafilife.com/chikitsa-bikkyane-abiskarer-kahini/pd/81589
অধ্যাপক ডা. শুভাগত চৌধুরী,Not Listed,ফাইট ব্যাক করোনা ভাইরাস,৪০০৳,৩৫৯৳,https://www.wafilife.com/fight-back-corona-virus/pd/81623
অধ্যাপক ডা. শুভাগত চৌধুরী,Not Listed,সুস্থ থাকার সহজ উপায়,৩০০৳,২৪০৳,https://www.wafilife.com/sustho-thakar-sohoj-upay/pd/81571
অধ্যাপক ডা. শুভাগত চৌধুরী,Not Listed,ক্যান্সার,২৫০৳,২২৯৳,https://www.wafilife.com/cancer/pd/81574
অধ্যাপক ডা. শুভাগত চৌধুরী,Not Listed,প্রাকৃতিক বৈচিত্রে্যর লীলাভূমি: কানাডা,২২৫৳,১৯৯৳,https://www.wafilife.com/prakritik-boichitrer-lilavumi-canada/pd/81603
অধ্যাপক ডা. শুভাগত চৌধুরী,Not Listed,কিডনীর যত্ন,২৬৪৳,২১৬৳,https://www.wafilife.com/kidneyer-jotno/pd/31568
অধ্যাপক ডা. শুভাগত চৌধুরী,Not Listed,শরীর অসুস্থ হলে আপনার কী করনীয়,৩০০৳,২৪৬৳,https://www.wafilife.com/shorir-sosto-hole-apnar-ki-koroniyo/pd/31497
অধ্যাপক ডা. শুভাগত চৌধুরী,Not Listed,মগজের অসুখ,৩০০৳,২৪৬৳,https://www.wafilife.com/mogojer-osukh/pd/31290
অধ্যাপক ডা. শুভাগত চৌধুরী,Not Listed,কর্মজীবী নারীর স্বাস্থ্য,২০০৳,১৬৪৳,https://www.wafilife.com/kormojibi-narir-shastho/pd/31291
অধ্যাপক ডা. সানজিদা শাহরিয়া,Not Listed,দাম্পত্য : মনোসামাজিক বিশ্লেষণ ও পরামর্শ,৫০০৳,৪১০৳,https://www.wafilife.com/dampatya-manosamajik-bislesan-o-paramarsa/pd/61548
অধ্যাপক ডা. সানজিদা শাহরিয়া,Not Listed,অবচেতন মনের কথা,৬০০৳,৪৯২৳,https://www.wafilife.com/obocheton-moner-kotha/pd/61337
অধ্যাপক ডা. সানজিদা শাহরিয়া,Not Listed,কাউন্সেলিং টেবিলের গল্প - দ্বিতীয় ভাগ,৬২০৳,৫৩৩৳,https://www.wafilife.com/counselling-tabler-golpo-volume-2/pd/37531
অধ্যাপক ডা. সানজিদা শাহরিয়া,Not Listed,কাউন্সেলিং টেবিলের গল্প (১ম ভাগ),৫৬০৳,৪৮২৳,https://www.wafilife.com/the-story-of-the-counseling-table-volume-1/pd/37524
অধ্যাপক ডা. সানজিদা শাহরিয়া,Not Listed,স্ট্রেস,২০০৳,১৬৪৳,https://www.wafilife.com/stress/pd/46671
অধ্যাপক ডা. সানজিদা শাহরিয়া,Not Listed,কম টেসটোসটেরন মনোদৈহিক প্রভাব,১৬০৳,১২০৳,https://www.wafilife.com/kom-testosterone-monodoihik-provab/pd/44242
অধ্যাপক ডা. সাহানারা চৌধুরী,Not Listed,প্রসূতি ও প্রসব,৪৫০৳,৪০১৳,https://www.wafilife.com/prosuti-o-prosob/pd/33771
অধ্যাপক ডা. হোসনে আরা তাহমিন চারু,Not Listed,মানবদেহের বিভিন্ন রোগ ও তার প্রতিকার,৩৫০৳,২৫৫.৫০৳,https://www.wafilife.com/manobdeher-bivinno-rog-o-tar-protikar/pd/7392
অধ্যাপক ডা. হোসনে আরা তাহমিন চারু,Not Listed,প্র্যাক্‌টিক্যাল প্যাথলজি,৪৫০৳,৩২৮.৫০৳,https://www.wafilife.com/practical-pathology/pd/7395
অধ্যাপক ডা. হোসনে আরা তাহমিন চারু,Not Listed,ক্যান্সার প্রতিরোধে আপনার করণীয়,১৭৫৳,১২৭.৭৫৳,https://www.wafilife.com/cancer-protirodhe-apnar-koroniyo/pd/7394
অধ্যাপক ডাক্তার এম. শহীদুর রহমান,Not Listed,মুখ দাঁত ও মাড়ির যত্ন,৭০৳,৫২.৫০৳,https://www.wafilife.com/mukh-dat-o-marir-jotno/pd/43736
অধ্যাপক তুহিন কুমার মুখোপাধ্যায়,Not Listed,ইংরেজি সাহিত্যের ইতিহাস,২০০৳,১৫০৳,https://www.wafilife.com/engreji-sahittyer-itihash/pd/9581
অধ্যাপক দেলোয়ার হোসেন হাওলাদার,Not Listed,আধুনিক পদ্ধতিতে টবে ফল ও সবজি চাষ,৩০০৳,২৪৯৳,https://www.wafilife.com/adhunik-poddoteta-tobe-fol-o-sobji-cash/pd/49368
অধ্যাপক নিরঞ্জন অধিকারী,Not Listed,অক্সফোর্ড বাংলা ব্যাকরণ ও নির্মিতি তৃতীয় শ্রেণি,২৭৭৳,২২২৳,https://www.wafilife.com/oxford-bangla-byakoron-o-nirmiti-class-3/pd/54401
অধ্যাপক নিরঞ্জন অধিকারী,Not Listed,পাঞ্জেরী মাধ্যমিক নির্মিতি,0,১৬০৳,https://www.wafilife.com/panjeree-maddhomik-nirmiti/pd/16492
অধ্যাপক নীলকমল বিশ্বাস,Not Listed,নক্ষত্রের মুখোমুখি,৪০০৳,২৯২৳,https://www.wafilife.com/nokkhotrer-mukhamukhi/pd/37913
অধ্যাপক নীলকমল বিশ্বাস,Not Listed,দুনিয়া কাঁপানো ছয় বিপ্লবীর সাক্ষাৎকার,৩০০৳,২১০৳,https://www.wafilife.com/dunia-kapano-chhoy-biplobir-sakkhatkar/pd/37869
অধ্যাপক নীলকমল বিশ্বাস,Not Listed,"প্রাচীন , মধ্য ও আধুনিক বাংলা সাহিত্যের বিবিধ প্রসঙ্গ",৩০০৳,২১৯৳,https://www.wafilife.com/prachin-modho-o-adhunik-bamgla-sahitter-bibidho-prosongo/pd/37941
অধ্যাপক নীলকমল বিশ্বাস,Not Listed,জ্ঞান বিজ্ঞান কোষ তত্ত্ব ও তথ্য,৩০০৳,২১০৳,https://www.wafilife.com/ggan-biggan-kosh-totto-o-totho/pd/37855
অধ্যাপক নীহাররঞ্জন সরকার,Not Listed,মনোবৈজ্ঞানিক পরিমাপন ও পরিসংখ্যান,৪০০৳,৩২০৳,https://www.wafilife.com/monobegganik-porimapon-o-porisonghan/pd/33974
অধ্যাপক নীহাররঞ্জন সরকার,Not Listed,মনোবিজ্ঞানে পরীক্ষণ নকশা ও পরীসংখ্যান,৩০০৳,২৪০৳,https://www.wafilife.com/monobiggane-porikkhon-noksha-o-porisongkhan/pd/6158
অধ্যাপক নীহাররঞ্জন সরকার,Not Listed,মনোবিজ্ঞান ও জীবন (স্নাতক ও স্নাতকোত্তর),৪৮০৳,৩৮৪৳,https://www.wafilife.com/monobiggan-o-jibon/pd/6153
অধ্যাপক নীহাররঞ্জন সরকার,Not Listed,মনোবৈজ্ঞানিক পরিমাপণ ও পরিসংখ্যান,৪০০৳,৩২০৳,https://www.wafilife.com/monoboigganik-porimapon-ebong-porisongkhan/pd/6154
অধ্যাপক নীহাররঞ্জন সরকার,Not Listed,শিক্ষালব্ধ জ্ঞান ও সৃজনশীলতার অভীক্ষা,২০০৳,১৬০৳,https://www.wafilife.com/e0a6b6e0a6bfe0a695e0a78de0a6b7e0a6bee0a6b2e0a6ace0a78de0a6a7/pd/6204
অধ্যাপক নীহাররঞ্জন সরকার,Not Listed,অস্বাভাবিক মনোবিজ্ঞান,৫০০৳,৪০০৳,https://www.wafilife.com/osavabik-monobiggan/pd/6157
অধ্যাপক নুরুল ইসলাম,Not Listed,Sojourners To Settlers,৫০০৳,৪৪৫৳,https://www.wafilife.com/sojourners-to-settlers/pd/66008
অধ্যাপক নুরুল ইসলাম,Not Listed,প্রশ্নোত্তরে ফিকহুল ইবাদাত,৮৪০৳,৫৮৮৳,https://www.wafilife.com/fiqhul-ibadat/pd/2836
অধ্যাপক নুরুল ইসলাম,Not Listed,প্রশ্নোত্তরে জুমুআ ও খুৎবা,৩০৳,২১৳,https://www.wafilife.com/proshnottore-jumua-o-khutba/pd/5211
অধ্যাপক নুরুল ইসলাম,Not Listed,শুধু আল্লাহর কাছে চাই,১৬০৳,১১২৳,https://www.wafilife.com/sudhu-allahor-kache-chai/pd/1995
অধ্যাপক নুরুল ইসলাম,Not Listed,কবর কিয়ামাত আখিরাত,৩৬০৳,২৫২৳,https://www.wafilife.com/kobor-qiyamot-akhirat/pd/3863
অধ্যাপক নূরুল আমিন চৌধুরী,Not Listed,কিন্ডারগার্টেন টিচার্স ট্রেনিং ম্যানুয়েল,২০০৳,১৬০৳,https://www.wafilife.com/kindargarten-teachers-treaning-manuyal/pd/54238
অধ্যাপক নূরুল আমিন চৌধুরী,Not Listed,আর নয় বেকারত্ব,৭০৳,৫৬৳,https://www.wafilife.com/ar-noy-bakartto/pd/54267
অধ্যাপক ফেরদৌসী বেগম,Not Listed,পৌরাণিক অভিধান,২৫০৳,১৯০৳,https://www.wafilife.com/pouranik-avidhan/pd/46145
অধ্যাপক ফেরদৌসী বেগম,Not Listed,বিজ্ঞান নিয়ে যত কথা,২০০৳,১৫২৳,https://www.wafilife.com/bikkhan-niye-jato-kotha/pd/46189
অধ্যাপক বদর উদ্দিন আহাম্মদ,Not Listed,অক্ষরপত্র পৌরনীতি ও সুশাসন দ্বিতীয় পত্র (একাদশ-দ্বাদশ শ্রেণি),0,৩৪০৳,https://www.wafilife.com/akkharpatra-pouroniti-o-sushason-2nd-paper-class-11-12/pd/69386
অধ্যাপক বদর উদ্দিন আহাম্মদ,Not Listed,অক্ষরপত্র পৌরনীতি ও সুশাসন প্রথম পত্র (একাদশ-দ্বাদশ শ্রেণি),0,৩৬০৳,https://www.wafilife.com/akkharpatra-pouroniti-o-sushason-1st-paper-class-11-12/pd/69340
অধ্যাপক বদর উদ্দিন আহাম্মদ,Not Listed,অক্ষরপত্র পৌরনীতি ও সুশাসন দ্বিতীয় পত্র (একাদশ-দ্বাদশ শ্রেণি),0,৩৪০৳,https://www.wafilife.com/akkharpatra-pouroniti-o-sushason-2nd-paper-class-11-12/pd/57393
অধ্যাপক বদর উদ্দিন আহাম্মদ,Not Listed,অক্ষরপত্র পৌরনীতি ও সুশাসন প্রথম পত্র (একাদশ-দ্বাদশ শ্রেণি),0,৩৬০৳,https://www.wafilife.com/akkharpatra-pouroniti-o-sushason-1st-paper-class-11-12/pd/57387
অধ্যাপক বদর উদ্দিন আহাম্মদ,Not Listed,আলিম পৌরনীতি ও সুশাসন - প্রথম পত্র,0,৩৩০৳,https://www.wafilife.com/alim-pouroniti-o-sushason-first-paper/pd/33238
অধ্যাপক বদর উদ্দিন আহাম্মদ,Not Listed,আলিম পৌরনীতি ও সুশাসন - দ্বিতীয় পত্র,0,৩২০৳,https://www.wafilife.com/alim-pouroniti-o-sushason-second-paper/pd/33242
অধ্যাপক বদর উদ্দিন আহাম্মদ,Not Listed,পৌরনীতি ও সুশাসন ১ম পত্র (একাদশ-দ্বাদশ শ্রেণি),0,৩৬০৳,https://www.wafilife.com/pouroniti-o-sushason-prothom-khondo/pd/15803
অধ্যাপক বদর উদ্দিন আহাম্মদ,Not Listed,পৌরনীতি ও সুশাসন ২য় পত্র (একাদশ-দ্বাদশ শ্রেণি),0,৩৩০৳,https://www.wafilife.com/pouroniti-o-sushason-ditiyo-khondo/pd/15809
অধ্যাপক বেগম সাঈদা আখতার,Not Listed,অর্থদানের বিকল্প ২৮টি আমল,৬০৳,৪২৳,https://www.wafilife.com/orthodaner-bikolpo-28ti-amol/pd/25685
অধ্যাপক বেগম সাঈদা আখতার,Not Listed,মাহে রমাদানের প্রস্তুতি ও আমল,৭০৳,৪৯৳,https://www.wafilife.com/mahe-romadaner-prostuti-o-amol/pd/25894
অধ্যাপক বেগম সাঈদা আখতার,Not Listed,আল্লাহর ভালোবাসায় সিক্ত সৌভাগ্যবান ৮ ব্যক্তি,৬৫৳,৪৬৳,https://www.wafilife.com/allahr-valobashae-shikto-souvaggoban-8-bekti/pd/25818
অধ্যাপক ম. হালিম,Not Listed,বিজ্ঞানের আলোকে মহাবিশ্ব সৃষ্টির রহস্য,১২০৳,৯০৳,https://www.wafilife.com/bigganer-aloke-mohabissho-sristy-rohosso/pd/41727
অধ্যাপক ম. হালিম,Not Listed,পদার্থবিজ্ঞান-প্রথম পত্র (একাদশ-দ্বাদশ শ্রেণি),৪৫০৳,৪০৫৳,https://www.wafilife.com/physics-1st-paper-for-class-xi-xii/pd/41640
অধ্যাপক ম. হালিম,Not Listed,পদার্থ বিজ্ঞান -২য় পত্র (একাদশ ও দ্বাদশ শ্রেণি) (নিউজ),২৬৭৳,২৪০৳,https://www.wafilife.com/physics-ii-paper-xi-and-xii-news/pd/41661
অধ্যাপক ম. হালিম,Not Listed,পদার্থবিজ্ঞান-২য় পত্র (একাদশ-দ্বাদশ শ্রেণি) (সাদা),২৫২৳,২২৭৳,https://www.wafilife.com/physics-2nd-part-class-xi-xii-white/pd/41660
অধ্যাপক মনজুরুল আলম খান,Not Listed,সভ্যতার ইতিহাস,৩৬০৳,২৯৯৳,https://www.wafilife.com/sabhatar-itihas/pd/51920
অধ্যাপক মনজুরুল ইসলাম,Not Listed,গ্রন্থ প্রকাশনা ও সম্পাদনা,৩৫০৳,৩৩৩৳,https://www.wafilife.com/grantha-prakashana-o-sampadana/pd/10752
অধ্যাপক মফিজুর রহমান,Not Listed,"দারসুল কুরআন ১,২ ( গার্ডিয়ান)",0,৬২০৳,https://www.wafilife.com/darsul-quran-guardian-publication/pd/70648
অধ্যাপক মফিজুর রহমান,Not Listed,দারসুল কুরআন-১,0,৩৩০৳,https://www.wafilife.com/darsul-quran-1/pd/69755
অধ্যাপক মফিজুর রহমান,Not Listed,দারসুল কুরআন-২,0,২৯০৳,https://www.wafilife.com/darsul-quran-2/pd/69756
অধ্যাপক মফিজুর রহমান,Not Listed,কালের শপথ,৩৩০৳,২৪৭.৫০৳,https://www.wafilife.com/kaler-shopoth/pd/67667
অধ্যাপক মফিজুর রহমান,Not Listed,কবীরা গুনাহ,২৬০৳,১৯৫৳,https://www.wafilife.com/kobirah-gunah/pd/67668
অধ্যাপক মফিজুর রহমান,Not Listed,উম্মুল কিতাব : সূরা ফাতিহার তাফসীর,১২০৳,৯০৳,https://www.wafilife.com/ummul-kitab-surah-fatihar-tafseer/pd/61583
অধ্যাপক মফিজুর রহমান,Not Listed,দাওয়াহ প্যাকেজ,৯৮০৳,৬৮৬৳,https://www.wafilife.com/dawah-package/pd/60946
অধ্যাপক মফিজুর রহমান,Not Listed,কুরআনের আয়নায় বিম্বিত রাসুল ﷺ,৩৮০৳,২৮০৳,https://www.wafilife.com/quraner-aynay-bimbito-rasul-sw/pd/60407
অধ্যাপক মফিজুর রহমান,Not Listed,নির্বাচিত দারসুল কুরআন ও হাদিস (প্যাকেজ),৭৬০৳,৫৭০৳,https://www.wafilife.com/nirbachito-darsul-quran-o-hadis/pd/57797
অধ্যাপক মফিজুর রহমান,Not Listed,মানবতার শ্রেষ্ঠ সওগাত,২৮০৳,২১০৳,https://www.wafilife.com/manobotar-srestho-sougat/pd/56852
অধ্যাপক মফিজুর রহমান,Not Listed,দাওয়াতে দ্বীন,৩৫০৳,২৬২৳,https://www.wafilife.com/daoate-deen/pd/56851
অধ্যাপক মফিজুর রহমান,Not Listed,রাসূল সা. এর সিয়াম সাধনা,৩০০৳,২২৫৳,https://www.wafilife.com/rasul-sa-er-siam-shadhona/pd/56849
অধ্যাপক মফিজুর রহমান,Not Listed,নির্বাচিত দারসুল কুরআন,৩৮০৳,২৮৫৳,https://www.wafilife.com/nirbacito-darsul-quran/pd/57250
অধ্যাপক মফিজুর রহমান,Not Listed,নির্বাচিত দারসুল হাদিস,৩৮০৳,২৮৫৳,https://www.wafilife.com/nirbacito-darsul-hadis/pd/57251
অধ্যাপক মফিজুর রহমান,Not Listed,সাহাবায়ে কেরাম আমাদের প্রেরণা,২৫০৳,১৮৭.৫০৳,https://www.wafilife.com/sahabaye-keram-amader-prerona/pd/26253
অধ্যাপক মফিজুর রহমান,Not Listed,রাসূলুল্লাহর সাথে রোমাঞ্চকর একদিন,৩০০৳,২২৫৳,https://www.wafilife.com/rasoolullahr-sathe-romanchokor-ekdin/pd/13671
অধ্যাপক মমতাজ বেগম,Not Listed,দেশে দেশে মোর ঘর আছে,২২৫৳,১৬৮.৭৫৳,https://www.wafilife.com/deshe-deshe-mor-ghor-ache/pd/40118
অধ্যাপক মাঅধ্যাপক মাওলানা আখতার ফারূকও. আখতার ফারূক রহ.,Not Listed,ইসলামের দৃষ্টিতে নারী,২০০৳,১২৮৳,https://www.wafilife.com/islamer-dristite-nari/pd/35311
অধ্যাপক মাওলানা আখতার ফারূক,Not Listed,খালেদ ইবনে ওলীদ,২৬০৳,১৫৬৳,https://www.wafilife.com/khaled-ibne-olid/pd/76927
অধ্যাপক মাওলানা আখতার ফারূক,Not Listed,জাহান্নামের আগুনে বসিয়া,২১৪৳,১৫৪৳,https://www.wafilife.com/jahannamer-agune-boshiya/pd/59375
অধ্যাপক মাওলানা আখতার ফারূক,Not Listed,উম্মুল কুরআন,২৫০৳,১৬০৳,https://www.wafilife.com/ummul-quran/pd/35310
অধ্যাপক মাওলানা আখতার ফারূক,Not Listed,দাংগা,১৪০৳,৯০৳,https://www.wafilife.com/danga/pd/35309
অধ্যাপক মাওলানা আখতার ফারূক,Not Listed,মধ্যপ্রাচ্যে হাফেজ্জী হুজুর,২০০৳,১২০৳,https://www.wafilife.com/moddhopracche-hafejji-hujur/pd/29187
অধ্যাপক মাওলানা আখতার ফারূক,Not Listed,পশুবাদ পুজিঁবাদ সমাজবাদ,১০০৳,৬৪৳,https://www.wafilife.com/poshubad-pujibad-somajbad/pd/35308
অধ্যাপক মাওলানা আতিকুর রহমান ভূঁইয়া,Not Listed,আরবী ব্যাকরণ পরিচয় (ইবতেদায়ী তৃতীয় শ্রেণী),২০০৳,১৭০৳,https://www.wafilife.com/arabic-grammar-ebtedae-class-three/pd/12155
অধ্যাপক মাওলানা আতিকুর রহমান ভূঁইয়া,Not Listed,বিষয় ভিত্তিক কুরআন ও হাদীস সঞ্চয়ন,৩৫০৳,২৪৫৳,https://www.wafilife.com/sonchoyonbisoyvittik-quran-o-hadis/pd/1539
অধ্যাপক মাওলানা হারুনুর রশীদ খান,Not Listed,কুরআন ও হাদীসের আলোকে পূর্ণাঙ্গ মানব জীবন,৫২০৳,৩৮০৳,https://www.wafilife.com/quran-o-hadiser-aloke-purnango-manob-jibon/pd/45368
অধ্যাপক মাযহারুল ইসলাম,Not Listed,পর্দা প্রগতির সোপান,২৮৳,২৬৳,https://www.wafilife.com/porda-progotir-sopan/pd/72284
অধ্যাপক মাযহারুল ইসলাম,Not Listed,সন্তানের চরিত্র গঠনে পরিবার ও পরিবেশ,৩৫৳,২৮৳,https://www.wafilife.com/sontaner-chorittro-gothone-poribar-o-poribesh/pd/8913
অধ্যাপক মাসুম রহমান,Not Listed,Curious Kids Collection,"৬,১০০৳","৪,৭৫৮৳",https://www.wafilife.com/কিউরিয়াস-কিডস-কালেকশন/pd/29700
অধ্যাপক মাসুম রহমান,Not Listed,নলেজ এনসাইক্লোপিডিয়া,৩০০৳,২৪৬৳,https://www.wafilife.com/knowledge-encyclopedia/pd/8726
অধ্যাপক মুজাহিদুল ইসলাম,Not Listed,দাওয়াতে দ্বীন : প্রেক্ষিত বাংলাদেশ,১৫০৳,৯৬৳,https://www.wafilife.com/daoyate-dhin-prekkhito-bangladesh/pd/35302
অধ্যাপক মুজিবুর রহমান,Not Listed,অনুশোচনার আগে,২০৳,১৯৳,https://www.wafilife.com/onushochonar-age/pd/26050
অধ্যাপক মুজিবুর রহমান,Not Listed,মুসলিম না হয়ে মৃত্যুবরণ করো না,৩০৳,২৯৳,https://www.wafilife.com/muslim-na-hoye-mrittoboron-koro-na/pd/25897
অধ্যাপক মুজিবুর রহমান,Not Listed,দাওয়াতী কাজ না করার ভয়াবহ পরিণতি,৩০৳,২৯৳,https://www.wafilife.com/dawati-kaj-na-korar-voyaboho-porinoti/pd/25840
অধ্যাপক মুজিবুর রহমান,Not Listed,আখেরাতের প্রস্তুতি,0,৪০৳,https://www.wafilife.com/akhirater-prostuti/pd/25696
অধ্যাপক মুজিবুর রহমান,Not Listed,সবচেয়ে উত্তম কথা ও কাজ,২৫৳,২৪৳,https://www.wafilife.com/sobcheye-uttom-kotha-o-kaj/pd/22766
অধ্যাপক মুজিবুর রহমান,Not Listed,রমজান ও রোজা,৫০৳,৪৫৳,https://www.wafilife.com/romjan-o-roja/pd/25902
অধ্যাপক মুহাম্মদ ইকবাল কিলানী,Not Listed,বিয়ে,৩২০৳,১৭৬৳,https://www.wafilife.com/biye/pd/17112
অধ্যাপক মুহাম্মদ ইকবাল কিলানী,Not Listed,সহীহ নে’য়ামুল কোরআন ও নাজাত প্রাপ্ত দলের পরিচয়,৫৫০৳,৩০৩৳,https://www.wafilife.com/sohih-neyamul-quran-o-najat-prapto-doler-porichoy/pd/17066
অধ্যাপক মুহাম্মদ ইকবাল কিলানী,Not Listed,ইসলাম হাউজ পাবলিকেশন প্রকাশিত পরিবার বিষয়ক বইসমূহ,"১,১৯৪৳",৭১৬৳,https://www.wafilife.com/islam-house-publication-prokashito-poribar-bishoyok-boishomu/pd/59548
অধ্যাপক মুহাম্মদ ইকবাল কিলানী,Not Listed,মৃত্যুর পর অনন্ত যে জীবন,৩৫০৳,২১০৳,https://www.wafilife.com/mrittur-pore-ononto-je-jibon/pd/12668
অধ্যাপক মুহাম্মদ ইকবাল কিলানী,Not Listed,বিবাহ তালাকের বিধান,৩৫০৳,২১০৳,https://www.wafilife.com/bibah-talaker-bidhan/pd/12692
অধ্যাপক মুহাম্মদ ইকবাল কিলানী,Not Listed,জান্নাতের সীমাহীন নিয়ামত ও জাহান্নামের ভয়াবহ আযাব,৩০০৳,২১৯৳,https://www.wafilife.com/jannter-shimahin-neyamot-o-jahannamer-voyaboho-ajab/pd/81503
অধ্যাপক মুহাম্মদ নুরুল ইসলাম,Not Listed,প্রশ্নোত্তরে হজ্জ ও উমরা,২২০৳,১৫৪৳,https://www.wafilife.com/proshnottore-hajj-o-umra/pd/2009
অধ্যাপক মুহাম্মদ নুরুল ইসলাম,Not Listed,উমরা যেভাবে করবেন,১৬০৳,১১২৳,https://www.wafilife.com/umra-jevabe-korben/pd/5193
অধ্যাপক মুহাম্মদ নুরুল ইসলাম,Not Listed,প্রশ্নোত্তরে রমযান ও ঈদ,১১০৳,৭৭৳,https://www.wafilife.com/proshnottore-romzan-o-eid/pd/1680
অধ্যাপক মুহাম্মদ নুরুল ইসলাম,Not Listed,বিশুদ্ধ পদ্ধতিতে ওযূ-গোসল,৮০৳,৫৬৳,https://www.wafilife.com/bishudho-poddhotite-oju-gushol/pd/1677
অধ্যাপক মুহাম্মদ নুরুল ইসলাম,Not Listed,চরিত্র গঠনের উপায়,৫০০৳,৩৫০৳,https://www.wafilife.com/choritro-gothoner-upay/pd/1679
অধ্যাপক মুহাম্মদ ফরিদ উদ্দিন খান,Not Listed,ছোট বেলায় প্রিয় নবি সা.,৮০৳,৪৮৳,https://www.wafilife.com/choto-belay-priyo-nobi-sw/pd/944
অধ্যাপক মুহাম্মাদ নূরুল ইসলাম,Not Listed,আর্‌ রিবা,১৩০৳,১০৪৳,https://www.wafilife.com/ar-riba/pd/76940
অধ্যাপক মুহাম্মাদ নূরুল ইসলাম,Not Listed,Akkharpatra Higher Mathematics Second Paper (Class 11-12) - English Version,0,৭৫০৳,https://www.wafilife.com/akkharpatra-higher-mathematics-second-paper-class-11-12-engl/pd/57910
অধ্যাপক মুহাম্মাদ নূরুল ইসলাম,Not Listed,ছহীহ কিতাবুদ দো’আ,0,৭০৳,https://www.wafilife.com/sohih-kitabut-dua/pd/57184
অধ্যাপক মুহাম্মাদ নূরুল ইসলাম,Not Listed,"প্রধান প্রধান বৈদেশিক সরকার: ব্রিটেন, মার্কিন যুক্তরাষ্ট্র, ফ্রান্স",৩৮০৳,৩২৩৳,https://www.wafilife.com/major-foreign-governments-uk-usa-france/pd/39686
অধ্যাপক মুহাম্মাদ নূরুল ইসলাম মক্কী,Not Listed,তাফসীরে ফুরকান ১ম খণ্ড,৯৯০৳,৬৯৩৳,https://www.wafilife.com/tafsire-furkan-1st-part/pd/65022
অধ্যাপক মুহাম্মাদ নূরুল ইসলাম মক্কী,Not Listed,প্রশ্নোত্তরে যাকাত ও সাদাকাহ,৮০৳,৫৬৳,https://www.wafilife.com/proshnouttore-zakat-o-sadakah/pd/25750
অধ্যাপক মুহাম্মাদ নূরুল ইসলাম মক্কী,Not Listed,প্রশ্নোত্তরে কুরবানী ও আকীকা,৩৬৳,২৫.২০৳,https://www.wafilife.com/proshnouttore-kurbani-o-akika/pd/25751
অধ্যাপক মুহাম্মাদ নূরুল ইসলাম মক্কী,Not Listed,বিশ্বায়ন আঞ্চলিকতাবাদ এবং আন্তর্জাতিক আর্থিক প্রতিষ্ঠান অনার্স ৪র্থ বর্ষ বিষয় কোড-২৪১৯১৫,৪১০৳,৩৪৯৳,https://www.wafilife.com/globalization-regionalism-and-international-financial-instit/pd/39681
অধ্যাপক মুহাম্মাদ নূরুল ইসলাম মক্কী,Not Listed,আন্তর্জাতিক রাজনীতির মূলনীতি অনার্স ৩য় বর্ষ বিষয় কোড-২৩১৯০৩,৪৫০৳,৩৮৩৳,https://www.wafilife.com/fundamentals-of-international-politics-honors-3rd-year-subje/pd/39685
অধ্যাপক মুহাম্মাদ নূরুল ইসলাম মক্কী,Not Listed,স্বাধীন বাংলাদেশের অভ্যুদয়ের ইতিহাস (অনার্স ও ডিগ্রি ১ম বর্ষ) - ২১১৫০১,৪২৫৳,৩৪০৳,https://www.wafilife.com/history-of-the-emergence-of-independent-bangladesh-honors-an/pd/39680
অধ্যাপক মুহাম্মাদ নূরুল ইসলাম মক্কী,Not Listed,"বাংলাদেশের বৈদেশিক সম্পর্ক (অনার্স ৪র্থ বর্ষ, বিষয় কোড: ২৪১৯১১)",৪২৫৳,৩৬১৳,https://www.wafilife.com/foreign-relations-of-bangladesh-honors-4th-year-subject-code/pd/39679
অধ্যাপক মুহাম্মাদ নূরুল ইসলাম মক্কী,Not Listed,বাংলাদেশের রাজনৈতিক ও সাংবিধানিক উন্নয়ন (১৯৪৭ থেকে বর্তমান),৫৮০৳,৪৯৩৳,https://www.wafilife.com/political-and-constitutional-development-in-bangladesh-from/pd/39691
অধ্যাপক মুহাম্মাদ নূরুল ইসলাম মক্কী,Not Listed,বাংলাদেশের আইন প্রণয়ন প্রক্রিয়া (অনার্স ৪র্থ বর্ষ) - ২৪১৯১৩,৪১০৳,৩৪৯৳,https://www.wafilife.com/legislative-process-in-bangladesh-honors-4th-year-241913/pd/39694
অধ্যাপক মুহাম্মাদ নূরুল ইসলাম মক্কী,Not Listed,সাম্প্রতিক রাষ্ট্রচিন্তা মাস্টার্স শেষ বর্ষ বিষয় কোড-৩১১৯০১,৩৮০৳,৩২৩৳,https://www.wafilife.com/recent-political-thought-masters-last-year-subject-code-3119/pd/39690
অধ্যাপক মুহাম্মাদ নূরুল ইসলাম মক্কী,Not Listed,ব্রিটিশ ভারতে রাজনৈতিক ও সাংবিধানিক উন্নয়ন অনার্স ২য় বর্ষ,৪০০৳,৩৪০৳,https://www.wafilife.com/political-and-constitutional-development-in-british-india-ho/pd/39689
অধ্যাপক মুহাম্মাদ নূরুল ইসলাম মক্কী,Not Listed,রাজনীতি ও উন্নয়নে নারী অনার্স ২য় বর্ষ,৪০০৳,৩২০৳,https://www.wafilife.com/women-in-politics-and-development-honors-2nd-year/pd/39683
অধ্যাপক মুহাম্মাদ সিরাজ উদ্দীন,Not Listed,কুরআন নাযিলের উদ্দেশ্য মুমিনের দায়িত্ব তিলাওয়াতের সঠিক পদ্ধতি,৯০০৳,৬৭৫৳,https://www.wafilife.com/quran-najiler-uddeshyo-muminer-dayitto-tilwater-shothik-podd/pd/62361
অধ্যাপক মুয়ায্‌যম হুসায়ন,Not Listed,আধুনিক ইউরোপের ইতিহাস,৫০০৳,৪৩০৳,https://www.wafilife.com/adunik-europer-itihas/pd/51841
অধ্যাপক মো. আলাউদ্দিন মিঞা,Not Listed,আর্সেনিকের বিষক্রিয়া ও প্রতিকার,২০০৳,১৬৬৳,https://www.wafilife.com/arsenic-bishokriya-o-protikar/pd/13772
অধ্যাপক মো. আলী আশরাফ,Not Listed,উন্নয়নের পথে বাংলাদেশ,৩৫০৳,২৯১৳,https://www.wafilife.com/unnoyaner-pothe-bangladesh/pd/37629
অধ্যাপক মো: আবু বক্কর ছিদ্দিক,Not Listed,বিকাশ মনোবিজ্ঞান ১,২৬৭৳,১৯৪৳,https://www.wafilife.com/bikash-monobiggan-1/pd/23372
অধ্যাপক মো: আব্দুল খালেক,Not Listed,নলেজ ক্যুইজ অব্ ইসলাম,১৫০৳,১১৭৳,https://www.wafilife.com/knowledge-kuiws-of-islam/pd/53530
অধ্যাপক মোঃ আবদুল মজিদ,Not Listed,নামাযের শিক্ষা ও তাৎপর্য,৮০৳,৭৬৳,https://www.wafilife.com/namazer-shikkha-o-tatporjo/pd/73936
অধ্যাপক মোঃ আবদুল মান্নান,Not Listed,জৈব রসায়ন- ২,৩৫০৳,২৯৭৳,https://www.wafilife.com/joibo-roshayon-2/pd/71347
অধ্যাপক মোঃ আবদুল মান্নান,Not Listed,তুলনামূলক রাজনীতি ও রাজনীতি বিশ্লেষণ পদ্ধতি,২৫০৳,২০০৳,https://www.wafilife.com/tulonamulok-rajniti-o-rajniti-bisleshon-poddhoti/pd/35497
অধ্যাপক মোঃ আবদুল মান্নান,Not Listed,সমকালীন রাজনৈতিক তত্ত্ব ও বিশ্লেষণ,২৮৫৳,২২৮৳,https://www.wafilife.com/somokalin-rajnoitik-tottwo-o-bishleshon/pd/13476
অধ্যাপক মোঃ আবদুল মান্নান,Not Listed,গ্রন্থকুটির বাঙালি দর্শন : আধুনিক ও সমকাল - অনার্স ৪র্থ বর্ষ পাঠ্যবই (দর্শন),৪২৫৳,৩৪৯৳,https://www.wafilife.com/gronthokutir-bangali-dorshon-adhunik-o-somokal-honors-4th-ye/pd/31315
অধ্যাপক মোঃ আবদুল মান্নান,Not Listed,গ্রন্থকুটির বাঙালির দর্শন প্রাচীন মধ্যযুগ - অনার্স ৩য় বর্ষ পাঠ্যবই (দর্শন),৩৪৫৳,২৮৩৳,https://www.wafilife.com/gronthokutir-bangalir-dorshon-prachin-moddhyojug-honors-3rd/pd/31150
অধ্যাপক মোঃ আবদুল মান্নান,Not Listed,গ্রন্থকুটির বাংলাদেশ দর্শন ৫ম পত্র - ডিগ্রি ৩য় বর্ষ পাঠ্যবই (দর্শন),২০৫৳,১৬৮৳,https://www.wafilife.com/gronthokutir-bangladesh-dorshon-5th-part-degree-3rd-year-tex/pd/31449
অধ্যাপক মোঃ আবদুল মান্নান,Not Listed,বাঙালির দর্শন চেতনা ও অভিব্যক্তি (অনার্স ৪র্থ বর্ষ টেক্সট বই) (দর্শন বিভাগ),৩৬৮৳,৩০২৳,https://www.wafilife.com/bangali-dorshon-chetonar-o-ovibakti-honors-4th-year-text-boo/pd/31632
অধ্যাপক মোঃ আবদুল মান্নান,Not Listed,বাংলাদেশে গণতন্ত্র : সমস্যা ও সম্ভাবনা,৭০৳,৫৬৳,https://www.wafilife.com/bangladesher-gonotontro-somossha-o-somvabona/pd/35506
অধ্যাপক মোঃ আবদুল মান্নান,Not Listed,সামাজিক পরিবর্তন ও রাজনৈতিক উন্নয়ন,২৭৫৳,২২০৳,https://www.wafilife.com/samajik-poriborton-o-rajnoitik-unnoyon/pd/13475
অধ্যাপক মোঃ আব্দুর রউফ,Not Listed,কস্ট একাউন্টিং - বিবিএস(পাস) ৩য় বর্ষ,৬০০৳,৫২২৳,https://www.wafilife.com/cost-accounting-bbs-pass-3rd-year/pd/48610
অধ্যাপক মোঃ আব্দুর রউফ,Not Listed,অ্যাডভান্সড এ্যাকাউন্টিং - বিবিএস(পাস) তৃতীয় বর্ষ,৬১৫৳,৫৫৪৳,https://www.wafilife.com/advanced-accounting-bbs-pass-3rd-year/pd/48607
অধ্যাপক মোঃ আব্দুর রউফ,Not Listed,Intermediate Accounting-BSS (Pass) 2nd Year (Paper-3),৫০৮৳,৪৪৭৳,https://www.wafilife.com/intermediate-accounting-bss-pass-2nd-year-paper-3/pd/48614
অধ্যাপক মোঃ আব্দুল মান্‌নান,Not Listed,নারী ও রাজনীতি,৩০০৳,২৪০৳,https://www.wafilife.com/nari-o-rajniti/pd/47620
অধ্যাপক মোঃ আব্দুস ছালাম মিয়া,Not Listed,পদার্থ বিজ্ঞানে মুহাম্মাদ সাল্লাল্লাহু আলাইহি ওয়াসাল্লাম,৭২০৳,৪৩২৳,https://www.wafilife.com/podartho-biggane-muhammad-sallallahu-alaihi-wa-sallam/pd/8892
অধ্যাপক মোঃ আব্দুস ছালাম মিয়া (হুমায়ুন),Not Listed,জীববিজ্ঞানে মুহাম্মাদ সাল্লালাহু আলাইহি ওয়াসাল্লাম,৬৬০৳,৪১০৳,https://www.wafilife.com/muhammad-sm-in-biology/pd/22377
অধ্যাপক মোঃ গোলাম হোসেন প্রামানিক,Not Listed,Akkharpatra Physics First Paper (Class 11-12) - English Version,0,৮০০৳,https://www.wafilife.com/akkharpatra-physics-first-paper-class-11-12-english-version/pd/69439
অধ্যাপক মোঃ গোলাম হোসেন প্রামানিক,Not Listed,Akkharpatra Physics Second Paper (Class 11-12) - English Version,0,৮০০৳,https://www.wafilife.com/akkharpatra-physics-second-paper-class-11-12-english-version/pd/69440
অধ্যাপক মোঃ গোলাম হোসেন প্রামানিক,Not Listed,আলিম পদার্থবিজ্ঞান - দ্বিতীয় পত্র,0,৪৫০৳,https://www.wafilife.com/alim-podarthobiggan-second-paper/pd/68004
অধ্যাপক মোঃ গোলাম হোসেন প্রামানিক,Not Listed,অক্ষরপত্র পদার্থবিজ্ঞান দ্বিতীয় পত্র (একাদশ-দ্বাদশ শ্রেণি),0,৬৮০৳,https://www.wafilife.com/akkharpatra-podarthobiggan-2nd-paper-class-11-12/pd/67851
অধ্যাপক মোঃ গোলাম হোসেন প্রামানিক,Not Listed,অক্ষরপত্র পদার্থবিজ্ঞান দ্বিতীয় পত্র (একাদশ-দ্বাদশ শ্রেণি),0,৬৮০৳,https://www.wafilife.com/akkharpatra-podarthobiggan-2nd-paper-class-11-12/pd/57410
অধ্যাপক মোঃ ছফিউল্লাহ মাহমুদী,Not Listed,আয়নাঘরের কান্না,২০০৳,১৫০৳,https://www.wafilife.com/ayanaghorer-kanna/pd/62365
অধ্যাপক মোঃ ছফিউল্লাহ মাহমুদী,Not Listed,আয়নাঘরের কান্না,২০০৳,১৫০৳,https://www.wafilife.com/aynaghorer-kannah/pd/62357
অধ্যাপক মোঃ মকবুল হোসেন,Not Listed,সমাজবিজ্ঞানের অভিধান,২৭৫৳,২৪৫৳,https://www.wafilife.com/dictionary-of-sociology/pd/12797
অধ্যাপক মোঃ সিরাজুল ইসলাম,Not Listed,উচ্চ মাধ্যমিক আধুনিক পদার্থবিজ্ঞান (২য় পত্র),0,২০০৳,https://www.wafilife.com/higher-secondary-modern-physics-2nd-part/pd/45439
অধ্যাপক মোজাফফর আহমদ,Not Listed,সময়ের কণ্ঠস্বর,৩০০৳,২৪৯৳,https://www.wafilife.com/somoyer-kanthosor/pd/37648
অধ্যাপক মোশাররফ হোসাইন,Not Listed,আল কুরআনে নারী ২য় খণ্ড,১৩০৳,১০৬৳,https://www.wafilife.com/al-qurane-nari-2nd-part/pd/9671
অধ্যাপক মোশাররফ হোসাইন,Not Listed,আল কুরআনে নারী ১ম খণ্ড,২১৫৳,১৮২৳,https://www.wafilife.com/al-qurane-nari-1st-part/pd/9669
অধ্যাপক মোহাম্মদ মোসাররফ হোসাইন,Not Listed,নামাজ কায়েম কর,৩০৳,২৪৳,https://www.wafilife.com/namaj-kayem-koro/pd/1964
অধ্যাপক মোহাম্মাদ মোজাম্মেল হক,Not Listed,তাফসীর তাইসীরুল কুরআন (বিষয়সূচী সহ),"২,২০০৳","১,৫৪০৳",https://www.wafilife.com/tafsir-taisirul-quran-bisoy-suchi-soho/pd/3303
অধ্যাপক মোহাম্মাদ মোজাম্মেল হক,Not Listed,তাইসীরুল কুরআন সরল বাংলা অর্থানুবাদ (৩০-খন্ড পারায় পারায়),"২,৩০০৳","১,৪৯৫৳",https://www.wafilife.com/taisirul-quran-sorol-bangla-orthanubad-30-khondo-30-paray/pd/25246
অধ্যাপক মোহাম্মাদ মোজাম্মেল হক,Not Listed,তিলাওয়াতে রমাদান প্যাকেজ,"১,৫৬০৳","১,১৭০৳",https://www.wafilife.com/tilawate-ramadan-package/pd/23904
অধ্যাপক মোহাম্মাদ মোজাম্মেল হক,Not Listed,প্রগতির স্রোতে ভাসমান নারী,৬০৳,৪২৳,https://www.wafilife.com/progotir-srote-vashoman-nari/pd/1264
অধ্যাপক মোহাম্মাদ মোজাম্মেল হক,Not Listed,তাফসীর তাইসীরুল কুরআন (বিষয়সূচী ছাড়া),"১,১০০৳",৭৭০৳,https://www.wafilife.com/tafsirul-taisirul-quran-bisoysuchi-chara/pd/3285
অধ্যাপক মোহাম্মাদ মোজাম্মেল হক,Not Listed,ইসলামী বাল্য শিক্ষা,৩৫৳,২৫৳,https://www.wafilife.com/islami-ballo-shikkha/pd/3010
অধ্যাপক মোহাম্মাদ মোজাম্মেল হক,Not Listed,তাফসীর তাইসীরুল কুরআন (পকেট সাইজ),২৬০৳,১৬৯৳,https://www.wafilife.com/tafsir-taisirul-quran/pd/2746
অধ্যাপক রফিকুল ইসলাম,Not Listed,শতবর্ষের দ্বারপ্রান্তে ঢাকা বিশ্ববিদ্যালয়,৮২৫৳,৬৮৫৳,https://www.wafilife.com/shotoborsher-dar-prante-dhaka-bishwo-biddyaloy/pd/9705
অধ্যাপক রাজু আহমেদ,Not Listed,জয়কলি ম্যাথ সাজেশন: ব্যবসায় শিক্ষা ও মানবিক শাখার জন্য (বুয়েট মেডিকেল বিশ্ববিদ্যালয়ে ভর্তি গাইডলাইন),২২৫৳,১৫০৳,https://www.wafilife.com/joykoly-math-suggestion/pd/5634
অধ্যাপক রাজু আহমেদ,Not Listed,আমাদের পৃথিবী,২৫০৳,১৯০৳,https://www.wafilife.com/amader-prethibi/pd/46204
অধ্যাপক রাজু আহমেদ,Not Listed,গণিতকোষ,৫০০৳,৪১০৳,https://www.wafilife.com/gonitkosh/pd/23278
অধ্যাপক লরেন্স জেরিং,Not Listed,"মুজিব, এরশাদ ও হাসিনা : রাজনৈতিক দুর্বৃত্তায়নের ইতিহাস",৭২০৳,৫৭৬৳,https://www.wafilife.com/mujib-ershad-o-hasina-rajnoitik-durbittayoner-itihas/pd/63318
অধ্যাপক লুৎফুন নাহার রউফ,Not Listed,কাব্যে হাদীস ছন্দে বিন্যাস মহানবী (সা.)- এর মহাবাণী,"১,৩৫০৳",৯৪৫৳,https://www.wafilife.com/kabbe-hadith-chonder-binnas-mohanabi-sa-er-mohabani/pd/34294
অধ্যাপক শান্তিময় রায়,Not Listed,ভারতের মুক্তি সংগ্রামে মুসলিম অবদান,৩০০৳,২৩১৳,https://www.wafilife.com/bharater-mukti-sangrame-muslim-abadan/pd/43020
অধ্যাপক শান্তিরঞ্জন ভৌমিক,Not Listed,প্রাচীন ও মধ্যযুগের কাব্য,২০০৳,১৮২৳,https://www.wafilife.com/prachin-o-modhojuger-kabbo/pd/45445
অধ্যাপক শান্তিরঞ্জন ভৌমিক,Not Listed,কবি বিহারীলাল রচনাসমগ্র,৩৫০৳,৩১৯৳,https://www.wafilife.com/kobi-bidrohi-lal-rochonasomogro/pd/45452
অধ্যাপক শান্তিরঞ্জন ভৌমিক,Not Listed,অবলোকন : ব্যক্তি,৩০০৳,২৪৬৳,https://www.wafilife.com/abolokon-byakti/pd/31575
অধ্যাপক শান্তিরঞ্জন ভৌমিক,Not Listed,বাংলা রূপ-রস-অলংকার-ছন্দ,১০০৳,৮৯৳,https://www.wafilife.com/bangla-rup-ros-olongkar-chondo/pd/45448
অধ্যাপক শাহানা পারভীন লাভলী,Not Listed,মুক্তিযুদ্ধে নারী,৩০০৳,২৪৯৳,https://www.wafilife.com/muktijuddhe-nari/pd/45931
অধ্যাপক শাহেদ আলী,Not Listed,বাংলাদেশি ফিকশন শাহেদ আলী,১৫০৳,১৪২.৫০৳,https://www.wafilife.com/bangladeshi-fiction-shahed-ali/pd/76093
অধ্যাপক শেখ মো: সলিমউল্লাহ,Not Listed,সুস্থ থাকার সহজ উপায়,৫০০৳,৩৭৫৳,https://www.wafilife.com/sustho-thakar-sohoz-upay/pd/40166
অধ্যাপক শেখ মো: সলিমউল্লাহ,Not Listed,স্বাস্থ্য সচেতনতাই জীবন,৫০০৳,৩৭৫৳,https://www.wafilife.com/sastho-sochetonotai-jibon/pd/40165
অধ্যাপক শেখর রঞ্জন সাহা,Not Listed,"উচ্চতর ব্যবহারিক উদ্ভিদবিজ্ঞান (১ম ও ২য় ) - অনার্স ১ম বর্ষ - উদ্ভিদবিজ্ঞান বিভাগ - কোড--২১৩০০৬,২২৩০০৬",৩১৫৳,২৬৭৳,https://www.wafilife.com/ucchotor-beboharik-udvitbiggan-1st-and-2nd-year/pd/76797
অধ্যাপক শেখর রঞ্জন সাহা,Not Listed,"উচ্চতর ব্যবহারিক উদ্ভিদবিজ্ঞান (৩য় ও ৪র্থ) - অনার্স ৩য় বর্ষ - উদ্ভিদবিজ্ঞান বিভাগ - কোড-২৩৩০১৪,২৪৩০১৬",৩৭০৳,৩১৪৳,https://www.wafilife.com/ucchotor-beboharik-udvit-biggan-3rd-and-4th-part/pd/76701
অধ্যাপক শেখর রঞ্জন সাহা,Not Listed,"উচ্চতর ব্যবহারিক উদ্ভিদবিজ্ঞান (১ম ও ২য় ) - অনার্স ২য় বর্ষ - উদ্ভিদবিজ্ঞান বিভাগ - কোড-২১৩০০৬,২২৩০০৬",৩১৫৳,২৬৭৳,https://www.wafilife.com/ucchotor-beboharik-udvitbiggan-1st-and-2nd-paper/pd/76716
অধ্যাপক শেখর রঞ্জন সাহা,Not Listed,একটু ভাবুন,0,২৫০৳,https://www.wafilife.com/ektu-vabun/pd/76231
অধ্যাপক শেখর রঞ্জন সাহা,Not Listed,বিবর্তনের গল্প,১৫০৳,১২৯৳,https://www.wafilife.com/bibortoner-golpo/pd/34425
অধ্যাপক শেখর রঞ্জন সাহা,Not Listed,গ্রন্থকুটির ব্যবহারিক উদ্ভিদবিজ্ঞান ১ম ও ২য় খন্ড - অনার্স ১ম বর্ষ পাঠ্যবই (উদ্ভিদবিজ্ঞান),৩১৫৳,২৫৮৳,https://www.wafilife.com/gronthokutir-byaboharik-udvidbiggan-1st-and-2nd-part-honors/pd/31698
অধ্যাপক শেখর রঞ্জন সাহা,Not Listed,সাধারণ রসায়ন - ২ (অনার্স ২য় বর্ষ টেক্সট বই) (উদ্ভিদ বিজ্ঞান বিভাগ),৪২৫৳,৩৪৯৳,https://www.wafilife.com/general-chemistry-2-honors-2nd-year-text-book-department-of/pd/31377
অধ্যাপক শেখর রঞ্জন সাহা,Not Listed,উদ্ভিদবিজ্ঞান - ২ ব্যবহারিক (অনার্স ২য় বর্ষ টেক্সট বই) (উদ্ভিদ বিজ্ঞান বিভাগ),৪৩০৳,৩৫৩৳,https://www.wafilife.com/botany-2-practical-honors-2nd-year-text-book-department-of-b/pd/31018
অধ্যাপক শেখর রঞ্জন সাহা,Not Listed,গ্রন্থকুটির উচ্চতর ব্যবহারিক উদ্ভিদবিজ্ঞান ৩য় ও ৪র্থ খন্ড - অনার্স ৩য় বর্ষ পাঠ্যবই (উদ্ভিদবিজ্ঞান),৩১৫৳,২৫৮৳,https://www.wafilife.com/gronthokutir-ucchotoro-byaboharik-udvidbiggan-3rd-and-4th-pa/pd/31704
অধ্যাপক শেখর রঞ্জন সাহা,Not Listed,উচ্চতর ব্যবহারিক উদ্ভিদবিজ্ঞান ৩য় ও ৪র্থ খণ্ড (অনার্স ৩য় বর্ষ টেক্সট বই) (উদ্ভিদবিজ্ঞান বিভাগ),৩২৫৳,২৬৭৳,https://www.wafilife.com/ucchotor-baboharik-udvid-bigghan-3rd-and-4th-part-honors-3rd/pd/31255
অধ্যাপক শেখর রঞ্জন সাহা,Not Listed,জিন ও জৈবপ্রযুক্তির গল্প,২২৫৳,১৮৫৳,https://www.wafilife.com/jin-o-jeiboprojhuktir-golpo/pd/31056
অধ্যাপক শেখর রঞ্জন সাহা,Not Listed,জীবনের গল্প,১৫০৳,১২৯৳,https://www.wafilife.com/jiboner-golpo/pd/34543
অধ্যাপক সফিক রেজা,Not Listed,"জীবনানন্দ, সুধীন্দ্রনাথ ও অন্যান্য",২০০৳,১৫৬৳,https://www.wafilife.com/jibonanndo-sudindronath-o-onnano/pd/41312
অধ্যাপক সৈয়দ আব্দুস সাত্তার,Not Listed,আমার দেশ আমার জীবন,৯০০৳,৭৭৪৳,https://www.wafilife.com/amar-desh-amar-jibon/pd/34815
অধ্যাপক সৈয়দ বেলায়েত হোসেন,Not Listed,ইসলামী আন্দোলন ফরজ কেন?,৫০৳,৪৩৳,https://www.wafilife.com/islami-andolon-foroj-keno/pd/12315
অধ্যাপক সৈয়দ মোদাচ্ছের আলী,Not Listed,কিশোর সংকলন,৪০০৳,৩৩২৳,https://www.wafilife.com/kishor-songkolon/pd/39924
অধ্যাপক সৈয়দ মোদাচ্ছের আলী,Not Listed,আপনার চোখ,২০০৳,১৬৬৳,https://www.wafilife.com/apnar-chok/pd/39699
অধ্যাপক সৈয়দ মোদাচ্ছের আলী,Not Listed,দেশে বিদেশে ভ্রমনকাহিনী,১০০৳,৮৩৳,https://www.wafilife.com/deshe-bideshe-vromonkahini/pd/39806
অধ্যাপক সৈয়দ মোদাচ্ছের আলী,Not Listed,নির্বাচিত প্রবন্ধ সংগ্রহ,৫০০৳,৪১৫৳,https://www.wafilife.com/nirbachito-probondho-songraho/pd/39703
অধ্যাপক সৈয়দ মোদাচ্ছের আলী,Not Listed,বাংলাদেশের মৌলবাদী,৪০৳,৩৩৳,https://www.wafilife.com/bangladesher-moulobadi/pd/50197
অধ্যাপক সৈয়দ মোদাচ্ছের আলী,Not Listed,ষাট দশকের ছাত্র রাজনীতি,৮০৳,৬৬৳,https://www.wafilife.com/shat-doshoker-chatro-rajniti/pd/39704
অধ্যাপক হাবিবুর রহমান,Not Listed,হাদীসে রাসূল (সঃ),২৫০৳,২৩৮৳,https://www.wafilife.com/hadise-rasul-sw/pd/26045
অধ্যাপক হারাধন নাগ,Not Listed,রসায়ন-১ম পত্র (একাদশ-দ্বাদশ শ্রেণি),৫৫০৳,৪৯৫৳,https://www.wafilife.com/chemistry-1st-part-class-xi-xii/pd/16535
অধ্যাপক হারাধন নাগ,Not Listed,রসায়ন - ২য় পত্র (একাদশ-দ্বাদশ শ্রেণি),0,৫৬০৳,https://www.wafilife.com/chemistry-2nd-paper-bangla-version-class-xi-xii/pd/16536
অধ্যাপক হারাধন নাগ,Not Listed,ব্যবহারিক রসায়ন-প্রথম ও দ্বিতীয় পত্র (একাদশ-দ্বাদশ শ্রেণি),0,১৪৫৳,https://www.wafilife.com/baboharic-rosayon-1st-o-2nd-part-class-xi-xii/pd/16539
অধ্যাপক হারাধন নাগ,Not Listed,রসায়ন গাইড ২য়,0,২৫০৳,https://www.wafilife.com/rosayon-guide-2nd/pd/16602
অধ্যাপক হারাধন নাগ,Not Listed,Chemistry-First Paper (Class XI-XII),৭২০৳,৬৪৮৳,https://www.wafilife.com/chemistry-first-paper-class-xi-xii/pd/16542
অধ্যাপক হারাধন নাগ,Not Listed,রসায়ন গাইড ১ম পত্র,২৯০৳,২৬১৳,https://www.wafilife.com/chemistry-guide-1st-paper/pd/16601
অধ্যাপক হারাধন নাগ,Not Listed,রসায়ন তত্ত্বীয় ও গাণিতিক সমস্যার সমাধান-প্রথম ও দ্বিতীয় পত্র,0,৪৫০৳,https://www.wafilife.com/chemistry-theory-and-mathematical-problem-salutation-1st-and/pd/16605
অধ্যাপক হিরেন্দ্রনাথ বিশ্বাস,Not Listed,বিমা ও ঝুঁকি ব্যবস্থাপনা (অনার্স ৩য় বর্ষ টেক্সট বই) (ব্যবসায় শিক্ষা- ব্যবস্থাপনা বিভাগ) - 232609,৪৩০৳,৩৫৩৳,https://www.wafilife.com/insurance-and-risk-management-honors-3rd-year-text-book-depa/pd/31248
অধ্যাপক হিরেন্দ্রনাথ বিশ্বাস,Not Listed,গ্রন্থকুটির বিমা ও ঝুঁকি ব্যবস্থাপনা - অনার্স ৩য় বর্ষ পাঠ্যবই (ব্যবস্থাপনা),৪৩০৳,৩৫৩৳,https://www.wafilife.com/gronthokutir-bima-o-jhunki-byabosthapona-honors-3rd-year-tex/pd/31526
অধ্যাপক হীরেন্দ্রনাথ বিশ্বাস,Not Listed,বিমা ও ঝুঁকি ব্যবস্থাপনা (অনার্স ২য় বর্ষ টেক্সট বই) (ব্যবসায় শিক্ষা- মার্কেটিং বিভাগ),৪৯০৳,৪০২৳,https://www.wafilife.com/insurance-and-risk-management-honors-2nd-year-text-book-depa/pd/31367
অধ্যাপক হীরেন্দ্রনাথ বিশ্বাস,Not Listed,গ্রন্থকুটির বীমা ও ঝুঁকি ব্যবস্থাপনা ( অনার্স ২য় বর্ষ পাট্যবই ) - মার্কেটিং বিভাগ,৩৬০৳,২৯৫৳,https://www.wafilife.com/gronthokutir-bima-o-jhuki-bebosthapona-honors-2nd-year-textb/pd/31408
অধ্যাপিকা জোছনা কবীর,Not Listed,আধুনিক রান্না শিক্ষা ও পুষ্টিবিজ্ঞান,২৫০৳,১৮২.৫০৳,https://www.wafilife.com/adhunik-ranna-sikka-o-pustibiggan/pd/38008
অধ্যাপিকা নূরজাহান বেগম,Not Listed,এক্সিলেন্ট রাষ্ট্রবিজ্ঞান টেস্ট পেপার ও চূরান্ত সাজেশন- মাস্টার্স ফাইনাল (শেষ বর্ষ),৩৪৫৳,১৮৩৳,https://www.wafilife.com/excellent-political-science-test-paper-and-final-suggestion/pd/6579
অধ্যাপিকা মুর্শিদা আক্তার মৌরী,Not Listed,কথা,১০০৳,৬৫৳,https://www.wafilife.com/kotha/pd/26027
অধ্যাপিকা রীনাত ফওজিয়া,Not Listed,খাদ্য পুষ্টি রান্না,৪০০৳,৩৪৪৳,https://www.wafilife.com/khaddo-pusti-ranna/pd/42525
অধ্যাপিকা রীনাত ফওজিয়া,Not Listed,শিশুর বিকাশ ও বর্ধন,১৫০৳,১২৯৳,https://www.wafilife.com/shisur-bekas-o-bordhon/pd/42518
অধ্যাপিকা শাহানা পারভীন,Not Listed,আমাদের ভাষা ও ভাষা দিবস,১৫০৳,১২৫৳,https://www.wafilife.com/amader-vasha-o-vasha-dibos/pd/45881
অধ্যাপিকা সিদ্দিকা কবীর,Not Listed,রান্না খাদ্য পুষ্টি - হার্ডকভার,৫০০৳,৪১০৳,https://www.wafilife.com/ranna-khaddo-pusti/pd/26006
অধ্যাপিকা সিদ্দিকা কবীর,Not Listed,রান্না খাদ্য পুষ্টি - পেপারব্যাক,৪২৫৳,৩৫৩৳,https://www.wafilife.com/ranna-khaddo-pusti-paperback/pd/26007
অধ্যাপিকা সিদ্দিকা কবীর,Not Listed,সিদ্দিকা কবীরের রেসিপি : দেশী-বিদেশী ঘরোয়া রান্না,৪০০৳,২৮০৳,https://www.wafilife.com/siddika-kabirer-recipi-deshi-bideshi-ghoroya-ranna/pd/34308
অধ্যাপিকা সুফিয়া আক্তার,Not Listed,ঘরে বসেই বিজ্ঞানী,২০০৳,১৭২৳,https://www.wafilife.com/gore-bosiye-biggani/pd/42504
অধ্যাপিকা সুফিয়া আক্তার,Not Listed,সেরা বিজ্ঞানীর সেরা আবিষ্কার,২৫০৳,২১৫৳,https://www.wafilife.com/shera-bigganir-shera-abiskar/pd/42503
অধ্যাপিকা হাফিজা ইসলাম,Not Listed,নিশিরাতে ঝরে যাওয়া কুঁড়ি,১০০৳,৮৬৳,https://www.wafilife.com/nishirate-jhore-jaoa-kuri/pd/35975
অনন্ত নিগার,Not Listed,বিজ্ঞান বনাম অপবিজ্ঞান,১৫০৳,১২৯৳,https://www.wafilife.com/biggan-bonam-opobiggan/pd/64037
অনন্ত নিগার,Not Listed,আলফ্রেড নোবেল,0,১৫০৳,https://www.wafilife.com/biggyani-alfroed-nobel/pd/63994
অনন্ত নিগার,Not Listed,বিজ্ঞান বনাম অপবিজ্ঞান,১৫০৳,১২৫৳,https://www.wafilife.com/biggan-bonam-opobiggan/pd/24320
অনন্ত নিগার,Not Listed,জানা বিজ্ঞান অজানা বিজ্ঞান,১৫০৳,১২০৳,https://www.wafilife.com/jana-biggan-ojana-biggan/pd/8722
অনন্ত নিগার,Not Listed,বিজ্ঞান ও বিজ্ঞানের বিস্ময়,১৫০৳,১২০৳,https://www.wafilife.com/biggan-o-bigganer-bismoy/pd/14733
অনন্ত মৈত্রী,Not Listed,আমি সুফিবাদে বিশ্বাসী,৪৫০৳,৩২৪৳,https://www.wafilife.com/ami-sufibade-biswashi/pd/47139
অনন্ত মৈত্রী,Not Listed,চিরন্তন হযরত খাজা মঈনুদ্দীন চিশতী (রা.),৫০০৳,৩৬০৳,https://www.wafilife.com/hazrat-khwaja-moinuddin-chishti-ra/pd/47123
অনন্ত মৈত্রী,Not Listed,অনন্ত মৈত্রী’র দিকদর্শন - ২,৫০০৳,৩৬০৳,https://www.wafilife.com/ananta-moitrir-dikdorshon-2/pd/47114
অনন্ত মৈত্রী,Not Listed,আত্মদর্শনে আমার সত্তা- ১,৫০০৳,৩৬০৳,https://www.wafilife.com/atmodorshone-amar-sotta-1/pd/47062
অনন্ত সাহেদ,Not Listed,শিশু-কিশোর সচিত্র গল্প সুন্দরবনে টম অ্যান্ড জেরি ও ডোরেমনের বাংলাদেশ মিশন,0,৪৭০৳,https://www.wafilife.com/sisu-kisor-sochitra-golpo-sundarbane-tom-jerry-o-doreamon-ai/pd/82152
অনন্ত সাহেদ,Not Listed,সুন্দরবনে টম এন্ড জেরি,২৫০৳,২০০৳,https://www.wafilife.com/sundarbane-tom-jerry/pd/78230
অনন্ত সাহেদ,Not Listed,ডোরেমনের বাংলাদেশ মিশন,২৫০৳,২০০৳,https://www.wafilife.com/doreamoner-bangladesh-mission/pd/78229
অনন্ত সিংহ,Not Listed,পাহাড়ের লাল আখ্যান,৬০০৳,৪৯২৳,https://www.wafilife.com/paharer-lal-akhyan/pd/61291
অনন্ত সিংহ,Not Listed,চট্রগ্রাম যুব বিদ্রোহ ১ম খন্ড,৪০০৳,৩০৮৳,https://www.wafilife.com/chittagong-jubo-bidroho-1st-part/pd/43064
অনন্য আজাদ,Not Listed,সতীত্ব বনাম বহুগামিতা,২০০৳,১৬০৳,https://www.wafilife.com/shotitto-bonam-bohugamita/pd/37419
অনন্যা রুমা,Not Listed,হাজার বছরের সেরা বাঙালি,৩০০৳,২৪০৳,https://www.wafilife.com/hazar-bochorer-sera-bangali/pd/52823
অনামিকা চৌধুরী,Not Listed,৩৬ জুলাই,২৫০৳,১৯৯৳,https://www.wafilife.com/36-july/pd/73115
অনামিকা হক লিলি,Not Listed,গ্রেট ওয়ালের দেশে,৮০৳,৬৬৳,https://www.wafilife.com/grate-waller-deshe/pd/47472
অনামিকা হক লিলি,Not Listed,গ্রেটওয়ালের দেশে,৮০৳,৬৬৳,https://www.wafilife.com/great-wall-er-deshe/pd/10184
অনামিকা হক লিলি,Not Listed,মুক্তিযুদ্ধের গল্প,৪০৳,৩৩৳,https://www.wafilife.com/muktijuddher-golpo/pd/50345
অনার্য মুর্শিদ,Not Listed,জলের ডানায় পাখির বাড়ি,১৪০৳,১২৫৳,https://www.wafilife.com/joler-danay-pakhir-bari/pd/36085
অনিক আফসান নেওয়াজ,Not Listed,Best of Bangladeshi Cuisine,"১,৫০০৳","১,২৩০৳",https://www.wafilife.com/best-of-bangladeshi-cuisine/pd/10479
অনিক খান,Not Listed,দ্য গোল্ডেন কম্পাস,৩৭৫৳,৩০০৳,https://www.wafilife.com/the-golden-compass/pd/59245
অনিক খান,Not Listed,দ্য গোল্ডেন কম্পাস,৩৭৫৳,৩০০৳,https://www.wafilife.com/the-golden-compass/pd/35378
অনিক খান (ছড়াকার),Not Listed,তোমায় নিয়ে শের বেঁধেছি,১০০৳,৮০৳,https://www.wafilife.com/tomy-neay-sar-badace/pd/54126
অনিক খান (ছড়াকার),Not Listed,চুপ বেয়াদপ,৭৫৳,৫৬.২৫৳,https://www.wafilife.com/chup-bayadop/pd/44266
অনিক মজুমদার,Not Listed,পদার্থ বিচিত্রা: পদার্থ বিজ্ঞান (১ম ও ২য় পত্র),৮২৫৳,৫৬০৳,https://www.wafilife.com/podartho-bichitra/pd/5623
অনিক মজুমদার,Not Listed,গণিত বিচিত্রা: গণিত ১ম ও ২য় পত্র,৮২৫৳,৫৬১৳,https://www.wafilife.com/ganit-bichitra/pd/5621
অনিক মজুমদার,Not Listed,রসায়ন বিচিত্রা: রসায়ন ১ম ও ২য় পত্র,৮২৫৳,৫৬০৳,https://www.wafilife.com/rosayon-bichitra/pd/5622
অনিক মজুমদার,Not Listed,মেরিন বিচিত্রা,৭৫০৳,৫১০৳,https://www.wafilife.com/marine-bichitra/pd/5637
অনিক মজুমদার,Not Listed,বিএসসি নার্সিং এইড ভর্তি সহায়িকা,৬০০৳,৪১০৳,https://www.wafilife.com/bsc-nursing/pd/5672
অনিক মজুমদার,Not Listed,চট্টগ্রাম বিশ্ববিদ্যালয় প্রশ্নব্যাংক ও মডেল টেস্ট বিজ্ঞান শাখা - এ- ইউনিট (পেপারব্যাক),৫২৫৳,৩৬০৳,https://www.wafilife.com/cu-prosnobank-a-unit/pd/5644
অনিক মজুমদার,Not Listed,"শাহজালাল বিজ্ঞান ও প্রযুক্তি বিশ্ববিদ্যালয় প্রশ্নব্যাংক ও মডেল টেস্ট -(এবি ইউনিট, বিজ্ঞান বিভাগ)",৫২৫৳,৩৬০৳,https://www.wafilife.com/sust-prosnobank-ab-unit/pd/5648
অনিক মজুমদার,Not Listed,কৃষি বিচিত্রা (সকল কৃষি বিশ্ববিদ্যালয় ভর্তি পরীক্ষার সহায়ক টেক্সট বুক),৮২৫৳,৫৬০৳,https://www.wafilife.com/krishi-bichitra/pd/5673
অনিক মাহমুদ,Not Listed,স্মৃতিকুঞ্জের ছায়াবীথি,২৭৫৳,২৩৭৳,https://www.wafilife.com/smritikunjer-chayabithi/pd/34820
অনিক মাহমুদ,Not Listed,সুমিত্রা বন্ধন,১০০৳,৮৬৳,https://www.wafilife.com/sumitra-bondhon/pd/34889
অনিক শুভ,Not Listed,রাক্ষসের কবলে রাজকন্যা,৮০৳,৫৯৳,https://www.wafilife.com/rakkhoser-kobole-rajkonna/pd/53709
অনিতা আনন্দ,Not Listed,কোহিনূর: পৃথিবীর সবচেয়ে কুখ্যাত হীরার কাহিনি,৩০০৳,২৪০৳,https://www.wafilife.com/kohinur-prithibir-sobcheye-kukhyato-hirar-kahini/pd/21972
অনিতা আনান্দ,Not Listed,কোহিনূর,৪০০৳,৩০৮৳,https://www.wafilife.com/kohinur/pd/43109
অনিতা নেইর,Not Listed,মিথলজির যে ৪টি বই আপনার দরকার,"১,০৯০৳",৯০৫৳,https://www.wafilife.com/mythologie-je-4-ti-boi-apnar-dorkar/pd/41544
অনিতা নেইর,Not Listed,পূরাণের ভারত,২৪০৳,১৯৯৳,https://www.wafilife.com/puraner-bharot/pd/41532
অনিন্দিতা গোস্বামী,Not Listed,নোনাজল,৩০০৳,২৪০৳,https://www.wafilife.com/nonajol/pd/55178
অনিন্দ্য আর্য্যু,Not Listed,গোলাম আকবর চৌধুরী: জীবন ও কর্ম,১২০৳,১০০৳,https://www.wafilife.com/golam-akbor-chowdhury-jibon-o-kormo/pd/50401
অনিন্দ্য আর্য্যু,Not Listed,আইজ্যাক নিউটন,১০০৳,৮৩৳,https://www.wafilife.com/isaac-newton/pd/50502
অনিন্দ্য কৌশিক,Not Listed,ইংরেজি সাহিত্যের ইতিহাস,২০০৳,১৫০৳,https://www.wafilife.com/engreji-sahittyer-itihash/pd/9581
অনিন্দ্য দাসগুপ্ত,Not Listed,অঙ্কের যাদু,১৫০৳,১২৯৳,https://www.wafilife.com/ongker-zadu/pd/22983
অনিমা অনি,Not Listed,বন্ধনে রায়বাড়ি,৩৫০৳,২৭৩৳,https://www.wafilife.com/bondhone-raybari/pd/61402
অনিমেষ সাহা,Not Listed,হিসাববিজ্ঞান ১ম পত্র(একাদশ-দ্বাদশ শ্রেণি)(সাদা),৪৯৫৳,৪৬০৳,https://www.wafilife.com/accounting-1st-part-class-xi-xi-white/pd/45470
অনিরুদ্ধ আলম,Not Listed,দুই বাংলার নির্বাচিত হাসির গল্প,২৯৫৳,২২১৳,https://www.wafilife.com/dui-bangalar-nirbaceto-hasir-golpo/pd/53213
অনিরুদ্ধ আলম,Not Listed,বিশ্বের সেরা সায়েন্স ফিকশন সাইফাই,৩৫০৳,২৬৩৳,https://www.wafilife.com/bisser-shera-science-fiction-syfi/pd/53058
অনিরুদ্ধ আলম,Not Listed,বাছাই সায়েন্স ফিকশন,৪০০৳,৩০০৳,https://www.wafilife.com/bacy-science-fiction/pd/53223
অনিরুদ্ধ আলম,Not Listed,ছোটদের বেগম সুফিয়া কামাল,৬০৳,৪৫৳,https://www.wafilife.com/chotoder-begum-sufiya-kamal/pd/53219
অনিরুদ্ধ আলম,Not Listed,ই. টি যখন বাড়ি ফিরল,৩৫৳,২৮.৭০৳,https://www.wafilife.com/e-t-jokhon-bari-ferlo/pd/46522
অনিরুদ্ধ প্রামাণিক,Not Listed,বুঝে করি জ্যামিতি- ৩য় খণ্ড (সেকেন্ডারি-হায়ার সেকেন্ডারি),৪০০৳,৩৩২৳,https://www.wafilife.com/bujhe-kori-jyamiti-3rd-part-secondary-higher-secondary/pd/29290
অনিরুদ্ধ প্রামাণিক,Not Listed,বুঝে করি জ্যামিতি- ৩য় খণ্ড (সেকেন্ডারি-হায়ার সেকেন্ডারি),৪০০৳,৩৩২৳,https://www.wafilife.com/bujhe-kori-jyamiti-3rd-part-secondary-higher-secondary/pd/13767
অনিরুদ্ধ প্রামাণিক,Not Listed,বুঝে করি সংখ্যাতত্ত্ব ১ম খণ্ড - সেকেন্ডারি-হায়ার সেকেন্ডারি,৫৫০৳,৪৫৬.৫০৳,https://www.wafilife.com/bughe-kori-sonkkhatottho-1st-part/pd/29262
অনিরুদ্ধ প্রামাণিক,Not Listed,বুঝে করি সংখ্যাতত্ত্ব ১ম খণ্ড (সেকেন্ডারি-হায়ার সেকেন্ডারি),৫৫০৳,৪৫৬.৫০৳,https://www.wafilife.com/bujhe-kori-sonkkhatottho-1st-part-secondary-higher-secondary/pd/13765
অনিরুদ্ধ প্রামাণিক,Not Listed,Physics Olympiad Problem-Solution Compilation Junior Advanced,৫০০৳,৪১৫৳,https://www.wafilife.com/physics-olympiad-problem-solution-compilation-junior-advance/pd/13770
অনিরুদ্ধ প্রামাণিক,Not Listed,"Physics Olympiad Problem-Solution Compilation, Junior, Simple",৪৫০৳,৩৭৩.৫০৳,https://www.wafilife.com/physics-olympiad-problem-solution-compilation-junior-simple/pd/13768
অনিরুদ্ধ প্রামাণিক,Not Listed,বুঝে করি জ্যামিতি-১ম খণ্ড,২৫০৳,২০৭.৫০৳,https://www.wafilife.com/buje-kori-jyamiti-1st-part/pd/13757
অনিরুদ্ধ বুলবুল,Not Listed,ধর্ম-কড়চা ধর্ম-চর্চা,৩৫০৳,২৮৭৳,https://www.wafilife.com/dhormo-korcha-dhormo-chorcha/pd/29625
অনির্বাণ ভট্টাচার্য্য,Not Listed,ছদ্মবেশী আতঙ্ক,১৬০৳,১২০৳,https://www.wafilife.com/the-tent/pd/71469
অনির্বাণ মুখার্জী,Not Listed,তিন বাহু দশ মুখ,৪৪০৳,৩০৮৳,https://www.wafilife.com/tin-bahu-dosh-mukh/pd/39395
অনিল মুখার্জী,Not Listed,স্বাধীন বাঙলাদেশ : সংগ্রামের পটভূমি,১০০৳,৯৫৳,https://www.wafilife.com/swadhin-bangladesh-sangramer-patabhumi/pd/36084
অনীক জাভেদ,Not Listed,মানুষ গড়ার শ্রদ্ধাচার,৩০০৳,২৩১৳,https://www.wafilife.com/manush-gorar-shudhachar/pd/30585
অনীক মাহমুদ,Not Listed,শান্তির দেশ,১৫০৳,৭২৳,https://www.wafilife.com/shantir-desh/pd/78162
অনীক মাহমুদ,Not Listed,প্রবন্ধসংগ্রহ-৪,৭০০৳,৬০২৳,https://www.wafilife.com/probondhosangraho-4/pd/34874
অনীক মাহমুদ,Not Listed,প্রবন্ধসংগ্রহ-২,৭০০৳,৬০২৳,https://www.wafilife.com/probondhosangraho-2/pd/34875
অনীক মাহমুদ,Not Listed,শঙ্খিল সপ্তমিকা,৮০৳,৬৯৳,https://www.wafilife.com/songkhil-soptomika/pd/34900
অনীক মাহমুদ,Not Listed,প্রবন্ধসংগ্রহ-১,৫৫০৳,৪৭৩৳,https://www.wafilife.com/probondhosangraho-1/pd/34876
অনীক মাহমুদ,Not Listed,প্রবন্ধসংগ্রহ-৩,৭৫০৳,৬৪৫৳,https://www.wafilife.com/probondhosangraho-3/pd/34873
অনীক মাহমুদ,Not Listed,গাজীমামার খোশগল্প,১০০৳,৮০৳,https://www.wafilife.com/gazimamar-khoshgolpo/pd/35415
অনীক মাহমুদ,Not Listed,চিরায়ত বাংলাঃ ভাষা সংস্কৃতি রাজনীতি সাহিত্য,১৫০৳,১২০৳,https://www.wafilife.com/cirayeto-bangla-vasha-songcriti-rajniti-sahitto/pd/35499
অনীক মাহমুদ,Not Listed,শওকত ওসমান সংক্ষিপ্ত জীবনপঞ্জি,১২০৳,৯৮.৪০৳,https://www.wafilife.com/sowkot-osman-songkhipto-jibonponji/pd/46791
অনীক মাহমুদ,Not Listed,নিরুদ্ধ স্মৃতির দোলা,২৫০৳,২১৫৳,https://www.wafilife.com/niruddha-smrtir-dola/pd/34819
অনীক মাহমুদ,Not Listed,ছোটদের জাতীয় কবি কাজী নজরুল ইসলাম,২৬০৳,২২৪৳,https://www.wafilife.com/chotoder-jatiyo-kobi-kazi-nazrul-islam/pd/34833
অনীক মাহমুদ,Not Listed,অনি:শেষ পিতৃঋন,১৫০৳,১২৯৳,https://www.wafilife.com/onishesh-pitririn/pd/34830
অনীক মাহমুদ,Not Listed,প্রবন্ধ সংগ্রহ ৫,৭০০৳,৬০২৳,https://www.wafilife.com/probondho-songroh-5/pd/34846
অনীক মাহমুদ,Not Listed,গাজীমামার স্বপ্নলোকের গল্প,১২০৳,১০৩৳,https://www.wafilife.com/gazimamar-shopnoloker-golpo/pd/34865
অনীক মাহমুদ,Not Listed,বাংলা কথাসাহিত্যে শওকত ওসমান,৪৫০৳,৩৮৭৳,https://www.wafilife.com/bangla-kothasahitye-shoukat-usman/pd/34894
অনীক মাহমুদ,Not Listed,গাজীমামার ঐতিহাসিক গল্প,১০০৳,৮০৳,https://www.wafilife.com/gazimamar-oitihasiq-golpo/pd/35414
অনীক মাহমুদ,Not Listed,বিভূতিভূষণের পথের পাঁচালী: তন্নিষ্ঠ পাঠ ও শিল্পসন্দর্শন,১০০৳,৭৮৳,https://www.wafilife.com/bivutivushner-pother-phacali-tonishto-phat-shilposondoshon/pd/41310
অনীক মাহমুদ,Not Listed,বাংলার গণজীবন ও যুগবোধের সাহিত্য,১০০৳,৮০৳,https://www.wafilife.com/banglar-gonojibon-o-jugobodher-sahitto/pd/35498
অনীক মাহমুদ,Not Listed,একলব্যের ভবিতব্য,৫০৳,৪৯৳,https://www.wafilife.com/aklaber-vabitabo/pd/80355
অনীক মাহমুদ,Not Listed,রবীন্দ্র ছোটগল্পে জীবনবোধ ও চরিত্রচিত্রণ,৭৫৳,৬৯৳,https://www.wafilife.com/rabindro-chotogalpe-jibonbod-o-caritrocitron/pd/80185
অনীক মাহমুদ,Not Listed,সাহিত্য-সংস্কৃতির রূপ রূপান্তর,৩০০৳,২২৫৳,https://www.wafilife.com/shahitto-songkriter-rup-rupantor/pd/53227
অনীক মাহমুদ,Not Listed,সাহিত্যে সাম্যবাদ থেকে মুক্তিযুদ্ধ,২২৫৳,১৮০৳,https://www.wafilife.com/sahitte-sammabad-theke-muktijuddha/pd/35492
অনীক মাহমুদ,Not Listed,বাংলা ব্যাকরণ ও নির্মিতি - উচ্চ মাধ্যমিক,৫৯০৳,৫২৫৳,https://www.wafilife.com/bangla-byakoron-o-nirmiti-hsc/pd/28454
অনীক মাহমুদ,Not Listed,তিন ফুলের পাপড়ি,১২০৳,৯৮৳,https://www.wafilife.com/tin-fuler-papri/pd/43408
অনীক মাহমুদ,Not Listed,আধুনিক সাহিত্য পরিপ্রেক্ষিত ও প্রতিকৃতি,১৩৫৳,১১১৳,https://www.wafilife.com/adhunik-sahittya-poriprekkito-o-protikriti/pd/31494
অনীক মাহমুদ,Not Listed,বাংলা উপন্যাসের চিত্তবৈভব ফিরে দেখা,১২০৳,৯৮.৪০৳,https://www.wafilife.com/bangla-uponnasher-chittoboivob-fire-dekha/pd/46456
অনীশ দাস অপু,Not Listed,অ্যাডভেঞ্চার্স অন ক্রোকোডাইল আইল্যান্ড,৪০০৳,৩৩২৳,https://www.wafilife.com/adventures-on-crocodile-island/pd/72484
অনীশ দাস অপু,Not Listed,টিন ডিটেকটিভস,২৫০৳,২০০৳,https://www.wafilife.com/teen-detective/pd/67973
অনীশ দাস অপু,Not Listed,রুশদা মৌলিক ফিকশন কালেকশন,"১,২১০৳",৯৬৮৳,https://www.wafilife.com/rushda-moulik-collection/pd/64319
অনীশ দাস অপু,Not Listed,রিভেঞ্জ অব দ্য মমি,২৫০৳,২০০৳,https://www.wafilife.com/revenge-of-the-momi/pd/63291
অনীশ দাস অপু,Not Listed,শত্রু ভয়ংকর,২৫০৳,২০০৳,https://www.wafilife.com/shotru-voyonkor/pd/61114
অনীশ দাস অপু,Not Listed,বিভীষিকার দিন রাত ও খুনে বৈজ্ঞানিক,১০০৳,৮০৳,https://www.wafilife.com/bibhishikar-din-rat-o-khune-boighanik/pd/54317
অনীশ দাস অপু,Not Listed,"মুঘল শাহজাদী, বেগম এবং উপপত্নীদের অজানা কাহিনি",২৫০৳,২০৮৳,https://www.wafilife.com/mughol-prices-begums-and-concubines/pd/41966
অনীশ দাস অপু,Not Listed,বিচিত্র যত ডাইনোসর,১০০৳,৮০৳,https://www.wafilife.com/bichitro-jato-dainosor/pd/43649
অনীশ দাস অপু,Not Listed,সলোমনের গুপ্তধন,১৪০৳,১১২৳,https://www.wafilife.com/solomoner-guptodhor/pd/54788
অনীশ দাস অপু,Not Listed,রোবটের গল্প,১৩০৳,১০৪৳,https://www.wafilife.com/roboter-golpo/pd/54830
অনীশ দাস অপু,Not Listed,জীব জন্তুর গল্প,১২০৳,৯৬৳,https://www.wafilife.com/jibjonthur-golpo/pd/54832
অনীশ দাস অপু,Not Listed,পৃথিবী সেরা থ্রিলার গল্প,২৫০৳,১৮৩৳,https://www.wafilife.com/prithibir-sera-thriller-golpo/pd/51254
অনীশ দাস অপু,Not Listed,দ্য পাথ টু পার্সোনাল পাওয়ার,২৭৫৳,২১৫৳,https://www.wafilife.com/the-path-to-personal-power/pd/41427
অনীশ দাস অপু,Not Listed,চেঞ্জ ইয়োর লাইফ ইন 7 ডেজ,২৭৫৳,২১৫৳,https://www.wafilife.com/change-your-life-in-7-days/pd/41430
অনীশ দাস অপু,Not Listed,হানাবাড়ি-কিশোর হরর,২৫০৳,২১৫৳,https://www.wafilife.com/hanabari-kishor-horor/pd/40392
অনীশ দাস অপু,Not Listed,কিশোর হরর: ভয়,২৫০৳,২১৫৳,https://www.wafilife.com/kishor-horor-voy/pd/40393
অনীশ দাস অপু,Not Listed,বিস্ময়কর অভিযানে ইউলিসিস,১০০৳,৮০৳,https://www.wafilife.com/bishmoykor-aovijane-ulisis/pd/54836
অনীশ দাস অপু,Not Listed,চালাক বেড়ালের মজার কান্ড,১২০৳,৯৬৳,https://www.wafilife.com/chalak-beraler-mojar-kando/pd/54828
অনীশ দাস অপু,Not Listed,ফ্রানৎস কাফকার চিঠি: নির্বাচিত সংকলন,৪০০৳,৩০৮৳,https://www.wafilife.com/franz-kafkar-chithi-nirbachito-songkolon/pd/43044
অনীশ দাস অপু,Not Listed,মাই লাইফ ইন দ্য মাফিয়া,৩৩৫৳,২৭৮৳,https://www.wafilife.com/my-life-in-the-maphia/pd/42000
অনীশ দাস অপু,Not Listed,দ্য গডফাদার রিটার্নস,৫০০৳,৩৯০৳,https://www.wafilife.com/the-godfather-returns/pd/41410
অনীশ দাস অপু,Not Listed,ক্যান্টারভিল প্রাসাদের ভূত,১২০৳,৯৬৳,https://www.wafilife.com/cantabile-prasader-vut/pd/54842
অনীশ দাস অপু,Not Listed,ড্রাগনের গল্প,১০০৳,৮০৳,https://www.wafilife.com/dragoner-golpo/pd/54839
অনীশ দাস অপু,Not Listed,গুপ্তধনের দ্বীপ,১০০৳,৮০৳,https://www.wafilife.com/guptodhoner-dhip/pd/54841
অনীশ দাস অপু,Not Listed,রবিনসন ক্রুসোর গল্প,১০০৳,৮০৳,https://www.wafilife.com/robinson-crousur-golpo/pd/55059
অনীশ দাস অপু,Not Listed,দ্য টাইডস অব মেমোরি,৪০০৳,৩১৪৳,https://www.wafilife.com/the-taidos-of-memori/pd/40600
অনীশ দাস অপু,Not Listed,চেজিং টুমরো,৪০০৳,৩৩২৳,https://www.wafilife.com/chasing-tomorrow/pd/40573
অনীশ দাস অপু,Not Listed,মধ্যরাতের ভূত,১২০৳,৯৬৳,https://www.wafilife.com/moddhorater-vut/pd/54834
অনীশ দাস অপু,Not Listed,পাশের বাড়ির ডাইনোসর,১৩০৳,১০৪৳,https://www.wafilife.com/pasher-barir-dynosor/pd/54838
অনীশ দাস অপু,Not Listed,বৃহস্পতিতে আতঙ্ক,১৫০৳,১২০৳,https://www.wafilife.com/brihospotite-atongko/pd/54870
অনীশ দাস অপু,Not Listed,দত্যি দানোর গল্প,১০০৳,৮০৳,https://www.wafilife.com/dottyi-danor-golpo/pd/54829
অনীশ দাস অপু,Not Listed,ইনফার্নো,৪৫০৳,৩২৯৳,https://www.wafilife.com/inferno/pd/51144
অনীশ দাস অপু,Not Listed,শ্যাল ইউ টেল দ্য প্রেসিডেন্ট,২৫০৳,১৮০৳,https://www.wafilife.com/shal-you-tell-the-presedent/pd/46935
অনীশ দাস অপু,Not Listed,আফটার দ্য ডার্কনেস,৫০০৳,৩৯২৳,https://www.wafilife.com/after-the-darkness/pd/40622
অনীশ দাস অপু,Not Listed,অ্যাঞ্জেল অব দ্য ডার্ক,৩৮০৳,২৯৮৳,https://www.wafilife.com/angel-of-the-dark/pd/40630
অনীশ দাস অপু,Not Listed,১ মিনিটের রহস্য,৮৫৳,৬৮৳,https://www.wafilife.com/1-miniter-rahosyo/pd/43640
অনীশ দাস অপু,Not Listed,"মর্নিং, নুন অ্যান্ড নাইট",২৭০৳,২১২৳,https://www.wafilife.com/morning-noon-and-night/pd/40704
অনীশ দাস অপু,Not Listed,ইফ টুমরো কামস,৫০০৳,৩৯২৳,https://www.wafilife.com/if-tomorrow-comes/pd/40657
অনীশ দাস অপু,Not Listed,দ্য বেষ্ট লেইড প্ল্যানস,২৬০৳,২০৪৳,https://www.wafilife.com/the-best-laid-plans/pd/40703
অনীশ দাস অপু,Not Listed,মুণ্ডুহীন প্রেত,৩২০৳,২৬৬৳,https://www.wafilife.com/munduhin-pret/pd/40700
অনীশ দাস অপু,Not Listed,ওয়ার্ল্ড’স বেস্ট অ্যাকশন অ্যাডভেঞ্চার,৪৫০৳,৩৬০৳,https://www.wafilife.com/world-s-best-action-adventure/pd/54085
অনীশ দাস অপু,Not Listed,আ স্ট্রেঞ্জার ইন দ্য মিরর,৩২০৳,২৬৬৳,https://www.wafilife.com/aa-strenger-in-the-morror/pd/40758
অনীশ দাস অপু,Not Listed,পরীক্ষায় ভালো ফল করার কলাকৌশল,১০০৳,৮০৳,https://www.wafilife.com/porikkhay-valo-folafol-korar-kolakoushol/pd/16156
অনীশ দাস অপু,Not Listed,নাথিং লাষ্টস ফর এভার,৩৬০৳,২৮২৳,https://www.wafilife.com/nothing-lasts-forever/pd/40743
অনীশ দাস অপু,Not Listed,মেমোরিজ অভ মিডনাইট,৩০০৳,২৩৫৳,https://www.wafilife.com/memories-of-midnight/pd/40702
অনীশ দাস অপু,Not Listed,ব্লাড লাইন,৪০০৳,৩১৪৳,https://www.wafilife.com/blood-line/pd/40707
অনীশ দাস অপু,Not Listed,দ্য ডুমসডে কন্সপিরেসি,৪০০৳,৩১৪৳,https://www.wafilife.com/the-dumseda-consepirence/pd/40705
অনীশ দাস অপু,Not Listed,উইল্ডমিলস অভ দ্য গডস,৪০০৳,৩১৪৳,https://www.wafilife.com/wildmills-of-the-gods/pd/40706
অনীশ দাস অপু,Not Listed,পিশাচ বাড়ি,৩২০৳,২৫১৳,https://www.wafilife.com/pishach-bari/pd/40699
অনীশ দাস অপু,Not Listed,দ্য স্যান্ডস অভ টাইম,৪০০৳,৩১৪৳,https://www.wafilife.com/the-sands-of-time/pd/40701
অনীশ দাস অপু,Not Listed,সিলেক্টেড মিস্ট্রি স্টোরিজ,৩০০৳,২৪৯৳,https://www.wafilife.com/selected-mistri-stories/pd/43221
অনীশ দাস অপু,Not Listed,হেড হান্টার্স,৪০০৳,৩০০৳,https://www.wafilife.com/head-hunters/pd/66985
অনীশ দাস অপু,Not Listed,নমস্তেদিল্লি,১৫০৳,১২০৳,https://www.wafilife.com/nomosta-dilli/pd/51561
অনীশ দাস অপু,Not Listed,দ্য পাওয়ার অব নাউ,২৫০৳,১৯৫৳,https://www.wafilife.com/the-power-of-now/pd/41420
অনীশ দাস অপু,Not Listed,কলকাতার বাবু বৃত্তান্ত (১৬৮০-১৮৮০),২৫০৳,১৯৩৳,https://www.wafilife.com/kalkatar-babu-brittanto-1680-1880/pd/43106
অনীশ দাস অপু,Not Listed,দ্য সিক্রেট অব দা : নাগাস,৪৫০৳,৩৪৭৳,https://www.wafilife.com/the-secret-of-the-nagas/pd/43104
অনীশ দাস অপু,Not Listed,"আ সায়েণ্টিস্ট কিডন্যাপড, বনের গল্প, লোটি ও লিসা",৬১৳,৫০.০২৳,https://www.wafilife.com/aa-scientist-kidnafcnyapod-boner-golpo-loty-o-lisa/pd/48151
অনীশ দাস অপু,Not Listed,এ ক্যান অব ওয়ার্মস কুহকী আশা,১৫০৳,১১৭৳,https://www.wafilife.com/a-cans-of-worms-kuhoki-asha/pd/41309
অনীশ বড়ুয়া,Not Listed,শিশু মনের কৌতূহল নিয়ে: প্রশ্নের ঝাঁপি,২৫০৳,২০৫৳,https://www.wafilife.com/shishu-moner-koutohol-niye-proshner-jhapi/pd/46723
অনু ইসলাম,Not Listed,মুক্তিযুদ্ধ ফিরে দেখা,৩৭৫৳,৩০০৳,https://www.wafilife.com/muktijuddo-fera-dhekha/pd/51659
অনু হোসেন,Not Listed,অভিবাদন শহীদ কাদরী,১০০৳,৯০৳,https://www.wafilife.com/abhibadan-shaheed-quadri/pd/65473
অনু হোসেন,Not Listed,বোধ ও বাতি,২৭০৳,২১৬৳,https://www.wafilife.com/bodh-o-bati/pd/51638
অনুতোষ কুমার প্রামানিক,Not Listed,"ফিন্যান্স, ব্যাংকিং ও বিমা - প্রথম পত্র - (ফিন্যান্স সমাধান)একাদশ-দ্বাদশ শ্রেণি",১৩৫৳,১২২৳,https://www.wafilife.com/finance-banking-and-insurance-1st-paper/pd/30783
অনুতোষ কুমার প্রামানিক,Not Listed,"ফিন্যান্স, ব্যাংকিং ও বিমা - প্রথম পত্র ( ফিন্যান্স )",৪৮৮৳,৪৬৪৳,https://www.wafilife.com/finance-banking-and-insurance-1st-part-finance/pd/30771
অনুতোষ কুমার প্রামানিক,Not Listed,"ফিন্যান্স, ব্যাংকিং ও বিমা - প্রথম পত্র (ফিন্যান্স)",৩৫০৳,৩৩০৳,https://www.wafilife.com/finance-banking-and-bima-1st-part-finance/pd/16992
অনুপ সাদি,Not Listed,নিজকথায় লোককথায় হুমায়ুন আজাদ,২০০৳,১৫০৳,https://www.wafilife.com/nijkothai-lokkothai-humayun-azad/pd/40067
অনুপ সাদি,Not Listed,বাঙালির গণতান্ত্রিক চিন্তাধারা,৫৫০৳,৪০১.৫০৳,https://www.wafilife.com/bangalir-gonotantrik-chintadhara/pd/44995
অনুপম দেবাশীষ রায়,Not Listed,স্কুল মানে আড্ডাখানা,১৬০৳,১৩১৳,https://www.wafilife.com/school-mane-addakhana/pd/8484
অনুপম দেবাশীষ রায়,Not Listed,বিদ্রোহ থেকে বিপ্লব,৪২০৳,৩৩৬৳,https://www.wafilife.com/bidroho-theke-biplop/pd/62445
অনুপম দেবাশীষ রায়,Not Listed,কুকুরে খেয়েছে গণতন্ত্র,৩৮০৳,৩১১.৬০৳,https://www.wafilife.com/kukure-kheyeche-gonotontro/pd/61279
অনুপম দেবাশীষ রায়,Not Listed,"কালকের আন্দোলন, আজকের আন্দোলন",৩৬০৳,২৯৫.২০৳,https://www.wafilife.com/kalker-andolon-ajker-andolon/pd/14176
অনুপম পাল,Not Listed,জ্যামিতির আরো যত কৌশল,৪৬৭৳,৩৬৪৳,https://www.wafilife.com/jamitir-aro-joto-koushol/pd/6614
অনুপম পাল,Not Listed,জ্যামিতির যত কৌশল,৩৪০৳,২৮২.২০৳,https://www.wafilife.com/jyamitir-joto-koushol/pd/13753
অনুপম পাল,Not Listed,গল্পে চিত্রে বীজগণিত,২০০৳,১৬৬৳,https://www.wafilife.com/golpe-golpe-bijgonit/pd/13764
অনুপম মাহমুদ,Not Listed,ইসলামের সোনালী অতীত,৩০০৳,২৪০৳,https://www.wafilife.com/islamer-sonali-otit/pd/64267
অনুপম সৈকত শান্ত,Not Listed,"জাতীয় সম্পদ, বহুজাাতিক পুঁজি ও মালিকানার তর্ক",১২০৳,৯০৳,https://www.wafilife.com/jatiyo-sompod-bohujagotik-piji-o-malikana-torko/pd/10371
অনুপম হাসান,Not Listed,শেখ হাফিজুর রহমানের কবিতা,৪০০৳,৩৩২৳,https://www.wafilife.com/shiekh-hafizur-rahmaner-kabitha/pd/50562
অনুপম হাসান,Not Listed,শেখ হাসিনার রাষ্ট্রচিন্তা রাজনীতি ও উন্নয়ন,২৫০৳,২১৫৳,https://www.wafilife.com/sheikh-hasinar-rastachinta-rajneeti-o-unnayn/pd/39225
অনুপম হাসান,Not Listed,ষড় কবি প্রসঙ্গ : জীবনানন্দ দাশ ‍থেকে রুদ্র মুহম্মদ শহিদুল্লাহ,৩৫০৳,২৭৩৳,https://www.wafilife.com/shawro-kobi-proshonga-jeebonanonda-das-theke-rudra-muhammad/pd/41369
অনুপম হাসান,Not Listed,ত্রয়ী নাট্যকার : মুক্তিযুদ্ধ ও ব্রাত্যজন কথা,১৪০৳,১০৫৳,https://www.wafilife.com/tro-e-natyokar-muktijudha-o-bratyojon-kotha/pd/40055
অনুপম হায়াৎ,Not Listed,সৃষ্টিসুখের নজরুল,১৮০৳,১২২৳,https://www.wafilife.com/shristisukher-nazrul/pd/43509
অনুপম হায়াৎ,Not Listed,ঢাকায় রবীন্দ্রনাথ ও অন্যান্য,১২০৳,১০৩৳,https://www.wafilife.com/dhakay-robindronath-o-annanyo/pd/40261
অনুপম হায়াৎ,Not Listed,গণমাধ্যম ও নারী,১৫০৳,১২৯৳,https://www.wafilife.com/gonomaddhom-o-nari/pd/40320
অনুপম হায়াৎ,Not Listed,ঈদ উৎসবের ইতিহাস ও ঐতিহ্য,১২০৳,৯৬৳,https://www.wafilife.com/eid-utsober-etihas-o-oitijyo/pd/41150
অনুপম হায়াৎ,Not Listed,গণমাধ্যমে নজরুল,২৪০৳,২০৬৳,https://www.wafilife.com/gonomadhyome-nazrul/pd/41126
অনুপম হায়াৎ,Not Listed,সাংবাদিকতার বিস্মৃত অধ্যায়,১৮০৳,১২২৳,https://www.wafilife.com/sangbadhkothar-bismriito-odday/pd/43493
অনুপম হায়াৎ,Not Listed,রঙ্গমঞ্চে নজরুল,১৪০৳,১০৮৳,https://www.wafilife.com/rangamonche-nazrul/pd/43125
অনুপম হায়াৎ,Not Listed,পুরানো ঢাকার সংস্কৃতিক : নানা প্রসঙ্গ,১৬০৳,১২৩৳,https://www.wafilife.com/puran-dhakar-soeskerti-nana-prosong/pd/43114
অনুপম হীরা মণ্ডল,Not Listed,খনার বচন,৪৫০৳,৩৬০৳,https://www.wafilife.com/khanar-bacon/pd/78475
অনুপম হীরা মণ্ডল,Not Listed,সাহিত্যের তপন বাগচী: বিচিত্র বিভাকর,২৭৫৳,২০৬৳,https://www.wafilife.com/sahityer-topon-bagchi-bichitro-bivakor/pd/40134
অনুপম হীরা মণ্ডল,Not Listed,ফকির লালন সাঁই ভাব-সাধনা,২৫০৳,২০০৳,https://www.wafilife.com/fakir-lalan-shai-bhav-sadhana/pd/47800
অনুপম হীরা মণ্ডল,Not Listed,লোকক্রীড়ার অন্তর্পাঠ,২০০৳,১৬০৳,https://www.wafilife.com/lokokrirar-ontorpath/pd/47675
অনুপমা হক স্বাতি,Not Listed,চট্‌জলদি রান্না,৪৭৫৳,৩৮০৳,https://www.wafilife.com/chotjoldi-ranna/pd/21775
অনুপমা হক স্বাতি,Not Listed,চট্‌জলদি রান্না,৪৭৫৳,৩৮০৳,https://www.wafilife.com/chotjoldi-ranna/pd/13511
অনুপ্রভা মেহেরিন,Not Listed,টেরিবেল,৭৬০৳,৫৩২৳,https://www.wafilife.com/terrible/pd/66388
অনুরাধা সরকার,Not Listed,পেঁচি বুচি আর ফোকলা,১৩৫৳,১০১৳,https://www.wafilife.com/pechi-buchi-ar-fokla/pd/78060
অন্তিক মাহমুদ,Not Listed,ভুল,৮০০৳,৬০০৳,https://www.wafilife.com/vhul/pd/60851
অন্তিক মাহমুদ,Not Listed,ভাল্লাগে না,৪০০৳,৩০০৳,https://www.wafilife.com/vallage-na/pd/35769
অন্তিক মাহমুদ,Not Listed,বই পড়ি উজ্জীবিত হই,"১,০৬০৳",৮৬৯.২০৳,https://www.wafilife.com/boi-pori-ujjibito-hoi/pd/12729
অন্তিক মাহমুদ,Not Listed,চল্,৩২০৳,২৪০৳,https://www.wafilife.com/chol/pd/6583
অন্তিক মাহমুদ,Not Listed,ভাল্লাগে না,৩০০৳,২৪৬৳,https://www.wafilife.com/vallage-na/pd/8861
অন্তিম রায়,Not Listed,গর্ভপাত,২৫০৳,২১৯৳,https://www.wafilife.com/gorbhopath/pd/79305
অন্নদাশঙ্কর রায়,Not Listed,শ্রেষ্ঠ গল্প,৬০০৳,৪৮০৳,https://www.wafilife.com/shestho-golpo/pd/77620
অন্নদাশঙ্কর রায়,Not Listed,ছড়া সমগ্র,৪৫০৳,৩৫১৳,https://www.wafilife.com/chora-samagra/pd/77623
অন্নদাশঙ্কর রায়,Not Listed,ছড়া সমগ্র,৪৫০৳,৩৪৭৳,https://www.wafilife.com/chora-samagra/pd/43111
অন্নদাশঙ্কর রায়,Not Listed,টলস্টয়,১৭৫৳,১৪৩.৫০৳,https://www.wafilife.com/tolstoy/pd/53141
অন্নদাশঙ্কর রায়,Not Listed,মন-মননের পত্রালি,২০০৳,১৭৮৳,https://www.wafilife.com/mon-monner-potrali/pd/54572
অন্নদাশঙ্কর রায়,Not Listed,কাঁদো প্রিয় দেশ,২৭০৳,২০২.৫০৳,https://www.wafilife.com/kado-priyo-desh/pd/44252
অন্নদাশঙ্কর রায়,Not Listed,টলস্টয়,১০০৳,৯৯৳,https://www.wafilife.com/tolostoy/pd/81602
অন্নদাশঙ্কর রায়,Not Listed,পথে প্রবাসে,৩০০৳,২৬৯৳,https://www.wafilife.com/pothe-probase/pd/81565
অন্নদাশঙ্কর রায়,Not Listed,পথে প্রবাসে,২০০৳,১৫৯৳,https://www.wafilife.com/pothy-probase/pd/78367
অন্বয় আকিব,Not Listed,দ্য মোস্ট ডেঞ্জারাস গেম,৬০০৳,৪১৪৳,https://www.wafilife.com/the-most-dangerous-game/pd/53085
অপরাজিতা সাদিয়া,Not Listed,আধুরা ইন্তেজার,৩০০৳,১৫০৳,https://www.wafilife.com/adhura-intejar/pd/78313
অপরাহ উইনফ্রে,Not Listed,বিল্ড দ্য লাইফ ইউ ওয়ান্ট,৪০০৳,২৮০৳,https://www.wafilife.com/build-the-life-you-want/pd/63277
অপরেশ বন্দ্যোপাধ্যায়,Not Listed,মজার বিজ্ঞান,১৮০৳,১২২৳,https://www.wafilife.com/mazar-biggan/pd/43521
অপরেশ বন্দ্যোপাধ্যায়,Not Listed,ছোট ছোট বিজ্ঞান,১৭০৳,১১৬৳,https://www.wafilife.com/choto-choto-biggan/pd/43496
অপরেশ বন্দ্যোপাধ্যায়,Not Listed,জানা অজানা বিস্ময়,২৫০৳,১৭৫৳,https://www.wafilife.com/jana-ojana-bismoy/pd/42175
অপরেশ বন্দ্যোপাধ্যায়,Not Listed,লেখক বিচিত্রিতা,১৮০৳,১২৬৳,https://www.wafilife.com/lekhok-bicitrita/pd/42177
অপরেশ বন্দ্যোপাধ্যায়,Not Listed,কল্পবিজ্ঞানের গল্প,২৫০৳,১৭৫৳,https://www.wafilife.com/kolpobigganer-golpo/pd/41561
অপরেশ বন্দ্যোপাধ্যায়,Not Listed,নিরাময় নয় প্রতিরোধ,২০০৳,১৬৬৳,https://www.wafilife.com/niramoy-noy-protorod/pd/32659
অপরেশ বন্দ্যোপাধ্যায়,Not Listed,আবিষ্কারের গল্প,২০০৳,১৫৩৳,https://www.wafilife.com/abishkarer-goplo/pd/41016
অপরেশ বন্দ্যোপাধ্যায়,Not Listed,অটিজম,৩৫০৳,২৩৮৳,https://www.wafilife.com/autism/pd/43460
অপরেশ বন্দ্যোপাধ্যায়,Not Listed,পরিবেশ বিদূষণ,৬০০৳,৫১৬৳,https://www.wafilife.com/poribesh-bidushon/pd/40258
অপরেশ বন্দ্যোপাধ্যায়,Not Listed,নিরাময় নয় প্রতিরোধ,২০০৳,১৪৬৳,https://www.wafilife.com/nairamoy-noy-protirod/pd/38581
অপরেশ বন্দ্যোপাধ্যায়,Not Listed,নলেজ এনসাইক্লোপেডিয়া,৪০০৳,৩৪৯৳,https://www.wafilife.com/knowledge-encyclopaedia/pd/81911
অপরেশ বন্দ্যোপাধ্যায়,Not Listed,প্রাণীরহস্য,২৭০৳,২৩৯৳,https://www.wafilife.com/prani-rohosshoyo/pd/81912
অপরেশ বন্দ্যোপাধ্যায়,Not Listed,রহস্য আর রহস্য,২৬০৳,২২৯৳,https://www.wafilife.com/rohosyo-r-rohossyo/pd/81859
অপরেশ বন্দ্যোপাধ্যায়,Not Listed,বিজ্ঞানের রহস্য,২৭০৳,২৩৯৳,https://www.wafilife.com/bigghaner-rahosyo/pd/81906
অপরেশ বন্দ্যোপাধ্যায়,Not Listed,মানুষ হলাম কী করে,২০০৳,১৪৬৳,https://www.wafilife.com/manush-holam-ki-kore/pd/45951
অপরেশ বন্দ্যোপাধ্যায়,Not Listed,হাজার এক বিজ্ঞান ক্যুইজ,২০০৳,১৬৪৳,https://www.wafilife.com/hazar-ek-biggan-quiz/pd/31569
অপরেশ বন্দ্যোপাধ্যায়,Not Listed,হাজারো কুইজের আসর : কমপিউটার ও তথ্যপ্রযুক্তি,৩০০৳,২৪৬৳,https://www.wafilife.com/hajaro-quezer-aesor-computer-o-tottjoprojukti/pd/31392
অপরেশ বন্দ্যোপাধ্যায়,Not Listed,হাজারো কুইজের আসর : ভূগোল ও ভূতত্ত্ব,২৮০৳,২৩০৳,https://www.wafilife.com/hajaro-quezer-aesor-vugol-o-bhutattyo/pd/31391
অপরেশ বন্দ্যোপাধ্যায়,Not Listed,হাজারো কুইজের আসর : মানবদেহ,৩০০৳,২৪৬৳,https://www.wafilife.com/hajaro-quezer-aesor-manobdeho/pd/31285
অপরেশ বন্দ্যোপাধ্যায়,Not Listed,হাজারো কুইজের আসর : পদার্থবিজ্ঞান,৪০০৳,৩২৮৳,https://www.wafilife.com/hajaro-quezer-aesor-podarthobiggan/pd/31164
অপরেশ বন্দ্যোপাধ্যায়,Not Listed,হাজারো কুইজের আসর : গণিত,২৮০৳,২৩০৳,https://www.wafilife.com/hajaro-quezer-aesor-gonit/pd/31286
অপরেশ বন্দ্যোপাধ্যায়,Not Listed,কিশোর বিজ্ঞান অভিধান,৩২০৳,২৬৬৳,https://www.wafilife.com/kishor-biggan-ovidhan/pd/32708
অপরেশ বন্দ্যোপাধ্যায়,Not Listed,হাজারো কুইজের আসর : জীববিজ্ঞান,২৮০৳,২৩০৳,https://www.wafilife.com/hajaro-quezer-asor-jibbiggan/pd/31067
অপরেশ বন্দ্যোপাধ্যায়,Not Listed,হাজারো কুইজের আসর : উদ্ভিদবিজ্ঞান,৩০০৳,২৪৬৳,https://www.wafilife.com/hajaro-quezer-asor-udvidbiggan/pd/31115
অপরেশ বন্দ্যোপাধ্যায়,Not Listed,হাজারো কুইজের আসর : প্রাণীবিজ্ঞান,৩৫০৳,২৮৭৳,https://www.wafilife.com/hajaro-quezer-asor-pranibiggan/pd/31130
অপরেশ বন্দ্যোপাধ্যায়,Not Listed,তিনটি কমলালেবু,১০০৳,৭৮৳,https://www.wafilife.com/tinti-komolalebu-rupkothavittik-kishor-uponyas/pd/38653
অপরেশ বন্দ্যোপাধ্যায়,Not Listed,স্তন্যপায়ী প্রাণীর কথা,৪০০৳,২৯২৳,https://www.wafilife.com/stonnopaie-pranier-khotha/pd/42595
অপরেশ বন্দ্যোপাধ্যায়,Not Listed,কিশোর গল্প সমগ্র-১,১৮০৳,১৫৮৳,https://www.wafilife.com/kisor-golpo-somgro-1/pd/38665
অপু বড়ুয়া,Not Listed,অ্যাডভেঞ্চার মাঙ্কি হিল,২৮০৳,১৯৬৳,https://www.wafilife.com/adventure-monkey-hill/pd/70075
অপু মেহেদী,Not Listed,আরণ্যকের নাট্যচর্যা : সৃজনে সংগ্রামে নন্দনে,৬৯৫৳,৫৬৯.৯০৳,https://www.wafilife.com/aranyaker-natyacharya-srijone-songrame-nondone/pd/53194
অপূর্ব অনির্বাণ,Not Listed,বৈজ্ঞানিক কল্পকাহিনী ও অন্য পৃথিবী,১০০৳,৮০৳,https://www.wafilife.com/bigganik-kolpokaheni-onno-prethebe/pd/54315
অপূর্ব অনির্বাণ,Not Listed,বৈজ্ঞানিক কল্পকাহিনী,২৫০৳,১৬৮৳,https://www.wafilife.com/bigganik-kolpokaheni/pd/54318
অপূর্ব ঘোষ,Not Listed,An Introduction to Matrices for Tomorrow's Multimedia Professionals,৩৭০৳,২৭৯৳,https://www.wafilife.com/অ্যান-ইন্ট্রোডাকশন-টু-ম্যাট্রিসেস-ফর-টুমরোজ-মাল্টিমিডিয়া-প্/pd/75916
অপূর্ব চৌধুরী,Not Listed,শরীরের যত কেন,৩৭৫৳,২৮১.২৫৳,https://www.wafilife.com/shorirer-joto-keno/pd/63128
অপূর্ব চৌধুরী,Not Listed,অনুকথা : মন দর্শন জীবন ১ থেকে ৪ খণ্ড,৮৫০৳,৭০৬৳,https://www.wafilife.com/anukatha-mon-dorshon-jibo-1-to-4-part-rokomari-collection/pd/50743
অপূর্ব চৌধুরী,Not Listed,মন ও মস্তিষ্ক,৪৭০৳,৩৫৩৳,https://www.wafilife.com/mon-o-mostisko/pd/30548
অপূর্ব চৌধুরী,Not Listed,রোগ ও আরোগ্য,৩০০৳,২২৮৳,https://www.wafilife.com/rog-o-aruggo/pd/22433
অপূর্ব চৌধুরী,Not Listed,ভাইরাস ও শরীর,৩৫০৳,৩০১৳,https://www.wafilife.com/virus-o-shorir/pd/9388
অপূর্ব চৌধুরী,Not Listed,অনুকথা : মন দর্শন জীবন - চতুর্থ খণ্ড,২০০৳,১৬৬৳,https://www.wafilife.com/anukatha-mon-dorshon-jibo-4th-par/pd/50708
অপূর্ব চৌধুরী,Not Listed,অনুকথা : মন দর্শন জীবন - তৃতীয় খণ্ড,২০০৳,১৬৬৳,https://www.wafilife.com/anukatha-mon-dorshon-jibon-3rd-khondo/pd/50674
অপূর্ব চৌধুরী,Not Listed,অনুকথা : মন দর্শন জীবন - দ্বিতীয় খণ্ড,২৫০৳,২০৮৳,https://www.wafilife.com/anukatha-mon-dorshon-jibo-2nd-khondo/pd/50650
অপূর্ব চৌধুরী,Not Listed,অনুকথা : মন দর্শন জীবন,২০০৳,১৬৬৳,https://www.wafilife.com/anukatha-mon-dorshon-jibo/pd/50608
অপূর্ব পাল,Not Listed,স্টেম কোষের আদ্যোপান্ত,২২০৳,১৮০.৪০৳,https://www.wafilife.com/stem-kosher-adyopanto/pd/14298
অপূর্ব শর্মা,Not Listed,ফিরে আসেনি ওরা,১৫০৳,১২৬৳,https://www.wafilife.com/fire-aseni-ora-muktijudher-ek-asomapto-adhoy/pd/54540
অপূর্ব শর্মা,Not Listed,বাউল সম্রাট,২৮০৳,২০৪.৪০৳,https://www.wafilife.com/baul-somrat/pd/44993
অপূর্বমণি দত্ত,Not Listed,সম্রাট বাহাদুর শাহের বিচার,১৫০৳,১২০৳,https://www.wafilife.com/somrat-bahadur-shaher-bichar/pd/22070
অবনি অনার্য,Not Listed,আমার ক্ষোভ আমার অহংকার,১৮০৳,১৪৪৳,https://www.wafilife.com/amar-khob-amar-ohanker/pd/34703
অবনী ভূষণ ঠাকুর,Not Listed,ভেষজ উদ্ভিদ ও লোকজ ব্যবহার ২য় খণ্ড,৫৫০৳,৪৪০৳,https://www.wafilife.com/veshoj-udvid-o-lokoj-bybohar-2nd-khondo/pd/13401
অবনী ভূষণ ঠাকুর,Not Listed,ভেষজ উদ্ভিদ ও লোকজ ব্যবহার ১ম খণ্ড,৬০০৳,৪৮০৳,https://www.wafilife.com/veshoj-udvid-o-lokoj-bybohar-1st-khondo/pd/13392
অবনীন্দ্রনাথ ঠাকুর,Not Listed,ভারতশিল্পের ষড়ঙ্গ,১৮০৳,১৩১৳,https://www.wafilife.com/bharotshilper-sharongo/pd/44464
অবনীন্দ্রনাথ ঠাকুর,Not Listed,ক্ষীরের পুতুল,৭৫৳,৬২৳,https://www.wafilife.com/kherer-putul/pd/49655
অবনীন্দ্রনাথ ঠাকুর,Not Listed,কানকাটা রাজার দেশ,১২০৳,৯৬৳,https://www.wafilife.com/kankata-rajar-desh/pd/55937
অবনীন্দ্রনাথ ঠাকুর,Not Listed,আপন কথা,১৭৫৳,১৪৩.৫০৳,https://www.wafilife.com/apon-kotha/pd/53144
অবনীন্দ্রনাথ ঠাকুর,Not Listed,সহজ চিত্রশিক্ষা,১০০৳,৭৩৳,https://www.wafilife.com/sohoz-chitrashikkha/pd/44489
অবনীন্দ্রনাথ ঠাকুর,Not Listed,বাগেশ্বরী শিল্প প্রবন্ধাবলী,৬৬০৳,৫৪৮৳,https://www.wafilife.com/bageshori-shilpo-probondhaboli/pd/47553
অবনীন্দ্রনাথ ঠাকুর,Not Listed,শ্রেষ্ঠ শিল্প প্রবন্ধাবলী,২৪৫৳,২০৩৳,https://www.wafilife.com/serstho-shilpo-probondaboli/pd/42333
অবনীন্দ্রনাথ ঠাকুর,Not Listed,বুড়ো আংলা,২৫০৳,২১৯৳,https://www.wafilife.com/buro-angla/pd/79336
অবনীন্দ্রনাথ ঠাকুর,Not Listed,বুড়ো আংলা,২৫০৳,২১৯৳,https://www.wafilife.com/buro-angla/pd/79271
অবনীন্দ্রনাথ ঠাকুর,Not Listed,বুড়োআঙলা,১০০৳,৭৩৳,https://www.wafilife.com/buroangla/pd/51101
অভিজিত দাসগুপ্ত,Not Listed,Growth with Equity,৩০০৳,২৪৬৳,https://www.wafilife.com/growth-with-equity/pd/10530
অভিজিৎ পোদ্দার,Not Listed,Deprivation of Hindu Minority In Bangladesh: Living With Vested Property,৩০০৳,২৪৬৳,https://www.wafilife.com/deprivation-of-hindu-minority-in-bangladesh-living-with-vest/pd/36413
অভিজিৎ পোদ্দার,Not Listed,Political Economy of the Vested Property Act in Rural Bangladesh,২৫০৳,২০৫৳,https://www.wafilife.com/political-economy-of-the-vested-property-act-in-rural-bangla/pd/36410
অভিজিৎ পোদ্দার,Not Listed,চেতনায়নেই উন্নয়ন : বাংলাদেশে নিজেরা করি’র অভিজ্ঞতা,৬০০৳,৪৯২৳,https://www.wafilife.com/chetonainei-unnoyon-bangladeshe-nijera-kori-r-oviggota/pd/36371
অভিজিৎ ভি. ব্যানার্জী,Not Listed,গুড ইকোনোমিকস ফর হার্ড টাইমস,৫০০৳,৩৬৫৳,https://www.wafilife.com/good-economics-for-hard-times/pd/17747
অভিজিৎ মুখার্জি,Not Listed,যেটুকু জাপান,৩৫০৳,২৮০৳,https://www.wafilife.com/je-tuku-japan/pd/68316
অভিজিৎ সেন,Not Listed,রহু চণ্ডালের হাড়,৫০০৳,৪১০৳,https://www.wafilife.com/rahu-chandaler-har/pd/64328
অভিনু কিবরিয়া ইসলাম,Not Listed,আগস্ট ছাত্রবিদ্রোহ : ছাত্রপক্ষের জবানবন্দি,১৫০৳,১৩৪৳,https://www.wafilife.com/august-chatrobidroho-chatropokkher-jobanbondi/pd/36039
অভিরূপ সরকার,Not Listed,জয়কলি ম্যাথ সাজেশন: ব্যবসায় শিক্ষা ও মানবিক শাখার জন্য (বুয়েট মেডিকেল বিশ্ববিদ্যালয়ে ভর্তি গাইডলাইন),২২৫৳,১৫০৳,https://www.wafilife.com/joykoly-math-suggestion/pd/5634
অভীক ওসমান,Not Listed,আমি অকৃতী অধম,৮০০৳,৬৪০৳,https://www.wafilife.com/ami-okriti-adham/pd/61508
অভীক ওসমান,Not Listed,প্রায়ত ৫ জন ও ইবসেন,১০০৳,৮৬৳,https://www.wafilife.com/prayeto-5-jon-o-ibsen/pd/47832
অভীক ওসমান,Not Listed,শহিদ মেজর নাজমুল হক : সেক্টর ৭-এর বিস্মৃত কমান্ডারের উপাখ্যান,২৫০৳,২১০৳,https://www.wafilife.com/shaheed-major-najmul-haque-sector-7-er-bismrito-commander-up/pd/54594
অভীক দত্ত,Not Listed,ব্লু ফ্লাওয়ার ১ম খন্ড,৫০০৳,৪০০৳,https://www.wafilife.com/blue-flower-1st-part/pd/59510
অভীক দত্ত,Not Listed,ব্লু ফ্লাওয়ার ২য় খন্ড,৬০০৳,৪৮০৳,https://www.wafilife.com/blue-flower-2nd-part/pd/59294
অভীক পোদ্দার,Not Listed,আকাশে মিশেছে রক্ত,২০০৳,১৭২৳,https://www.wafilife.com/akashe-misheche-rokto/pd/53863
অভীক মজুমদার,Not Listed,ডিরোজিও,১০০৳,৮৩৳,https://www.wafilife.com/dirojio/pd/43225
অভীক রায়,Not Listed,BDMO প্রস্তুতি,৪০০৳,৩১২৳,https://www.wafilife.com/bdmo-prostuti/pd/6616
অভীক রায়,Not Listed,সংখ্যার সাতকাহন,১০০৳,৮৬৳,https://www.wafilife.com/songkhyar-satkahon/pd/9181
অভ্র ওয়াসিম,Not Listed,ফিরিয়ে দাও জীবনের গান firiye dao jiboner gan,২০০৳,১১৪৳,https://www.wafilife.com/firiye-dao-jiboner-gan/pd/7012
অমর সাহা,Not Listed,কলকাতায় বাংলাদেশ,২৫০৳,২০৮৳,https://www.wafilife.com/kolkatay-bangladesh/pd/50613
অমর সাহা,Not Listed,কলকাতার বুদ্ধিজীবীদের দৃষ্টিতে বাংলাদেশের মুক্তিযুদ্ধ,৪০০৳,৩৩২৳,https://www.wafilife.com/kalkatar-buddhijibider-dristite-bangladesher-muktijuddho/pd/50131
অমরনাথ রায়,Not Listed,হঠাৎ আবিষ্কারের গল্প,১০০৳,৮৬৳,https://www.wafilife.com/hothat-abiskarer-golpo/pd/47162
অমরেন্দ্র চক্রবর্তী,Not Listed,ঋষিকুমার,২৬০৳,২০৮৳,https://www.wafilife.com/rishikumar/pd/76204
অমরেন্দ্র চক্রবর্তী,Not Listed,যুদ্ধ ও ভালোবাসা,৪৬০৳,৩৬৮৳,https://www.wafilife.com/juddho-o-bhalobasa/pd/72411
অমরেন্দ্র চক্রবর্তী,Not Listed,মংলা ডাকাতের জঙ্গল,৩০০৳,২৪০৳,https://www.wafilife.com/mongla-dakater-jangal/pd/69902
অমরেন্দ্র চক্রবর্তী,Not Listed,Duru Duru,0,৩০০৳,https://www.wafilife.com/duru-duru/pd/69597
অমরেন্দ্র চক্রবর্তী,Not Listed,হীরু ডাকাত,২৫০৳,২০০৳,https://www.wafilife.com/hiru-dakat/pd/67691
অমরেন্দ্র চক্রবর্তী,Not Listed,দ্যাশ বানারিপাড়া,৩০০৳,২৪০৳,https://www.wafilife.com/dyash-banariparha/pd/62004
অমরেন্দ্র চক্রবর্তী,Not Listed,দ্যাশ বানারিপাড়া,৩০০৳,২৪০৳,https://www.wafilife.com/desh-banaripara/pd/62157
অমরেন্দ্র চক্রবর্তী,Not Listed,দুরুদুরু,২০০৳,১৬০৳,https://www.wafilife.com/duruduru/pd/60424
অমরেন্দ্র চক্রবর্তী,Not Listed,আমাজনের জঙ্গলে,৩২০৳,২৫৬৳,https://www.wafilife.com/amazoner-jongole/pd/60423
অমরেন্দ্র চক্রবর্তী,Not Listed,শাদা ঘোড়া,২০০৳,১৬০৳,https://www.wafilife.com/shada-ghora/pd/60425
অমর্ত্য সেন,Not Listed,বাংলাদেশের দুর্ভিক্ষ (পেপারব্যাক),২০০৳,১৯০৳,https://www.wafilife.com/bangladesher-durvikkho/pd/76060
অমল দাশ গুপ্ত,Not Listed,মহাকাশের ঠিকানা,৩৭৫৳,২৮১৳,https://www.wafilife.com/mohakasher-thikana/pd/14544
অমল বিশ্বাস,Not Listed,সহজ পদ্ধতিতে মাছ চাষ,১৬০৳,১০৯৳,https://www.wafilife.com/sohoj-poddotita-mach-chas/pd/47244
অমল বড়ুয়া,Not Listed,যে জীবন কেবল হারায়,২২০৳,১৮৭৳,https://www.wafilife.com/je-jibon-kebol-haray/pd/62920
অমল সাহা,Not Listed,জলহস্তী ও বকের গল্প,৬০৳,৪৭৳,https://www.wafilife.com/jolhosti-o-boker-golpo/pd/56881
অমল সাহা,Not Listed,ছোটদের মুক্তিযুদ্ধের ইতিহাস,৩৫৳,২৭৳,https://www.wafilife.com/chotoder-muktijuddher-etihas/pd/39040
অমল সাহা,Not Listed,Our Father Of The Nation (Childrens Biography Series- 1),২৫০৳,১৯৬৳,https://www.wafilife.com/our-father-of-the-nation-childrens-biography-series-1/pd/39049
অমল সাহা,Not Listed,মুক্তিযুদ্ধের ইতিহাস,৩০০৳,২৩৫৳,https://www.wafilife.com/muktijuddher-itihas-shishu-kishor-gronthomala-2/pd/39051
অমল সাহা,Not Listed,ভাষা আন্দোলনের ইতিহাস,২০০৳,১৫৭৳,https://www.wafilife.com/vasha-andoloner-itihas-shishu-kishor-gronthomala-1/pd/39052
অমল সাহা,Not Listed,দুই পিঁপড়ে ভাইয়ের গল্প,৮০৳,৫৮৳,https://www.wafilife.com/dui-pipre-vaiyer-golpo/pd/51192
অমল সাহা,Not Listed,সায়েন্স ফিকশন (রেড মেসেজ),১৫০৳,১২৫৳,https://www.wafilife.com/science-fiction-red-message/pd/42003
অমলেন্দু দে,Not Listed,পাকিস্তান প্রস্তাব ও ফজলুল হক,৪০০৳,৩৩২৳,https://www.wafilife.com/pakistan-prostab-o-fazlul-haque/pd/17658
অমি রহমান পিয়াল,Not Listed,একাত্তরের মুক্তিবন্ধু,২০০৳,১৬০৳,https://www.wafilife.com/ekattorer-muktibondhu/pd/37480
অমিও মাজহার,Not Listed,"Sun, Fun and the Sea: The Magic Of Thailand",২৫০৳,২০০৳,https://www.wafilife.com/sun-fun-and-the-sea-the-magic-of-thailand/pd/54965
অমিও মাজহার,Not Listed,"Sun, Fun and the Sea : The Magic Of Thailand",২৫০৳,২০০৳,https://www.wafilife.com/সান-ফান-অ্যান্ড-দ্য-সী-দ্য-ম্যাজিক-অব-থাইল্যান্ড/pd/16187
অমিত কুমার আঢ্য,Not Listed,মহাকাশের অজানা রহস্য,৩০০৳,২২৫৳,https://www.wafilife.com/mohakasher-ojana-rohosso/pd/72239
অমিত কুমার কুণ্ডু,Not Listed,গল্পে গল্পে প্রবাদ-প্রবচন,২২০৳,১৫৪৳,https://www.wafilife.com/galpe-galpe-probad-probochan/pd/70201
অমিত কুমার কুণ্ডু,Not Listed,কাঁচামিঠে ফলের ছড়া,৩০০৳,২৪০৳,https://www.wafilife.com/kachamithe-foler-chhorha/pd/65388
অমিত কুমার কুণ্ডু,Not Listed,ছন্দে ছন্দে নৈতিকতা,১০০৳,৮৩৳,https://www.wafilife.com/chonde-chonde-noitikota/pd/35684
অমিত কুমার কুণ্ডু,Not Listed,গুপ্তধন ও বনকুমারের গল্প,১৮০৳,১৪৮৳,https://www.wafilife.com/story-of-guptadhaan-and-vanakumar/pd/43358
অমিত কুমার কুণ্ডু,Not Listed,গল্প কথায় বর্ণমালা,১৫০৳,১২৩৳,https://www.wafilife.com/golpo-kothai-bornomala/pd/31574
অমিত গোস্বামী,Not Listed,আন্দামানের আদিবাসী,২৭০৳,২০২.৫০৳,https://www.wafilife.com/andamaner-adibashi/pd/30615
অমিত রঞ্জন দে,Not Listed,সংস্কৃতির পথে-প্রান্তরে,৫০০৳,৪৩০৳,https://www.wafilife.com/songskritir-pothe-prantore/pd/41778
অমিত সরকার,Not Listed,অব্যক্ত অভিব্যক্তি,২৫০৳,২০৮৳,https://www.wafilife.com/obekto-ovibekti/pd/35564
অমিত হাসান ফাহিম,Not Listed,জয়কলি বাংলাদেশ ইউনিভার্সিটি অব প্রফেশনালস : প্রশ্নব্যাংক ও ভর্তি সহায়িকা (বিজ্ঞান অনুষদ এফএসটি),৫২৫৳,৩৬০৳,https://www.wafilife.com/joykoly-bup-fst/pd/5677
অমিত হাসান সোহাগ,Not Listed,ডাঙ্গুয়া কারাম,৬৩০৳,৫১৬.৬০৳,https://www.wafilife.com/dangua-karam/pd/77412
অমিতাভ দেব চৌধুরী,Not Listed,কী করে কবিতা লিখতে হয়,১০০৳,৭৫৳,https://www.wafilife.com/ki-kore-kabita-likhte-hoi/pd/52940
অমিতাভ বিশ্বাস,Not Listed,অন্তরালের রবীন্দ্রনাথ,১৫০৳,১২৫৳,https://www.wafilife.com/ontorale-robindronath/pd/40755
অমিতাভ হালদার,Not Listed,English Language Teaching And Learning,১৩৫৳,১০০৳,https://www.wafilife.com/english-language-teaching-and-learning/pd/58923
অমিয় চক্রবর্তী,Not Listed,পালা-বদল,১৫০৳,১৩৯৳,https://www.wafilife.com/pala-bodol/pd/79320
অমিয়কুমার মজুমদার,Not Listed,প্রাচ্য ও পাশ্চাত্য দর্শনের ইতিহাস প্রথম খণ্ডের : ১ম ও ২য় ভাগ,"১,১০০৳",৮৮০৳,https://www.wafilife.com/prachyo-o-pashchatyo-dorshoner-itihas-1st-khondher-1st-o-2nd/pd/43677
অমিয়কুমার মজুমদার,Not Listed,প্রাচ্য ও পাশ্চাত্য দর্শনের ইতিহাস (প্রথম খণ্ড) - ২য় ভাগ,৬০০৳,৫১০৳,https://www.wafilife.com/prachyo-o-pashchatyo-dorshoner-itihas-1st-khondho-2nd-vag/pd/43598
অমিয়নাথ সান্যাল,Not Listed,স্মৃতির অতলে,৩৫০৳,২৯১৳,https://www.wafilife.com/smritir-atole/pd/42400
অমীশ ত্রিপাঠি,Not Listed,সীতা-ওয়ারিয়র অব মিথিলা (বই ২- রামচন্দ্র সিরিজ),৪৫০৳,৩১৫৳,https://www.wafilife.com/sita-warrior-of-mithila-book-2-ram-chandra-series/pd/42126
অমীশ ত্রিপাঠি,Not Listed,রাবণ: এনেমি অব আর্যবর্ত,৫৮০৳,৪০৬৳,https://www.wafilife.com/raavan-enemy-of-aryavarta/pd/42199
অমীশ ত্রিপাঠি,Not Listed,দ্য সিক্রেট অব দা : নাগাস,৪৫০৳,৩৪৭৳,https://www.wafilife.com/the-secret-of-the-nagas/pd/43104
অমৌল দাস গুপ্তা,Not Listed,কার্ল মার্কস জীবনী,৪৫০৳,৩৪৭৳,https://www.wafilife.com/karl-marx-jiboni/pd/43028
অম্বিকাচরণ ঘোষ,Not Listed,বিক্রমপুরের ইতিহাস,৫৫০৳,৪৫৭৳,https://www.wafilife.com/bikarampurer-itehash/pd/49387
অয়ন-জিমি,Not Listed,নরক নিবাস,৩৫০৳,২৮০৳,https://www.wafilife.com/norok-nibas/pd/68265
অরউইন ব্রেচার,Not Listed,সারপ্রাইজিং সায়েন্স পাজলস,১৯০৳,১৪৮৳,https://www.wafilife.com/surprising-science-puzzles/pd/6639
অরউইন ব্রেচার,Not Listed,চ্যালেঞ্জিং সায়েন্স পাজলস,১৬০৳,১২৫৳,https://www.wafilife.com/challenging-science-puzzles/pd/6641
অরণ্য পাশা,Not Listed,নেলসন ম্যান্ডেলার জীবন ও কর্ম,১২০৳,১০৬৳,https://www.wafilife.com/nelson-mandela-jibon-o-kormo/pd/39207
অরণ্য প্রভা,Not Listed,পরির পোষা প্রজাপতি,১০০৳,৭৩৳,https://www.wafilife.com/porir-posha-projapoti/pd/33834
অরণ্য শফি,Not Listed,ডাকটিকিট ও ডাক ব্যবস্থার ইতিবৃত্ত,১৬০৳,১২৩৳,https://www.wafilife.com/stamps-and-heritage-of-postal-service/pd/43110
অরণ্য শৌণক,Not Listed,শৌণক এর ধাঁধার জগত,১৬০৳,১৩৮৳,https://www.wafilife.com/shounak-er-dhadhar-jogot/pd/54447
অরণ্যানী অর্পিতা,Not Listed,ভূঊঊঊতকাল,৪০০৳,৩৩২৳,https://www.wafilife.com/vuuutkal/pd/73186
অরপি আহমেদ,Not Listed,যুক্তরাষ্ট্র জার্নাল,২০০৳,১৬০৳,https://www.wafilife.com/juktorastro-jarnal/pd/21165
অরপি আহমেদ,Not Listed,কথায় ছড়ায় মুজিব গাঁথা,২০০৳,১৬৬৳,https://www.wafilife.com/kothay-chhoray-mujib-gatha/pd/52176
অরপি আহমেদ,Not Listed,দেবদূত!,২৫০৳,২০০৳,https://www.wafilife.com/debdut/pd/52396
অরপি আহমেদ,Not Listed,লাকসাম জংশন,২০০৳,১৬০৳,https://www.wafilife.com/lkasam-junction/pd/52711
অরবিন্দ দাস,Not Listed,উচ্চ মাধ্যমিক জীববিজ্ঞান-উদ্ভিদবিজ্ঞান (১ম পত্র),0,২২৪৳,https://www.wafilife.com/higher-secondary-biology-botany-1st-part/pd/45430
অরবিন্দ বড়ুয়া,Not Listed,প্রসূতিবিদ্যা,১৮৫৳,১৬৬৳,https://www.wafilife.com/e0a6aae0a78de0a6b0e0a6b8e0a782e0a6a4e0a6bfe0a6ace0a6bfe0a6a6/pd/66631
অরবিন্দ মিত্র,Not Listed,"বাংলাদেশের স্বাধীনতার সুবর্ণ জয়ন্তি প্রেক্ষিত, অর্জন ও ঘটনাপ্রবাহ",৪০০৳,৩২৮৳,https://www.wafilife.com/bangladesher-sadhinotar-suborno-joyonti-prekkhito-orjon-o-gh/pd/31404
অরবিন্দ মিত্র,Not Listed,হাজি মুহম্মদ মুহসিন,১০০৳,৮২৳,https://www.wafilife.com/haji-mohammad-mohosin/pd/31296
অরবিন্দ মিত্র,Not Listed,ঈশ্বরচন্দ্র বিদ্যাসাগর,১০০৳,৮২৳,https://www.wafilife.com/ishwar-chandra-vidyasagar/pd/30960
অরিজিৎ গুহা,Not Listed,প্রকৃতির পাঠশালায়,৪৫০৳,৩৩৭.৫০৳,https://www.wafilife.com/prokritir-pathsalai/pd/43936
অরিনদম বনিক,Not Listed,New Technology and Land Elevations,৩২০৳,২৬২.৪০৳,https://www.wafilife.com/new-technology-and-land-elevations/pd/10585
অরিন্দম পাল,Not Listed,মেশিন লার্নিংয়ের গাণিতিক অভিধান,৫০০৳,৪১০৳,https://www.wafilife.com/machine-learninger-ganitik-avidhan/pd/10233
অরিন্দম পাল,Not Listed,অ্যালগরিদম ডিজাইন (হার্ডকভার),৪০০৳,৩২৮৳,https://www.wafilife.com/algorithm-design/pd/4341
অরুণ কুন্দনানি,Not Listed,ইসলামোফোবিয়া,৫০০৳,৩৭৫৳,https://www.wafilife.com/islamophobia/pd/22378
অরুণ কুমার বিশ্বাস,Not Listed,ডিটেকটিভ অলোকেশ অমনিবাস ১,"১,২০০৳",৯৬০৳,https://www.wafilife.com/detective-alokesh-omnibush-1/pd/72288
অরুণ কুমার বিশ্বাস,Not Listed,ব্লাডমানি,২২০৳,১৭৬৳,https://www.wafilife.com/blood-money/pd/67972
অরুণ কুমার বিশ্বাস,Not Listed,গুবলুর গোয়েন্দা চোখ,১৭৫৳,১৪০৳,https://www.wafilife.com/gublur-goyenda-chokh/pd/67024
অরুণ কুমার বিশ্বাস,Not Listed,ক্রিয়েটিভ প্যারেন্টিং,৩২০৳,২৫৬৳,https://www.wafilife.com/creative-parenting/pd/65335
অরুণ কুমার বিশ্বাস,Not Listed,একটি খুনের প্রস্তাব,৩০০৳,২৪০৳,https://www.wafilife.com/ekti-khuner-prostab/pd/61835
অরুণ কুমার বিশ্বাস,Not Listed,গোয়েন্দা গুবলু,১৬০৳,১২৮৳,https://www.wafilife.com/goyenda-gublu/pd/60421
অরুণ কুমার বিশ্বাস,Not Listed,ব্রাউন পেপার,২৫০৳,২০০৳,https://www.wafilife.com/brown-paper/pd/55221
অরুণ কুমার বিশ্বাস,Not Listed,রোহান ও তার বিচ্ছুরা,২০০৳,১৬০৳,https://www.wafilife.com/rohan-o-tar-bicchura/pd/35357
অরুণ কুমার বিশ্বাস,Not Listed,গোয়েন্দা রোহান গ্যাঁড়াকলে,২০০৳,১৬০৳,https://www.wafilife.com/goyenda-rohan-gerakole/pd/35356
অরুণ কুমার বিশ্বাস,Not Listed,গল্পে গল্পে গোয়েন্দাগিরি,২২০৳,১৭৬৳,https://www.wafilife.com/galpe-galpe-goendagiri/pd/55197
অরুণ কুমার বিশ্বাস,Not Listed,হরিয়ানায় হট্টগোল,৩০০৳,২৪৯৳,https://www.wafilife.com/hariyanay-hattagol/pd/40432
অরুণ কুমার বিশ্বাস,Not Listed,স্ট্রেস ম্যানেজমেন্ট,২৩০৳,১৮৪৳,https://www.wafilife.com/stress-management/pd/32276
অরুণ কুমার বিশ্বাস,Not Listed,পোড়োবাড়ির রহস্য,১৭৫৳,১৪০৳,https://www.wafilife.com/porabarir-rohossyo/pd/59268
অরুণ কুমার বিশ্বাস,Not Listed,ছায়াময় কুঠুরি,২০০৳,১৬০৳,https://www.wafilife.com/chayamoy-kuthuri/pd/59267
অরুণ কুমার বিশ্বাস,Not Listed,কাটামুণ্ডুর বিভীষিকা,১২৫৳,১০০৳,https://www.wafilife.com/kathmundur-bibhishika/pd/59269
অরুণ কুমার বিশ্বাস,Not Listed,ভয়ঙ্কর পাতালঘর,২২৫৳,১৮০৳,https://www.wafilife.com/voyongkor-patalghor/pd/59272
অরুণ কুমার বিশ্বাস,Not Listed,রক্তখেকো হীরের পুতুল,১৭৫৳,১৪০৳,https://www.wafilife.com/roktokheko-hirer-putul/pd/59271
অরুণ কুমার বিশ্বাস,Not Listed,ভয়ংকর পাঁচ,৪৫০৳,৩৬০৳,https://www.wafilife.com/bhoyongkor-panch/pd/59266
অরুণ কুমার বিশ্বাস,Not Listed,স্পাই,৩০০৳,২৪০৳,https://www.wafilife.com/spai/pd/54971
অরুণ কুমার বিশ্বাস,Not Listed,গুপ্তি,৩২৫৳,২৬০৳,https://www.wafilife.com/gupti/pd/55185
অরুণ কুমার বিশ্বাস,Not Listed,ভয়ংকর পাঁচ,৪৫০৳,৩৬০৳,https://www.wafilife.com/bhoyongkor-panch/pd/35372
অরুণ কুমার বিশ্বাস,Not Listed,সাইকোপ্যাথ,২২৫৳,১৮০৳,https://www.wafilife.com/psychopath/pd/55168
অরুণ কুমার বিশ্বাস,Not Listed,জিরো মোটিভ,৩০০৳,২৪৬৳,https://www.wafilife.com/zero-motive/pd/38864
অরুণ কুমার বিশ্বাস,Not Listed,গুবলু গোয়েন্দা বিপদে,১৭০৳,১৩৬৳,https://www.wafilife.com/gublu-goyenda-bipode/pd/55124
অরুণ কুমার বিশ্বাস,Not Listed,গুবলু গোয়েন্দার পায়েল রহস্য,১৩৫৳,১০৮৳,https://www.wafilife.com/goblu-goyendar-payel-rohosyo/pd/55075
অরুণ কুমার বিশ্বাস,Not Listed,চিলিংহ্যাম দুর্গে আতঙ্ক,৩৭৫৳,৩০০৳,https://www.wafilife.com/chillingham-durge-atongko/pd/55113
অরুণ কুমার বিশ্বাস,Not Listed,মুক্তিযুদ্ধের গল্প,৩৫০৳,২৯১৳,https://www.wafilife.com/muktizuddher-golpo/pd/50771
অরুণ কুমার বিশ্বাস,Not Listed,আলিম বেগের খুলি,৩০০৳,২৪৬৳,https://www.wafilife.com/alim-beger-khuli/pd/38887
অরুণ কুমার বিশ্বাস,Not Listed,ওরা ডিটেকটিভ,২৫০৳,২০০৳,https://www.wafilife.com/ora-detective/pd/55026
অরুণ কুমার বিশ্বাস,Not Listed,ক্যামডেন কিলার,২০০৳,১৫৯৳,https://www.wafilife.com/camden-killer/pd/40536
অরুণ কুমার বিশ্বাস,Not Listed,ভয়ংকর পাতালঘর,২০০৳,১৬৬৳,https://www.wafilife.com/voyonkor-patalghor/pd/40535
অরুণ কুমার বিশ্বাস,Not Listed,পিকিংমানব রহস্য,১৭০৳,১৩৬৳,https://www.wafilife.com/pikingmanob-rohosho/pd/54923
অরুণ কুমার বিশ্বাস,Not Listed,ব্ল্যাক কফি,৪০০৳,৩২০৳,https://www.wafilife.com/black-coffee/pd/72122
অরুণ কুমার বিশ্বাস,Not Listed,অনল মিত্রের অপমৃত্যু,২৮০৳,২২৯.৬০৳,https://www.wafilife.com/anol-mitrer-apomrittu/pd/38883
অরুণ কুমার বিশ্বাস,Not Listed,লালকুটি রহস্য,১৮০৳,১৪৯৳,https://www.wafilife.com/lalkuti-rohosho/pd/35659
অরুণ কুমার বিশ্বাস,Not Listed,অপারেশন সালদা,২০০৳,১৬৬৳,https://www.wafilife.com/oparetion-salda/pd/40826
অরুণ কুমার লাহিড়ী,Not Listed,কাঠের পরিচিতি এনাটমি,৩০০৳,২৬৭৳,https://www.wafilife.com/kather-porichiti-anatomy/pd/66010
অরুণ কুমার লাহিড়ী,Not Listed,কাঠের পরিচিতি এনাটমি,৩০০৳,২৬৯৳,https://www.wafilife.com/e0a695e0a6bee0a6a0e0a787e0a6b0-e0a6aae0a6b0e0a6bfe0a69ae0a6b/pd/66563
অরুণ কুমার সরকার,Not Listed,উৎপাদনব্যয় হিসাববিজ্ঞান - ৬ষ্ঠ পত্র - ডিগ্রি ৩য় বর্ষ - হিসাববিজ্ঞান বিভাগ - কোড-১৩২৫০৩,৫৫০৳,৪৬৭.৫০৳,https://www.wafilife.com/utpadon-bey-hishab-biggan-6th-paper/pd/76662
অরুণ চৌধুরী,Not Listed,এক বই রহস্য,১৫০৳,১২৩৳,https://www.wafilife.com/ak-boy-rohosho/pd/46486
অরুণ চৌধুরী,Not Listed,কয়েক ফোঁটা জল,২০০৳,১৬০৳,https://www.wafilife.com/rokomari/pd/52181
অরুণ চৌধুরী,Not Listed,একগুচ্ছ নভেলেট সুইসাইড নোট,২০০৳,১৬৪৳,https://www.wafilife.com/ekguccho-novelet-suicide-note/pd/46608
অরুণ চৌধুরী,Not Listed,এক্সট্রা: ঢাকার সিনেমার সহশিল্পীদের গল্প,২৪০৳,১৯২৳,https://www.wafilife.com/extra-dhakar-cinemar-sohoshilpider-golpo/pd/54360
অরুণ চৌধুরী,Not Listed,চলমানচিত্র একসঙ্গে,১২৫৳,১০০৳,https://www.wafilife.com/cholomanchithro-eksonge/pd/52260
অরুণ মিত্র,Not Listed,জাদিগ ও কাঁদিদ,৩৭৫৳,৩১১৳,https://www.wafilife.com/zadig-o-kandide/pd/43288
অরুণ সোম,Not Listed,পৃথিবী কি গোল?,৩৫০৳,২৯১৳,https://www.wafilife.com/prithibi-ki-gol/pd/37643
অরুণ সোম,Not Listed,মানুষ কি করে বড়ো হল,৩৫০৳,৩০৯৳,https://www.wafilife.com/manush-ki-kore-boro-holo/pd/79178
অরুণ সোম,Not Listed,মহাবিশ্বের কথা,১০০৳,৮০৳,https://www.wafilife.com/mohabisher-kotha/pd/37451
অরুণা বিশ্বাস,Not Listed,Medical Waste Management in Bangladesh,৪৪০৳,৩৬৫৳,https://www.wafilife.com/medical-waste-management-in-bangladesh/pd/10078
অরুন্ধতী রায়,Not Listed,ইন্টারভিউ সিরিজ ২১ (অরুন্ধতী রায়),0,১০০৳,https://www.wafilife.com/interview-series-21-arundhuti-roy/pd/82310
অরুন্ধতী রায়,Not Listed,কাশ্মীর দ্য কেস ফর ফ্রিডম,৩২০৳,২৪০৳,https://www.wafilife.com/kashmir-the-case-for-freedom/pd/73177
অরুন্ধতী রায়,Not Listed,দ্য গড অব স্মল থিংস,৭০০৳,৫৬০৳,https://www.wafilife.com/the-god-off-small-things/pd/67311
অরুন্ধতী রায়,Not Listed,আজাদী,৪০০৳,৩২০৳,https://www.wafilife.com/azadi/pd/24128
অরুন্ধতী রায়,Not Listed,পুঁজিবাদ এক ভৌতিক গল্প,২২০৳,১৬৫৳,https://www.wafilife.com/punjibad-ek-voutik-golpo/pd/17528
অরুন্ধতী রায়,Not Listed,আজাদির লড়াই (পেপারব্যাক),২০৪৳,১৬৩৳,https://www.wafilife.com/ajadir-lorai/pd/5162
অরুন্ধতী রায়,Not Listed,একটি ফাঁসির জন্য,৩৭৫৳,৩০০৳,https://www.wafilife.com/e0a68fe0a695e0a69fe0a6bf-e0a6abe0a6bee0a681e0a6b8e0a6bfe0a6b/pd/6747
অরুন্ধতী রায়,Not Listed,অরণ্যে যুদ্ধ,২২০৳,১৬৫৳,https://www.wafilife.com/oronnye-juddho/pd/10360
অরুন্ধতী রায়,Not Listed,পুঁজিবাদ এক ভৌতিক গল্প,২২০৳,১৭৬৳,https://www.wafilife.com/পুঁজিবাদ-এক-ভৌতিক-গল্প/pd/6745
অরূপ ঘোষ,Not Listed,নিঃসীম অন্ধকার,৩৬০৳,৩১০৳,https://www.wafilife.com/nissim-ondhokar/pd/53851
অরূপকুমার দাস,Not Listed,বিনিয়োগ বিশ্লেষণ ও পোর্টফোলিও ব্যবস্থাপনা (বিবিএ অনার্স ৪র্থ বর্ষ )(হিসাববিজ্ঞান বিভাগ ) কোড : ২৪২৫১৫,৪২৯৳,৩৮৯৳,https://www.wafilife.com/investment-analysis-and-portfolio-management-bba-honars-4th/pd/79409
অর্ঘ্য অর্পণ,Not Listed,ছোটদের রোবটিকস,৩৮০৳,৩১১.৬০৳,https://www.wafilife.com/chhotoder-robotics/pd/14261
অর্ঘ্য শংকর চক্রবর্তী,Not Listed,কল্পনায় ছবি আঁকি,১৫০৳,১১৩৳,https://www.wafilife.com/kolponay-chobi-aki/pd/41006
অর্ণব আহমেদ ফাহিম,Not Listed,অর্ণব'স জিকে স্পেশাল মডেল টেস্ট,0,৭০৳,https://www.wafilife.com/ornobs-gk-special-model-test/pd/77903
অর্ণব ভৌমিক,Not Listed,কৃষি বিচিত্রা (সকল কৃষি বিশ্ববিদ্যালয় ভর্তি পরীক্ষার সহায়ক টেক্সট বুক),৮২৫৳,৫৬০৳,https://www.wafilife.com/krishi-bichitra/pd/5673
অর্ণব সান্যাল,Not Listed,সিসিটিভি দ্বারা নিয়ন্ত্রিত,৪০০৳,৩৮০৳,https://www.wafilife.com/cctv-dwara-niyantrito/pd/67173
অর্ণব সান্যাল,Not Listed,শান্তিতে মরার পরে,২০০৳,১৯০৳,https://www.wafilife.com/shantite-morar-pore/pd/36096
অর্ণব সান্যাল,Not Listed,আজ খুন করবেন না?,১৩০৳,১২৪৳,https://www.wafilife.com/aj-khun-korben-na/pd/36098
অর্ণব সাহা,Not Listed,বুয়েট পদার্থবিজ্ঞান (১ম ও ২য় পত্র),৮২৫৳,৫৬১৳,https://www.wafilife.com/buet-podarthobiggan/pd/5618
অর্ণব সাহা,Not Listed,বুয়েট মডেল টেস্ট,৩৭৫৳,২৬৩৳,https://www.wafilife.com/buet-model-test/pd/5668
অর্থনীতি প্রকাশনী,Not Listed,অর্থবিদ্যা অভিধান,৫৩০৳,৩৫০৳,https://www.wafilife.com/orthobiddha-abidhan/pd/64792
অর্থনীতি প্রকাশনী,Not Listed,ইকোনমিকস এন্ড কম্পিটিটিভ এক্সামস,৫৯৫৳,৩৮০৳,https://www.wafilife.com/economics-viva-and-competitive-exams/pd/64797
অর্থনীতি প্রকাশনী,Not Listed,Sabera's Compulsory English - For Honours (Non-Credit) and Degree Pass Course,৭৪২৳,৬৩৮৳,https://www.wafilife.com/sabera-s-compulsory-english/pd/64475
অর্থনীতি প্রকাশনী,Not Listed,অর্থনীতি,৬২০৳,৪২১৳,https://www.wafilife.com/orthonity/pd/64796
অর্নব কবির,Not Listed,বিচরণ তপস্বী,৩০০৳,২১০৳,https://www.wafilife.com/bichoron-toposwi/pd/41604
অর্নব ঘোষ,Not Listed,প্রশ্নব্যাংক ঢাকা বিশ্ববিদ্যালয় - বিজ্ঞান ইউনিট,৬০০৳,৪০৮৳,https://www.wafilife.com/prosnobank-dhaka-university/pd/68236
অর্নব ঘোষ,Not Listed,বুয়েট পদার্থবিজ্ঞান (১ম ও ২য় পত্র),৮২৫৳,৫৬১৳,https://www.wafilife.com/buet-podarthobiggan/pd/5618
অর্নব ঘোষ,Not Listed,বুয়েট মডেল টেস্ট,৩৭৫৳,২৬৩৳,https://www.wafilife.com/buet-model-test/pd/5668
অর্নব ঘোষ,Not Listed,বুয়েট রসায়ন : রসায়ন ১ম ও ২য় পত্র,৮২৫৳,৫৬১৳,https://www.wafilife.com/buet-rosayon/pd/5617
অর্নব ঘোষ,Not Listed,বুয়েট গণিত,৮২৫৳,৫৬০৳,https://www.wafilife.com/buet-ganit/pd/5616
অর্নব ঘোষ,Not Listed,পদার্থ বিচিত্রা: পদার্থ বিজ্ঞান (১ম ও ২য় পত্র),৮২৫৳,৫৬০৳,https://www.wafilife.com/podartho-bichitra/pd/5623
অর্নব ঘোষ,Not Listed,গণিত বিচিত্রা: গণিত ১ম ও ২য় পত্র,৮২৫৳,৫৬১৳,https://www.wafilife.com/ganit-bichitra/pd/5621
অর্নব ঘোষ,Not Listed,মেরিন বিচিত্রা,৭৫০৳,৫১০৳,https://www.wafilife.com/marine-bichitra/pd/5637
অর্নব ঘোষ,Not Listed,প্রশ্নব্যাংক ঢাকা বিশ্ববিদ্যালয় - বিজ্ঞান সেট,৬০০৳,৪৩০৳,https://www.wafilife.com/a-unit-question-bank/pd/5651
অর্নব ঘোষ,Not Listed,চট্টগ্রাম বিশ্ববিদ্যালয় প্রশ্নব্যাংক ও মডেল টেস্ট বিজ্ঞান শাখা - এ- ইউনিট (পেপারব্যাক),৫২৫৳,৩৬০৳,https://www.wafilife.com/cu-prosnobank-a-unit/pd/5644
অর্নব ঘোষ,Not Listed,"শাহজালাল বিজ্ঞান ও প্রযুক্তি বিশ্ববিদ্যালয় প্রশ্নব্যাংক ও মডেল টেস্ট -(এবি ইউনিট, বিজ্ঞান বিভাগ)",৫২৫৳,৩৬০৳,https://www.wafilife.com/sust-prosnobank-ab-unit/pd/5648
অর্নব ঘোষ,Not Listed,কৃষি বিচিত্রা (সকল কৃষি বিশ্ববিদ্যালয় ভর্তি পরীক্ষার সহায়ক টেক্সট বুক),৮২৫৳,৫৬০৳,https://www.wafilife.com/krishi-bichitra/pd/5673
অর্পিতা শামস মিজান,Not Listed,আইনের ক্যানভাসে জীবন সমাজ ও সংস্কৃতি,৩৯৫৳,৩৫২৳,https://www.wafilife.com/ainer-canvase-jibon-somaj-o-songskriti/pd/36184
অল রেইস,Not Listed,দ্য টুয়েনটি টু ইমিউট্যাবল ল'জ অব মার্কেটিং,২০০৳,১৬৬৳,https://www.wafilife.com/the-twenty-two-immutable-law-s-of-marketing/pd/19695
অলকা ঘোষ,Not Listed,ছড়ায় ছন্দে সনাতন ধর্ম,১০০৳,৮০৳,https://www.wafilife.com/coday-sonda-sonaton-dormo/pd/54233
অলকা ঘোষ,Not Listed,ছাড়ায় ছন্দে রামায়নের কথা,১২০৳,৯৬৳,https://www.wafilife.com/coday-sondy-ramayonar-kotha/pd/54234
অলকা ঘোষ,Not Listed,রাসেল নামে কাব্য গাথা,২০০৳,১৫৪৳,https://www.wafilife.com/rasel-name-kabbo-gatha/pd/43076
অলকা চট্টোপাধ্যায়,Not Listed,বিজ্ঞানের খেলা,১০০৳,৮০৳,https://www.wafilife.com/bigganir-khela/pd/22103
অলকা দেবী শিলা,Not Listed,বাঙালির দৃষ্টিতে শেখ মুজিব,২০০৳,১৫০৳,https://www.wafilife.com/banglalir-dristite-sheikh-mujib/pd/40073
অলকা দেবী শিলা,Not Listed,বাঙালির দৃষ্টিতে শেখ মুজিব,১২০৳,১০০৳,https://www.wafilife.com/banglalir-dristite-sheikh-mujib/pd/32580
অলকা সরকার কেয়া,Not Listed,জয় বাংলার লোক,২০০৳,১৫০৳,https://www.wafilife.com/joy-banglar-lok/pd/36828
অলকা সরকার কেয়া,Not Listed,জয় বাংলার লোক,২০০৳,১৭২৳,https://www.wafilife.com/joy-banglar-lok/pd/36824
অলাত এহসান,Not Listed,বৃদ্ধাশ্রম হয়ে ওঠা কফি হাউসটি,৪০০৳,৩২০৳,https://www.wafilife.com/briddhassrom-hoye-otha-coffee-houseti/pd/62279
অলাত এহসান,Not Listed,দশ কথা : বিশিষ্টজনের মুখোমুখি,৪৯০৳,৩৯২৳,https://www.wafilife.com/dosh-kotha-bishishto-jonder-mukhomukhi/pd/61172
অলি আহাদ,Not Listed,জাতীয় রাজনীতি : ১৯৪৫ থেকে ১৯৭৫,"১,৩০০৳","১,০৪০৳",https://www.wafilife.com/jatio-rajniti-1945-theke-1975/pd/30883
অলি আহাদ খান পলাশ,Not Listed,খেলার ছলে বিজ্ঞান,১৬০৳,১৩৮৳,https://www.wafilife.com/khaler-chola-biggan/pd/36454
অলি রহমান,Not Listed,চাঁদের কাছে উড়ো চিঠি,৪০৳,৩৩৳,https://www.wafilife.com/chader-kace-uro-cheti/pd/36560
অলি রহমান,Not Listed,বিড়ালছানার চিঠি পোস্ট,৫০৳,৪২৳,https://www.wafilife.com/beralcanar-cheti-post/pd/36565
অলিউর রহমান,Not Listed,সাংবাদিকতা ধারণা ও কৌশল,৬০০৳,৫৩৪৳,https://www.wafilife.com/sangbadikata-dharona-o-kowshal/pd/54599
অলিউর রহমান,Not Listed,তথ্যের স্বাধীনতা ও স্বাধীন সাংবাদিকতা,৩০০৳,২৬৭৳,https://www.wafilife.com/totter-shadinota-o-shadin-sangbadikota/pd/54568
অলিউর রহমান,Not Listed,অমানিশার নক্ষত্র,১০০৳,৮৯৳,https://www.wafilife.com/omanisar-nokkhotro/pd/80391
অলিভার গোল্ডস্মিথ,Not Listed,বিশ্ব-নাগরিক,৪০০৳,৩৩২৳,https://www.wafilife.com/bishwo-nagorik/pd/42445
অলিয়ার রহমান,Not Listed,ছয় ঋতুর দেশে,৩০০৳,২৪০৳,https://www.wafilife.com/choy-ritur-deshe/pd/52297
অলীন বাসার,Not Listed,আয়নার ওপাশে,৫০০৳,৪০০৳,https://www.wafilife.com/aynar-opashe/pd/71050
অলীন বাসার,Not Listed,কালো ঘোড়া,১৩০৳,১০৪৳,https://www.wafilife.com/kalo-ghora/pd/55137
অলীন বাসার,Not Listed,বল্টুদের দেয়াল ঘড়ি,৩০০৳,২৪০৳,https://www.wafilife.com/boltuder-deyal-ghori/pd/80036
অলীন বাসার,Not Listed,নীলরত্নের রাজ্যে মিনু,২৫০৳,২১৯৳,https://www.wafilife.com/nilortner-rajjo-minu/pd/80349
অশীম রায়,Not Listed,Islam In South Asia,৩০০৳,২৪০৳,https://www.wafilife.com/islam-in-south-asia/pd/35992
অশোক কুমার দেওয়ান,Not Listed,চাকমা জাতির ইতিহাস বিচার,৪০০৳,৩৩২৳,https://www.wafilife.com/chakma-jatir-itihash-bichar/pd/10346
অশোক তরু রায়,Not Listed,প্রাইম বিপিএসসি নন ডিপার্টমেন্টাল এমসিকিউ মডেল টেস্ট,১৬০৳,১০১৳,https://www.wafilife.com/prime-bpsc-non-departmental-mcq-model-test/pd/44114
অশোক তরু রায়,Not Listed,প্রাইম বিপিএসসি নন ডিপার্টমেন্টাল এমসিকিউ মডেল টেস্ট,১৬০৳,১০৪৳,https://www.wafilife.com/prime-bpsc-non-departmental-mcq-model-test/pd/39557
অশোক দাশগুপ্ত,Not Listed,ঈশপের পশুপাখি,৩০০৳,২৪০৳,https://www.wafilife.com/aesoper-poshupakhi/pd/51433
অশোককুমার মুখোপাধ্যায়,Not Listed,সূর্য ‍সেন,১২৫৳,১০৪৳,https://www.wafilife.com/surjo-sen/pd/43220
অশোকা রায়না,Not Listed,ইনসাইড র: ভারতীয় গুপ্তচর সংস্থার অজানা অধ্যায়,৪০০৳,৩০০৳,https://www.wafilife.com/inside-raw-varitio-gupto-sonsther-ojana-odhy/pd/63564
অশ্বিন সাংহি,Not Listed,দ্য কৃষ্ণ কি,৪৯০৳,৩৪৩৳,https://www.wafilife.com/the-krishna-key/pd/42120
অশ্রু বিশ্বাস,Not Listed,বাইকারস হ্যান্ডবুক,২০০৳,১৫০৳,https://www.wafilife.com/bikers-handbook/pd/74663
অশ্রুকুমার সিকদার,Not Listed,লিংকন,১২৫৳,১০৪৳,https://www.wafilife.com/lingkon/pd/20815
অষ্ট্রিক আর্যু,Not Listed,বাংলাদেশের বীরশ্রেষ্ঠ,১২০৳,১০০৳,https://www.wafilife.com/bangladesher-bhirshrestho/pd/40690
অষ্ট্রিক আর্যু,Not Listed,বিশ্বশ্রেষ্ঠ রাজনীতিবিদ,৭৫০৳,৬২৩৳,https://www.wafilife.com/biswoshrestho-rajnitibid/pd/40721
অষ্ট্রিক আর্যু,Not Listed,জাতীয় মাছ ইলিশ,৬০৳,৫০৳,https://www.wafilife.com/jatiyo-mas-ilish/pd/43173
অষ্ট্রিক আর্যু,Not Listed,জাতীয় পতাকা,৬০৳,৫০৳,https://www.wafilife.com/jatiyo-potaka/pd/43169
অষ্ট্রিক আর্যু,Not Listed,জাতীয় পশু রয়েল বাগ,৬০৳,৫০৳,https://www.wafilife.com/jatiyo-posu-royel-bhag/pd/43172
অষ্ট্রিক আর্যু,Not Listed,জাতীয় সংগীত,৬০৳,৫০৳,https://www.wafilife.com/jatiyo-songit/pd/43171
অষ্ট্রিক আর্যু,Not Listed,জাতীয় ফুল শাপলা,৬০৳,৫০৳,https://www.wafilife.com/jatiyo-ful-shapla/pd/43174
অষ্ট্রিক আর্যু,Not Listed,জাতীয় ফল কাঁঠাল,৬০৳,৫০৳,https://www.wafilife.com/jatiyo-fol-katal/pd/43170
অসিত কুমার রায়,Not Listed,উৎপাদনব্যয় হিসাববিজ্ঞান - ৬ষ্ঠ পত্র - ডিগ্রি ৩য় বর্ষ - হিসাববিজ্ঞান বিভাগ - কোড-১৩২৫০৩,৫৫০৳,৪৬৭.৫০৳,https://www.wafilife.com/utpadon-bey-hishab-biggan-6th-paper/pd/76662
অসিত কুমার সাহা,Not Listed,কৃষিশিক্ষা প্রথম পত্র - একাদশ - দ্বাদশ শ্রেণি,২৮০৳,২৫২৳,https://www.wafilife.com/agricultural-studies-1st-paper/pd/41806
অসিত কুমার সাহা,Not Listed,কৃষিশিক্ষা দ্বিতীয় পত্র,৩০০৳,২৭০৳,https://www.wafilife.com/agricultural-studies-2nd-paper/pd/41807
অসিত রায় চৌধুরী,Not Listed,ফিরে দেখা,১২০৳,৮৭.৬০৳,https://www.wafilife.com/fire-dekha/pd/44983
অসিতবরণ ঘোষ,Not Listed,শিশুশিক্ষা প্রসঙ্গে যে কথা না জানলেই নয়,৩০০৳,২৪৯৳,https://www.wafilife.com/shishushikkha-prosonge-ze-kotha-na-janlei-noy/pd/16424
অসীম কুমার সাহা,Not Listed,বাংলাদেশের সাংবিধানিক ইতিহাস,২২৫৳,১৮৭৳,https://www.wafilife.com/bangladesher-sangbedhanik-etyhsah/pd/49535
অসীম তালুকদার,Not Listed,কণাদের যত অদ্ভুত কাণ্ড,২০০৳,১৫০৳,https://www.wafilife.com/konader-joto-odvut-kando/pd/72234
অসীম পিয়াস,Not Listed,বেঁচে থাকুক ট্র্যাফিক জ্যাম,৩৮০৳,২৬৬৳,https://www.wafilife.com/beche-thakuk-traffic-jam/pd/31811
অসীম বর্ধন,Not Listed,কিশোর-কিশোরীদের যৌন সমস্যা,২৫০৳,১৯৩৳,https://www.wafilife.com/kisor-kisorder-youna-samasya/pd/43056
অসীম সাহা,Not Listed,লেখালেখির এলোমেলো নামতাপাঠ,১৭৫৳,১৪৩.৫০৳,https://www.wafilife.com/lekhalekhir-alomelo-namtapath/pd/53160
অসীম সাহা,Not Listed,কিলের চোটে কাঁঠাল পাকে,৬০৳,৪৭৳,https://www.wafilife.com/kiler-chote-kathal-pake/pd/41301
অসীম হিমেল,Not Listed,নক্ষত্রের আলো,৫৮০৳,৪৭৫.৬০৳,https://www.wafilife.com/nokkhotrer-alo/pd/62033
অসীম হিমেল,Not Listed,তেইল্লাচোরা,৩৮০৳,৩২৭৳,https://www.wafilife.com/teillachora/pd/58461
অসীম হিমেল,Not Listed,ধূম্রজালে খেদু মিয়া,৫০০৳,৪১০৳,https://www.wafilife.com/dumrojole-kheto-miya/pd/38838
অসীমকুমার রায়,Not Listed,বঙ্গ বৃত্তান্ত,২৭৫৳,২২০৳,https://www.wafilife.com/bongo-brittanto/pd/10971
অস্কার ওয়াইল্ড,Not Listed,দ্য কান্টারভিল গোস্ট,৩০০৳,২১০৳,https://www.wafilife.com/the-cuntervile-ghost/pd/65225
অস্কার ওয়াইল্ড,Not Listed,দ্য পিকচার অব ডোরিয়ান গ্রে,১৩০৳,১০৪৳,https://www.wafilife.com/the-picture-of-dorian-gre/pd/54790
অস্কার ওয়াইল্ড,Not Listed,দ্য থার্টি-নাইন স্টেপস দ্য রেলওয়ে চিলড্রেন দি ইম্পর্ট্যান্স অভ বিয়িং আর্নেস্ট,১৬৫৳,১৩৫.৩০৳,https://www.wafilife.com/the-thirty-nine-steps-the-railway-children-the-importance-of/pd/48575
অস্কার ওয়াইল্ড,Not Listed,"কিশোর ক্লাসিক দ্য লিট্‌ল্‌ প্রিন্স, ম্যানসফিল্ড পার্ক, দ্য পিকচার অভ ডোরিয়ান গ্রে - তিনটি বই একত্রে",১০৬৳,৯৩৳,https://www.wafilife.com/kishor-classic-the-little-prince-mansfield-park-the-picture/pd/48567
অস্কার ওয়াইল্ড,Not Listed,ক্যান্টারভিল প্রাসাদের ভূত,১২০৳,৯৬৳,https://www.wafilife.com/cantabile-prasader-vut/pd/54842
অস্টিন ক্লেওন,Not Listed,সৃজনশীলতার সিক্রেট,৬০৮৳,৪৪৪৳,https://www.wafilife.com/srijonshilotar-secret/pd/77527
অস্টিন ক্লেওন,Not Listed,লেগে থাকুন,২১৪৳,১৬০৳,https://www.wafilife.com/lege-thakun/pd/77515
অস্টিন ক্লেওন,Not Listed,নিজের ঢোল পেটান,২০৭৳,১৫৫৳,https://www.wafilife.com/nijer-dhol-petan/pd/77514
অস্টিন ক্লেওন,Not Listed,চুরি করুন শিল্পীর মতো,১৮৭৳,১৪০৳,https://www.wafilife.com/churi-korun-shilpir-moto/pd/77513
অস্টিন ক্লেওন,Not Listed,ভূমিপ্রকাশ প্রোডাক্টিভিটি প্যাকেজ,৭২০৳,৪৮৯৳,https://www.wafilife.com/vumiprokash-productivity-package/pd/69789
অস্টিন ক্লেওন,Not Listed,শো ইয়োর ওয়ার্ক,২৫০৳,১৭৫৳,https://www.wafilife.com/show-your-work/pd/42110
অস্টিন ক্লেওন,Not Listed,কিপ গোয়িং,২২০৳,১৫৪৳,https://www.wafilife.com/keep-going/pd/42111
অস্টিন ক্লেওন,Not Listed,স্টিল লাইক অ্যান আর্টিস্ট,২৫০৳,১৭৫৳,https://www.wafilife.com/steal-like-an-artist/pd/9753
অস্টিন ক্লেওন,Not Listed,স্টিল লাইক অ্যান আর্টিস্ট,২০০৳,১৭০৳,https://www.wafilife.com/steal-like-an-artist/pd/14455
অস্ট্রিক আর্যু,Not Listed,রারা সাজলো খরগোশ,১৪০৳,১১২৳,https://www.wafilife.com/rara-shajalo-khorgosh/pd/65027
অস্ট্রিক আর্যু,Not Listed,রারা ও লাল বল,১৪০৳,১১২৳,https://www.wafilife.com/rara-o-lal-bol/pd/65032
অস্ট্রিক আর্যু,Not Listed,রারা ও নীল হাতি,১৪০৳,১১২৳,https://www.wafilife.com/rara-o-nil-hati/pd/65030
অস্ট্রিক আর্যু,Not Listed,বিশ্বের সেরা রহস্য উপন্যাস : ১১ লেডি বিহেভ,৩০০৳,২৪৯৳,https://www.wafilife.com/bisser-sera-rohoso-uponas-11-lady-behab/pd/43250
অস্ট্রিক আর্যু,Not Listed,জন্মদিনের উৎসব,১২০৳,১০০৳,https://www.wafilife.com/jonmodiner-utsob/pd/40584
অস্ট্রিড লিন্ডগ্রেন,Not Listed,পিপপি ও একটি বাঁদর,৮০৳,৬৯৳,https://www.wafilife.com/pippi-o-akti-bador/pd/36030
অস্ট্রিড লিন্ডগ্রেন,Not Listed,KARLSSON ON THE ROOF,0,২০০৳,https://www.wafilife.com/ছাদ-মানুষ-কার্লসন/pd/68227
অহিদুল ইকবাল সম্পদ,Not Listed,মারুফ -৭ : অন্ধবিশ্বাস,৩০০৳,২৪০৳,https://www.wafilife.com/maruf-7-ondhobishwash/pd/65075
অ্যাগনেস অ্যালেন,Not Listed,"লিপি, পাণ্ডুলিপি, বই ও মুদ্রণশিল্পের ইতিকথা",৫৫০৳,৪৫১৳,https://www.wafilife.com/lipi-pandulipi-boi-o-mudronshilper-itikotha/pd/36367
অ্যাঙ্গাস রক্সবার্গ,Not Listed,দ্য স্ট্রংম্যান,৫০০৳,৩৬৫৳,https://www.wafilife.com/the-strong-man/pd/19702
অ্যাঞ্জেলিকা হর্ন,Not Listed,ছোট্ট এডউইন দুরন্ত অভিযান,১২০৳,৯৬৳,https://www.wafilife.com/chotto-edwin-duronto-ovijan/pd/55045
অ্যাঞ্জেলিকা হর্ন,Not Listed,এডউইন ও তার বন্ধুরা,৯০৳,৭২৳,https://www.wafilife.com/edwin-o-tar-bondhura/pd/55044
অ্যাড. মোঃ মজিবুর রহমান,Not Listed,মুহাম্মাদুর রাসুল্লাহ (স.),৮০৳,৫৮৳,https://www.wafilife.com/muhammadur-rasullah-sm/pd/45390
অ্যাডভোকেট আজাদ,Not Listed,তুমিই বিচারক,২০০৳,১৪০৳,https://www.wafilife.com/tumie-bicharok/pd/37156
অ্যাডভোকেট আজাদ,Not Listed,সুবিচার ও সুশাসন,৩০০৳,২১০৳,https://www.wafilife.com/subecar-o-susason/pd/37183
অ্যাডভোকেট আজাদ,Not Listed,সুবিচার ও সুশাসন,২০০৳,১৬০৳,https://www.wafilife.com/shubecer-o-susason/pd/37241
অ্যাডভোকেট আবদুল্লাহ আল মামুন,Not Listed,"নারী ও শিশু নির্যাতন দমন আইন , ২০০০",৪৫০৳,২২৯৳,https://www.wafilife.com/nari-o-shishu-nirjzaton-domon-ain-2000/pd/72747
অ্যাডভোকেট আবদুল্লাহ আল মামুন,Not Listed,পারিবারিক সহিংসতা (প্রতিরোধ ও সুরক্ষা ) আইন ও বিধিমালা,৬০০৳,৩৩৯৳,https://www.wafilife.com/domestic-violence-prevention-and-protection-act-and-rules/pd/72716
অ্যাডভোকেট আরিফ আহমেদ,Not Listed,Public International Law,৪৫০৳,৪০১৳,https://www.wafilife.com/public-international-law/pd/54600
অ্যাডভোকেট এ কে এম শাহজাহান,Not Listed,প্রেসিডেন্ট জিয়া (১৯৩৬-১৯৮১),৬০০৳,৫১৬৳,https://www.wafilife.com/president-zia-1936-1981/pd/73869
অ্যাডভোকেট জাহাঙ্গীর আলম সরকার,Not Listed,নারী ও শিশু নির্যাতন দমন আইন,৮৫০৳,৪২৯৳,https://www.wafilife.com/nari-o-shishu-nirjaton-domon-ayin/pd/73389
অ্যাডভোকেট জাহাঙ্গীর আলম সরকার,Not Listed,এসেনসিয়াল মাইনর এ্যাক্টস,"৩,৫০০৳","১,৫৭৯৳",https://www.wafilife.com/এসেনসিয়াল-মাইনর-এ্যাক্টস/pd/73421
অ্যাডভোকেট জাহাঙ্গীর আলম সরকার,Not Listed,নারী ও শিশু নির্যাতন দমন আইনের ভাষ্য,"১,০০০৳",৬৫৯৳,https://www.wafilife.com/নারী-ও-শিশু-নির্যাতন-দমন-আইনের-ভাষ্য/pd/72725
অ্যাডভোকেট জাহাঙ্গীর আলম সরকার,Not Listed,সাইবার নিরাপত্তা আইনের ভাষ্য ও পর্নোগ্রাফি নিয়ন্ত্রণ আইন,৮০০৳,৫২৯৳,https://www.wafilife.com/cyber-nirapotta-ainer-vassho-o-pornography-niyntron-ain/pd/72745
অ্যাডভোকেট জাহাঙ্গীর আলম সরকার,Not Listed,দ্রুত বিচার আইনের ভাষ্য,৭০০৳,৩৮৯৳,https://www.wafilife.com/druto-bichar-ainer-bhassho/pd/72688
অ্যাডভোকেট জাহাঙ্গীর আলম সরকার,Not Listed,ফ্যামিলি কোর্ট অর্ডিন্যান্স,"১,৫০০৳",৮২৯৳,https://www.wafilife.com/family-court-ordinance/pd/72709
অ্যাডভোকেট জাহাঙ্গীর আলম সরকার,Not Listed,"জামিন, সন্দেহের সুবিধা ও ন্যায়বিচার","১,৮০০৳",৮৯৯৳,https://www.wafilife.com/jamin-sondeher-subidha-o-neibichar/pd/72692
অ্যাডভোকেট জাহাঙ্গীর আলম সরকার,Not Listed,জেনারেল ক্লজেস অ্যাক্ট এবং সংবিধিবদ্ধ আইনের ব্যাখ্যা,৬০০৳,৩৬৯৳,https://www.wafilife.com/general-clauses-act-and-songbidhiboddho-ainer-bbakkha/pd/72710
অ্যাডভোকেট জাহাঙ্গীর আলম সরকার,Not Listed,ফৌজদারী কার্যবিধি,৬৫০৳,৩২৯৳,https://www.wafilife.com/the-code-of-criminal-procedure/pd/72693
অ্যাডভোকেট জাহাঙ্গীর আলম সরকার,Not Listed,দণ্ডবিধি,৬০০৳,৩৩৯৳,https://www.wafilife.com/the-panel-code/pd/72696
অ্যাডভোকেট জাহাঙ্গীর আলম সরকার,Not Listed,চেক ডিসঅনার বিচার ও পদ্ধতি,"১,৫০০৳",৮২৯৳,https://www.wafilife.com/check-disoner-bichar-o-poddhoti/pd/72702
অ্যাডভোকেট জাহাঙ্গীর আলম সরকার,Not Listed,সাক্ষ্য আইন,৭০০৳,৩৮৯৳,https://www.wafilife.com/the-evidence-act/pd/72697
অ্যাডভোকেট জাহাঙ্গীর আলম সরকার,Not Listed,ভূমি আইন ও রেকর্ড ব্যবস্থাপনা,"১,২০০৳",৫৪৯৳,https://www.wafilife.com/bhumi-ain-o-record-byabosthapona/pd/72339
অ্যাডভোকেট দেওয়ান আব্দুন নাসের,Not Listed,ফৌজদারি মামলায় জেরার কৌশল,৮৫০৳,৫৫৯৳,https://www.wafilife.com/foujdari-mamalai-jerar-koushal/pd/72739
অ্যাডভোকেট দেওয়ান আব্দুন নাসের,Not Listed,স্বীকারোক্তি ও আসামির পরীক্ষা,"১,২৫০৳",৮১৯৳,https://www.wafilife.com/sikarukti-o-asamir-porikka/pd/72742
অ্যাডভোকেট দেলোয়ার হোসেন ভূঁইয়া,Not Listed,স্বল্প সময়ে অধিক শিক্ষা ও প্রশিক্ষণ অর্জন পদ্ধতি,৭৫০৳,৬৪৫৳,https://www.wafilife.com/solpo-somoye-odhik-shikkha-o-proshikkhon-orjon-poddhoti/pd/7280
অ্যাডভোকেট মেজবাহ উদ্দিন চৌধুরী মোর্শেদ,Not Listed,গণতন্ত্র ও সুশাসন,২৩০৳,১৭৩৳,https://www.wafilife.com/gonotontra-o-shusason/pd/36962
অ্যাডভোকেট মো: নূরুল ইসলাম,Not Listed,পলিটিক্যাল কালচার,১২৫৳,১০০৳,https://www.wafilife.com/political-culture/pd/54302
অ্যাডভোকেট মো: নূরুল ইসলাম,Not Listed,স্বাধীনতা তুমি বেঁচে থাকো,১০০৳,৮০৳,https://www.wafilife.com/shadhinota-tumi-bacha-thako/pd/54053
অ্যাডভোকেট মো: নূরুল ইসলাম,Not Listed,রুদ্ধদ্বার উন্মোচন,৯০৳,৭২৳,https://www.wafilife.com/rudho-dhar-unmochon/pd/54323
অ্যাডভোকেট মো: নূরুল ইসলাম,Not Listed,পাথরঘাটার সমাজচিত্র,১০০৳,৮০৳,https://www.wafilife.com/pathorghatar-somajchirtro/pd/54051
অ্যাডভোকেট মো: নূরুল ইসলাম,Not Listed,প্রসঙ্গ বিচ্যুত আচরণ,৪০৳,৩২৳,https://www.wafilife.com/prosongo-bishut-achoron/pd/54057
অ্যাডভোকেট মো: নূরুল ইসলাম,Not Listed,মুখোসের আড়ালে,৮০৳,৬৪৳,https://www.wafilife.com/mukhoshar-arale/pd/54052
অ্যাডভোকেট মোহাম্মদ খোরশেদ আলম,Not Listed,প্রবলেম অ্যান্ড সলিউশন ফর ফ্যামিলি স্যুট,"১,৭০০৳","১,০২৯৳",https://www.wafilife.com/problem-and-solution-for-family-suit/pd/73424
অ্যাডভোকেট মোহাম্মদ খোরশেদ আলম,Not Listed,"প্লেইন্ট, রিটেন স্ট্যাটমেন্ট এন্ড ইনজাংশন পিটিশন ফর সিভিল স্যুাট","১,২০০৳",৫৯৯৳,https://www.wafilife.com/plaint-written-statement-and-injunction-petition-for-civil-s/pd/72683
অ্যাডভোকেট মোহাম্মদ খোরশেদ আলম,Not Listed,ক্রস এক্সামিনেশন ডিপোজিশন এন্ড আর্গুমেন্ট ফর সিভিল স্যুট,"১,৫০০৳",৭৫৯৳,https://www.wafilife.com/cross-examination-deposition-and-argument-for-civil-suit/pd/72682
অ্যাডভোকেট মোহাম্মদ শফিকুল ইসলাম,Not Listed,দেওয়ানী কার্যবিধি,"১,৬০০৳",৭৮৯৳,https://www.wafilife.com/civil-reference/pd/72685
অ্যাডভোকেট সুলতান মোহাম্মদ অহিদ,Not Listed,Advocate's Legal Diary,"১,৫০০৳",৬৪৫৳,https://www.wafilife.com/advocates-legal-diary/pd/68330
অ্যাডভোকেট সোহেল হোসেন,Not Listed,আইনের সহজ কথা সিভিল প্র্যাকটিস,৭০০৳,৩৫৯৳,https://www.wafilife.com/ayiner-shohoj-kotha-civil-practice/pd/73375
অ্যাডর্ন পাবলিকেশন,Not Listed,আমাদের দাদা সাদেক খান,৯৯০৳,৮২২৳,https://www.wafilife.com/amader-dada-sadek-khan/pd/47691
অ্যাডাম খুও,Not Listed,মাল্টি-মিলিয়ন ডলার বিজনেস,৪৪০৳,৩২৬৳,https://www.wafilife.com/multi-million-dollar-business/pd/13398
অ্যাডাম গ্রান্ট,Not Listed,গিভ অ্যান্ড টেক,৪০০৳,৩০৬৳,https://www.wafilife.com/give-and-take/pd/42955
অ্যাডাম গ্রান্ট,Not Listed,গিভ এন্ড টেক,৪০০৳,৩৩২৳,https://www.wafilife.com/give-and-take/pd/32697
অ্যাডাম গ্রান্ট,Not Listed,থিংক এগেইন,২১০৳,১৫৭৳,https://www.wafilife.com/think-again/pd/23612
অ্যাডাম গ্র্যান্ট,Not Listed,গিভ এন্ড টেক,৪৮০৳,৩৫০.৪০৳,https://www.wafilife.com/give-and-take/pd/10301
অ্যাডাম ব্লেড,Not Listed,বিস্ট কোয়েষ্ট সিরিজ ১-১২,"১,২৯৫৳","১,০৩৬৳",https://www.wafilife.com/beast-quest-series-1-12-rokomari-collection/pd/55005
অ্যাডাম ব্লেড,Not Listed,মস্ত ম্যামথ,১১০৳,৮৮৳,https://www.wafilife.com/mosto-mammoth/pd/55173
অ্যাডাম ব্লেড,Not Listed,ক্রুদ্ধ কুকুর,১১০৳,৮৮৳,https://www.wafilife.com/kruddho-kukur/pd/55171
অ্যাডাম ব্লেড,Not Listed,বৃশ্চিকমানবের কবলে,১১০৳,৮৮৳,https://www.wafilife.com/brishchikmanober-kobole/pd/55172
অ্যাডাম ব্লেড,Not Listed,ষাঁড়মানবের কবলে,৮০৳,৬৪৳,https://www.wafilife.com/sharmanober-kobole/pd/55138
অ্যাডাম ব্লেড,Not Listed,ভয়াল পঙ্খিরাজ,৮০৳,৬৪৳,https://www.wafilife.com/bhoyal-ponkhiraj/pd/55139
অ্যাডাম ব্লেড,Not Listed,সাগরের আতঙ্ক,৮০৳,৬৪৳,https://www.wafilife.com/sagorer-atongko/pd/55140
অ্যাডাম ব্লেড,Not Listed,রাক্ষুসে মাকড়সা,১১০৳,৮৮৳,https://www.wafilife.com/rakkhuse-makrosa/pd/55092
অ্যাডাম ব্লেড,Not Listed,সর্পদানব,১১০৳,৮৮৳,https://www.wafilife.com/sorpodanob/pd/55094
অ্যাডাম ব্লেড,Not Listed,তিনমাথা সিংহ,১১০৳,৮৮৳,https://www.wafilife.com/tinmatha-singho/pd/55091
অ্যাডাম ব্লেড,Not Listed,ভয়াল বাঁদর,১১০৳,৮৮৳,https://www.wafilife.com/voyal-bador/pd/54999
অ্যাডাম ব্লেড,Not Listed,পাথরের জাদুকর,১১০৳,৮৮৳,https://www.wafilife.com/pathorer-jadukor/pd/54997
অ্যাডাম ব্লেড,Not Listed,সাগরদানব,১১০৳,৮৮৳,https://www.wafilife.com/sagordanob/pd/54998
অ্যাডাম ব্লেড,Not Listed,ভয়াল তীরন্দাজ,১২৫৳,১০০৳,https://www.wafilife.com/bhayal-teerandaj/pd/54943
অ্যাডাম ব্লেড,Not Listed,আত্মা শিকারী,১৩০৳,১০৪৳,https://www.wafilife.com/atma-shikari/pd/54944
অ্যাডাম ব্লেড,Not Listed,দানব প্রহরী,১৪০৳,১১২৳,https://www.wafilife.com/danab-prohori/pd/54942
অ্যাড্রিয়ান কোনান ডয়েল,Not Listed,শার্লক হোমসের অজানা অভিযান,৬০০৳,৫০৪৳,https://www.wafilife.com/sherlock-holmes-er-ojana-oddhay/pd/68223
অ্যাড্রিয়ান ম্যাককিনটি,Not Listed,দ্য চেইন,৫৮০৳,৪০৬৳,https://www.wafilife.com/the-chain/pd/41586
অ্যাড্রিয়ান লেডি,Not Listed,স্পাই স্টোরিজ,৫০০৳,৪০০৳,https://www.wafilife.com/spy-stories/pd/57723
অ্যান এল-মোসলিমানি,Not Listed,শিশুর মনস্তত্ত্বে শিক্ষার প্রভাব,১৭৫৳,১৪০৳,https://www.wafilife.com/shishur-monostotte-sikkhar-provab/pd/62965
অ্যান ড্রোজড,Not Listed,রকেটস গ্র্যাভিটিকে ছাড়িয়ে,৪০০৳,৩২৮৳,https://www.wafilife.com/rockets-gravitike-sariye/pd/62176
অ্যান ব্রোন্টি,Not Listed,"নর্থাঞ্জার অ্যাবি, দি অরেগন ট্রেইল, অ্যাগনেস গ্রে",১০৯৳,৮৯.৩৮৳,https://www.wafilife.com/northanger-abbey-the-oregon-trail-agnes-gray/pd/48591
অ্যান মোয়ার,Not Listed,ব্রেইন সেক্স,৩৩০৳,২৪৭৳,https://www.wafilife.com/brain-sex/pd/68289
অ্যান হ্যান্ডলির,Not Listed,স্মার্ট বিজনেস হ্যাকস প্যাকেজ,"১,৩৮০৳",৯৬৬৳,https://www.wafilife.com/smart-business-hacks-package/pd/65108
অ্যান হ্যান্ডলির,Not Listed,কনটেন্ট রাইটিং ইজ কিং,৩২০৳,২২৪৳,https://www.wafilife.com/content-writing-is-king/pd/26548
অ্যানা ফ্রাঙ্ক,Not Listed,আনা ফ্রাঙ্কের ডায়েরি,৪৫০৳,৩১৫৳,https://www.wafilife.com/ana-franker-dairy/pd/42813
অ্যানা ফ্রাঙ্ক,Not Listed,আনা ফ্রাঙ্কের ডায়েরি,৪৫০৳,৩৭৪৳,https://www.wafilife.com/the-diary-of-anne-frank/pd/32640
অ্যানা ফ্রাঙ্ক,Not Listed,দ্য ডায়েরি অব অ্যানা ফ্রাঙ্ক,৩০০৳,২৫১৳,https://www.wafilife.com/the-diary-of-anne-frank/pd/46296
অ্যানা ফ্রাঙ্ক,Not Listed,আনা ফ্রাঙ্কের ডায়েরি,৩৫০৳,২৩৮৳,https://www.wafilife.com/anna-frank-er-diary/pd/43464
অ্যানা ফ্রাঙ্ক,Not Listed,আনা ফ্রাঙ্কের ডায়েরি,৩৯০৳,৩১২৳,https://www.wafilife.com/anna-franker-diary/pd/37075
অ্যানা ফ্রাঙ্ক,Not Listed,অ্যানা ফ্রাঙ্ক দ্য ডায়েরি অব অ্যা ইয়াং গার্ল,৩০০৳,২১০৳,https://www.wafilife.com/anne-frank-the-diary-of-a-young-girl/pd/7501
অ্যানা রাইস,Not Listed,ইন্টারভিউ উইথ দ্য ভ্যাম্পায়ার,৪৬০৳,৩৯৬৳,https://www.wafilife.com/interview-with-the-vampire/pd/53817
অ্যানাকা হ্যারিস,Not Listed,কুরআন কী বলে,0,১১০৳,https://www.wafilife.com/quran-ki-bole/pd/27808
অ্যানাকা হ্যারিস,Not Listed,পরকাল ও ভাগ্য কী,0,১২৫৳,https://www.wafilife.com/porokal-o-vaggo-ki/pd/27809
অ্যানাকা হ্যারিস,Not Listed,প্রিয়নবির পরিচয় এবং ফেরেশতা কারা,0,১৩০৳,https://www.wafilife.com/prio-nobir-porichoy-ebong-fereshta-kara/pd/27810
অ্যানাৎলি দ্‌নিপ্রভ,Not Listed,দ্য ম্যাক্সওয়েল ইক্যুয়েশনস - লোকার্ডস প্রিন্সিপল,১৮০৳,১২৬৳,https://www.wafilife.com/the-maxwell-equations-locards-principle/pd/42198
অ্যানি জ্যাকবসেন,Not Listed,নিউক্লিয়ার ওয়ার,৫৫০৳,৪১২.৫০৳,https://www.wafilife.com/nuclear-war/pd/76742
অ্যানি জ্যাকবসেন,Not Listed,আধুনিক যুদ্ধকৌশল সিরিজ,"২,৩৩৬৳","১,৭৫২৳",https://www.wafilife.com/adhunik-juddho-koushol-series/pd/76752
অ্যানি জ্যাকবসেন,Not Listed,নিউক্লিয়ার ওয়ার,৬০০৳,৪৫০৳,https://www.wafilife.com/nuclear-war/pd/73725
অ্যানিক কোজেন,Not Listed,গাদ্দাফির সঙ্গে আমার জীবন,৩৮০৳,২৮৫৳,https://www.wafilife.com/gaddafir-songge-amar-jibon/pd/5347
অ্যান্টনি হরোউইটয্,Not Listed,ফরএভার অ্যান্ড আ ডে (জেমস বন্ড ২),৫৮০৳,৪৩৫৳,https://www.wafilife.com/forever-and-a-day/pd/75003
অ্যান্টনি হরোউইটয্,Not Listed,ট্রিগার মরটিস (জেমস বন্ড ১),৫৮০৳,৪৩৫৳,https://www.wafilife.com/trigger-mortis-james-bond-trilogy-1/pd/75004
অ্যান্টনি হরোউইটয্,Not Listed,উইথ আ মাইন্ড টু কিল (জেমস বন্ড ৩),৫৮০৳,৪৩৫৳,https://www.wafilife.com/with-a-mind-to-kill-jamed/pd/75002
অ্যান্টনি হরোউইটয্,Not Listed,জেমস বন্ড ট্রিলজি,"১,৭৪০৳","১,৩০৫৳",https://www.wafilife.com/james-bond-trilogy/pd/75005
অ্যান্টনি হরোউইটয্,Not Listed,ড্রাকুলা ভার্সেস শার্লক হোমস,২২০৳,১৬৩৳,https://www.wafilife.com/dracula-varses-sherlock-holmes/pd/60953
অ্যান্টনি হরোউইটয্,Not Listed,মুনফ্লাওয়ার মার্ডার্স,৮০০৳,৪৮০৳,https://www.wafilife.com/moonflower-murders/pd/40203
অ্যান্টনি হরোউইটয্,Not Listed,দ্য সেন্টেন্স ইয ডেথ,৫০০৳,৩০০৳,https://www.wafilife.com/the-sentence-is-death/pd/40198
অ্যান্টনি হরোউইটয্,Not Listed,মরিয়ার্টি,৪৯০৳,৩৪৩৳,https://www.wafilife.com/moriarty/pd/42123
অ্যান্টনি হরোউইটয্,Not Listed,দ্য ওয়ার্ড ইয মার্ডার,৫০০৳,৩০০৳,https://www.wafilife.com/the-word-is-murder/pd/40191
অ্যান্টনি হরোউইটয্,Not Listed,শার্লক হোমস সিরিজ: দ্য হাউজ অব সিল্ক,৫২০৳,৩৬৪৳,https://www.wafilife.com/sherlock-holmes-series-the-house-of-silk/pd/42115
অ্যান্টনি হরোউইটয্,Not Listed,ম্যাগপাই মার্ডার্স,৭০০৳,৪২০৳,https://www.wafilife.com/magpie-murders/pd/40186
অ্যান্টনি হরোউইটয্,Not Listed,আ লাইন টু কিল,৬০০৳,৩৬০৳,https://www.wafilife.com/a-line-to-kill/pd/40202
অ্যান্টনি হরোউইটয্,Not Listed,দ্য টুইস্ট অভ আ নাইফ,৫০০৳,৩০০৳,https://www.wafilife.com/the-twist-of-a-knife/pd/40222
অ্যান্ডি উইয়ার,Not Listed,প্রজেক্ট হেইল মেরি,৭০০৳,৫৬০৳,https://www.wafilife.com/project-hail-mary/pd/47963
অ্যান্ডি উইয়ার,Not Listed,দ্য মার্শিয়ান,৪৭০৳,৩৫২.৫০৳,https://www.wafilife.com/the-martian/pd/44451
অ্যান্ডি উইয়ার,Not Listed,আর্টেমিস,৪০০৳,৩০০৳,https://www.wafilife.com/artemis/pd/44452
অ্যান্ডি ওয়ারহল,Not Listed,অ্যান্ডি ওয়ারহলের দর্শন এ থেকে বি এবং প্রত্যাবর্তন,৩০০৳,২৪০৳,https://www.wafilife.com/the-philosophy-of-andy-warhol-from-a-to-b-and-back-again/pd/34746
অ্যান্ডি গ্রিনবার্গ,Not Listed,সাইবার ওয়ার,৬৫০৳,৪৮৭.৫০৳,https://www.wafilife.com/cyber-war/pd/76738
অ্যান্ডি গ্রিনবার্গ,Not Listed,আধুনিক যুদ্ধকৌশল সিরিজ,"২,৩৩৬৳","১,৭৫২৳",https://www.wafilife.com/adhunik-juddho-koushol-series/pd/76752
অ্যান্ডি ম্যাকডারমট,Not Listed,দ্য হান্ট ফর আটলান্টিস,৫০০৳,৩০০৳,https://www.wafilife.com/the-hunt-for-atlantis/pd/40207
অ্যান্ডু ডনকিন,Not Listed,দ্য টার্মিনাল ম্যান,৪৫০৳,৩৬০৳,https://www.wafilife.com/the-terminal-man-sir-alfred-mehran/pd/47947
অ্যান্ড্রু জে.শিফ,Not Listed,হাউ অ্যান ইকোনোমি গ্রোস অ্যান্ড হোয়াই ইট ক্র্যাশেস,৪৭০৳,৩৪৮৳,https://www.wafilife.com/how-an-economy-grows-and-why-it-crashes/pd/35820
অ্যান্ড্রু ব্যুরেল,Not Listed,টেক্সাস আউট ল,৬০০৳,৪৫৮৳,https://www.wafilife.com/texas-outlaw/pd/40943
অ্যান্থনি বাকলে,Not Listed,বিশ্বের সেরা রহস্য উপন্যাস : ১৮ দ্য পয়জন চকলেট কেস,২৫০৳,২০৮৳,https://www.wafilife.com/bisser-sera-rohoso-uponas-18-the-poyajon-cholat-case/pd/43261
অ্যান্থনি হোপ,Not Listed,দ্য প্রিজনার অভ জেন্ডা,৩৫০৳,২২৮৳,https://www.wafilife.com/the-prisoner-of-zenda/pd/47368
অ্যান্থনি হোপ,Not Listed,"জেন্ডার বন্দি, ব্ল্যাক হার্ট অ্যান্ড হোয়াইট হার্ট ও এক টুকরো স্বর্গ - তিনটি বই একত্রে",৯০৳,৭৩.৮০৳,https://www.wafilife.com/zenda-bondi-black-heart-and-white-heart-o-aktukro-swargo/pd/48475
অ্যান্থনি হোপ,Not Listed,"রুপার্ট অভ হেনতযাউ, শ্বেতবসনা, নাটক থেকে গল্প",৭২৳,৫৯.০৪৳,https://www.wafilife.com/rupert-of-hentajau-shetbosna-natok-theke-golpo/pd/48129
অ্যান্থনি হোপ,Not Listed,প্রিজনার অভ জেন্ডা,৫০৳,৪০৳,https://www.wafilife.com/prijonar-of-gender/pd/41908
অ্যান্থনী ম্যাসকারেনহাস,Not Listed,বাংলাদেশ অ্যা লিগ্যাসি অব ব্লাড,৪০০৳,৩০০৳,https://www.wafilife.com/bangladesh-a-legacy-of-blood/pd/40988
অ্যান্থনী ম্যাসকারেনহাস,Not Listed,দ্য রেইপ অব বাংলাদেশ,৩০০৳,২২৫৳,https://www.wafilife.com/the-rape-of-bangladesh/pd/40986
অ্যান্থনী ম্যাসকারেনহাস,Not Listed,বাংলাদেশ একটি রক্তাক্ত দলিল,৩৫০৳,২৬৩৳,https://www.wafilife.com/bangladesh-ekti-roktakto-dolil/pd/14494
অ্যান্থনী ম্যাসকারেনহাস,Not Listed,গণহত্যা,১৪০৳,১৩৩৳,https://www.wafilife.com/gonohotya/pd/10735
অ্যামান্ডা থমাস,Not Listed,লাইফ ব্যালেন্স কালেকশন,"১,৬১২৳","১,১২৮৳",https://www.wafilife.com/life-balance-collection/pd/69626
অ্যামান্ডা থমাস,Not Listed,হেলদি কমিউনিকেশন উইথ ইয়োর পার্টনার,২৬০৳,২০৮৳,https://www.wafilife.com/healthy-communication-with-your-partner/pd/66726
অ্যাল রাইজ,Not Listed,১১ সিক্রেট অব ইন্টারনেট ব্র্যান্ডিং,৪০০৳,৩২০৳,https://www.wafilife.com/11-secret-of-internet-branding/pd/30330
অ্যালা রবগ্রীয়ে,Not Listed,নব উপন্যাসের পক্ষে,২০০৳,১৪৬৳,https://www.wafilife.com/nbo-upponaser-pakkhe/pd/44561
অ্যালান ক্যাম্বেল-জনসন,Not Listed,মিশন উইথ মাউন্টব্যাটেন,৫৫০৳,৪১৩৳,https://www.wafilife.com/mission-with-mountbatten/pd/14972
অ্যালান ডিব,Not Listed,দি ওয়ান পেইজ মার্কেটিং প্লান,৪০০৳,৩৩২৳,https://www.wafilife.com/the-one-page-marketing-plan/pd/30936
অ্যালান ডিব,Not Listed,দ্য ওয়ান পেইজ মার্কেটিং প্ল্যান,৭০০৳,৫৮১৳,https://www.wafilife.com/the-one-page-marketing-plan/pd/24262
অ্যালান মার্শাল,Not Listed,"এমা, মান্তা ডায়াবলো ও আমিও পারি",৮২৳,৬৭.২৪৳,https://www.wafilife.com/ema-manta-dayablo-o-amio-pari/pd/48223
অ্যালিস ফিনি,Not Listed,রক পেপার সিজরস,৬০০৳,৩৬০৳,https://www.wafilife.com/rock-paper-scissors/pd/75240
অ্যালিস্টার ম্যাকলিন,Not Listed,সার্কাস,২০০৳,১৬৮৳,https://www.wafilife.com/circus/pd/46014
অ্যালেকজান্ডার গর্ডন স্মিথ,Not Listed,লকডাউন : এস্কেপ ফ্রম দ্য ফার্নেস সিরিজ #১,৩০০৳,২১০৳,https://www.wafilife.com/lockdown-escape-from-the-furnace-series-1/pd/39433
অ্যালেক্স নর্থ,Not Listed,দি অ্যাঞ্জেল মেকার,৫০০৳,৩৭৫৳,https://www.wafilife.com/the-angle-maker/pd/60874
অ্যালেক্স নর্থ,Not Listed,দ্য হুইস্পার ম্যান,৬০০৳,৩৬০৳,https://www.wafilife.com/the-whisper-man/pd/40193
অ্যালেক্স মাইকেলাইডস,Not Listed,দ্য সাইলেন্ট পেশেন্ট,৫৫০৳,৩৮৫৳,https://www.wafilife.com/the-silent-patient/pd/42112
অ্যালেক্স মাইকেলাইডস,Not Listed,অ্যালেক্স মাইকেলাইডস এর থ্রিলার প্যাকেজ,"১,১০০৳",৮২৫৳,https://www.wafilife.com/alex-michaelides-er-thriller-package/pd/42181
অ্যালেক্স মাইকেলাইডস,Not Listed,দ্য মেইডেনস,৫৫০৳,৩৮৫৳,https://www.wafilife.com/the-maidens/pd/42113
অ্যালেক্স রাদারফোর্ড,Not Listed,এম্পায়ার অভ দ্য মোগল ব্রাদার্স অ্যাট ওয়ার,৬০০৳,৪৩২৳,https://www.wafilife.com/empire-of-the-moghul-brother-at-war/pd/67284
অ্যালেক্স লা গুমা,Not Listed,এ ওয়াক ইন দ্য নাইট (ওয়ার্ল্ড ক্লাসিক),২০০৳,১৬৬৳,https://www.wafilife.com/a-walk-in-the-world-classic/pd/43281
অ্যালেক্স হরমোজি,Not Listed,১০০ মিলিয়ন মানি মডেল,৩০০৳,২১০৳,https://www.wafilife.com/100m-money-models/pd/72924
অ্যালেক্স হরমোজি,Not Listed,১০০ মিলিয়ন মানি অফার,৪৫০৳,৩১৫৳,https://www.wafilife.com/100m-money-offer/pd/72923
অ্যালেন কার,Not Listed,ধূমপান ছাড়ার সহজ উপায়,৪০০৳,৩২০৳,https://www.wafilife.com/easy-way-to-stop-smoking/pd/63916
অ্যালেন ক্যাম্বেল জনসন,Not Listed,মিশন উইথ মাউন্টব্যাটেন,৫০০৳,৩৭৫৳,https://www.wafilife.com/mission-with-mountbatten-varot-khondon-porikolpona-eak-chanc/pd/44401
অ্যালেন ক্যাম্বেল জনসন,Not Listed,ভারতে মাউন্টব্যাটেন,৪৫০৳,৩৪৭৳,https://www.wafilife.com/varate-mountbatten/pd/12760
অ্যালেন লেকেইন,Not Listed,আপনার সময় ব্যবস্থাপনা,৪০০৳,৩০০৳,https://www.wafilife.com/apnar-somoy-bebosthapona/pd/7521
অ্যাসিস্ট. প্রফে. কামরুল আহসান,Not Listed,Friends Forms and Functions Of Words (How to Make and Use Words) (Bangla English),২৫০৳,২০৫৳,https://www.wafilife.com/ফ্রেন্ডস-ফর্মস-এন্ড-ফাংশন-অফ-ওয়ার্ড-হাউ-টু-মেক-এন্ড-ইউস-ওয়ার/pd/20539
অৎসুইশি,Not Listed,ব্ল্যাক ফেয়ারি টেইল,৩২০৳,২৩০.৪০৳,https://www.wafilife.com/black-fairy-tale/pd/47082
অৎসুইশি,Not Listed,গথ,৪০০৳,২৮০৳,https://www.wafilife.com/goth/pd/55722
অয়নিকা আলপনা,Not Listed,মাহমুদুল হকের উপন্যাস শিল্পমানস ও মুক্তিযুদ্ধচেতনা,২০০৳,১৫০৳,https://www.wafilife.com/mahmudul-haquer-uponas-shilpimanos-o-muktijuddachtona/pd/52870
আ ন ম আবদুস সোবহান,Not Listed,আল্লাহ্‌র রাসূল এবং শেষ নবী মুহাম্মদ (সা.),৪০০৳,৩২০৳,https://www.wafilife.com/allahor-rasul-abong-sesh-nabi-muhammad-sm/pd/59222
আ ন ম আবদুস সোবহান,Not Listed,আল্লাহ্‌র রাসূল এবং শেষ নবী মুহাম্মদ (সা.),৪০০৳,৩২০৳,https://www.wafilife.com/allahor-rasul-abong-sesh-nabi-muhammad-sm/pd/35385
আ ন ম আবদুস সোবহান,Not Listed,ফরিদপুরের ইতিহাস,৭৫০৳,৬০০৳,https://www.wafilife.com/faridpurer-itihash/pd/59220
আ ন ম আবদুস সোবহান,Not Listed,শতাব্দীর জননেতা মওলানা ভাসানী,৪০০৳,৩২০৳,https://www.wafilife.com/shotabdir-jononeta-maolana-vasani/pd/59217
আ ন ম আবদুস সোবহান,Not Listed,শতাব্দীর জননেতা মওলানা ভাসানী,৪০০৳,৩২০৳,https://www.wafilife.com/shotabdir-jononeta-maolana-vasani/pd/35401
আ ন ম আবদুস সোবহান,Not Listed,ফরিদপুরের ইতিহাস,৭৫০৳,৬০০৳,https://www.wafilife.com/faridpur-er-itihash/pd/9676
আ ন ম আবদুস সোবহান,Not Listed,অম্বিকাচরণ মজুমদার,৭০৳,৫৭.৪০৳,https://www.wafilife.com/ambikacharan-mozumdar/pd/38421
আ ন ম বজলুর রহমান,Not Listed,জাভা প্রোগ্রামিং এক্সারসাইজ,৩৮০৳,৩১৫৳,https://www.wafilife.com/java-programming-exercise/pd/23857
আ ন ম বজলুর রহমান,Not Listed,জাভা প্রোগ্রামিং,৮৫০৳,৭০৬৳,https://www.wafilife.com/java-programming/pd/4452
আ ন ম বজলুর রহমান,Not Listed,অ্যাডভান্সড জাভা প্রোগ্রামিং (পেপারব্যাক),৫০০৳,৪১৫৳,https://www.wafilife.com/e0a685e0a78de0a6afe0a6bee0a6a1e0a6ade0a6bee0a6a8e0a78de0a6b8/pd/4471
আ ন ম বজলুর রহমান,Not Listed,জাভা থ্রেড প্রোগ্রামিং (পেপারব্যাক),৩২০৳,২৬৫.৬০৳,https://www.wafilife.com/java-thread-programming/pd/4474
আ ন ম বজলুর রহমান,Not Listed,জাভা ওয়েব প্রোগ্রামিং,৪৮০৳,৩৯৮.৪০৳,https://www.wafilife.com/java-web-programing/pd/8011
আ ন ম শহীদুল ইসলাম,Not Listed,বেসিক নলেজ অব ইসলাম,৪০০৳,২৪০৳,https://www.wafilife.com/besic-knowledge-of-islam/pd/784
আ ন ম হানিফ,Not Listed,অরণ্যে অভিসার,৩৩৳,২৭.০৬৳,https://www.wafilife.com/aronney-obishar/pd/48103
আ ম ম ফজলুর রাশিদ,Not Listed,দি আর্ট অব ওয়ার,৩৬০৳,২৯৯৳,https://www.wafilife.com/the-art-of-war-by-san-xu/pd/10104
আ স ম শামুন অর রশীদ,Not Listed,প্র্যাকটিস অব হারবাল মেডিসিন,৩২০৳,২২৪৳,https://www.wafilife.com/practice-of-herbal-medicine/pd/5212
আ হ ম মোস্তাফিজুর রশিদ,Not Listed,প্র্যাকটিস অব হারবাল মেডিসিন,৩২০৳,২২৪৳,https://www.wafilife.com/practice-of-herbal-medicine/pd/5212
আ-আল মামুন,Not Listed,সম্মতি উৎপাদন : গণমাধ্যমের রাজনৈতিক অর্থনীতি,৫০০৳,৪৪১৳,https://www.wafilife.com/sommoti-utpadan-ganomaddomer-rajnoitik-orthoniti/pd/35216
আ. আজিজ,Not Listed,পিস্তলেরো,১৮০৳,১৪৪৳,https://www.wafilife.com/pistolero/pd/67755
আ. আজীজ বিন আ. মালেক,Not Listed,হে উম্মাহ ফিরে এসো ইসলামের ছায়াতলে,২০০৳,১৫০৳,https://www.wafilife.com/he-ummah-fire-esho-islam-er-chayatole/pd/58953
আ. কিতাইগারোদস্কি,Not Listed,সকলের জন্য পদার্থবিদ্যা-১,৪৫০৳,৩১৫৳,https://www.wafilife.com/sokoler-jonyo-podarthobidya-1/pd/37092
আ. কিতাইগারোদস্কি,Not Listed,সকলের জন্য পদার্থবিদ্যা-২,৪৫০৳,৩১৫৳,https://www.wafilife.com/sokoler-jonyo-prodarthobidya-2/pd/37151
আ. জা. ম. তকীয়ূল্লাহ,Not Listed,মুক্তির দিশারী মুহম্মদ শহীদুল্লাহ,২৫০৳,২০৮৳,https://www.wafilife.com/muktir-dishari-muhammod-shohidullah/pd/47490
আ. ন. ম. মিজানুর রহমান পাটওয়ারী,Not Listed,বিশ্বের শ্রেষ্ঠ হাসির মেলা,১৫০৳,১২০৳,https://www.wafilife.com/bissar-seresto-hasir-mela/pd/54285
আ. ন. ম. মিজানুর রহমান পাটওয়ারী,Not Listed,বিশ্বের শ্রেষ্ঠ ১০০ মনীষীর জীবনী,৫০০৳,৪০০৳,https://www.wafilife.com/bishwer-shreshto-100-monishir-jiboni/pd/54068
আ. ন. ম. মিজানুর রহমান পাটওয়ারী,Not Listed,সোনামণিদের মিষ্টি ছড়া ১,১০০৳,৮০৳,https://www.wafilife.com/shonamonidayr-mishti-chora-1/pd/54412
আ. ন. ম. মিজানুর রহমান পাটওয়ারী,Not Listed,বিশ্বের সেরা ১০১ বিজ্ঞানীর জীবনী,৪০০৳,৩২০৳,https://www.wafilife.com/bisher-shera-101-bighanier-jinoni/pd/54070
আ. ন. ম. মিজানুর রহমান পাটওয়ারী,Not Listed,বিশ্বের শ্রেষ্ঠ গোয়েন্দা গল্প,১৫০৳,১২০৳,https://www.wafilife.com/bissar-seresto-goyanda-golpo/pd/54286
আ. ন. ম. রশীদ আহমাদ,Not Listed,কুরআন-সুন্নাহ্ দর্পণে আমাদের যা জানা প্রয়োজন,৯০৳,৭২৳,https://www.wafilife.com/quran-sunnah-dorpone-amader-ja-jana-proyojon/pd/37582
আ. ন. ম. রশীদ আহমাদ,Not Listed,কুরআন সুন্নাহ্ দর্পণে রামাদান মাস ক্বদরের রাত জুমুয়াহ বার,৩০০৳,২৪০৳,https://www.wafilife.com/quran-sunnahr-dorpone-romadan-mash-kodrer-raat-jumuaah-bar/pd/25363
আ. ন. ম. রশীদ আহমাদ,Not Listed,কেমন ছিলো রাসূল সাল্লাল্লাহু আলাইহি ওয়াসল্লাম এর হাজ্জ,১৫০৳,১২০৳,https://www.wafilife.com/kemon-silo-rasul-sallallahu-alaihi-wasallamer-hajj/pd/37599
আ. ন. ম. রশীদ আহমাদ,Not Listed,তাওহীদ ও শিরক,৪০০৳,৩২০৳,https://www.wafilife.com/tawhid-o-shirk/pd/23526
আ. ন. ম. রশীদ আহমাদ,Not Listed,কুরআন-সুন্নাহর দর্পণে একজন মুমিনের প্রতিদিনের আমল,১৬০৳,১২৮৳,https://www.wafilife.com/quran-sunnahr-dorpone-ekjon-muminer-protidiner-amol/pd/9519
আ. ন. ম. রশীদ আহমাদ,Not Listed,মসজিদে হারাম ও মসজিদে নববীর জুম‘আর খুতবা,৩৬০৳,২৮৮৳,https://www.wafilife.com/masjide-haram-o-masjide-nobobir-jumaar-khutba/pd/9518
আ. ন. ম. রশীদ আহমাদ,Not Listed,রাহমানের বান্দাদের গুণাবলী,৮০৳,৬৪৳,https://www.wafilife.com/rahmaner-bandader-gunaboli/pd/25365
আ. ন. স. হাবীবুর রহমান,Not Listed,ছেলেমেয়ে দুই-ই সমান,৫০৳,৪২৳,https://www.wafilife.com/chelemeye-dui-i-soman/pd/39810
আ. ফ. ম. সাঈদ,Not Listed,শব্দে মিল অর্থে অমিল,৩৭৫৳,৩১১৳,https://www.wafilife.com/shobde-mil-orthe-omil/pd/10055
আ. শ. ম. বাবর আলী,Not Listed,মজার মজার ছড়া,৮০৳,৬০৳,https://www.wafilife.com/mojar-mojar-chora/pd/37033
আ. শ. ম. বাবর আলী,Not Listed,আল্লাহ্‌ মাবুদ মাহবুবে খোদা,১৫০৳,১১৩৳,https://www.wafilife.com/allah-mabud-mahbub-e-khoda/pd/37002
আ. শ. ম. বাবর আলী,Not Listed,মনীষীরা বলেন,১৫০৳,১১৩৳,https://www.wafilife.com/monishira-bolen/pd/37001
আ. শ. ম. বাবর আলী,Not Listed,মণে পড়ে ( পূর্বখণ্ড),১২০৳,১০১৳,https://www.wafilife.com/mone-pore-purbokhondo/pd/54551
আ. হাকিম,Not Listed,"Gronthokutir Financial Management-BBA(Honors 3rd Year Textbook ( Accounting, Finance and Banking)",৫৯৫৳,৪৮৮৳,https://www.wafilife.com/gronthokutir-financial-management-bba-honors-3rd-year-textbo/pd/31602
আ.ই.ম গোলাম কিবরিয়া,Not Listed,স্মৃতিময় চাটখিল,২০০৳,১৬০৳,https://www.wafilife.com/sritimoy-chatkhil/pd/54375
আ.জ.ম. ওবায়েদুল্লাহ,Not Listed,তরুণ তোমার জন্য,৩০০৳,১৮০৳,https://www.wafilife.com/torun-tomar-jonno/pd/69625
আ.জ.ম. ওবায়েদুল্লাহ,Not Listed,Shape The Life,৭০৳,৫৭.৪০৳,https://www.wafilife.com/শেপ-দ্যা-লাইফ/pd/20013
আ.জ.ম. ওবায়েদুল্লাহ,Not Listed,Growing Children Minds,৬০৳,৪৯৳,https://www.wafilife.com/গ্রয়িং-চিলডেন-মাইন্ডস/pd/20012
আ.জ.ম. ওবায়েদুল্লাহ,Not Listed,Key To Success Manners And Etiquette,৯০৳,৮১৳,https://www.wafilife.com/key-to-success-manners-and-etiquette/pd/20011
আ.জ.ম. ওবায়েদুল্লাহ,Not Listed,সাহসের মন্ত্র (হার্ডকভার),৩০০৳,২১০৳,https://www.wafilife.com/sahoser-golpo/pd/5157
আ.জ.ম. সিকানদার মোমতাজী,Not Listed,চিরভাস্বর বিশ্বনবী হযরত মুহাম্মদ (স.),৪০০৳,৩২০৳,https://www.wafilife.com/cirovashor-bishonobi-hazrat-muhammod-sm/pd/49422
আ.ন.ম. গাউছার রেজা,Not Listed,ব্যবহারিক ভূগোল ১ম ও ২য় পত্র (একাদশ-দ্বাদশ শ্রেণি),0,১০০৳,https://www.wafilife.com/beboharik-vugol-prtothom-o-ditiyo-potro/pd/15976
আ.ন.ম. গাউছার রেজা,Not Listed,ভূগোল ১ম পত্র (একাদশ-দ্বাদশ শ্রেণি),0,২৬০৳,https://www.wafilife.com/vugol-prothom-potro/pd/15808
আ.ন.ম. গাউছার রেজা,Not Listed,ভূগোল ২য় পত্র (একাদশ-দ্বাদশ শ্রেণি),0,২৬০৳,https://www.wafilife.com/vugol-ditiyo-potro/pd/15811
আ.ন.ম. মুনীর আহমদ চৌধুরী,Not Listed,শতবর্ষের প্রেক্ষিতে বাংলাদেশ,৫০৳,৪২৳,https://www.wafilife.com/sotoborsher-prekkhite-bangladesh/pd/49473
আ.ব. মহিউদ্দিন আহমেদ,Not Listed,দু-ফোঁটা অশ্রু,১৫০৳,১২৩৳,https://www.wafilife.com/tu-fota-asru/pd/36379
আ.স.ম আল আমিন,Not Listed,নেতৃত্বের চাবিকাঠি,১২৫৳,৬৯৳,https://www.wafilife.com/netritter-chabikathi/pd/17152
আ: রাজ্জাক (রাজ),Not Listed,আসপেক্ট মেডিকেল ক্যামিস্ট্রি,৭৫০৳,৫৬৩৳,https://www.wafilife.com/aspect-medical-chemistry/pd/63500
আঁখি আক্তার,Not Listed,অতঃপর একটি অকল্পিত সন্ধ্যা,২৫০৳,২১০৳,https://www.wafilife.com/atopor-akti-okolpito-shonda/pd/41012
আঁখি আক্তার,Not Listed,ইন্দুলেখা,২২৫৳,১৬৯৳,https://www.wafilife.com/indulekha/pd/66991
আঁখি সিদ্দিকা,Not Listed,এবং তাহারা,৪৫০৳,৩৬৯৳,https://www.wafilife.com/ebong-tahara/pd/36274
আঁতোয়ান দ্য স্যান্তেক্সুপেরি,Not Listed,রুশদা চিরায়ত কালেকশন,"১,২৪০৳",৯৯২৳,https://www.wafilife.com/rushda-chirayoto-collection/pd/64317
আঁতোয়ান দ্য স্যান্তেক্সুপেরি,Not Listed,ছোট্ট রাজকুমার,১৮০৳,১৪৪৳,https://www.wafilife.com/chutto-rajkumar/pd/19311
আঁদ্রে মালরো,Not Listed,বাংলাদেশে পাকিস্তানের মানবাধিকার লঙ্ঘন - কয়েকটি জবানবন্দি,৩০০৳,২৪৯৳,https://www.wafilife.com/bangladeshe-pakistaner-manobadhikar-longhon-koyekti-jobanbon/pd/50661
আঁদ্রে মালরো,Not Listed,শিল্পের মনস্তত্ত্ব : নৈংশব্দ্যের স্বর-প্রাচীরমুক্ত জাদুঘর,৪২৫৳,৩১১৳,https://www.wafilife.com/shilper-monostotto-noissobder-swar-prachirmukta/pd/44570
আই. এ. ইবরাহীম,Not Listed,ইসলামকে বুঝতে,২৪০৳,১৫৬৳,https://www.wafilife.com/e0a687e0a6b8e0a6b2e0a6bee0a6aee0a695e0a787-e0a6ace0a781e0a69/pd/6828
আই. এ. ইবরাহীম,Not Listed,ইসলামের সচিত্র গাইড,১৪৬৳,১১০৳,https://www.wafilife.com/islamer-sochittro-guide/pd/7422
আই. এ. ইবরাহীম,Not Listed,A Brief Illustrated Guide to Understanding Islam,৫০০৳,৪৭৫৳,https://www.wafilife.com/a-brief-illustrated-guide-to-understanding-islam/pd/3371
আই. মরিস,Not Listed,সাহসী বালক হ্যানস ও অন্যান্য গল্প,১৬০৳,১৩৩৳,https://www.wafilife.com/sahosi-balok-hans-o-onnanno-golpo/pd/35605
আইজাক আসিমভ,Not Listed,কিশোর ক্লাসিক এডভেঞ্চার সাইন্স ফিকশন সম্রাট,৩০০৳,২৩৫৳,https://www.wafilife.com/kishore-classic-adventure-science-fiction-somrat/pd/42958
আইজাক জন আকাণ্ড,Not Listed,প্রতিভাকে অর্থে পরিণত করুন,১২০৳,৯০৳,https://www.wafilife.com/protivake-orthe-porinoto-korun/pd/8972
আইজাক বাশেভিস সিঙ্গার,Not Listed,আমি কেমন করে আমেরিকায় হারিয়ে গিয়েছিলাম,৪৫০৳,৩৬০৳,https://www.wafilife.com/ami-kemon-kore-america-hariye-giyechilam/pd/61171
আইজাক মিনৎস,Not Listed,রুশ বিপ্লবের বিজয়গাথা,২০০৳,১৬৪৳,https://www.wafilife.com/rush-biplaber-bijoygatha/pd/38248
আইজ্যাক অ্যান্ডারসন,Not Listed,মিশরের ইতিহাস,৪৫০৳,৩৩৭৳,https://www.wafilife.com/mishorer-itihas/pd/19706
আইজ্যাক আসিমভ,Not Listed,বিদ্যুৎ,২০০৳,১৭৯৳,https://www.wafilife.com/bidyut/pd/82134
আইজ্যাক আসিমভ,Not Listed,জিন ও ডিএনএ,২৮০৳,২৪১৳,https://www.wafilife.com/gene-o-dna/pd/82146
আইজ্যাক আসিমভ,Not Listed,প্রিলিউড টু ফাউণ্ডেশন,৬৬০৳,৫৮০৳,https://www.wafilife.com/preliud-to-foundation/pd/82142
আইজ্যাক আসিমভ,Not Listed,ফেস্টিভ্যাল,২৫০৳,২১৯৳,https://www.wafilife.com/festival/pd/82135
আইজ্যাক আসিমভ,Not Listed,ফাউন্ডেশন,৫০০৳,৪৫০৳,https://www.wafilife.com/foundation/pd/82136
আইজ্যাক আসিমভ,Not Listed,ফাউণ্ডেশন্স এজ,৪৫৬৳,৪০০৳,https://www.wafilife.com/foundation-age/pd/82137
আইজ্যাক আসিমভ,Not Listed,ফাউণ্ডেশন,৩০০৳,২৭০৳,https://www.wafilife.com/foundation/pd/82138
আইজ্যাক আসিমভ,Not Listed,ফাউণ্ডেশন অ্যাণ্ড আর্থ,৪৯৫৳,৪৩৯৳,https://www.wafilife.com/foundation-and-earth/pd/82140
আইজ্যাক আসিমভ,Not Listed,সেকেণ্ড ফাউণ্ডেশন,৩৮০৳,৩৩৮৳,https://www.wafilife.com/second-foundation/pd/82132
আইজ্যাক আসিমভ,Not Listed,"আমি, আসিমভ",৮৭০৳,৭৫৬৳,https://www.wafilife.com/i-asimov/pd/82147
আইজ্যাক আসিমভ,Not Listed,ফরওয়ার্ড দ্য ফাউণ্ডেশন,৫২৫৳,৪৫০৳,https://www.wafilife.com/forward-the-foundation/pd/82141
আইজ্যাক আসিমভ,Not Listed,দ্য কেভ্‌স অব স্টিল,৩৩০৳,২৮৯৳,https://www.wafilife.com/the-craves-of-steel/pd/82144
আইজ্যাক আসিমভ,Not Listed,ফাউণ্ডেশন অ্যাণ্ড এম্পায়ার,৩৯৯৳,২৯৯৳,https://www.wafilife.com/foundation-and-umpear/pd/82139
আইজ্যাক আসিমভ,Not Listed,দ্য বুক অব ফ্যাক্টস-২,২২০৳,১৯৮৳,https://www.wafilife.com/the-book-of-facts-2/pd/82143
আইজ্যাক আসিমভ,Not Listed,রোমান সাম্রাজ্য,৬০০৳,৫২৯৳,https://www.wafilife.com/the-roman-empire/pd/82133
আইজ্যাক আসিমভ,Not Listed,তারায় তারায় যুদ্ধ,৪০০৳,৩৪০৳,https://www.wafilife.com/taray-taray-juddho/pd/82145
আইজ্যাক আসিমভ,Not Listed,আই রোবট,৩৭৫৳,৩০০৳,https://www.wafilife.com/i-robot/pd/78827
আইজ্যাক আসিমভ,Not Listed,বিগিনিংস,৪৭৫৳,৩৯৪৳,https://www.wafilife.com/biginings/pd/41999
আইজ্যাক আসিমভ,Not Listed,ফ্যান্টাস্টিক ভয়েজ,৭৮০৳,৫৪৬৳,https://www.wafilife.com/fantastic-voyage/pd/39491
আইজ্যাক আসিমভ,Not Listed,রোমান প্রজাতন্ত্র,৬০০৳,৪৯২৳,https://www.wafilife.com/roman-projatontro/pd/30655
আইজ্যাক আসিমভ,Not Listed,যে জীবন সমুদ্রের,১২০৳,৯০৳,https://www.wafilife.com/je-jibon-somudrer/pd/43920
আইজ্যাক আসিমভ,Not Listed,ফ্যান্টাস্টিক ভয়েজ,৩৭৫৳,৩০০৳,https://www.wafilife.com/fantastic-voyage/pd/47914
আইজ্যাক আসিমভ,Not Listed,পরমাণু ও পরমাণু শক্তি,২৭০৳,২৩২৳,https://www.wafilife.com/poromanu-o-poromanu-shakti/pd/22395
আইজ্যাক আসিমভ,Not Listed,দি এন্ড অভ ইটারনিটি,৩৫০৳,২৬২৳,https://www.wafilife.com/the-end-of-eternity/pd/33261
আইজ্যাক আসিমভ,Not Listed,আই রোবট,৩৭৫৳,৩০০৳,https://www.wafilife.com/i-robot/pd/47870
আইজ্যাক আসিমভ,Not Listed,নোরবি : দ্য মিক্সড আপ রোবট,১৮০৳,১৪৪৳,https://www.wafilife.com/norboy-the-mixed-up-robot/pd/51576
আইজ্যাক আসিমভ,Not Listed,নেমেসিস,৪৪০৳,৩০৮৳,https://www.wafilife.com/nemesis/pd/39360
আইজ্যাক আসিমভ,Not Listed,অন্ধকার যুগ,৩৬০৳,২৮৮৳,https://www.wafilife.com/ondhoker-jug/pd/34700
আইজ্যাক আসিমভ,Not Listed,মিশরের ইতিহাস,৩৬০৳,২৮৮৳,https://www.wafilife.com/the-egyptians-mishorer-itihas/pd/34690
আইজ্যাক আসিমভ,Not Listed,সায়েন্স ফিকশন গল্প-৬,২০০৳,১৬০৳,https://www.wafilife.com/science-fiction-golpo-6/pd/51717
আইজ্যাক আসিমভ,Not Listed,ফ্যান্টসি গল্প,২১০৳,১৬৮৳,https://www.wafilife.com/fantase-golpo/pd/51597
আইজ্যাক আসিমভ,Not Listed,সায়েন্স ফিকশন গল্প-৭,১৫০৳,১২০৳,https://www.wafilife.com/science-fiction-golpo-7/pd/51718
আইজ্যাক আসিমভ,Not Listed,সায়েন্স ফিকশন গল্প-২,২৪০৳,১৯২৳,https://www.wafilife.com/science-fiction-golpo-2/pd/51716
আইজ্যাক আসিমভ,Not Listed,রোমান প্রজাতন্ত্র,৩৬০৳,২৮৮৳,https://www.wafilife.com/roman-projatontro/pd/34730
আইজ্যাক আসিমভ,Not Listed,"আই, রোবট",২৫০৳,২০৮৳,https://www.wafilife.com/i-robot/pd/42100
আইজ্যাক আসিমভ,Not Listed,সায়েন্স ফিকশন গল্প - ১,২৬০৳,২০৮৳,https://www.wafilife.com/science-fiction-golpo-1/pd/51715
আইজ্যাক আসিমভ,Not Listed,পরমাণুর গহীন নিসর্গে,৫০০৳,৪৩০৳,https://www.wafilife.com/porpmanur-gohin-nisorge/pd/9172
আইজ্যাক ফক্স,Not Listed,নাইন ডেইলি হ্যাবিটস অব ওয়ারেন বাফেট,১৩০৳,১০৪৳,https://www.wafilife.com/nine-daily-habits-of-waren-buffet/pd/9744
আইডান ফস্টার-কার্টান,Not Listed,উন্নয়নের সমাজতত্ত্ব,১০০৳,৮০৳,https://www.wafilife.com/unnoyoner-somajtottwo/pd/13479
আইদারুস ইবনে আবদুল্লাহ আল-আইদারুস,Not Listed,কারেন্সি ওয়ার,৮৭৳,৬৫৳,https://www.wafilife.com/currency-war/pd/69375
আইনন নাহার মিজান,Not Listed,In Quest of Empowerment the garmeen Bank Impact on Women's Power and Status,২০০৳,১৬৪৳,https://www.wafilife.com/in-quest-of-empowerment-the-garmeen-bank-impact-on-women-s-p/pd/35004
আইনন নাহার মিজান,Not Listed,In Quest of Empowerment the grameen Bank Impact on Women's Power and Status,২০০৳,১৬৪৳,https://www.wafilife.com/ইন-কোয়েস্ট-অব-ইম্পাওয়ারমেন্ট-দ্য-গ্রামীণ-ব্যাংক-ইম্প্যাক্ট-অ/pd/22333
আইনুদ্দীন আল আজাদ,Not Listed,ইসলামী সংগীত,0,১০০৳,https://www.wafilife.com/islami-sangeet/pd/74015
আইনুন নাহার,Not Listed,বিনিয়োগ বিশ্লেষণ ও পোর্টফোলিও ব্যবস্থাপনা (বিবিএ অনার্স ৪র্থ বর্ষ )(হিসাববিজ্ঞান বিভাগ ) কোড : ২৪২৫১৫,৪২৯৳,৩৮৯৳,https://www.wafilife.com/investment-analysis-and-portfolio-management-bba-honars-4th/pd/79409
আইনুন নাহার,Not Listed,অর্থায়ন নীতিমালা বি.বি.এ (অনার্স) ১ম বর্ষ - ফিনান্স এবং ব্যাংকিং বিভাগ,৬০০৳,৫১৯৳,https://www.wafilife.com/orthayner-nitimala-bba-honours-1st-year-principles-of-financ/pd/79401
আইনুন নাহার,Not Listed,এক দ্রাবিড় কন্যার গল্প,৫০৳,৪২৳,https://www.wafilife.com/ek-drabir-konnar-golpo/pd/39797
আইনুন নিশাত,Not Listed,Community Partnership For Sustainable Water Management: Experience of the BWDB Systems Rehabitation Project: Engineering Evaluation (volume 3),২৮০৳,২২৯.৬০৳,https://www.wafilife.com/community-partnership-for-sustainable-water-management-exper/pd/35029
আইনুন নিশাত,Not Listed,Community Partnership For Sustainable Water Management (volume 3),২৮০৳,২২৯.৬০৳,https://www.wafilife.com/কমিউনিটি-পার্টনারশিপ-ফর-সাস্টেইনেবল-ওয়াটার-ম্যানেজমেন্ট-এক্স/pd/22352
আইনুল হক কাসিমী,Not Listed,সোনালি দিনের ইতিহাস প্যাকেজ,৫৮০৳,৪৩৫৳,https://www.wafilife.com/shonali-diner-itihash-package/pd/71361
আইনুল হক কাসিমী,Not Listed,যে দুআয় আরশ কাঁপে,২৮০৳,২১০৳,https://www.wafilife.com/ja-doway-aros-kape/pd/69483
আইনুল হক কাসিমী,Not Listed,রাইয়ান প্রকাশনের নতুন প্রকাশিত বইসমূহ,৯৩৫৳,৭০১৳,https://www.wafilife.com/raiyan-prokashon-er-21-se-boimelay-prokashito-notun-boisomuh/pd/62898
আইনুল হক কাসিমী,Not Listed,গাইরত (পুরুষের হারানো আত্মমর্যাদাবোধ),২৪০৳,১৮০৳,https://www.wafilife.com/gairot/pd/62688
আইনুল হক কাসিমী,Not Listed,নবি-রাসুলগণের হিজরতের ইতিহাস,৩০০৳,১৯৫৳,https://www.wafilife.com/nobi-rasul-goner-hijroter-itihash/pd/59761
আইনুল হক কাসিমী,Not Listed,সোনালি দিনের গল্প,৩০০৳,২২৫৳,https://www.wafilife.com/sonali-diner-golpo/pd/57973
আইনুল হক কাসিমী,Not Listed,কারাবন্দি আলেম: নববি যুগ থেকে নিকট অতীত,৫৯০৳,৪৪২.৫০৳,https://www.wafilife.com/karabondi-alem/pd/27678
আইনুল হক কাসিমী,Not Listed,সালাফদের হৃদয়ে রাসুলপ্রেম,২২০৳,১৩২৳,https://www.wafilife.com/salafder-hridoye-rasulprem/pd/22558
আইনুল হক কাসিমী,Not Listed,রাসুলের বাগিচায় ফুটন্ত ফুল,২৭৫৳,২০৬৳,https://www.wafilife.com/rasuler-bagilchay-futonto-ful/pd/22312
আইনুল হক কাসিমী,Not Listed,মহামারি ও ভাইরাস,২১৫৳,১৫০.৫০৳,https://www.wafilife.com/mohamari-o-virus/pd/8171
আইনুল হক কাসিমী,Not Listed,আরতুগরুল গাজি,২১৬৳,১৬২৳,https://www.wafilife.com/artugrul-gazi/pd/5522
আইনুল হক কাসিমী,Not Listed,উসমানি খেলাফতের স্বর্ণকণিকা,২৮০৳,২১০৳,https://www.wafilife.com/usmani-khelafoter-shornokonika/pd/3511
আইনুল হক কাসিমী,Not Listed,আঁধারে আলোর জোছনা,২৫০৳,১২৫৳,https://www.wafilife.com/adhare-alor-jochna/pd/4549
আইনুল হক কাসিমী,Not Listed,শাতিমে রাসুলদের ভয়ংকর পরিণতি,২৬০৳,১৩০৳,https://www.wafilife.com/shatime-rasulder-voyongkor-porinoti/pd/4000
আইনুল হক কাসিমী,Not Listed,আয়া সোফিয়া আতার্তুক থেকে এরদোগান,৩৫০৳,১৭৫৳,https://www.wafilife.com/aya-sophia-ataturko-theke-erdogan/pd/7194
আইনুল হক কাসিমী,Not Listed,নব্যক্রুসেডের পদধ্বনি,৪৮০৳,২৪০৳,https://www.wafilife.com/nobbo-crusader-pododdhoni/pd/4485
আইভান মেলভিন রজার্স,Not Listed,শিশু সৈনিকের আত্নকথা - ‘দ্য চাইল্ড সোলজার’,২৫০৳,২০৮৳,https://www.wafilife.com/shishu-soiniker-attokotha/pd/10148
আইভি রহমান,Not Listed,Heart on Fire,৪০০৳,৩০০৳,https://www.wafilife.com/heart-on-fire/pd/44497
আইভী মামুন,Not Listed,চাঁদের চন্দ্রবিন্দু নেই,২৫০৳,২০৬৳,https://www.wafilife.com/chader-chondro-bindu-naye/pd/76404
আইরা লেভিন,Not Listed,আ কিস বিফোর ডায়িং,২৫০৳,১৯৬৳,https://www.wafilife.com/a-kiss-before-dying/pd/40430
আইরীন আহমেদ,Not Listed,বাংলাদেশের সাংস্কৃতিক ঐতিহ্য,৩৫০৳,২৯১৳,https://www.wafilife.com/bangladesher-sangskriti-oitijjo/pd/20048
আইরীন নিয়াজী মান্না,Not Listed,চীনের লোককহিনি,১২০৳,১০৩৳,https://www.wafilife.com/chiner-lokokahini/pd/60824
আইরীন নিয়াজী মান্না,Not Listed,হো চি মিন,১৪০৳,১১৬৳,https://www.wafilife.com/ho-ci-min/pd/10063
আইশা গুভারনর,Not Listed,আল-আমীন,৩০০৳,২২৫৳,https://www.wafilife.com/al-ameen/pd/74551
আইশে চাম,Not Listed,জার্নি টু ফিলিস্তিন,৩৯০৳,৩৩৫৳,https://www.wafilife.com/journey-to-palestinian/pd/74729
আইশে চাম,Not Listed,Journey to Palestine,৬৯০৳,৫৮৫৳,https://www.wafilife.com/journey-to-palestine/pd/74717
আইয়ুব স্যার,Not Listed,স্বপ্ন থেকে সফলতা,২৪০৳,১৬৮৳,https://www.wafilife.com/shwopno-theke-safalta/pd/67622
আইয়ুব হোসেন,Not Listed,বাউরি বাতাস অচিন গ্রাম,৬০৳,৫২৳,https://www.wafilife.com/bauri-batas-ochin-gram/pd/34895
আইয়ুব হোসেন,Not Listed,একশ পঞ্চাশ,৪৮০৳,৪৬১৳,https://www.wafilife.com/eksho-panchash/pd/38996
আইয়ুব হোসেন,Not Listed,মুক্তিযুদ্ধ বনাম সাম্প্রদায়িক রাজনীতি,১৮০৳,১৫৫৳,https://www.wafilife.com/muktijuddo-bonum-samprodaik-rajniti/pd/34898
আইয়ুব হোসেন,Not Listed,সাদামনের মানুষেরা,১৮০৳,১২৯.৬০৳,https://www.wafilife.com/sadamoner-manushera/pd/47032
আইয়ুব হোসেন,Not Listed,বাংলাদেশে কুসংস্কার,১২৫৳,৯৪৳,https://www.wafilife.com/bangladesher-kusamskar/pd/40119
আইয়ুব হোসেন,Not Listed,বাংলাদেশে কুসংস্কার,১২৫৳,৯৪৳,https://www.wafilife.com/bangladeshe-kusongskar/pd/40026
আইয়ুব হোসেন,Not Listed,কুসংস্কার সমাজে ও মননে,১৫০৳,১২৩৳,https://www.wafilife.com/kusongkar-somaje-o-monone/pd/38388
আইয়ুব হোসেন,Not Listed,বিজ্ঞান চেতনার পথিকৃত,২০০৳,১৬৬৳,https://www.wafilife.com/biggan-cetonar-pothikrrito/pd/17676
আইয়ুব হোসেন,Not Listed,মুক্তিযুদ্ধে নৃতাত্ত্বিক জনগোষ্ঠী,৫৫০৳,৪০১.৫০৳,https://www.wafilife.com/muktijuddher-nitatrik-jongushthi/pd/45028
আইয়ুব হোসেন,Not Listed,ঔষধি-বনৌষধি-মহৌষধি,১৫০৳,১২৯৳,https://www.wafilife.com/oushodhe-bonoushode-mohoushode/pd/34909
আইয়ুব হোসেন,Not Listed,মুক্তিযুদ্ধে আদিবাসী,৩৬০৳,২৮৮৳,https://www.wafilife.com/muktijuddhe-adibasi/pd/51660
আইয়ুব হোসেন,Not Listed,বাউরি বাতাস অচিন গ্রাম,৬০৳,৪৮৳,https://www.wafilife.com/bauri-batash-ochin-gram/pd/11514
আইয়ুব হোসেন,Not Listed,ঔষধি বনৌষধি মহৌষধি,১৫০৳,১২০৳,https://www.wafilife.com/oushodhi-bonoushodhi-mohoushodhi/pd/11529
আউয়াল যাযাবর,Not Listed,দুষ্ট জাদুকর ও সুলতান,১২০৳,১০০৳,https://www.wafilife.com/dushto-jadukor-o-sultan/pd/57380
আউয়াল যাযাবর,Not Listed,খাঁচায় বন্দি ভাষা,২৮০৳,২৩৮৳,https://www.wafilife.com/khachay-bondi-vasha/pd/57152
আউয়াল যাযাবর,Not Listed,বিত্ত বিহনে,৩০০৳,২৫৫৳,https://www.wafilife.com/bityo-bihone/pd/57134
আউলিয়া পারভীন,Not Listed,মৃত্তিকার স্কুল,১৫০৳,১২৫৳,https://www.wafilife.com/mrittikar-skul/pd/35593
আউয়াল খন্দকার,Not Listed,ঈশ্বরের জন্য একসমুদ্র রক্ত,২০০৳,১৬৬৳,https://www.wafilife.com/ishwarer-jonno-aksomudro-rokto/pd/40902
আওলাদ হোসেন খান,Not Listed,ইসলামের ইতিহাস ও সংস্কৃতি- ১ম পত্র (একাদশ ও দ্বাদশ শ্রেণি),0,২১৫৳,https://www.wafilife.com/islamic-history-and-culture-1st-paper-class-xi-xii/pd/39632
আওলাদ হোসেন খান,Not Listed,ইসলামের ইতিহাস ও সংস্কৃতি- ২য় পত্র (একাদশ ও দ্বাদশ শ্রেণি),0,২২৫৳,https://www.wafilife.com/islamic-history-and-culture-2nd-paper-class-xi-xii/pd/39631
আওলাদ হোসেন খান,Not Listed,বাঙালি মুসলমানের বংশ পরিচয়,২০০৳,১৬৬৳,https://www.wafilife.com/bangli-muslmaner-bonsho-porucoy/pd/17683
আওলিয়া খানম টুলটুল,Not Listed,করোনা কালের গল্প,২০০৳,১৭২৳,https://www.wafilife.com/corona-kaler-golpo/pd/77990
আওয়াইস ইকবাল,Not Listed,DOES GOD EXIST? আল্লাহ কি সত্যিই আছেন?,৪০০৳,২৪০৳,https://www.wafilife.com/allah-ki-sottyi-achen/pd/78171
আককাস খান,Not Listed,ফোম বই : শাক-সবজি,২৮০৳,২১০৳,https://www.wafilife.com/foam-books-vegetables/pd/30620
আককাস খান,Not Listed,ফোম বই : ফল,২৮০৳,২১০৳,https://www.wafilife.com/foam-books-fruits/pd/30619
আককাস খান,Not Listed,ওয়াপ অ্যাকটিভিটি বুক,৮৫০৳,৬৬৬৳,https://www.wafilife.com/wipe-activity-book/pd/30618
আককাস খান,Not Listed,Foam Book : Kids Alphabet,২৮০৳,২১০৳,https://www.wafilife.com/foam-book-kids-alphabet/pd/30622
আককাস খান,Not Listed,Foam Books : Animals,২৮০৳,২১০৳,https://www.wafilife.com/foam-books-animals/pd/30621
আককাস খান,Not Listed,সোনামণিদের পড়া বর্ণমালা,১২০৳,৯০৳,https://www.wafilife.com/sonamonider-pora-bornomala/pd/7441
আককাস খান,Not Listed,Children Learn Number Fun,১২০৳,৯০৳,https://www.wafilife.com/children-learn-number-fun/pd/7447
আককাস খান,Not Listed,সোনামণিদের বর্ণমালা শেখার ৬টি বইয়ের গিফট বক্স,৭২০৳,৫৪০৳,https://www.wafilife.com/sonamonider-bornomala-shekhar-6ti-boier-gift-box/pd/12049
আককাস খান,Not Listed,শিশুর প্রথম অংক শেখা,১২০৳,৯০৳,https://www.wafilife.com/shishur-prothom-ongko-sekha/pd/7446
আককাস খান,Not Listed,চিলড্রেন বুক - বার্ডস,১২০৳,৯০৳,https://www.wafilife.com/children-book-birds/pd/7443
আকছাদুর রহমান,Not Listed,ডেটা সায়েন্স ও মেশিন লার্নিং এর আদ্যোপান্ত,৭৫০৳,৬৩০৳,https://www.wafilife.com/data-science-o-machine-learning-er-addopanto/pd/77439
আকছাদুর রহমান,Not Listed,ডেটা অ্যানালাইসিস ও ভিজ্যুয়ালাইজেশনে পাইথনের ব‍্যবহার,৫৮০৳,৪৮৭৳,https://www.wafilife.com/data-analysis-and-visualization-pythoner-babohar/pd/30249
আকছাদুর রহমান,Not Listed,সবার জন্য পাইথন,৪১৫৳,৩৪৯৳,https://www.wafilife.com/sobar-jonno-python/pd/27542
আকছাদুর রহমান,Not Listed,তুনির জাদুলতা ও একজন কাঠুরে,৮০৳,৬৯৳,https://www.wafilife.com/tunir-jadulota-o-ekjon-kathure/pd/53948
আকছাদুর রহমান,Not Listed,ম্যাজিশিয়ান ইঁদুর ও দুষ্টু বাঘ,৮০৳,৬০৳,https://www.wafilife.com/magician-idur-o-dushtu-bagh/pd/53947
আকছাদুর রহমান,Not Listed,পঙ্খীরাজের পিঠে চড়ে,৭০৳,৬০৳,https://www.wafilife.com/ponkhirajer-pithe-chore/pd/53925
আকছাদুর রহমান,Not Listed,খেঁকশিয়ালের বিয়ে,৮০৳,৬৯৳,https://www.wafilife.com/kheksialer-biye/pd/53909
আকতার,Not Listed,সাংগঠনিক আচরণ (অনার্স ৪র্থ বর্ষ টেক্সট বই) (ব্যবস্থাপনা বিভাগ),২৮০৳,২৩০৳,https://www.wafilife.com/organizational-behavior-honors-4th-year-text-book-department/pd/31667
আকতার জাহান লিপি,Not Listed,নানা নাতির কলা খাওয়া,৫০৳,৪৩৳,https://www.wafilife.com/nana-natir-kola-khawa/pd/53963
আকতার হোসেন,Not Listed,আন্তর্জাতিক বাণিজ্য (অনার্স ৪র্থ বর্ষ টেক্সট বই) (ব্যবস্থাপনা বিভাগ),৩৩০৳,২৭১৳,https://www.wafilife.com/international-trade-honors-4th-year-text-book-department-of/pd/31134
আকন মোশাররফ হোসেন,Not Listed,ইতিহাস ঐতিহ্য অমরত্বের কালকিনি,৫০০৳,৪১৫৳,https://www.wafilife.com/itihas-oitizzo-omorottar-kalkini/pd/32617
আকবর আলি খান,Not Listed,"দারিদ্র্যের অর্থনীতি : অতীত, বর্তমান ও ভবিষ্যৎ",৮৫০৳,৬৮০৳,https://www.wafilife.com/economy-of-poverty-past-present-and-future/pd/79438
আকবর আলি খান,Not Listed,"Friendly Fires, Humpty Dumpty Disorder, and Other Essays",৫৯০৳,৪৭২৳,https://www.wafilife.com/friendly-fires-humpty-dumpty-disorder-and-other-essays/pd/79437
আকবর আলি খান,Not Listed,পুরানো সেই দিনের কথা,৭৫০৳,৬০০৳,https://www.wafilife.com/purano-sei-diner-kotha/pd/79432
আকবর আলি খান,Not Listed,মুজিবনগর সরকার ও বর্তমান বাংলাদেশ,৫২০৳,৪১৬৳,https://www.wafilife.com/mujibnagar-sarkar-o-bortoman-bangladesh/pd/79434
আকবর আলি খান,Not Listed,দুর্ভাবনা ও ভাবনা রবীন্দ্রনাথকে নিয়ে,৭০০৳,৫৬০৳,https://www.wafilife.com/durvabona-o-vabona-robindronathke-niye/pd/79435
আকবর আলি খান,Not Listed,বাংলাদেশের সত্তার অন্বেষা,২০০৳,১৭৫৳,https://www.wafilife.com/bangldesher-sottar-onwesha/pd/79428
আকবর আলি খান,Not Listed,আজব ও জবর-আজব অর্থনীতি,৬০০৳,৪৮০৳,https://www.wafilife.com/ajob-o-jobor-ajob-arthoniti/pd/73973
আকবর আলি খান,Not Listed,"অন্ধকারের উৎস হতে : সাহিত্য, সমাজ, পরিবেশ ও অর্থনীতি সম্পর্কে আলোর সন্ধান",৭৯৫৳,৬৭৬৳,https://www.wafilife.com/andhokarer-ussho-hate-shahitto-somaj-poribes-o-orthoniti-som/pd/36162
আকবর আলি খান,Not Listed,বাংলাদেশে বাজেট অর্থনীতি ও রাজনীতি,৫২০৳,৪১৬৳,https://www.wafilife.com/bangladeshe-budget-orthoniti-o-rajniti/pd/33650
আকবর আলি খান,Not Listed,চাবিকাঠির খোঁজে,৫৩০৳,৪২৪৳,https://www.wafilife.com/cabikathir-khoje/pd/33759
আকবর আলি খান,Not Listed,Discovery of Bangladesh,৩৮০৳,৩১১.৬০৳,https://www.wafilife.com/ডিসকোভার-অফ-বাংলাদেশ/pd/20250
আকবর আলি খান,Not Listed,Gresham's Law Syndrome And Beyond,৭০০৳,৫৭৪৳,https://www.wafilife.com/গ্রেশামস-ল-সেন্ডোম-এ্যান্ড-বিয়ন্ড/pd/20349
আকবর আলি খান,Not Listed,পরার্থপরতার অর্থনীতি,৪০০৳,৩২৮৳,https://www.wafilife.com/porarrthporotar-orrthoniti/pd/20248
আকবর আলি খান,Not Listed,বাংলায় ইসলাম প্রচারে সাফল্য: একটি ঐতিহাসিক বিশ্লেষণ,৩২৫৳,২৬০৳,https://www.wafilife.com/banglay-islam-prosare-shafollo/pd/12949
আকবর আলি খান,Not Listed,অবাক বাংলাদেশ : বিচিত্র ছলনাজালে রাজনীতি,৭৫০৳,৬০০৳,https://www.wafilife.com/obak-bangladesh-bicchitro-cholonajale-rajneeti/pd/12820
আকবর উদ্দীন,Not Listed,মহানবি মুহাম্মদ (স.) : অনুপম জীবনাদর্শ,৪৫০৳,৩৬০৳,https://www.wafilife.com/mohanabi-muhammad-sm-anupam-jibanadarsha/pd/26938
আকবর উদ্দীন,Not Listed,বাংলার ইতিহাস,৩৫০৳,২৮০৳,https://www.wafilife.com/banglar-etihas/pd/47706
আকবর এস আহমেদ,Not Listed,Toward Islamic Anthropology,৫১০৳,২৫৫৳,https://www.wafilife.com/toward-islamic-anthropology/pd/29955
আকবর চৌধুরী,Not Listed,সেঁউতি,১০০৳,৬০৳,https://www.wafilife.com/seuti/pd/62919
আকবর চৌধুরী,Not Listed,কাপলেট,২০০৳,১৪০৳,https://www.wafilife.com/couplet/pd/61142
আকবর চৌধুরী,Not Listed,প্রমিত বানানের সহজপাঠ,৩০০৳,২৫৫৳,https://www.wafilife.com/promito-bananer-sohojpath/pd/23919
আকবর শাখ নজিবাবাদি,Not Listed,The History of Islam (3 Vol. Set),"৬,৪০০৳","৬,০৮০৳",https://www.wafilife.com/the-history-of-islam-3-vol-set/pd/3413
আকবার শাহ খান নজিবাবাদী,Not Listed,ইসলামের ইতিহাস – ২,৫৮০৳,৫২২৳,https://www.wafilife.com/islamer-itihas-2/pd/68383
আকবার শাহ খান নজিবাবাদী,Not Listed,ইসলামের ইতিহাস – ৩,৬০০৳,৫৪০৳,https://www.wafilife.com/islamer-itihas-3/pd/68384
আকবার শাহ খান নজিবাবাদী,Not Listed,ইসলামের ইতিহাস - ১,৫৫০৳,৪৯৫৳,https://www.wafilife.com/islamer-itihas-1/pd/68382
আকবার শাহ খান নজিবাবাদী,Not Listed,মুসলিম উম্মাহর অধঃপতন,0,২৬০৳,https://www.wafilife.com/muslim-ummahr-adhopoton/pd/59138
আকবার শাহ খান নজিবাবাদী,Not Listed,তারিখে ইসলাম-২,৪৮০৳,৪০৩৳,https://www.wafilife.com/tarikhe-islam-2/pd/47357
আকবার শাহ খান নজিবাবাদী,Not Listed,তারিখে ইসলাম-১,৪৫০৳,৩৭৮৳,https://www.wafilife.com/tarikhe-islam-1/pd/47353
আকম আখতারুজ্জামান খান (অব.),Not Listed,মা মাটি মুক্তিযুদ্ধ,২৫০৳,১৮২.৫০৳,https://www.wafilife.com/ma-mati-moktijoddo/pd/28169
আকম আখতারুজ্জামান খান (অব.),Not Listed,একজন মহিয়সী মা,৩৫০৳,২৫৫.৫০৳,https://www.wafilife.com/ak-jon-mohiose-ma/pd/28170
আকম আখতারুজ্জামান খান (অব.),Not Listed,প্রেসিডেন্ট জিয়াউর রহমান হত্যাকাণ্ড,৩২০৳,২৩৩.৬০৳,https://www.wafilife.com/president-ziaur-rahman-hatyakando/pd/28172
আকম আখতারুজ্জামান খান (অব.),Not Listed,একাত্তরের গেরিলা,৯৭৫৳,৬৮২.৫০৳,https://www.wafilife.com/ekattorer-gerila/pd/28174
আকমল হোসেন,Not Listed,রোহিঙ্গা সমস্যা ও অন্যান্য প্রসঙ্গ,২৭০৳,২২৭৳,https://www.wafilife.com/rohinga-somossa-o-onnanno-prosongo/pd/44777
আকরাম জিয়া উমরি,Not Listed,নববি যুগে মদিনার সমাজব্যবস্থা,৪৭০৳,৩৫২.৫০৳,https://www.wafilife.com/nobobi-juge-modinar-shomaj-bebostha/pd/58546
আকরাম ভূইয়া বালুসাইরী,Not Listed,হাদীসের গল্প,১৬০৳,১০৪৳,https://www.wafilife.com/hadiser-golpo/pd/59475
আকরাম ভূইয়া বালুসাইরী,Not Listed,হে মুসলিম! দাড়ি রাখতে বাধা কিসের,১৩০৳,৬৫৳,https://www.wafilife.com/he-muslim-dari-rakhte-badha-kisher/pd/48010
আকরাম হোসাইন,Not Listed,সন্তান স্বপ্ন দিয়ে বোনা,১৮৫৳,১৩৮৳,https://www.wafilife.com/shontan-shopno-diye-bona/pd/4012
আকরাম হোসাইন,Not Listed,চরমপন্থা সাম্প্রদায়িকতা সন্ত্রাসবাদ জাতীয়তাবাদ ও ইসলাম,১২০৳,৬৬৳,https://www.wafilife.com/e0a69ae0a6b0e0a6aee0a6aae0a6a8e0a78de0a6a5e0a6be-e0a6b8e0a6b/pd/6947
আকরাম হোসাইন,Not Listed,বিয়ে স্বপ্ন ও বাস্তবতা,২০০৳,১২০৳,https://www.wafilife.com/biye-shopno-o-bastobota/pd/4547
আকলিমা,Not Listed,ইসলাম শিক্ষা ১ম পত্র (একাদশ ও দ্বাদশ শ্রেণি জন্য),0,১৫৬৳,https://www.wafilife.com/islamic-study-1st-paper-for-class-11-and-12/pd/21298
আকলিমা আঁখি,Not Listed,হৃদয় ছোঁয়া অনুভূতি,২৫০৳,১৭৯৳,https://www.wafilife.com/hridoy-chowa-onuvuti/pd/72466
আকাশ ইকবাল,Not Listed,কিংবদন্তি মৌলানা মনিরুজ্জামান ইসলামাবাদী,৬০০৳,৫১০৳,https://www.wafilife.com/kingbodonti-moulana-monirujjam-islamabadi/pd/25124
আকাশ ইসলাম,Not Listed,মানুষ নানা মত নানা পথ,১৮০৳,১৬১৳,https://www.wafilife.com/manush-nana-mot-nana-poth/pd/38992
আকিকুল ইসলাম,Not Listed,মুসলিম প্রশােসনের ইতিহাস (৫৭০-১২৫৮) অনার্স ৩য় বর্ষ ইসলামের ইতিহাস ও সংস্কৃতি,৩৩০৳,২৭১৳,https://www.wafilife.com/history-of-muslim-administration-570-1258-honors-3rd-year-hi/pd/31350
আকিদুল ইসলাম,Not Listed,আমি এখন কোথাও নেই,২৭০৳,২২৪৳,https://www.wafilife.com/ami-akhon-kothao-nei/pd/50550
আকিদুল ইসলাম,Not Listed,যেখানেই পা রাখি বধ্যভূমি,১০০৳,৮৩৳,https://www.wafilife.com/jekhanei-pa-rakhi-boddhovumi/pd/50132
আকিদুল ইসলাম,Not Listed,বঙ্গভবনে কয়েক সন্ধ্যা,১৫০৳,১২৫৳,https://www.wafilife.com/bangabhabany-koyed-shondha/pd/50711
আকিমিতসু তাকাজি,Not Listed,দ্য নোহ মাস্ক মার্ডার,0,৪৫০৳,https://www.wafilife.com/the-noah-mask-murder/pd/72296
আকিমিতসু তাকাজি,Not Listed,দ্য ট্যাটু মার্ডার কেস,৬০০৳,৩৯০৳,https://www.wafilife.com/the-tatto-murder-case/pd/47371
আকিমুন রহমান,Not Listed,নিরন্তর পুরুষ ভাবনা,৪০০৳,৩৪৪৳,https://www.wafilife.com/nironton-purush-vabna/pd/76367
আকিমুন রহমান,Not Listed,রৌদ্রে কুসুমে বিরিক্ষিপত্রে যেটুকু ব্যথা খচিত হয়ে আছে,২৪০৳,১৯২৳,https://www.wafilife.com/roudre-kushume-birikkhipotre-jetuku-byatha-khochito-hoye-ach/pd/75756
আকিমুন রহমান,Not Listed,পুরুষের পৃথিবীতে এক মেয়ে,৩৮০৳,৩০৪৳,https://www.wafilife.com/purusher-prithibite-ekti-meye/pd/69492
আকিমুন রহমান,Not Listed,বাংলা উপন্যাসের নায়কেরা,৪০০৳,৩২৮৳,https://www.wafilife.com/bangla-upanyaser-nayakera/pd/61539
আকিমুন রহমান,Not Listed,পুরানা আমলের এইসব ভেদের কোনো মীমাংসা আসে নাই,৩২০৳,২৫৬৳,https://www.wafilife.com/purana-amoler-eshob-veder-kono-mimangsha-ashe-nai/pd/61159
আকিল চৌধুরী,Not Listed,সবুজে সংগ্রামে সুন্দরবন,১০০৳,৮০৳,https://www.wafilife.com/sobuje-songrame-sundarban/pd/11098
আকুতাগাওয়া রিউনোসুকে,Not Listed,রাশোমন ও অন্যান্য গল্প,১৮০৳,১২৬৳,https://www.wafilife.com/rashomon-o-onnano-golpo/pd/63221
আক্কাস খান,Not Listed,বাচ্চাদের ফ্লাশকার্ড (পরিবেশ পরিচিতি সিরিজ),"১,৫০০৳","১,১২৩৳",https://www.wafilife.com/kids-flashcard-poribesh-porichiti/pd/57634
আক্কাস খান,Not Listed,বাচ্চাদের ফ্লাশকার্ড (অ্যাক্টিভিটি সিরিজ),"১,৪৯০৳","১,০৭১৳",https://www.wafilife.com/kids-flash-card-activity-sieries/pd/57633
আক্কাস খান,Not Listed,Household Flashcards,২৫০৳,১৮৮৳,https://www.wafilife.com/household-flashcards/pd/57631
আক্কাস খান,Not Listed,Kids Gift Pack (Total 12 Books 2 Pack),"১,৪৪০৳","১,০৮০৳",https://www.wafilife.com/kids-gift-pack/pd/57530
আক্কাস খান,Not Listed,Flowers Flashcards,২৫০৳,১৮৭৳,https://www.wafilife.com/flash-card-flower/pd/56907
আক্কাস খান,Not Listed,Children Book Fruits,১২০৳,৯০৳,https://www.wafilife.com/children-book-fruits/pd/56917
আক্কাস খান,Not Listed,Flash Card: Alphabet,২৫০৳,১৮৭৳,https://www.wafilife.com/flash-card-alphabet/pd/56903
আক্কাস খান,Not Listed,Children Learn Fishes,১২০৳,৯০৳,https://www.wafilife.com/children-learn-fishes/pd/56915
আক্কাস খান,Not Listed,আরবি ফ্ল্যাশকার্ড,২৫০৳,১৮৭৳,https://www.wafilife.com/flash-card-arabic/pd/56905
আক্কাস খান,Not Listed,Child Education Book of Birds,১২০৳,৯০৳,https://www.wafilife.com/child-education-book-of-birds/pd/56913
আক্কাস খান,Not Listed,Child Education Book Of Vegetables,১২০৳,৯০৳,https://www.wafilife.com/child-education-book-of-vegetables/pd/56920
আক্কাস খান,Not Listed,Daily Routine Flashcards,২৫০৳,১৮৭.৫০৳,https://www.wafilife.com/flash-card-daily-routine/pd/56906
আক্কাস খান,Not Listed,বাংলাদেশের জাতীয় বিষয়াবলি ফ্ল্যাশকার্ড,২৫০৳,১৮৭৳,https://www.wafilife.com/flash-card-bangladesh-er-jatiyo-bishoyaboli/pd/56909
আক্কাস খান,Not Listed,Opposite Words Flashcards,২৭০৳,২০২৳,https://www.wafilife.com/flash-card-opposite-words/pd/56910
আক্কাস খান,Not Listed,Children Learn Shapes And Colors,১২০৳,৯০৳,https://www.wafilife.com/children-learn-shapes-and-colors/pd/56919
আক্কাস খান,Not Listed,Shapes-Colors Flashcards,২৫০৳,১৮৭.৫০৳,https://www.wafilife.com/shapes-colors-flashcards/pd/56911
আক্কাস খান,Not Listed,Children Book Flowers,১২০৳,৯০৳,https://www.wafilife.com/children-book-flower/pd/56916
আক্কাস খান,Not Listed,ছোট সোনামণিদের পড়া মজার মজার ছড়া,১২০৳,৯০৳,https://www.wafilife.com/choto-shonamonider-pora-mojar-mojar-chora/pd/56914
আক্কাস খান,Not Listed,Children Learn Rhymes,১২০৳,৯০৳,https://www.wafilife.com/children-learn-rhymes/pd/56918
আক্কাস খান,Not Listed,Flash Card: Animals,২৭০৳,২০২.৫০৳,https://www.wafilife.com/flash-card-animals/pd/57521
আক্কাস খান,Not Listed,Fruits Flashcards,২৫০৳,১৮৮৳,https://www.wafilife.com/flash-card-fruits/pd/56908
আক্কাস খান,Not Listed,ফোম বই : ফল,২৮০৳,২২০৳,https://www.wafilife.com/foam-books-fruits/pd/56901
আক্কাস খান,Not Listed,Foam Book : Kids Alphabet,২৮০৳,২২০৳,https://www.wafilife.com/foam-book-kids-alphabet/pd/56897
আক্কাস খান,Not Listed,Foam Books : Animals,২৮০৳,২২০৳,https://www.wafilife.com/foam-book-animals/pd/56899
আক্কাস খান,Not Listed,ফোম বই : বর্ণমালা শেখা,২৮০৳,২২০৳,https://www.wafilife.com/foam-books-bornomala-shekha/pd/56900
আক্কাস খান,Not Listed,ফোম বই : শাক-সবজি,২৮০৳,২১০৳,https://www.wafilife.com/foam-books-vegetables/pd/56902
আক্তার ইউ. আহমেদ,Not Listed,Securing Food For All In Bangladesh,"২,২০০৳","১,৮০৪৳",https://www.wafilife.com/সিকিউরিং-ফুড-ফর-অল-ইন-বাংলাদেশ/pd/22346
আক্তার হোসেন,Not Listed,সাংগঠনিক আচরণ (অনার্স ৩য় বর্ষ টেক্সট বই) (ব্যবসায় শিক্ষা- ব্যবস্থাপনা বিভাগ),২৮০৳,২৩০৳,https://www.wafilife.com/organizational-behavior-honors-3rd-year-text-book-department/pd/31226
আক্তারুজ্জামান রকিব,Not Listed,চড়ুই পাখির বউ,৫০৳,৩৭.৫০৳,https://www.wafilife.com/choroy-pakhir-bou/pd/40010
আখতার,Not Listed,বাংলাদেশের অর্থনীতি (অনার্স ৪র্থ বর্ষ টেক্সট বই) (ব্যবস্থাপনা বিভাগ),৩৮৭৳,৩১৭৳,https://www.wafilife.com/economics-of-bangladesh-honors-4th-year-text-book-department/pd/31259
আখতার উজ্জামান সুমন,Not Listed,ইন্সপায়ারিং থটস অব এ পি জে আবদুল কালাম,২০০৳,১৯০৳,https://www.wafilife.com/inspiring-thoughts-of-a-p-j-abdul-kalam/pd/36043
আখতার উজ্জামান সুমন,Not Listed,ইন্সপায়ারিং থটস অব এ পি জে আবদুল কালাম,২৫০৳,২১২.৫০৳,https://www.wafilife.com/inspiring-thoughts-of-apj-abdul-qalam/pd/10717
আখতার উদ্দিন মানিক,Not Listed,কালীগ্রাম পরগনার ঠাকুর জমিদার ও কৃষক গণ-সংগ্রামের ইতিহাস,৩০০৳,২৪৯৳,https://www.wafilife.com/kaligram-porogonar-thakur-jomidar-o-krishok-gon-songgramer-i/pd/49778
আখতার উদ্দিন মানিক,Not Listed,সিরাজগঞ্জ জেলার ইতিহাস ও ঐতিহ্য,"১,০০০৳",৮৩০৳,https://www.wafilife.com/sirajganj-zillar-itihas-o-oitijjo/pd/49721
আখতার উদ্দিন মানিক,Not Listed,বাংলায় আফ্রিকান অভিবাসী-মধ্যযুগে স্বাধীন সুলতানি আমল,৩১০৳,২৫৭৳,https://www.wafilife.com/banglai-african-ovibasi-moddojug-shadin-sultani-amol/pd/47531
আখতার উদ্দিন মানিক,Not Listed,শাহজাদপুর কৃষক বিদ্রোহ ও ঠাকুর জমিদার,৪১৫৳,৩৪৪৳,https://www.wafilife.com/shahjadpur-krishok-bidroho-o-thakur/pd/10147
আখতার উদ্দিন মানিক,Not Listed,বাংলায় আফ্রিকান অভিবাসী স্বাধীন সুলতানী আমল,৩১০৳,২৫৭৳,https://www.wafilife.com/banglay-afrikan-ovibashi-swadhin-sultani-amol/pd/10129
আখতার উদ্দিন মানিক,Not Listed,শাহজাদপুরের ইতিহাস ও অতীতের কথাচিত্র,২৫০৳,২০৮৳,https://www.wafilife.com/shahjadpurer-itihas-o-otiter-kothachitro/pd/49771
আখতার উল আলম,Not Listed,প্রিয় নবীর (দঃ) প্রিয় কথা- ৯ম খণ্ড,১১০৳,৭২৳,https://www.wafilife.com/priyo-nobeer-d-priyo-kotha-9th-part/pd/45685
আখতার উল আলম,Not Listed,প্রিয় নবীর (দঃ) প্রিয় কথা- ৭ম খণ্ড,১১০৳,৭২৳,https://www.wafilife.com/priyo-nobeer-d-priyo-kotha-7th-part/pd/45683
আখতার উল আলম,Not Listed,প্রিয় নবীর (দঃ) প্রিয় কথা- ৮ম খণ্ড,১১০৳,৭২৳,https://www.wafilife.com/priyo-nobeer-d-priyo-kotha-8th-part/pd/45684
আখতার উল আলম,Not Listed,প্রিয় নবীর (দঃ) প্রিয় কথা- ৪র্থ খণ্ড,১১০৳,৭২৳,https://www.wafilife.com/priyo-nobeer-d-priyo-kotha-4th-part/pd/45680
আখতার উল আলম,Not Listed,প্রিয় নবীর (দঃ) প্রিয় কথা- ১০ম খণ্ড,১১০৳,৭২৳,https://www.wafilife.com/priyo-nobeer-d-priyo-kotha-10th-part/pd/45686
আখতার উল আলম,Not Listed,প্রিয় নবীর (দঃ) প্রিয় কথা- ৫ম খণ্ড,১১০৳,৭২৳,https://www.wafilife.com/priyo-nobeer-d-priyo-kotha-5th-part/pd/45681
আখতার উল আলম,Not Listed,প্রিয় নবীর (দঃ) প্রিয় কথা- ৬ষ্ঠ খণ্ড,১১০৳,৭২৳,https://www.wafilife.com/priyo-nobeer-d-priyo-kotha-6th-part/pd/45682
আখতার বানু,Not Listed,হাজার দ্বীপের দেশে,১০০৳,৮৩৳,https://www.wafilife.com/hajar-diper-deshe/pd/50511
আখতার মাহমুদ,Not Listed,অবিশ্বাসীর মনস্তত্ত্ব,৩৪৯৳,২৬১.৭৫৳,https://www.wafilife.com/obissasir-monostotto/pd/25552
আখতার সোবহান খান,Not Listed,মার্কসবাদ ও ন্যায়পরতার ধারণা,২৪০৳,২১৪৳,https://www.wafilife.com/marxbad-o-nayeparatar-dharana/pd/65724
আখতার হুসেন,Not Listed,জার্মানির রূপকথা,৩০০৳,২৪০৳,https://www.wafilife.com/germany-er-rupkotha/pd/72406
আখতার হুসেন,Not Listed,ইরানের রূপকথা,৩০০৳,২৪০৳,https://www.wafilife.com/irani-rupkotha/pd/72410
আখতার হুসেন,Not Listed,চীনের রূপকথা,৩০০৳,২৪০৳,https://www.wafilife.com/china-rupkotha/pd/72464
আখতার হুসেন,Not Listed,কুট কুট কুট্টুস ফুট ফুট ফুট্টুস,৬০৳,৪৭৳,https://www.wafilife.com/kut-kut-kuttush-fut-fut-futtush/pd/56884
আখতার হুসেন,Not Listed,ইউক্রেনের রূপকথা,২৫০৳,২০০৳,https://www.wafilife.com/ucraner-rupkatha/pd/38199
আখতার হুসেন,Not Listed,নির্বাচিত কিশোর গল্প,৩০০৳,২৪৯৳,https://www.wafilife.com/nirbachito-kishor-golpo/pd/40589
আখতার হুসেন,Not Listed,দি টাইগার ও অন্যান্য গল্প,১৫০৳,১২৫৳,https://www.wafilife.com/the-tiger-o-onnanno-golpo/pd/35734
আখতার হুসেন,Not Listed,হইটি টইটি টই,৮০৳,৬৯৳,https://www.wafilife.com/hoiti-toiti-toi/pd/53937
আখতার হুসেন,Not Listed,সোনায় মোড়া ছড়া,১০০৳,৮৩৳,https://www.wafilife.com/sonay-mora-chora/pd/40626
আখতার হুসেন,Not Listed,ছোটদের জোয়ান অব আর্ক,৬৫৳,৫৩৳,https://www.wafilife.com/joyan-of-ark/pd/31102
আখতার হুসেন,Not Listed,কিশোর শহীদ মতিউর রহমান,৯০৳,৮১৳,https://www.wafilife.com/e0a695e0a6bfe0a6b6e0a78be0a6b0-e0a6b6e0a6b9e0a780e0a6a6-e0a6/pd/66655
আখতার হুসেন,Not Listed,খাতায় পাতায় শেখার কথা,৮০৳,৬২৳,https://www.wafilife.com/khatay-patay-shekhar-kotha/pd/6368
আখতার হুসেন,Not Listed,নানা রঙের গল্প,১৬০৳,১২৫৳,https://www.wafilife.com/nana-ronger-golpo/pd/6367
আখতার হোসেন,Not Listed,শ্রেষ্ঠ গল্প বিদেশি লেখকদের অনুবাদ কালেকশন (৮টি বই),"১,৬৩৫৳","১,৩৫৭৳",https://www.wafilife.com/shreshtho-golpo-bideshi-lekhokder-anubad-collection-8ti-boi/pd/42457
আখতার হোসেন,Not Listed,"Exchange Rates, Capital Flows and International Trade: The Case of Bangdesh",৫৫০৳,৪৬৮৳,https://www.wafilife.com/এক্সচেঞ্জ-রেট-ক্যাপিটাল-ফ্লৌস-এন্ড-ইন্টারন্যাশনাল-ট্রেড-দ্য/pd/22284
আখতার-উল-আলম,Not Listed,দি চয়েস ১,২৫০৳,২০০৳,https://www.wafilife.com/the-choice-1/pd/34004
আখতার-উল-আলম,Not Listed,আমার বাংলাদেশ,৬০০৳,৪৮০৳,https://www.wafilife.com/amar-bangladesh/pd/23519
আখতার-উল-আলম,Not Listed,আসমানে চাঁদ দেয় আজান,২২৫৳,১৫৮৳,https://www.wafilife.com/asmane-chad-dei-azan/pd/38604
আখতার-উল-আলম,Not Listed,শেষ নবী (দঃ),১০০৳,৮০৳,https://www.wafilife.com/e0a6b6e0a787e0a6b7-e0a6a8e0a6ace0a780-e0a6a6e0a683/pd/6199
আখতার-উল-আলম,Not Listed,নিপাতনে সিদ্ধ,৩৫০৳,২৮০৳,https://www.wafilife.com/nipatona-siddo/pd/54094
আখতার-উল-আলম,Not Listed,দি চয়েস ২য় খণ্ড,২০০৳,১৬০৳,https://www.wafilife.com/the-choice-2nd-part/pd/34003
আখতার-উল-আলম,Not Listed,নগরে নির্জনে,৩৮০৳,৩০৪৳,https://www.wafilife.com/nogore-nirjone/pd/54095
আখতার-উল-আলম,Not Listed,ছোটদের বাইবেল কোরআন ও বিজ্ঞান,১০০৳,৮০৳,https://www.wafilife.com/ছোটদের-বাইবেল-কোরআন-ও-বিজ্ঞান/pd/6198
আখতারুজ্জামান আজাদ,Not Listed,লক্ষ্য আমার পক্ষ নেওয়া,0,১০৮৳,https://www.wafilife.com/lokkho-amar-pokkho-neoya/pd/36997
আখতারুজ্জামান ইলিয়াস,Not Listed,খোয়াবনামা (আনন্দ পুরস্কারপ্রাপ্ত),৫৫০৳,৪৫১৳,https://www.wafilife.com/khoabnama-anando-puroskarprapto/pd/57455
আখতারুজ্জামান ইলিয়াস,Not Listed,চিলেকোঠার সেপাই,৩৯০৳,৩১৯.৮০৳,https://www.wafilife.com/chilekothar-sepai/pd/35811
আখতারুজ্জামান মন্ডল,Not Listed,বাংলাদেশের শিক্ষা ব্যবস্থা,"১,২০০৳",৯৯৬৳,https://www.wafilife.com/bangladesher-shikkha-babostha/pd/33530
আখতারুজ্জামান মীর,Not Listed,আমার ভালবাসার দেশ বাহরাইন,১২৫৳,৯৪৳,https://www.wafilife.com/amar-valobasar-desh-bahrain/pd/41073
আখতারুন নাহার আলো,Not Listed,রোগ সারাবে পথ্য,৩৫০৳,২৮০৳,https://www.wafilife.com/rog-sarabe-pottho/pd/60764
আখতারুল আমান বিন আব্দুস সালাম,Not Listed,ঈদ ও কুরবানীর মাসায়েল,১০০৳,৬৯৳,https://www.wafilife.com/eid-o-kurbanir-masayel/pd/8146
আখতারুল ইসলাম,Not Listed,বড় ভাই রহস্য,২৫০৳,২০৭৳,https://www.wafilife.com/boro-vai-rohossho/pd/76456
আখতারুল ইসলাম,Not Listed,প্রশ্নোত্তরে বেসিক গণিত,২০০৳,১৬০৳,https://www.wafilife.com/prosnottore-basic-gonit/pd/74202
আখতারুল ইসলাম,Not Listed,মহাবিজ্ঞানী আলবার্ট আইনস্টাইন জীবন ও কর্ম,২৭০৳,২০২.৫০৳,https://www.wafilife.com/mohabiggani-albert-einstein-jibon-o-karma/pd/62618
আখতারুল ইসলাম,Not Listed,মহাবিজ্ঞানী স্টিফেন হকিং জীবন ও কর্ম,৪০০৳,৩০০৳,https://www.wafilife.com/mohabiggani-stiphen-hawking-jibon-o-kormo/pd/44551
আখতারুল ইসলাম,Not Listed,চেনা প্রাণীর অচেনা জগৎ,২৮০৳,২৩০৳,https://www.wafilife.com/chena-pranir-ochena-jogot/pd/11474
আখতারুল হক,Not Listed,হারিয়ে যাওয়া সম্পদ,৪৫০৳,৩৩৭.৫০৳,https://www.wafilife.com/hariye-jaoa-sompod/pd/50045
আখলাকুর রহমান রাহী,Not Listed,Development and Growth Economics,৬৫০৳,৫৭২৳,https://www.wafilife.com/development-and-growth-economics/pd/35180
আখলাকুর রহমান রাহী,Not Listed,শুরু হোক হিমালয়,২০০৳,১৭২৳,https://www.wafilife.com/shuru-hok-himaloy/pd/9180
আগা মাহদি হোসাইন,Not Listed,ইবন্ বাত্তুতার রিহলা,৮০০৳,৬৪০৳,https://www.wafilife.com/ibne-battutar-rihola/pd/43656
আগা মাহদি হোসাইন,Not Listed,মুহাম্মাদ বিন তুঘলক,৫০০৳,৪০০৳,https://www.wafilife.com/muhammad-bin-tughlok/pd/10980
আগাথা ক্রিস্টি,Not Listed,অগাথা ক্রিস্টি (সকল সমগ্র),"১৫,৬১০৳","১২,৪৮৮৳",https://www.wafilife.com/ogatha-cristie-shokol-shomogro/pd/78476
আগাথা ক্রিস্টি,Not Listed,আগাথা ক্রিস্টি সমগ্র ১৪,৭৪০৳,৬৩৯৳,https://www.wafilife.com/agatha-christie-somogro-14/pd/78464
আগাথা ক্রিস্টি,Not Listed,আগাথা ক্রিস্টি সমগ্র ১৯,৭৬০৳,৬৩৮৳,https://www.wafilife.com/agatha-christie-volume-19/pd/75250
আগাথা ক্রিস্টি,Not Listed,আগাথা ক্রিস্টি সমগ্র ১৮,৭৬০৳,৬৩৮৳,https://www.wafilife.com/agatha-christie-volume-18/pd/75248
আগাথা ক্রিস্টি,Not Listed,আগাথা ক্রিস্টি সমগ্র ২০,৭৬০৳,৬৩৮৳,https://www.wafilife.com/agatha-christie-volume-20/pd/75251
আগাথা ক্রিস্টি,Not Listed,আগাথা ক্রিস্টি সমগ্র ২১,৭৬০৳,৬৩৮৳,https://www.wafilife.com/agatha-christie-volume-21/pd/75252
আগাথা ক্রিস্টি,Not Listed,আগাথা ক্রিস্টি সমগ্র ২২,৭৬০৳,৬৩৮৳,https://www.wafilife.com/agatha-christie-volume-22/pd/75253
আগাথা ক্রিস্টি,Not Listed,আগাথা ক্রিস্টি সমগ্র ১৭,৭৪০৳,৬২১৳,https://www.wafilife.com/agatha-christie-volume-17/pd/65665
আগাথা ক্রিস্টি,Not Listed,আগাথা ক্রিস্টি সমগ্র ১৬,৭৪০৳,৫৫৫৳,https://www.wafilife.com/agatha-christie-volume-16/pd/65664
আগাথা ক্রিস্টি,Not Listed,আগাথা ক্রিস্টি সমগ্র ১৫,৭৪০৳,৫৫৫৳,https://www.wafilife.com/agatha-christie-volume-15/pd/65663
আগাথা ক্রিস্টি,Not Listed,আগাথা ক্রিস্টি সমগ্র ৪,৭০০৳,৫৮৮৳,https://www.wafilife.com/agatha-christie-collection-4/pd/65676
আগাথা ক্রিস্টি,Not Listed,লর্ড এজওয়্যার ডাইজ,২৯০৳,২৪৯৳,https://www.wafilife.com/lord-edgware-dies/pd/65410
আগাথা ক্রিস্টি,Not Listed,আগাথা ক্রিস্টি সমগ্র (১০-১৩) - বক্সসেট,"২,৮০০৳","২,৩৫২৳",https://www.wafilife.com/agatha-christie-somogro-10-13/pd/47354
আগাথা ক্রিস্টি,Not Listed,আগাথা ক্রিস্টি সমগ্র ১০,৭০০৳,৫৮৮৳,https://www.wafilife.com/agatha-christie-volume-10/pd/47329
আগাথা ক্রিস্টি,Not Listed,আগাথা ক্রিস্টি সমগ্র ৯,৭০০৳,৫৮৮৳,https://www.wafilife.com/agatha-christie-volume-9/pd/47347
আগাথা ক্রিস্টি,Not Listed,আগাথা ক্রিস্টি সমগ্র ৭,৭০০৳,৫৮৮৳,https://www.wafilife.com/agatha-christie-volume-7/pd/47342
আগাথা ক্রিস্টি,Not Listed,আগাথা ক্রিস্টি সমগ্র ১১,৭০০৳,৫৮৮৳,https://www.wafilife.com/agatha-christie-volume-11/pd/47326
আগাথা ক্রিস্টি,Not Listed,আগাথা ক্রিস্টি সমগ্র ৮,৭০০৳,৫৮৮৳,https://www.wafilife.com/agatha-christie-volume-8/pd/47345
আগাথা ক্রিস্টি,Not Listed,আগাথা ক্রিস্টি সমগ্র ৬,৭০০৳,৫৮৮৳,https://www.wafilife.com/agatha-christie-volume-6/pd/47323
আগাথা ক্রিস্টি,Not Listed,আগাথা ক্রিস্টি সমগ্র ৫,৬৫০৳,৫৪৬৳,https://www.wafilife.com/agatha-cristie-collection-5/pd/47316
আগাথা ক্রিস্টি,Not Listed,আগাথা ক্রিস্টি সমগ্র ৩,৬০০৳,৫০৪৳,https://www.wafilife.com/agatha-christie-collection-3/pd/47319
আগাথা ক্রিস্টি,Not Listed,আগাথা ক্রিস্টি সমগ্র ২,৬৫০৳,৫৪৬৳,https://www.wafilife.com/agatha-christie-somogro-2/pd/47310
আগাথা ক্রিস্টি,Not Listed,আগাথা ক্রিস্টি সমগ্র ১৩,৭০০৳,৫৮৮৳,https://www.wafilife.com/agatha-christi-somogro-13/pd/47332
আগাথা ক্রিস্টি,Not Listed,আগাথা ক্রিস্টি সমগ্র ১২,৭০০৳,৫৮৮৳,https://www.wafilife.com/agatha-christie-volume-12/pd/47331
আগাথা ক্রিস্টি,Not Listed,আগাথা ক্রিস্টি সমগ্র - ১,৬৫০৳,৫৪৬৳,https://www.wafilife.com/agatha-christie-somogro-1/pd/47307
আগুস্তিনা বাস্তেরিকা,Not Listed,টেন্ডার ইজ দ্যা ফ্লেশ,৪৫০৳,৩৬০৳,https://www.wafilife.com/tender-is-the-flesh/pd/67416
আচার্য জগদীশচন্দ্র বসু,Not Listed,অব্যক্ত,৩৬০৳,২৮৮৳,https://www.wafilife.com/obyakto/pd/62150
আচার্য জগদীশচন্দ্র বসু,Not Listed,শিশু-কিশোর বিজ্ঞান রচনা সংগ্রহ,১০০৳,৮৩৳,https://www.wafilife.com/shishu-kishor-bigghan-rochona-songroho/pd/37259
আচার্য জগদীশচন্দ্র বসু,Not Listed,অব্যক্ত,৪০০৳,২৮০৳,https://www.wafilife.com/obakto/pd/51388
আচার্য জগদীশচন্দ্র বসু,Not Listed,ছোটদের সেরা বিজ্ঞান রচনা সংকলন,১৭৫৳,১৪৩.৫০৳,https://www.wafilife.com/chotoder-sera-biggan-rachana-sangkalan/pd/53149
আচার্য জগদীশচন্দ্র বসু,Not Listed,পলাতক তুফান,১৩০৳,১০৪৳,https://www.wafilife.com/polatok-tufan/pd/55082
আচার্য জগদীশচন্দ্র বসু,Not Listed,অব্যক্ত,২৫০৳,২০৫৳,https://www.wafilife.com/abyakta/pd/53114
আচার্য জগদীশচন্দ্র বসু,Not Listed,অব্যক্ত,১৬০৳,১২৫৳,https://www.wafilife.com/obekto/pd/6655
আচার্য প্রফুল্লচন্দ্র রায়,Not Listed,রচনাসংগ্রহ,৩৫০৳,২৮০৳,https://www.wafilife.com/roconasongroho/pd/19317
আচার্য প্রফুল্লচন্দ্র রায়,Not Listed,আত্মচরিত,৫০০৳,৪১৫৳,https://www.wafilife.com/atmochoreeto/pd/42447
আচার্য প্রফুল্লচন্দ্র রায়,Not Listed,আত্মজীবনী,৫০০৳,৪১৫৳,https://www.wafilife.com/addajibony/pd/42281
আচার্য মু. নজরুল ইসলাম তামিজী,Not Listed,নজরুল জীবনে নারী,২০০৳,১৭২৳,https://www.wafilife.com/nazrul-jibone-nari/pd/41197
আচার্য মু. নজরুল ইসলাম তামিজী,Not Listed,বাংলাদেশের মুক্তিযুদ্ধে ভারতের ভূমিকা,২৫০৳,২১৫৳,https://www.wafilife.com/bangladeshar-muktijudde-varotar-vumika/pd/41198
আছমা পারভীন,Not Listed,১০০ রকমারি ভর্তা,১০০৳,৮৬৳,https://www.wafilife.com/100-rokomari-bhorta/pd/34414
আছিম বিল্লাহ বগুড়ী,Not Listed,ইসলামের দৃষ্টিতে এলকোহল,৭০৳,৩৯৳,https://www.wafilife.com/islamer-drishtite-elkohol/pd/49919
আছিয়া আফরোজ অনি,Not Listed,শেষ থেকে শুরু,২৫০৳,২১৩৳,https://www.wafilife.com/shesh-theke-shuru/pd/65057
আছিয়া জামান,Not Listed,ছড়ার ভুবন,১৩০৳,১০৪৳,https://www.wafilife.com/chorar-bhubon/pd/54962
আজফার হোসেন,Not Listed,চিহ্ন ভাসে অবশেষে,৩৩০৳,২৮৪৳,https://www.wafilife.com/cinho-bhase-oboshese/pd/54739
আজফার হোসেন,Not Listed,পাঠ: শব্দ ও নৈঃশব্দ্যের রাজনীতি,৪৬০৳,৪০৫৳,https://www.wafilife.com/path-shabdo-o-noishshabder-rajniti/pd/35169
আজফার হোসেন,Not Listed,দর্শনাখ্যান,২৬০৳,২২৯৳,https://www.wafilife.com/dorshonakhyan/pd/35164
আজম খান,Not Listed,হায়রে হায় বাংলাদেশ,১০০৳,৯৫৳,https://www.wafilife.com/hayre-hay-bangladesh/pd/76130
আজম খান,Not Listed,সবার জন্য সি প্রোগ্রামিং ১ম খণ্ড,২৫০৳,২০০৳,https://www.wafilife.com/sobar-jonno-c-programmin-1st-part-c-programmin-for-everyone/pd/79557
আজম জহিরুল ইসলাম,Not Listed,রাজার নীতি রাজনীতি,১৩০৳,১০৮৳,https://www.wafilife.com/rajar-neeti-rajneeti/pd/42248
আজম হাশিমি,Not Listed,তুর্কিস্তানের রক্তাক্ত ইতিহাস,২২০৳,১৬৫৳,https://www.wafilife.com/turkisthaner-roktakto-itihas/pd/16704
আজমত আশরাফ,Not Listed,রিফিউজি,৬৫০৳,৫৩৯৳,https://www.wafilife.com/rifiuzi/pd/67539
আজমল সোবহান,Not Listed,নিস্তব্ধতার দিকে যাত্রা,৫০০৳,৪১০৳,https://www.wafilife.com/nistabodhotar-dike-jatra/pd/35125
আজমল সোবহান,Not Listed,Journey to Silence,৫৫০৳,৪৫১৳,https://www.wafilife.com/journey-to-silence/pd/35059
আজমল হোদা,Not Listed,জরুরী আলাপ,২০০৳,১৫৬৳,https://www.wafilife.com/joruri-alap/pd/61401
আজমাইন ইসলাম,Not Listed,তথ্য ও যোগাযোগ প্রযুক্তি (আইসিটি) - (সহায়ক বই এইচএসসি ২০২৩),৩৫০৳,২৯৭৳,https://www.wafilife.com/information-and-communications-technology-ict-hsc-2023/pd/16706
আজহার ইসলাম,Not Listed,বাংলা সাহিত্যের ইতিহাস প্রাচীন ও মধ্যযুগ,৩৫০৳,২৯১৳,https://www.wafilife.com/bangla-sahitter-etihash-prachin-o-moddhojugh/pd/52530
আজহার ইসলাম,Not Listed,ট্রাভেলগ,১৭৫৳,১৪০৳,https://www.wafilife.com/travelog/pd/11030
আজহার ইসলাম,Not Listed,বাংলাদেশের ছোটগল্প : বিষয়-ভাবনা স্বরূপ ও শিল্পমূল্য,৬৫০৳,৫৪০৳,https://www.wafilife.com/bangladesher-chotagalpa-bishay-bhabna-swarup-o-shilpamulya/pd/13816
আজহার ইসলাম,Not Listed,সাহিত্যে বাস্তবতা,৩০০৳,২৫৮৳,https://www.wafilife.com/shahite-bastobota/pd/41193
আজহার ফরহাদ,Not Listed,মাহাদেনা মুত্তা,২২০৳,১৭৬৳,https://www.wafilife.com/mahadena-mukta/pd/65029
আজহার শাহিন,Not Listed,অপেক্ষার ট্রেন,১৮০৳,১৪৪৳,https://www.wafilife.com/obekhar-train/pd/62290
আজহারী আহমাদ মাহমুদ,Not Listed,নিয়মিত কুরআন পড়ছেন তো?,৪৬৳,৩৫৳,https://www.wafilife.com/niyomito-quran-porchen-to/pd/56793
আজহারুল ইসলাম,Not Listed,মনোসন্ধি মানসিক চাপ মোকাবিলার সহজ উপায়,২০০৳,১৬৪৳,https://www.wafilife.com/monosondhi-manosik-chap-mokabilar-sohoj-upay/pd/8862
আজহারুল ইসলাম,Not Listed,মানসিক প্রশান্তি আর মর্যাদাপূর্ণ জীবনের জাদুকাঠি,২৫০৳,২০৫৳,https://www.wafilife.com/manosik-proshanti-ar-morjadapurno-jiboner-jadukathi/pd/8487
আজহারুল ইসলাম,Not Listed,হইচই,২৫০৳,২০৫৳,https://www.wafilife.com/hoichoi/pd/5924
আজহারুল ইসলাম,Not Listed,Spoken Master,৪৮০৳,৩৬০৳,https://www.wafilife.com/spoken-master/pd/56975
আজহারুল ইসলাম,Not Listed,আমরা কোন পথে,৪০০৳,৩০০৳,https://www.wafilife.com/amra-kon-pothe/pd/11679
আজহারুল ইসলাম সরকার,Not Listed,শেষ চিরকুট,৩৮০৳,২৫৪.৬০৳,https://www.wafilife.com/shesh-chirkut/pd/64656
আজহারুল হক ফরাজী,Not Listed,চিকিৎসাবিজ্ঞানে বিপ্লব ঘটালেন যাঁরা,২০০৳,১৬৬৳,https://www.wafilife.com/chikitsabiggane-biplob-ghatalen-jara/pd/40439
আজাদ এহতেশাম,Not Listed,ওমর আলী : জীবন ও সাহিত্যকর্ম (১৯৩৯-২০১৫),২০০৳,১৬৬৳,https://www.wafilife.com/omour-ali-jibon-o-sahittokormo-1939-2015/pd/49732
আজাদ চৌধুরী,Not Listed,গণিতবিদ,৪০০৳,৩২০৳,https://www.wafilife.com/gonitbid/pd/61861
আজাদ বুলবুল,Not Listed,আদি বনের আখ্যান,২০০৳,১৬০৳,https://www.wafilife.com/ade-bonar-akkan/pd/54264
আজাদ বুলবুল,Not Listed,খাগড়াছড়ির ত্রিপুরা নগোষ্ঠীর ভাষা ও সংস্কৃতি,১৮০৳,১৪৪৳,https://www.wafilife.com/kagracoder-treepura-ngogoster-vasa-o-songkrete/pd/54263
আজাদ মজুমদার,Not Listed,Inside The press Box,২৪০৳,১৯২৳,https://www.wafilife.com/ইন্সাইড-দ্যা-প্রেসবক্স/pd/24162
আজাদ-আল-হোসায়নি,Not Listed,মোযাফ্‌ফরনামা ও নওবাহার-ই-মুর্শিদকুলীখানি,২৫০৳,২০০৳,https://www.wafilife.com/mojaffarnama-o-noubahar-e-murshidkulikhani/pd/11478
আজাদুর রহমান,Not Listed,লালন মত লালন পথ,৩০০৳,২২৫৳,https://www.wafilife.com/lalon-moto-lalon-poth/pd/44262
আজাদুর রহমান চন্দন,Not Listed,বিপন্ন পৃথিবী: জল জলবায়ু ও জীবন,১৪০৳,১১৬৳,https://www.wafilife.com/endangered-earth-water-climate-and-life/pd/17662
আজাদুল হক,Not Listed,আমার দেখা মুক্তিযুদ্ধ ১৯৭১,৩০০৳,২৪৯৳,https://www.wafilife.com/amar-dekha-muktijuddha-1971/pd/50879
আজাদুল হক,Not Listed,আমার দেখা মুক্তিযুদ্ধ,৩০০৳,২৪৯৳,https://www.wafilife.com/amar-dekha-muktijuddho-amar-soisob-amar-koishor/pd/50732
আজাহার ইসলাম,Not Listed,সাহিত্য-বিষয়ক প্রবন্ধ-নিবন্ধ ও অন্যান্য প্রসঙ্গ,২০০৳,১৬০৳,https://www.wafilife.com/sahitto-bishoyok-probondho-nibondho-o-annanno-prosongho/pd/52778
আজাহার ইসলাম,Not Listed,দি থিয়োরুটিক্যাল স্ট্যাডি অব ফোকলোর,১৬০৳,১৪৩৳,https://www.wafilife.com/দি-থিয়োরুটিক্যাল-স্ট্যাডি-অব-ফোকলোর/pd/66630
আজিজ আহমেদ সাদেক রেজা,Not Listed,ব্যবসায় সংগঠন ও ব্যবস্থাপনা - দ্বিতীয় পত্র ( ব্যবস্থাপনা ),৩০০৳,২৭০৳,https://www.wafilife.com/business-organization-and-management-2nd-paper-management/pd/30773
আজিজ আহমেদ সাদেক রেজা,Not Listed,ব্যবসায় সংগঠন ও ব্যবস্থাপনা - ১ম পত্র (ব্যবসায় পরিচিতি),0,৩০০৳,https://www.wafilife.com/business-organization-and-management-1st-part-introduction-t/pd/30769
আজিজ আহমেদ সাদেক রেজা,Not Listed,ব্যবসায় সংগঠন ও ব্যবস্থাপনা প্রথম পত্র (ব্যবসায় পরিচিতি),২৫০৳,২১০৳,https://www.wafilife.com/babosay-songothon-o-babosthapona-prothom-potro-babosay-poric/pd/17003
আজিজ আহমেদ সাদেক রেজা,Not Listed,ব্যবসায় সংগঠন ও ব্যবস্থাপনা - দ্বিতীয় পত্র (ব্যবস্থাপনা),২৫১৳,২৩৫৳,https://www.wafilife.com/babosay-songothon-o-babosthapona-ditio-potro-babosthapona/pd/17005
আজিজ খান রাজ,Not Listed,ইংলিশ ম্যানুয়াল,0,৫০০৳,https://www.wafilife.com/english-manual/pd/58704
আজিজ মিসির,Not Listed,ভাবতে ভালো লাগে,৪০৳,৩৩৳,https://www.wafilife.com/vabte-valo-lage/pd/50408
আজিজ মেহের,Not Listed,স্মৃতি শুধু স্মৃতি নয়,১৫০৳,১০৫৳,https://www.wafilife.com/smrit-shudu-smrit-noy/pd/39982
আজিজ রহমান,Not Listed,The Open Secrets of Democracy and Development,৯৯৫৳,৮১৫.৯০৳,https://www.wafilife.com/the-open-secrets-of-democracy-and-development/pd/36418
আজিজ হাকিম,Not Listed,কাজলা ওভারব্রিজ,১৭০৳,১১৯৳,https://www.wafilife.com/kajla-overbridge/pd/62250
আজিজা ওয়ালি,Not Listed,ছড়ার ছন্দে সোনামণি,১২০৳,৯০৳,https://www.wafilife.com/chorhar-chonde-sonamoni/pd/36497
আজিজুর,Not Listed,কৃষি ও গ্রামীণ অর্থনীতি (অনার্স ৩য় বর্ষ টেক্সট বই) (অর্থনীতি বিভাগ),৩৩০৳,২৭১৳,https://www.wafilife.com/agriculture-and-rural-economics-honors-3rd-year-text-book-de/pd/30989
আজিজুর,Not Listed,বাংলাদেশের অর্থনীতি শিক্ষা (অনার্স ৩য় বর্ষ টেক্সট বই) (অর্থনীতি বিভাগ),৩৮৫৳,৩১৬৳,https://www.wafilife.com/studies-on-bangladesh-economy-honors-3rd-year-text-book-depa/pd/31547
আজিজুর রহমান,Not Listed,Political Economy of the Vested Property Act in Rural Bangladesh,২৫০৳,২০৫৳,https://www.wafilife.com/political-economy-of-the-vested-property-act-in-rural-bangla/pd/36410
আজিজুর রহমান আজিজ,Not Listed,মুক্তিযুদ্ধের উপন্যাস সমগ্র,"১,১০০৳",৮৫৮৳,https://www.wafilife.com/muktijuddhar-uppnash-samagra/pd/41386
আজিজুর রহমান আজিজ,Not Listed,কোন এক রাজকন্যার কথা,৭৫৳,৫৬৳,https://www.wafilife.com/kono-ek-rajkonnyar-kotha/pd/53024
আজিজুর রহমান আজিজ,Not Listed,মিথ্যে রাজার দেশে,৬৫৳,৪৯৳,https://www.wafilife.com/mithey-rajar-deshe/pd/53026
আজিজুর রহমান আলমগীর,Not Listed,বিশ্বে এমূহুর্তে প্রয়োজন স্থায়ী বিশ্বশান্তি। কিন্তু কিভাবে ?,"১,২০০৳","১,০৩২৳",https://www.wafilife.com/bisshe-eimuhurte-proyojon-sthaye-bisshoshanti-kintu-kivabe/pd/41182
আজিজুর রহমান আলমগীর,Not Listed,ছোটদের বুদ্ধির পরিচয়,৮০৳,৬৯৳,https://www.wafilife.com/chatodar-boddhir-porichoy/pd/41196
আজিজুর রহমান আসাদ,Not Listed,ব্যবস্থাবদলের রাজনীতি,0,১৫০৳,https://www.wafilife.com/bybastha-badaler-rajniti/pd/67573
আজিজুর রহমান খান,Not Listed,আমার সমাজতন্ত্র,৩৫০৳,২৮০৳,https://www.wafilife.com/amar-somajtontro-somajtontrer-uthan-poton-o-vobisshot/pd/33688
আজিজুল জলিল,Not Listed,Dancing in the Rain and Other Essays,৩০০৳,২৪৬৳,https://www.wafilife.com/ডান্সিং-ইন-দ্য-রেইন-এন্ড-আদার-এসেইস/pd/22341
আজিজুল জলিল,Not Listed,Paradise on Earth,৪৬০৳,৩৭৭.২০৳,https://www.wafilife.com/paradise-on-earth/pd/10595
আজিজুল হক,Not Listed,কাঠগোলাপের প্রেম,২৫০৳,২০৭.৫০৳,https://www.wafilife.com/kath-gulaper-prem/pd/67275
আজিজুল হক,Not Listed,আহত গোলাপ,৩৩০৳,২৩৭.৬০৳,https://www.wafilife.com/ahoto-golap/pd/64734
আজিজুল হক,Not Listed,Journy To Politics,৫০০৳,৪০০৳,https://www.wafilife.com/journy-to-politics/pd/54330
আজিজুল হক,Not Listed,আধ্যাত্মিকতা আত্মিক পরিশুদ্ধি ও নামাজ,১৫০৳,১২০৳,https://www.wafilife.com/addhatikota-attik-porishuddhi-o-namaj/pd/67441
আজিজুল হক খান,Not Listed,গ্রন্থকুটির সামাজিক অসমতা - অনার্স ৩য় বর্ষ পাঠ্যবই (সমাজবিজ্ঞান বিভাগ),৩৯৫৳,৩৫৫.৫০৳,https://www.wafilife.com/gronthokutir-samajik-osomota-honors-3rd-year-sociology-depar/pd/31429
আজিজুল হক খান,Not Listed,গ্রন্থকুটির সামাজিক অসমতা - অনার্স ৩য় বর্ষ পাঠ্যবই (সমাজবিজ্ঞান বিভাগ),৩৯৫৳,৩২৪৳,https://www.wafilife.com/gronthokutir-samajik-osomota-honors-3rd-year-sociology-depar/pd/31128
আজিজুল হাকিম,Not Listed,জাগ্রত ময়মনসিংহ,১৭৫৳,১১৯.৫০৳,https://www.wafilife.com/jagroto-mymensingh/pd/41072
আজিজুল হাকিম,Not Listed,Public Library in Bangladesh: History problems And Prospects,১৫০৳,১৩৪৳,https://www.wafilife.com/public-library-in-bangladesh-history-problems-and-prospects/pd/66549
আজিমউদ্দিন,Not Listed,সাতকাহন,৯৫০৳,৮১৯৳,https://www.wafilife.com/satkahon/pd/72796
আজিমা মেলিতা,Not Listed,রুমির গভীর প্রেমালাপ,২৫০৳,১৮৭৳,https://www.wafilife.com/rumir-govir-prem-alap/pd/61250
আঞ্জুমানে হেমায়েতে ইসলাম,Not Listed,উর্দু কী পহেলী কিতাব,২০৳,১৭৳,https://www.wafilife.com/urdue-ki-pehli-kitab/pd/70133
আঞ্জুমানে হেমায়েতে ইসলাম,Not Listed,উর্দু কায়েদা বাংলা উচ্চারণ অনুবাদ ও শব্দার্থ,১০০৳,৫৫৳,https://www.wafilife.com/urdu-kayda-bangla-uccaron-onubad-o-shobdartho/pd/70131
আঞ্জুমানে হেমায়েতে ইসলাম,Not Listed,উর্দু কায়দা,২০৳,১৭৳,https://www.wafilife.com/urdu-kayda/pd/70132
আঞ্জুমানে হেমায়েতে ইসলাম,Not Listed,উর্দূ কী চৌথী [মূল কিতাব],১০০৳,৮৫৳,https://www.wafilife.com/urdu-ki-chowthi/pd/64777
আঞ্জুমানে হেমায়েতে ইসলাম,Not Listed,উর্দূ কী পহেলী কিতাব বাংলা শব্দার্থ ও অর্থসহ,৪০৳,৩৫৳,https://www.wafilife.com/urdu-ki-poheli-kitab-bangla-shobdartho-o-orthosoho/pd/64028
আঞ্জুমানে হেমায়েতে ইসলাম,Not Listed,সহজ বাংলা উর্দূ কা কায়েদাহ,৪০৳,৩৫৳,https://www.wafilife.com/sohoj-banglay-urdu-ka-kayedah/pd/64026
আঞ্জুমানে হেমায়েতে ইসলাম,Not Listed,উর্দূ কা কায়েদাহ - [মূল কিতাব],২০৳,১৭৳,https://www.wafilife.com/urdu-ka-kayedah-moton-kitab/pd/63837
আঞ্জুমানে হেমায়েতে ইসলাম,Not Listed,ফার্সী কী পহেলী কিতাব [মতন ফার্সী],0,২০৳,https://www.wafilife.com/farsi-ki-poheli-kitab-moton/pd/63278
আঞ্জুমানে হেমায়েতে ইসলাম,Not Listed,উর্দূ কী পহেলী - [মূল কিতাব],২০৳,১৭৳,https://www.wafilife.com/urdu-ki-poheli-kitab-moton/pd/63838
আঞ্জুমানে হেমায়েতে ইসলাম,Not Listed,উর্দূ কী দুছরী- [মূল কিতাব],৪০৳,৩৪৳,https://www.wafilife.com/urdu-ki-dusri-kitab-moton/pd/63839
আঞ্জুমানে হেমায়েতে ইসলাম,Not Listed,উর্দূ কী তেসরী - [মূল কিতাব],৪০৳,৩৪৳,https://www.wafilife.com/urdu-ki-tesri-kitab-moton/pd/63840
আঞ্জুমানে হেমায়েতে ইসলাম,Not Listed,ফার্সী কী পহেলী উর্দূ শরাহ - [মূল কিতাব],৪৫৳,৪০৳,https://www.wafilife.com/farsi-ki-poheli-kitab/pd/63852
আঞ্জুমানে হেমায়েতে ইসলাম,Not Listed,উর্দু কায়দা (এমদাদিয়া),0,৩০৳,https://www.wafilife.com/urdu-kayda-bangla-taisir-emdadiya/pd/18576
আঞ্জুমানে হেমায়েতে ইসলাম,Not Listed,اردو كى دوسرى (উর্দু কী দোসরী),0,৩৫৳,https://www.wafilife.com/urdu-ki-dosri/pd/20721
আঞ্জুমানে হেমায়েতে ইসলাম,Not Listed,اردو كى جوتهى (উর্দু কী চৌথি),0,১০০৳,https://www.wafilife.com/urdu-chouthi/pd/20700
আঞ্জুমানে হেমায়েতে ইসলাম,Not Listed,اردو كا قاعدة (উর্দু কায়েদাহ),১৩৳,১২৳,https://www.wafilife.com/urdu-kayedah/pd/20729
আঞ্জুমানে হেমায়েতে ইসলাম,Not Listed,اردو كى بهلى (উর্দু কী পহেলী),0,৭০৳,https://www.wafilife.com/urdu-poheli/pd/20724
আঞ্জুমানে হেমায়েতে ইসলাম,Not Listed,"ফারসী কী পহেলী কিতাব ৫ম শ্রেণি (জামাত-তাইসীর) (বাংলা,এক কালার) (فارسي كي بما كتاب) - কোড-TATPP",৮০৳,৪৭৳,https://www.wafilife.com/farsi-ki-poheli-kitab-ek-color/pd/21747
আঞ্জুমানে হেমায়েতে ইসলাম,Not Listed,اردو كى تيسرى (উর্দু কী তেছরী কিতাব),0,৪৫৳,https://www.wafilife.com/urdu-ki-tesri-kitab/pd/20720
আঞ্জুমানে হেমায়েতে ইসলাম,Not Listed,উর্দূ কী দোছরী কিতাব,১৩০৳,৭৮৳,https://www.wafilife.com/urdu-ki-dochori-kitab/pd/34111
আডলফ হিটলার,Not Listed,ডায়েরি ১৯১৭-১৯৪৫,৩৫০৳,২৬২৳,https://www.wafilife.com/diary-1917-1945/pd/66504
আডলফ হিটলার,Not Listed,মাইন ক্যাম্ফ,৫০০৳,৩৭৫৳,https://www.wafilife.com/main-camf/pd/66502
আডলফ হিটলার,Not Listed,হিটলারের ডায়েরি,২৫০৳,১২০৳,https://www.wafilife.com/hitler-s-diary/pd/53755
আডলফ হিটলার,Not Listed,মাইন ক্যাম্ফ,৪০০৳,৩৩২৳,https://www.wafilife.com/mein-camp/pd/32601
আডলফ হিটলার,Not Listed,মাইন ক্যাম্ফ,৩০০৳,১৬০৳,https://www.wafilife.com/mine-camph-amar-songram/pd/53737
আডলফ হিটলার,Not Listed,মাইন ক্যাম্ফ,৫২০৳,৩৬৪৳,https://www.wafilife.com/mein-kampf-an-autobiography-of-adolf-hitler/pd/37142
আডলফ হিটলার,Not Listed,মাইন ক্যাম্ফ,৪০০৳,৩০৬৳,https://www.wafilife.com/mein-camp/pd/42819
আডলফ হিটলার,Not Listed,মাইন ক্যাম্ফ,৩৫০৳,২৯৪৳,https://www.wafilife.com/main-champs/pd/46013
আত তাদবিরাতুল ইলাহিয়া,Not Listed,ইবনে আরাবি'র মানব রাজ্যে ঐশী শাসন,৩২০৳,২৩০.৪০৳,https://www.wafilife.com/ibne-arabir-manob-rajjo-oyshe-shason/pd/66915
আতশি মালাকার,Not Listed,Aster আমি যখন খুদে বিজ্ঞানী,১০০৳,৭৮৳,https://www.wafilife.com/aster-ami-jokhon-khudebiggani/pd/6346
আতশি মালাকার,Not Listed,Aster আজব চিড়িয়াখানা,১০০৳,৭৮৳,https://www.wafilife.com/aster-ajob-chiriyakhana/pd/6345
আতশি মালাকার,Not Listed,Aster মৌমিতার পুতুল হারিয়ে গেলো বনে,১০০৳,৭৮৳,https://www.wafilife.com/aster-moumitar-putul-hariye-gelo-bone/pd/6347
আতহার উদ্দিন তালুকদার,Not Listed,১৯৭১ কীর্তনখোলায় নৌযুদ্ধ,৪২০৳,৩৩৬৳,https://www.wafilife.com/1971-kirtonkholar-noujuddho/pd/24173
আতা সরকার,Not Listed,আপন লড়াই,২৯০৳,২৪১৳,https://www.wafilife.com/apon-larai/pd/47699
আতা সরকার,Not Listed,তিতুর লেঠেল,২৫০৳,২০৮৳,https://www.wafilife.com/titur-lethel/pd/35813
আতা সরকার,Not Listed,সাহসী মানুষের গল্প,২৯০৳,২৪১৳,https://www.wafilife.com/sahoshi-manusher-golpo/pd/10152
আতাউর করিম,Not Listed,মুক্তিযুদ্ধের গল্প,২০০৳,১৫০৳,https://www.wafilife.com/muktijuddar-golpo/pd/41722
আতাউর রহমান,Not Listed,প্রজ্ঞা পরম্পরা,৪০০৳,৩২০৳,https://www.wafilife.com/prajna-parampara/pd/75568
আতাউর রহমান,Not Listed,নিমীলিত মানুষেরা,১৬০৳,১২০৳,https://www.wafilife.com/nimilito-manushera/pd/66751
আতাউর রহমান,Not Listed,মুক্তিযুদ্ধে চলন বিলাঞ্চলের ইতিহাস,"১,৮০০৳","১,৫৪৮৳",https://www.wafilife.com/muktijudhe-chalan-bilancaler-etihas/pd/63980
আতাউর রহমান,Not Listed,অল্প অম্ল বিস্তর মধুর,২০০৳,১৬৬৳,https://www.wafilife.com/alpa-amla-bistor-modhur/pd/64235
আতাউর রহমান আল হাদী,Not Listed,প্রিয় নবীর পরিচয় সিরিজ,"১,১০০৳",৬৩৮৳,https://www.wafilife.com/priyo-nobir-poricoy-series/pd/42880
আতাউর রহমান আলহাদী,Not Listed,শিশুদের আদব সিরিজ,"১,২০০৳",৬৪৯৳,https://www.wafilife.com/shisuder-adob-series/pd/42877
আতাউর রহমান আলহাদী,Not Listed,প্রিয় নবীর পরিচয় সিরিজ ১ প্রিয় নবীর নাম মোহাম্মদ,১১০৳,৬১৳,https://www.wafilife.com/prio-nobir-poricoy-series-1-prio-nobir-nam-mohammad/pd/42781
আতাউর রহমান আলহাদী,Not Listed,প্রিয় নবীর পরিচয় সিরিজ ৩ প্রিয় নবীর মাতা আমিনা,১১০৳,৬১৳,https://www.wafilife.com/prio-nobir-poricoy-series-3-prio-nobir-mata-amina/pd/42783
আতাউর রহমান আলহাদী,Not Listed,প্রিয় নবীর পরিচয় সিরিজ ৫ প্রিয় নবীর বিন্ধু আবু বক্কর,১১০৳,৬১৳,https://www.wafilife.com/prio-nobir-poricoy-series-5-prio-nobir-bindu-abu-bokkor/pd/42785
আতাউর রহমান আলহাদী,Not Listed,প্রিয় নবীর পরিচয় সিরিজ ৮ প্রিয় নবীর রওজা মদীনায়,১১০৳,৬১৳,https://www.wafilife.com/prio-nobir-poricoy-series-8-prio-nobir-rowja-modinai/pd/42788
আতাউর রহমান আলহাদী,Not Listed,প্রিয় নবীর পরিচয় সিরিজ ৯ প্রিয় নবীর খলিফা চার জন,১১০৳,৬১৳,https://www.wafilife.com/prio-nobir-poricoy-series-9-prio-nobir-kholifa-char-jon/pd/42789
আতাউর রহমান আলহাদী,Not Listed,প্রিয় নবীর পরিচয় সিরিজ ৪ প্রিয় নবীর দাদা আব্দুল মুত্তালিব,১১০৳,৬১৳,https://www.wafilife.com/prio-nobir-poricoy-series-4-prio-nobir-dada-abdul-mottalib/pd/42784
আতাউর রহমান আলহাদী,Not Listed,প্রিয় নবীর পরিচয় সিরিজ ২ প্রিয় নবীর পিতার নাম আব্দুল্লাহ,১১০৳,৬১৳,https://www.wafilife.com/prio-nobir-poricoy-series-2-prio-nobir-pitar-nam-abdullah/pd/42782
আতাউর রহমান আলহাদী,Not Listed,প্রিয় নবীর পরিচয় সিরিজ ৭ প্রিয় নবীর জন্ম মক্কায়,১১০৳,৬১৳,https://www.wafilife.com/prio-nobir-poricoy-series-7-prio-nobir-jormo-mokkai/pd/42787
আতাউর রহমান আলহাদী,Not Listed,প্রিয় নবীর পরিচয় সিরিজ ৬ প্রিয় নবীকে কষ্ট দিতো আবু জাহেল,১১০৳,৬১৳,https://www.wafilife.com/prio-nobir-poricoy-series-6-prio-nobik-kosto-dito-abu-jahel/pd/42786
আতাউর রহমান আলহাদী,Not Listed,প্রিয় নবীর সিরিজ ১০ এসো প্রিয় নবীর জন্য দরূদ পড়ি,১১০৳,৬১৳,https://www.wafilife.com/prio-nobir-series-10-eso-prio-nobir-jonno-dorud-pori/pd/42791
আতাউর রহমান আলহাদী,Not Listed,মরুর ফুল,৫০০৳,২৫০৳,https://www.wafilife.com/dibakor-1-4-chotoder-jonno/pd/2964
আতাউর রহমান কানন,Not Listed,ইউএনও সাহেবের আয়না,৫৫০৳,৪০১.৫০৳,https://www.wafilife.com/uno-shaheber-ayna/pd/57701
আতাউর রহমান কানন,Not Listed,শাপলা পরীর দেশে,১২০৳,৮৭.৬০৳,https://www.wafilife.com/shapla-porir-deshe/pd/37991
আতাউর রহমান কানন,Not Listed,মার্চের পর মার্চ,৫০০৳,৪১৫৳,https://www.wafilife.com/marcher-par-march/pd/40473
আতাউর রহমান কানন,Not Listed,গল্পদাদুর শেখ মুজিব,২৫০৳,১৮২.৫০৳,https://www.wafilife.com/golpo-dadur-sheikh-mujib/pd/37896
আতাউর রহমান কানন,Not Listed,ভ্রমণকথা,৫০০৳,৪১৫৳,https://www.wafilife.com/bhromonkotha/pd/40545
আতাউর রহমান কানন,Not Listed,ভ্রমণবিলাস,৩৫০৳,২৯১৳,https://www.wafilife.com/vromon-bilash/pd/9306
আতাউর রহমান কানন,Not Listed,ভ্রমণ পূর্ব-পশ্চিম,৩৫০৳,২৯১৳,https://www.wafilife.com/vromon-purbo-poschim/pd/9307
আতাউর রহমান কানন,Not Listed,ভ্রমণ দেশে বিদেশে,৪০০৳,৩০০৳,https://www.wafilife.com/vromon-deshe-bideshe/pd/44304
আতাউর রহমান কানন,Not Listed,কিছু স্মৃতি কিছু কথা এবং আমার দেশ,২৪০৳,১৮০৳,https://www.wafilife.com/kichu-smriti-kichu-kotha-ebong-amar-desh/pd/44322
আতাউর রহমান কারণ,Not Listed,ঘর হতে শুধু দুই পা,৬০০৳,৪৩৮৳,https://www.wafilife.com/ghor-hote-sudu-doi-pa/pd/61053
আতাউর রহমান চোধুরী,Not Listed,শুদ্ধ উচ্চারণ ও আবৃত্তি সহজ পাঠ,২৫০৳,২০৮৳,https://www.wafilife.com/suddo-uccaron-o-abritty-sahoz-path/pd/45822
আতাউর রহমান সিকদার,Not Listed,কুরআন কি আল্লাহর বাণীয় নয়?,৩০৳,২৬৳,https://www.wafilife.com/quran-ki-allahr-bani-noy/pd/73967
আতাউর রহমান সিহাব,Not Listed,প্রত্যাবর্তন,৪৪০৳,২৬৪৳,https://www.wafilife.com/prottabarton/pd/40223
আতাউর রহমান সিহাব,Not Listed,প্রত্যাবর্তন,৪৪০৳,৩৭৮৳,https://www.wafilife.com/prottaborton/pd/54748
আতাউল হক,Not Listed,English Reading Skills,৪৫০৳,৪০৫৳,https://www.wafilife.com/ইংলিশ-রিডিং-স্কিলস/pd/20535
আতাউল হক,Not Listed,English Writing Skill,২৩৫৳,২০০৳,https://www.wafilife.com/ইংলিশ-রাইটিং-স্কিল/pd/20537
আতাউল হক প্রামানিক,Not Listed,Inclusive Development in Emerging and Frontier Asian Economies,৩০০৳,২৫৮৳,https://www.wafilife.com/inclusive-development-in-emerging-and-frontier-asian-economi/pd/29505
আতাউল হক সিদ্দিকী,Not Listed,সনেট সমগ্র,৫০০৳,৪১০৳,https://www.wafilife.com/sonnet-samogro/pd/61775
আতাউলহক জালালাবাদী,Not Listed,আদর্শ জীবনের গল্প,৪০০৳,২৪০৳,https://www.wafilife.com/adorsho-jiboner-golpo/pd/66923
আতাউলহক জালালাবাদী,Not Listed,আত তাযকিরুল ফাওরি তালখিসু মাবাহিসিদ দুরুস,৭০০৳,৬৩০৳,https://www.wafilife.com/at-tajkirul-fawri-talkhisu-mabahisud-durus/pd/64999
আতাউলহক জালালাবাদী,Not Listed,মহৎ জীবনের গল্প,৫০০৳,৩০০৳,https://www.wafilife.com/mohot-jiboner-golpo/pd/25197
আতাউল্লাহ আদনান,Not Listed,সন্দীপন প্রকাশনের নতুন ৪টি বই (প্রি-অর্ডার),৯৭৫৳,৭৫০.৭৫৳,https://www.wafilife.com/sondipon-prokashan-4-books-pre-order/pd/31833
আতাউল্লাহ আদনান,Not Listed,রাসূলুল্লাহ সা.-র আগমন বার্তা,২২০৳,১৬৯.৪০৳,https://www.wafilife.com/rasul-sm-er-agomon-barta/pd/31830
আতাহার আলী খান,Not Listed,রবীন্দ্রনাথ ও আমরা,৮০৳,৬৬৳,https://www.wafilife.com/robindronath-o-amra/pd/40765
আতিউর রহমান,Not Listed,গুণীজন শুভজন,৫৫০৳,৪৫৭৳,https://www.wafilife.com/gunijon-shuvojon/pd/37613
আতিউর রহমান,Not Listed,শেখ মুজিব বাংলাদেশের আরেক নাম,"১,২০০৳",৯৯৬৳,https://www.wafilife.com/shekh-mujib-bangladesher-arek-nam/pd/37632
আতিউর রহমান,Not Listed,From Ashes To Prosperity,৮০০৳,৬৬৪৳,https://www.wafilife.com/from-ashes-to-prosperity/pd/9257
আতিউর রহমান,Not Listed,Vibrant Bangladesh Economy Despite Pandemic,৪০০৳,৩২০৳,https://www.wafilife.com/vibrant-bangladesh-economy-despite-pandemic/pd/80190
আতিউর রহমান,Not Listed,Bangladesh Moves On,"১,০০০৳",৮৩০৳,https://www.wafilife.com/bangladesh-moves-on/pd/9252
আতিউর রহমান,Not Listed,নির্বাচিত প্রবন্ধ,"১,৫০০৳","১,০৯৫৳",https://www.wafilife.com/nirbachito-probandho/pd/51343
আতিউর রহমান,Not Listed,বাংলাদেশ নেতৃত্বের পরস্পরা ও উন্নয়ন,৬৯০৳,৫১৭৳,https://www.wafilife.com/bangladesh-nettritter-porompora-o-unnoyon/pd/41884
আতিউর রহমান,Not Listed,জীবন বদলে দেওয়া মোটিভেশন স্পিস,৩০০৳,২৪৯৳,https://www.wafilife.com/jibon-bodle-deya-motivation-speech/pd/41987
আতিউর রহমান,Not Listed,সিক্রেট ডক্যুমেন্টস সংক্ষিপ্ত ও সরল পাঠ,৬০০৳,৪৯২৳,https://www.wafilife.com/secret-documents-songkhipto-o-sorol-path/pd/38856
আতিউর রহমান,Not Listed,নিশিদিন ভরসা রাখিস,৫০০৳,৪১৫৳,https://www.wafilife.com/nishidin-vorosa-sakhis/pd/37638
আতিউর রহমান,Not Listed,"রবীন্দ্রভাবনায় সমাজ, সংস্কৃতি ও অর্থনীতি",২৫০৳,২০৮৳,https://www.wafilife.com/robindrovabnay-somaz-songskriti-o-orthoniti/pd/47430
আতিউর রহমান,Not Listed,সুশাসনের সন্ধানে,৩২৫৳,২৭৫৳,https://www.wafilife.com/sushasoner-sondhane/pd/7816
আতিউর রহমান,Not Listed,জনগণের বাজেট : অংশগ্রহণমূলক পরিপ্রেক্ষিত,২৭৫৳,২২৫.৫০৳,https://www.wafilife.com/jonogoner-budget-ongsogrohonmuluk-poriprekheto/pd/36374
আতিউর রহমান,Not Listed,আগামী দিনের বাংলাদেশ : একুশ শতকের উন্নয়ন ভাবনা,২৮৫৳,২৩৩.৭০৳,https://www.wafilife.com/agani-dener-bangladesh-ekush-sotoker-vabna/pd/36372
আতিউর রহমান,Not Listed,"উন্নয়ন আলাপ: অর্থনীতি, পরিবেশ ও উন্নয়ন বিতর্ক",৩২৫৳,২৬৬.৫০৳,https://www.wafilife.com/unnoyhon-alap-orthoniti-porivesh-o-unnoyhon-betorko/pd/36387
আতিউর রহমান,Not Listed,ভাষা-আন্দোলনের আর্থ-সামাজিক পটভূমি,৩৭৫৳,৩০৭.৫০৳,https://www.wafilife.com/vasa-andoloner-artho-samajik-potovumi/pd/34915
আতিউর রহমান,Not Listed,বাংলাদেশের অর্থনীতির সমকালীন গতি-প্রকৃতি,১৭০৳,১৩৬৳,https://www.wafilife.com/bangladesher-orthonitir-somokalin-goti-prokriti/pd/51612
আতিউর রহমান,Not Listed,নির্বাচিত প্রবন্ধ,৪২০৳,৩৪৪.৪০৳,https://www.wafilife.com/nirbachito-probondo/pd/38964
আতিউর রহমান,Not Listed,উন্নয়ন কার জন্য,২২৫৳,১৮৪.৫০৳,https://www.wafilife.com/unnoyon-kar-jonno/pd/7743
আতিউর রহমান,Not Listed,অধিকারভিত্তিক উন্নয়ন,২৭৫৳,২২৫.৫০৳,https://www.wafilife.com/odhikarvittik-unnoyon/pd/7728
আতিক ফারুক,Not Listed,কতিপয় বৃহস্পতির দিনলিপি,২০০৳,১৫০৳,https://www.wafilife.com/kotipoe-briohspotir-dinlipi/pd/23717
আতিক ফারুক,Not Listed,বুনোফুলের দিন,৬৭৳,৫০৳,https://www.wafilife.com/bunofuler-din/pd/14409
আতিক মনসুর,Not Listed,গল্পে গল্পে জ্যামিতি,৩০০৳,২১০৳,https://www.wafilife.com/golpe-golpe-geometry/pd/37072
আতিক হাসান,Not Listed,বিজ্ঞানের বিচিত্র জগৎ,৪০০৳,৩০০৳,https://www.wafilife.com/bigganer-bichitra-jagat/pd/43919
আতিকা বেগম রাশি,Not Listed,আত্মজীবনী ফিরে দেখা,৪৫০৳,৩৭৪৳,https://www.wafilife.com/attojiboni-fire-dekha/pd/40422
আতিকুজ্জামান খান,Not Listed,বিদায় পরিচিতা,২০০৳,১৪০৳,https://www.wafilife.com/biday-porichita/pd/62689
আতিকুর রহমান,Not Listed,মুক্তিযুদ্ধের অপ্রকাশিত কথা,২০০৳,১৬৬৳,https://www.wafilife.com/muktijuddher-oprokashito-kotha/pd/50134
আতিকুর রাহমান আদিত্য,Not Listed,সত্যগ্রন্থ,২৫০৳,১৮৮৳,https://www.wafilife.com/shottogrontho/pd/42491
আতিকুর রাহমান আদিত্য,Not Listed,আবিষ্কার,২০০৳,১৭২৳,https://www.wafilife.com/abisker/pd/42500
আতিকুল হোসেইন খান,Not Listed,শিশু কিশোরদের জন্য গল্পচ্ছলে বিশ্ব পরিচয়,২৫০৳,১৯৬৳,https://www.wafilife.com/shishu-kishorder-jonno-golpocchole-bishwo-porichoy/pd/39012
আতিকুল হোসেইন খান,Not Listed,যখন রেলে চড়লাম,৪৫০৳,৩৩৮৳,https://www.wafilife.com/jokhon-rele-chorlam/pd/39057
আতিকুল হোসেইন খান,Not Listed,বাংলা বানানের কতিপয় নিয়ম ও মনে রাখার কিছু কৌশল,১০০৳,৮৩৳,https://www.wafilife.com/বাংলা-বানানের-কতিপয়-নিয়ম-ও-মনে-রাখার-কিছু-কৌশল/pd/10044
আতিদ তূর্য,Not Listed,বনের পাশে বৃহন্নলা,২০০৳,১৬০৳,https://www.wafilife.com/bon-er-pase-brihonnota/pd/62288
আতিফ সাবির,Not Listed,আসহাবে রাসূলের আলোকিত জীবন,৭০০৳,২৮০৳,https://www.wafilife.com/ashabe-rasuler-alokito-jibon/pd/6975
আতিফা পাবলিকেশন,Not Listed,কোলকাতা হরফে কুরআন মাজীদ ১০টি তাজভীদে - কালার কোড,"১,২২৫৳",৬৯৮৳,https://www.wafilife.com/kolkata-horofe-kuran-majid-10-ti-tajabhide/pd/33019
আতিফা পাবলিকেশন,Not Listed,আল-ফিকহ্,0,১১০৳,https://www.wafilife.com/al-fiqah/pd/33018
আতিফা পাবলিকেশন,Not Listed,তাহফীযুল কুরআন মাজীদ - (সাত কালার),৭৫০৳,৪২৮৳,https://www.wafilife.com/tahfizul-quran-mazid/pd/33017
আতিফা পাবলিকেশন,Not Listed,তাহ্ফীযুল কুরআন মাজীদ - (পকেট সাইজ),২৬৭৳,১৭৪৳,https://www.wafilife.com/tahfizul-quran-mazid/pd/32992
আতিয়া আদিবা,Not Listed,দ্য জার্নি টু কাশ্মীর,৩৬০৳,২৫২৳,https://www.wafilife.com/journey-to-kashmir/pd/66453
আতিয়ার রহমান,Not Listed,বুদ্ধি ও রঙ্গরস,২৪০৳,১৯২৳,https://www.wafilife.com/buddhi-o-rongoros/pd/6089
আতীয়া মুহাম্মদ সায়ীদ,Not Listed,কালেমা শাহাদাতের হাকীকত,২৫৳,১৭.৫০৳,https://www.wafilife.com/kalema-sahadater-hakikot/pd/1521
আতোয়ান দ্য স্যাৎ- একজ্যুপেরি,Not Listed,ছোট্ট রাজপুত্র,২৭০৳,২২৪৳,https://www.wafilife.com/chotto-rajputro/pd/32691
আতোয়ার রহমান,Not Listed,একাত্তরঃ নির্যাতনের কড়চা,৩৪০৳,২৭৮.৮০৳,https://www.wafilife.com/ekattor-nirjatoner-korcha/pd/35041
আতোয়ার রহমান,Not Listed,সূর্যবাদ,৮০৳,৬৪৳,https://www.wafilife.com/surjobad/pd/43667
আতোয়ার রহমান,Not Listed,বাগবান ভাই মোহাম্মদ নাসির,১০০৳,৮৬৳,https://www.wafilife.com/bagaban-vai-mohammod-nasir/pd/51792
আতোয়ার রহমান,Not Listed,তিন মাসে ইংরাজী শিক্ষা,১২০৳,৭৮৳,https://www.wafilife.com/tin-mase-englishshikha/pd/44675
আদ দাঈ ফাউন্ডেশন,Not Listed,কিতাবুল আদাব,0,৫০৳,https://www.wafilife.com/kitabul-adobe/pd/67427
আদ দাঈ ফাউন্ডেশন,Not Listed,কিতাবুল কুরআন লিল আতফাল,0,৩০৳,https://www.wafilife.com/kitabul-quran-lil-atfal/pd/63328
আদনান মান্নান,Not Listed,স্বপ্নের সীমানা পেরিয়ে,২৫০৳,২০৮৳,https://www.wafilife.com/shopner-shimana-periye/pd/25011
আদনান মাহমুদ,Not Listed,দ্য হিস্ট্রি অব সিরিয়া,২০০৳,১৫০৳,https://www.wafilife.com/the-history-of-syria/pd/61097
আদনান মুকিত,Not Listed,দ্য নিউ অ্যাডভেঞ্চার অব ফার্মের মুরগি,৪২৫৳,৩৪০৳,https://www.wafilife.com/the-new-adventures-of-farmer-murgi/pd/61701
আদনান মোরশেদ,Not Listed,Oculus: A Decade of Insights into Bangladeshi Affairs,৬২৫৳,৫১২.৫০৳,https://www.wafilife.com/oculus-a-decade-of-insights-into-bangladeshi-affairs/pd/10587
আদনান রশীদ,Not Listed,ডার্ক সাইড অব ব্রিটিশ এম্পায়ার,২০০৳,১৬০৳,https://www.wafilife.com/dark-side-of-british-empire/pd/24126
আদনান সৈয়দ,Not Listed,আমেরিকার প্যারানরমাল গল্প,৩৪০৳,২৭২৳,https://www.wafilife.com/americar-paranormal-golpo/pd/75661
আদনান সৈয়দ,Not Listed,কোরচাকের অমল,৪৮০৳,৩৮৪৳,https://www.wafilife.com/korcaker-omol/pd/67134
আদনান সৈয়দ,Not Listed,স্টোরিজ অব জ্যাকসন হাইটস,৩০০৳,২৪০৳,https://www.wafilife.com/stories-of-jackson-heights/pd/30571
আদনান সৈয়দ,Not Listed,বিশ্বসাহিত্যের সোনালি রুপালি,৪৫০৳,৩৬০৳,https://www.wafilife.com/biswshahityer-sonali-rupali/pd/55195
আদনান সৈয়দ,Not Listed,পূর্ব পশ্চিমের আলো,২৮০৳,২৩২৳,https://www.wafilife.com/purbo-poschimer-alo/pd/37821
আদনান সৈয়দ,Not Listed,শহীদ কাদরী বাড়ি নেই,৮০৳,৬৪৳,https://www.wafilife.com/shohid-kadri-bari-nei/pd/52721
আদনান সৈয়দ,Not Listed,ঔপনিবেশিক ভারতে বিলাতি নারীরা,২৫০৳,১৮২.৫০৳,https://www.wafilife.com/ouponibeshik-varote-bilati-narira/pd/7329
আদরিব মালাশ,Not Listed,ছাত্রদর্পণ,১৬০৳,১২০৳,https://www.wafilife.com/chatrodorpon/pd/24817
আদরিব মালাশ,Not Listed,ছাত্রদর্পণ,১৬০৳,১৩৮৳,https://www.wafilife.com/chatrodorpon/pd/36973
আদানিয়া শিবলি,Not Listed,মাইনর ডিটেইল,২৫০৳,১৫০৳,https://www.wafilife.com/mainor-detail/pd/64738
আদানিয়া শিবলি,Not Listed,সামান্য একটু ডিটেইল,২৩০৳,১৮৪৳,https://www.wafilife.com/samanno-ektu-detail/pd/61919
আদানিয়া শিবলি,Not Listed,সামান্য একটু ডিটেইল,২৩০৳,১৮৪৳,https://www.wafilife.com/samanno-ektu-detail/pd/61815
আদিতা এস. সোহা,Not Listed,The Whistler,৪০০৳,৩০০৳,https://www.wafilife.com/the-whistler/pd/44526
আদিত্য অনীক,Not Listed,সাত ‍ভূতের বোকামি,২২০৳,১৮৩৳,https://www.wafilife.com/sat-voter-vukami/pd/69416
আদিত্য অনীক,Not Listed,নারীর নিজস্ব স্বর,১৯৯৳,১৬৯.১৫৳,https://www.wafilife.com/narir-nizoso-sor/pd/69441
আদিত্য অনীক,Not Listed,টম অ্যান্ড জেরি,২০০৳,১৬৬৳,https://www.wafilife.com/tom-jeri/pd/69391
আদিত্য অনীক,Not Listed,টম অ্যান্ড জেরি,২০০৳,১৬৬৳,https://www.wafilife.com/tom-jeri/pd/69392
আদিত্য অনীক,Not Listed,Elephant &amp; Friends,২২০৳,১৭০৳,https://www.wafilife.com/elephant-friends/pd/69396
আদিত্য অনীক,Not Listed,হতবুদ্ধি বানর,১৫০৳,১২৫৳,https://www.wafilife.com/hatabuddhi-banor/pd/69411
আদিত্য অনীক,Not Listed,উত্তরের সেক্টর,২২৫৳,১৯১.২৫৳,https://www.wafilife.com/uttorer-sector/pd/69364
আদিত্য অনীক,Not Listed,অভিসার,২০০৳,১৭০৳,https://www.wafilife.com/ovisar/pd/69363
আদিত্য অনীক,Not Listed,আকাশ প্রিয়তি,২৫০৳,২১২.৫০৳,https://www.wafilife.com/akash-prioti/pd/69365
আদিত্য অনীক,Not Listed,নীলকন্ঠ,২০০৳,১৭০৳,https://www.wafilife.com/neelkonthho/pd/69356
আদিত্য অনীক,Not Listed,ভয়ঙ্কর মধুপুর,২০০৳,১৭৮৳,https://www.wafilife.com/voyonkar-modhupur/pd/69370
আদিত্য অনীক,Not Listed,আলাদিন,৩০০৳,২৪৯৳,https://www.wafilife.com/aladin/pd/69425
আদিত্য অনীক,Not Listed,বীরবল ও আকবর,২৬০৳,২২৩.৬০৳,https://www.wafilife.com/birbal-akbar/pd/69428
আদিত্য অনীক,Not Listed,জানা জগতের অজানা বিজ্ঞান,২৯৯৳,২৫৫৳,https://www.wafilife.com/jana-jogoter-ojana-biggan/pd/68296
আদিত্য অনীক,Not Listed,Elephant &amp; Friends,২২০৳,১৮৭৳,https://www.wafilife.com/elephant-friends/pd/67821
আদিত্য অনীক,Not Listed,নীল কুঠুরির ভূত,২০০৳,১৬৬৳,https://www.wafilife.com/neel-kuthhurir-vut/pd/67820
আদিত্য অনীক,Not Listed,বিশ্বসেরা জোকস,২৬০৳,২১৬৳,https://www.wafilife.com/bisshosera-jokes/pd/67817
আদিত্য অনীক,Not Listed,ইবনে বতুতা ও আশুরা,২০০৳,১৭০৳,https://www.wafilife.com/ebne-botuta-o-ashura/pd/67944
আদিত্য অনীক,Not Listed,সৌরজগতের অজানা রহস্য,৩০০৳,২৪৯৳,https://www.wafilife.com/sourojogoter-ojana-rohosso/pd/64320
আদিত্য অনীক,Not Listed,টম অ্যান্ড জেরি মিট লিটল ডাক,২০০৳,১৬৬৳,https://www.wafilife.com/tom-and-jerry-meet-little-duck/pd/57483
আদিত্য অনীক,Not Listed,হারিয়ে যাবার পথ,১৫০৳,১২৫৳,https://www.wafilife.com/hariye-jabar-poth/pd/57230
আদিত্য অনীক,Not Listed,উত্তরের সেক্টর,২২৫৳,১৮৭৳,https://www.wafilife.com/uttarer-sector/pd/57233
আদিত্য অনীক,Not Listed,নীলকণ্ঠ,২০০৳,১৬৬৳,https://www.wafilife.com/nilkontho/pd/57234
আদিত্য অনীক,Not Listed,স্নো হোয়াইট,৩০০৳,২৪৯৳,https://www.wafilife.com/snow-white/pd/57208
আদিত্য অনীক,Not Listed,রোবাইয়াত ও ওমর খৈয়াম আদিত্য অনীক,৩০০৳,২৪৯৳,https://www.wafilife.com/robayat-e-omar-khaiam/pd/57215
আদিত্য অনীক,Not Listed,মানবজাতির বিশ্ববিজয়,৩৯৯৳,৩৩১৳,https://www.wafilife.com/manobuatir-bishsobijoy/pd/57213
আদিত্য অনীক,Not Listed,Alphabet,১৩০৳,১০৮৳,https://www.wafilife.com/alphabet/pd/51947
আদিত্য অনীক,Not Listed,আলীবাবা ও চল্লিশ চোর,২০০৳,১৬৬৳,https://www.wafilife.com/alibaba-o-chollish-chor/pd/51943
আদিত্য অনীক,Not Listed,শিশুদের বর্ণমালা শেখা,১৩০৳,১০৮৳,https://www.wafilife.com/shishuder-bornomala-shekha/pd/51930
আদিত্য অনীক,Not Listed,জানা জগতের অজানা বিজ্ঞান,২৯৯৳,২৪৮৳,https://www.wafilife.com/jana-jogoter-ojana-biggan/pd/25361
আদিত্য অনীক,Not Listed,সিন্ডারেলা,২২০৳,১৮৩৳,https://www.wafilife.com/sindarela/pd/51945
আদিত্য অনীক,Not Listed,মোল্লা নাসির উদ্দিন হোজ্জার সেরা গল্প,৩০০৳,২৪৯৳,https://www.wafilife.com/molla-nasiruddin-hozzar-sera-galpo/pd/51882
আদিত্য অনীক,Not Listed,এই পৃথিবীর অন্তঃপুরে,২০০৳,১৬৬৳,https://www.wafilife.com/ei-prithibir-antopure/pd/51940
আদিত্য অনীক,Not Listed,বাংলাদেশঃ ঐতিহ্য ও পর্যটন,৩৫০৳,২৯১৳,https://www.wafilife.com/bangladesh-oitijho-o-parjatan/pd/51911
আদিত্য রায়হান,Not Listed,রাজুমারের গল্প,৭০৳,৬০৳,https://www.wafilife.com/rajkumarir-golpo/pd/51828
আদিত্য রুপু,Not Listed,ছড়া আমার মামাতো বোন,৭৫৳,৬২৳,https://www.wafilife.com/chora-amar-mamato-bon/pd/52277
আদিত্য রুপু,Not Listed,ঠোঁট রেখেছি ছড়ার ঠোঁটে,১০০৳,৮০৳,https://www.wafilife.com/thot-rakhechi-chorar-thote/pd/52362
আদিত্য শাহীন,Not Listed,ভেবলুর গালিভার,৬০৳,৫০৳,https://www.wafilife.com/vablur-galiver/pd/45902
আদিনা আরেফিন,Not Listed,বা ও কা,১৭৫৳,১৪৫৳,https://www.wafilife.com/ba-o-ka/pd/50713
আদিব সালেহ,Not Listed,তবুও ভালোবাসব,১৯৫৳,১৪২৳,https://www.wafilife.com/tobuo-valobasbo/pd/68128
আদিব সালেহ,Not Listed,রাইয়ান প্রকাশনের নতুন প্রকাশিত বইসমূহ,৯৩৫৳,৭০১৳,https://www.wafilife.com/raiyan-prokashon-er-21-se-boimelay-prokashito-notun-boisomuh/pd/62898
আদিব সালেহ,Not Listed,রাইটার্স টাইমলাইন,১৫০৳,১১৩৳,https://www.wafilife.com/writers-timeline/pd/62186
আদিব সালেহ,Not Listed,অপেক্ষার শেষ প্রহর,২২০৳,১৬৫৳,https://www.wafilife.com/opekkhar-shesh-prohor/pd/11618
আদিব সালেহ,Not Listed,আজ ছুটি নিক দুঃখরা ও বিহাইন্ড অব সুইসাইড (২টি বই),২৫০৳,১৮৩৳,https://www.wafilife.com/aj-chuti-nik-dukkhora-o-behind-of-suicide/pd/49344
আদিব সালেহ,Not Listed,আজ ছুটি নিক দুঃখরা,১০০৳,৭৩৳,https://www.wafilife.com/aj-chuti-nik-dukkhora/pd/44865
আদিব সালেহ,Not Listed,কুরআনিক নসিহা,২০০৳,১১০৳,https://www.wafilife.com/quranic-nosiha/pd/26003
আদিব সালেহ,Not Listed,বিহাইন্ড অব সুইসাইড,১৫০৳,১১০৳,https://www.wafilife.com/behind-of-suicide/pd/25282
আদিব সালেহ,Not Listed,ডিপ্রেশন,২৮০৳,২১০৳,https://www.wafilife.com/depression/pd/23929
আদিব সালেহ,Not Listed,আঁধারে ঢাকা ভোর,১৮৬৳,১৪৩৳,https://www.wafilife.com/adhare-dhaka-vor/pd/23718
আদিব সালেহ,Not Listed,ভালোবাসার অতৃপ্ত প্রহর,২৮০৳,২০৪.৪০৳,https://www.wafilife.com/valobasar-otripto-prohor/pd/23331
আদিব সালেহ,Not Listed,প্রিয়তম,২৫০৳,১৮২.৫০৳,https://www.wafilife.com/preyotomo/pd/12687
আদিব সালেহ,Not Listed,ফিতনার মোহজাল থেকে আত্মার সুরক্ষা,২০০৳,১১০৳,https://www.wafilife.com/fitnar-muhojal-theke-attar-surokkha/pd/24091
আদিবা পাবলিকেশন্স সম্পাদনা পর্ষদ,Not Listed,Guardian Comprehensive Licensing,৮০০৳,৪৫০৳,https://www.wafilife.com/guardian-comprehensive-licensing/pd/67062
আদিবা পাবলিকেশন্স সম্পাদনা পর্ষদ,Not Listed,NUCLEUS Women's Health - 2nd Year,৬৫০৳,৩৫০৳,https://www.wafilife.com/nucleus-womens-health-2nd-year/pd/67064
আদিবা পাবলিকেশন্স সম্পাদনা পর্ষদ,Not Listed,হেলথ কেয়ার বিএসসি ইন হেলথ টেকনোলজি ভর্তি গাইড,৭০০৳,৫৩৯৳,https://www.wafilife.com/vabna-nursing-and-midwifery-job-solution/pd/67052
আদিবা পাবলিকেশন্স সম্পাদনা পর্ষদ,Not Listed,হেলথ কেয়ার বিএসসি (অনার্স) ইন ফুড সায়েন্স এন্ড নিউট্রিশন প্রোগ্রাম - ভর্তি সহায়িকা : ২০২২-২০২৩,৭০০৳,৩২৫৳,https://www.wafilife.com/health-care-bsc-hons-in-food-science-and-nutrition-program/pd/67059
আদিবা পাবলিকেশন্স সম্পাদনা পর্ষদ,Not Listed,NUCLEUS The Art And Science of Midwifery - 2nd Year,৬৫০৳,৩৫০৳,https://www.wafilife.com/nucleus-the-art-and-science-of-midwifery-2nd-year/pd/67063
আদিবা পাবলিকেশন্স সম্পাদনা পর্ষদ,Not Listed,আপডেট নার্সিং এন্ড মিডওয়াইফারি মডেল টেস্ট,৩৬০৳,১৫৪৳,https://www.wafilife.com/e0a686e0a6aae0a6a1e0a787e0a69f-e0a6a8e0a6bee0a6b0e0a78de0a6b/pd/67048
আদিবা পাবলিকেশন্স সম্পাদনা পর্ষদ,Not Listed,NUCLEUS Complicated Maternity Experience - 2nd Year,৬৩০৳,৩০০৳,https://www.wafilife.com/nucleus-complicated-maternity-experience-2nd-year/pd/67065
আদিবা পাবলিকেশন্স সম্পাদনা পর্ষদ,Not Listed,NUCLEUS Research and Evidence Based Midwifery - 2nd Year,৬৩০৳,৩০০৳,https://www.wafilife.com/nucleus-research-and-evidence-based-midwifery-2nd-year/pd/67066
আদিল আব্দুল্লাহ,Not Listed,তুমি আমার ভালোবাসার প্রেয়সী,৩০০৳,১৫০৳,https://www.wafilife.com/tumi-amar-bhalobashar-preyosi/pd/77999
আদিল আব্দুল্লাহ,Not Listed,তাকওয়া মুমিনের হাতিয়ার,২০০৳,১১০৳,https://www.wafilife.com/taqwa-mominiar-hatiyar/pd/78000
আদিল আব্দুল্লাহ,Not Listed,পৃথিবীর শেষ সময় শুরু হয়েছে,১৬০৳,৮০৳,https://www.wafilife.com/prithibir-shesh-shomoy-shuru-hoyeche/pd/30268
আদিল আব্দুল্লাহ,Not Listed,হুজুর মিয়ার বিয়ে,২৬০৳,১৩০৳,https://www.wafilife.com/huzur-miyar-biye/pd/30270
আদিল আব্দুল্লাহ,Not Listed,জান্নাতে যাওয়ার সহজ পথ,১৬০৳,৮০৳,https://www.wafilife.com/jannate-jawar-shohoj-poth/pd/30274
আদিল মুহাম্মাদ খলিল,Not Listed,কোরআন বুঝতে সহায়ক ৩টি বই একসাথে (প্যাকেজ),"১,৫৫৭৳","১,১৬৮৳",https://www.wafilife.com/quran-bujte-sohaiok-3-boi-aksathe-package/pd/61941
আদিল মুহাম্মাদ খলিল,Not Listed,তাদাব্বুর প্যাকেজ,"২,১৫২৳","১,৬১৪৳",https://www.wafilife.com/tadabbur-package-ramadan/pd/32408
আদিল মুহাম্মাদ খলিল,Not Listed,তাদাব্বুরে কুরআন প্যাকেজ (রুহামা),"১,১২৫৳",৮৪৪৳,https://www.wafilife.com/tadabbure-quran-package-ruhama/pd/26958
আদিল মুহাম্মাদ খলিল,Not Listed,তাদাব্বুর প্যাকেজ,"১,০৮৭৳",৮১৫৳,https://www.wafilife.com/tadabbur-package/pd/25924
আদিল মুহাম্মাদ খলিল,Not Listed,তাদাব্বুরে কুরআন প্যাকেজ,"২,৪৩৭৳","১,৭০৫৳",https://www.wafilife.com/tadabbure-quran-package/pd/23067
আদিল মুহাম্মাদ খলিল,Not Listed,তাদাব্বুরে কুরআন (কুরআন বোঝার রাজপথে আপনার প্রথম স্বপ্নযাত্রা),৭০৭৳,৫৩০৳,https://www.wafilife.com/tadabbure-quran/pd/13369
আদিল মোর্শেদ,Not Listed,ঘ্যাচাং ২,১১৮৳,১০৬৳,https://www.wafilife.com/ghechang-2/pd/78009
আদিল মোর্শেদ,Not Listed,ঘ্যাচাং ৩,১১৮৳,১০৬৳,https://www.wafilife.com/ghechang-3/pd/78011
আদিল মোর্শেদ,Not Listed,ঘ্যাচাং ১-৩ (উহুদ ট্রিলজি),৩৫৪৳,৩১৮৳,https://www.wafilife.com/ghechang-1-3/pd/78012
আদিল মোর্শেদ,Not Listed,দুর্বার,১১৮৳,১০৬.২০৳,https://www.wafilife.com/durbar/pd/65637
আদিল মোর্শেদ,Not Listed,ঘ্যাচাং,১১৮৳,১০৬৳,https://www.wafilife.com/ghechang/pd/58307
আদিল সালাহী,Not Listed,মুহাম্মাদ (সা) শ্রেষ্ট মানুষ শ্রেষ্ট নবী (তিন খণ্ড),"২,০০০৳","১,৩০০৳",https://www.wafilife.com/muhammad-the-man-and-the-prophet/pd/17137
আদিল সালাহী,Not Listed,মানুষ ও রসুল মুহাম্মদ সা,৮০০৳,৫২০৳,https://www.wafilife.com/man-and-rasul-muhammad-sm/pd/45786
"আদিল সালেহী, টি. ও. শানাবাস",Not Listed,হজরত আয়েশা (রাঃ) - বিয়ে ও বয়স,৬০৳,৪৮৳,https://www.wafilife.com/hazrat-ayesha-ra-biye-o-boyos/pd/63871
আদীব মাহমুদ,Not Listed,Making Dhaka Livable,৪৫০৳,৩৬৯৳,https://www.wafilife.com/making-dhaka-livable/pd/10572
আদীব হাসান,Not Listed,কম্বিনেটরিকসে হাতেখড়ি ১ম খণ্ড (প্রোগ্রামিং কনটেস্ট ও গণিত অলিম্পিয়াডের প্রস্তুতি সহায়ক বই) (পেপারব্যাক),৪০০৳,৩৩২৳,https://www.wafilife.com/combinatorikse-hate-khori-1rst-part/pd/4464
আদীব হাসান,Not Listed,কম্বিনেটরিকসে হাতেখড়ি ২য় খণ্ড (প্রোগ্রামিং কনটেস্ট ও গণিত অলিম্পিয়াডের প্রস্তুতি সহায়ক বই) (পেপারব্যাক),৪২০৳,৩৪৯৳,https://www.wafilife.com/combinatorikse-hate-khori-2nd-part/pd/4465
আদীশ্বর ঘটক,Not Listed,ফটোগ্রাফী শিক্ষা,৩৫০৳,২৬২৳,https://www.wafilife.com/photography-shiklkha/pd/66719
আদেল পারভেজ,Not Listed,আশারীন ২,৪০০৳,৩০০৳,https://www.wafilife.com/osharin-2/pd/67026
আদেল পারভেজ,Not Listed,আশারীন,৪০০৳,৩০০৳,https://www.wafilife.com/osharin/pd/67025
আদেল পারভেজ,Not Listed,আশারীন ১ ও ২,৮০০৳,৬০০৳,https://www.wafilife.com/osharin-1-2/pd/67027
আদেল পারভেজ,Not Listed,অসম্পূর্ণ সত্তা,৩২০৳,২০৮৳,https://www.wafilife.com/oshompurno-shotta/pd/67000
আদ্দারুজ জাহরিয়া,Not Listed,কিম জং উন সম্পর্কে কুরআনিক বিস্ময়,৫০০৳,৩০০৳,https://www.wafilife.com/kim-jong-un-shomporke-quranic-bisshoy/pd/70332
আধ্যাপক মাওলানা ইকবাল কিলনী,Not Listed,পরকালে আযাবের ভয়াবহ দৃশ্যের বর্ণনা,২০০৳,১১০৳,https://www.wafilife.com/pokulel-azigab-vuiveo-disaro-vronan/pd/64860
আধ্যাপিকা মুরশিদা আখতার মৌরি,Not Listed,মুসলমানের কেনো এতো প্রকারভেদ,২০৳,১৪৳,https://www.wafilife.com/musolmaner-keno-eto-prokerved/pd/1525
আধ্যাপিকা মুরশিদা আখতার মৌরি,Not Listed,শয়তানের ধোঁকা বাঁচার উপায়,৫০৳,৩৫৳,https://www.wafilife.com/soitaner-dhoka-bachar-upay/pd/1509
আন নাজাহাহ পরিষদ,Not Listed,রুকইয়াহ মুখতাসার আয়াত ও দোয়া,২০০৳,১০০৳,https://www.wafilife.com/rukaiya-mukhtasar-ayat-o-dowa/pd/72639
আন নাফে একাডেমি,Not Listed,নবীজির মাসনুন দোআ ও অজিফা,৩৫০৳,২১৭৳,https://www.wafilife.com/prophetic-masnoon-dua-ojifa/pd/63298
আন নাফে একাডেমি,Not Listed,আরবি ভাষার চার দক্ষতায় হাতেখড়ি,0,২৫০৳,https://www.wafilife.com/arbi-vashar-char-dokkhotar-hatekhori/pd/62369
আন নাসাফি,Not Listed,(التفسير الكشاف) তাফসীরুল নাসাফী - ভলি: ২ খন্ড,0,"৪,৪১০৳",https://www.wafilife.com/tafsirul-nasafi/pd/56640
আন মারি ওয়ালীউল্লাহ,Not Listed,ওয়ালীকে যেমন দেখেছি,৮০০৳,৬৪০৳,https://www.wafilife.com/wali-k-jemon-dekhechi/pd/67307
আন মারি ওয়ালীউল্লাহ,Not Listed,আমার স্বামী ওয়ালী,১৪০৳,১১২৳,https://www.wafilife.com/amar-swami-wali/pd/33775
আন-নূর লাইব্রেরী,Not Listed,আত-তরীক ইলাল ইনশা (৩য় খন্ড),0,১৩০৳,https://www.wafilife.com/attoriku-ilal-insha-3rd-part/pd/73833
আন-নূর লাইব্রেরী,Not Listed,أساليب الإنشاء - আসালিবুল ইনশা,0,১৩০৳,https://www.wafilife.com/asalibul-insa/pd/63743
আনওয়ার আল আওলাকি রহ.,Not Listed,মনস্তাত্ত্বিক লড়াই,১৪০৳,৭০৳,https://www.wafilife.com/monostattik-lorai/pd/73156
আনওয়ারুল হক কাসেমী,Not Listed,উর্দূ কী পহেলী কিতাব উর্দূ-বাংলা ও উচ্চারণ,১১০৳,৫৩৳,https://www.wafilife.com/urdu-ki-poheli-kitab-urdu-bangla-o-uccharon/pd/42269
আনজীর লিটন,Not Listed,আমাদের রাজনীতি চলে বাঁকে বাঁকে,৩০৳,২৫৳,https://www.wafilife.com/amader-rajniti-chole-bake-bake/pd/50485
আনজীর লিটন,Not Listed,মৈমনসিংহ গীতিকা অবলম্বনে ফুলমালতির ছড়া,৬০৳,৪৭৳,https://www.wafilife.com/moimondhingo-gitika-abonombone-fulmotir-chora/pd/39107
আনজীর লিটন,Not Listed,ছড়াসমগ্র-১,৩০০৳,২৪৯৳,https://www.wafilife.com/choarsomorgo-1/pd/40686
আনজীর লিটন,Not Listed,জাতীয় পতাকা,১০০৳,৮৩৳,https://www.wafilife.com/jatiyo-pataka/pd/40613
আনজীর লিটন,Not Listed,ছড়াসমগ্র-২,৩৫০৳,২৯১৳,https://www.wafilife.com/chorasomorgo-2/pd/40685
আনজীর লিটন,Not Listed,ছড়া সমগ্র-১,৩০০৳,২৪৯৳,https://www.wafilife.com/chora-somorgo-1/pd/40684
আনজীর লিটন,Not Listed,ছড়া সমগ্র-২,৩৫০৳,২৯১৳,https://www.wafilife.com/chora-somogro-2/pd/40643
আনজীর লিটন,Not Listed,গদ্যের ধারাপাত,২০০৳,১৬৪৳,https://www.wafilife.com/godder-darapat/pd/38156
আনজীর লিটন,Not Listed,আকাশ ভরা ফুল,১৪০৳,১১৭৳,https://www.wafilife.com/akash-bhora-ful/pd/54597
আনজীর লিটন,Not Listed,ছোটদের গল্পসমগ্র-১,৪৫০৳,৩৭৪৳,https://www.wafilife.com/chotoder-golposomogro-1/pd/40586
আনজীর লিটন,Not Listed,জাতীয় কবি কাজী নজরুল ইসলাম,১০০৳,৮৩৳,https://www.wafilife.com/jatiyo-kobi-kazi-nazrul-islam-jatiyo-porichoy-gronthomala-5/pd/40615
আনজীর লিটন,Not Listed,জাতীয় সংগীত: আমার সোনার বাংলা,১০০৳,৮৩৳,https://www.wafilife.com/jatiyo-songeet-amar-sonar-bangla-jatiyo-porichoy-gronthomala/pd/40608
আনজীর লিটন,Not Listed,জাতীয় বৃক্ষ : আমগাছ,১০০৳,৮৩৳,https://www.wafilife.com/jatiyo-brikkho-amgach-jatiyo-porichoy-gronthomala-10/pd/40616
আনজীর লিটন,Not Listed,জাতীয় রণসংগীত : চল্‌ চল্‌ চল্‌,১০০৳,৮৩৳,https://www.wafilife.com/jatiyo-ronosongit-chal-chal-chal-jatiyo-porichoy-gronthomala/pd/40614
আনজীর লিটন,Not Listed,রঙের পুকুর,১২০৳,১০০৳,https://www.wafilife.com/ronger-pukur/pd/40779
আনজীর লিটন,Not Listed,শুনছিলেন সংবাদ শিরোনাম,১০০৳,৮৩৳,https://www.wafilife.com/shunchilen-songbad-shironam/pd/40661
আনজীর লিটন,Not Listed,বাড়ি কই বাড়ি নাই,৭০৳,৫৮৳,https://www.wafilife.com/bari-koi-bari-nai/pd/40683
আনজীর লিটন,Not Listed,বেলুন পাহাড়,১০০৳,৮০৳,https://www.wafilife.com/belun-pahar/pd/54049
আনজুনুর রহমান আরমান,Not Listed,Fundamentals of Finance,৪০০৳,৩২০৳,https://www.wafilife.com/fundamentals-of-finance/pd/7175
আনজুনুর রহমান আরমান,Not Listed,Fundamentals of Business,৪০০৳,৩২০৳,https://www.wafilife.com/fundamentals-of-business/pd/7171
আনতারা রাইসা,Not Listed,বোকা কুমির,৯৫৳,৮২৳,https://www.wafilife.com/বোকা-কুমির/pd/14344
আনতারা রাইসা,Not Listed,The Foolish Crocodile,৯৫৳,৮২৳,https://www.wafilife.com/the-foolish-crocodile/pd/10164
আনতারা রাইসা,Not Listed,Witty Sparrow,৯৫৳,৮২৳,https://www.wafilife.com/witty-sparrow/pd/10166
আনতারাহ্ আহসান,Not Listed,পূণ্যবতী নারী,১৫০৳,১২০৳,https://www.wafilife.com/punyoboti-nari/pd/19765
আনন্দ অন্তঃলীন,Not Listed,নৈরাজ্যবাদী নৃবিজ্ঞান: বিকল্প সম্ভাবনা,৬৫০৳,৫৩৩৳,https://www.wafilife.com/noirajjobadi-ni-biggan-bikolpo-somadhan/pd/72389
আনন্দ অন্তঃলীন,Not Listed,শাসকবিহীন জনগোষ্ঠী : নৈরাজ্যের নৃবিজ্ঞান,৪০০৳,৩২৮৳,https://www.wafilife.com/shasokbihin-janogosthi-noirajjer-nribiggan/pd/38072
আনন্দ প্রসাদ আগারওয়ালা,Not Listed,চরৈবেতি,৩০০৳,২২৫৳,https://www.wafilife.com/charaiveti/pd/52869
আনন্দ বিকাশ চাকমা,Not Listed,কার্পাস মহল থেকে শান্তিচুক্তি,৬৭০৳,৫৪৯.৪০৳,https://www.wafilife.com/karpas-mohol-theke-shanti-chukti/pd/10647
আনন্দ মোহন বিশ্বাস,Not Listed,অর্থনীতি-দ্বিতীয় পত্র (একাদশ-দ্বাদশ শ্রেণি),0,৩৬০৳,https://www.wafilife.com/economics-2nd-paper-class-xi-xii/pd/21290
আনন্দ মোহন বিশ্বাস,Not Listed,অর্থনীতি ১ম পত্র (একাদশ ও দ্বাদশ শ্রেণি),৩৩৫৳,৩১৮৳,https://www.wafilife.com/economics-1st-paper-for-class-11-and-12/pd/21447
আনন্দনাথ রায়,Not Listed,বারভুঁইয়া বা ষোড়শ বাঙ্গলার ইতিহাস,৩৪০৳,২৮২৳,https://www.wafilife.com/barovuiya-ba-shorosh-banglar-itihas/pd/37260
আনমনা সিকদার,Not Listed,দাঁড়কাক ও ময়ূরের পালক,৮০৳,৬২৳,https://www.wafilife.com/darkak-o-moyurer-palok/pd/6384
আনমনা সিকদার,Not Listed,মুরগি আর বিড়াল,৮০৳,৬২৳,https://www.wafilife.com/murgi-r-biral/pd/6376
আনমনা সিকদার,Not Listed,সিংহ ও তিমি,৮০৳,৬২৳,https://www.wafilife.com/singho-o-timi/pd/6385
আনমনা সিকদার,Not Listed,গাধা ও ব্যাঙ,৮০৳,৬২৳,https://www.wafilife.com/gadha-o-bang/pd/6381
আনমনা সিকদার,Not Listed,বাঘ ও ভেড়া,৮০৳,৬২৳,https://www.wafilife.com/bhag-o-vera/pd/6382
আনমনা সিকদার,Not Listed,সিংহ শেয়াল আর গাধা,৮০৳,৬২৳,https://www.wafilife.com/singho-sheyal-r-gadha/pd/6380
আনমনা সিকদার,Not Listed,আদালতে ফিঙে,৮০৳,৬২৳,https://www.wafilife.com/adalote-finge/pd/6378
আনমনা সিকদার,Not Listed,শিকারী ও কাঠুরে,৮০৳,৬২৳,https://www.wafilife.com/shikari-o-kathure/pd/6383
আনমনা সিকদার,Not Listed,ব্যাঙ ও ছেলের দল,৮০৳,৬২৳,https://www.wafilife.com/bang-o-chler-dol/pd/6377
আনমনা সিকদার,Not Listed,নেকড়ে ও ভেড়া,৮০৳,৬২৳,https://www.wafilife.com/nekre-o-vera/pd/6379
আনসার আলী,Not Listed,বাংলাদেশের স্বাধীনতা ও ষড়যন্ত্র,১২৫৳,১০৬৳,https://www.wafilife.com/bangladesher-shadinata-o-shorozantro/pd/74123
আনসার উদ্দিন খান পাঠান,Not Listed,স্মৃতির নৈবদ্যে,৩৬০৳,২৯৯৳,https://www.wafilife.com/smritir-noibodye/pd/40859
আনা দস্তইয়েফস্কায়া,Not Listed,আমার দস্তইয়েফস্কি,২৫০৳,২০৫৳,https://www.wafilife.com/amar-dostoyefski/pd/77385
আনা ফ্রাঙ্ক,Not Listed,আনা ফ্রাঙ্কের ডায়েরি,৫০০৳,৪০০৳,https://www.wafilife.com/anafrank-er-diry/pd/67316
আনা ফ্রাঙ্ক,Not Listed,আনা ফ্রাঙ্কের ডায়েরি,৩০০৳,২১৯৳,https://www.wafilife.com/anne-franker-diary/pd/51288
আনা ফ্রাঙ্ক,Not Listed,ডায়েরি অব আনা ফ্রাঙ্ক,২৫০৳,২১৫৳,https://www.wafilife.com/diary-of-ana-frank/pd/44715
আনা ফ্রাঙ্ক,Not Listed,আনা ফ্রাঙ্কের ডায়েরী,৩০০৳,২৬৯৳,https://www.wafilife.com/ana-freanker-dairy/pd/81888
আনা ফ্রাঙ্ক,Not Listed,আনা ফ্রাঙ্কের ডায়েরী,২৬০৳,১৫২৳,https://www.wafilife.com/anna-franker-diary/pd/53728
আনা ফ্রাঙ্ক,Not Listed,আনা ফ্রাঙ্কের ডায়েরি,৩০০৳,১৯৫৳,https://www.wafilife.com/anna-franker-diary/pd/44670
আনা ফ্রাঙ্ক,Not Listed,আনা ফ্রাঙ্কের ডায়েরি,২৫০৳,১৮৩৳,https://www.wafilife.com/ana-franker-diary/pd/53273
আনা ফ্রাঙ্ক,Not Listed,ডায়েরি অব আনা ফ্রাঙ্ক,২৫০৳,১৮৩৳,https://www.wafilife.com/diary-of-ana-frank/pd/46012
আনা ফ্রয়েড,Not Listed,শিশুর মনঃসমীক্ষণ : পদ্ধতি ও প্রয়োগ প্রসঙ্গে,২৮০৳,২২৪৳,https://www.wafilife.com/sisur-manasamikkhan-paddhati-o-prayag-prasange/pd/47941
আনা ফ্রয়েড,Not Listed,শিশুর মনঃসমীক্ষণ,২০০৳,১৬০৳,https://www.wafilife.com/shisur-monosamikkhon/pd/47920
আনা সোয়েল,Not Listed,ব্ল্যাক বিউটি,১০০৳,৮০৳,https://www.wafilife.com/black-beauty/pd/54815
আনাতোলি তমিলিন,Not Listed,পৃথিবী কি গোল?,৩৫০৳,২৯১৳,https://www.wafilife.com/prithibi-ki-gol/pd/37643
আনাতোলি তমিলিন,Not Listed,পৃথিবী কি গোল?,১৮০৳,১৪৪৳,https://www.wafilife.com/prithibi-ki-gol/pd/79880
আনাতোলি মিত্যায়েভ,Not Listed,গ্রিশকা ও মহাকাশচারী,৮০৳,৭৬৳,https://www.wafilife.com/grishka-and-austrronaut/pd/36077
আনাতোলি লুনাচারস্কি,Not Listed,শিক্ষা কী?,১২০৳,১০৭৳,https://www.wafilife.com/shiksha-ki/pd/36095
আনারুল হক আনা,Not Listed,রাজশাহীতে ভাষা আন্দোলন এবং মুক্তিযুদ্ধ,৭০০৳,৫৬০৳,https://www.wafilife.com/rajshahite-vasha-andolon-ebong-muktijuddh/pd/35381
আনাস আল গাওয়াজ,Not Listed,Before You Pray,২৫০৳,২৩৮৳,https://www.wafilife.com/before-you-pray/pd/4964
আনাস বিন সাদ,Not Listed,ইসলাম : দেখি ও চিনি,১০০৳,৭৫৳,https://www.wafilife.com/islam-dekhi-o-chini/pd/71632
আনাস হামজা,Not Listed,কুরআন-সুন্নাহর আলোকে কোরবানি ও ঈদুল আজহা,৩৫০৳,২৬২.৫০৳,https://www.wafilife.com/qurabani-o-eidul-azha/pd/55859
আনি এরনো,Not Listed,আমি অন্ধকার থেকে বের হতে পারি না,৩২০৳,২৫৬৳,https://www.wafilife.com/ami-ondhokar-theke-ber-hote-pari-na/pd/61104
আনিকা আনজুম,Not Listed,আত্মার পরিশুদ্ধি: ফিতনা থেকে মুক্তি প্যাকেজ,৩৯৮৳,২৯৮৳,https://www.wafilife.com/attar-porishuddhi-fitna-theke-muktir-upay/pd/61490
আনিকা আনজুম,Not Listed,চোখের জিনা,১১৫৳,৮৬৳,https://www.wafilife.com/chokher-jina/pd/57611
আনিকা আনজুম,Not Listed,আস সলাতু খইরুম মিনান্নাউম',১৬৫৳,১২৪৳,https://www.wafilife.com/as-salatu-khoirum-minan-naum/pd/57612
আনিকা আনজুম,Not Listed,"চোখের জিনা , আস সলাতু খইরুম মিনান্নাউম",২৮০৳,২১০৳,https://www.wafilife.com/chokher-jinaassalatu-khoirum-minan-nar/pd/57613
আনিকা আনজুম,Not Listed,সিক্রেটস অব সদাকাহ,১৬০৳,১২০৳,https://www.wafilife.com/secrets-of-sodakah/pd/29629
আনিকা কামাল,Not Listed,তিন বন্ধুর অভিযান,২২০৳,১৬৫৳,https://www.wafilife.com/tin-bondhur-ovijan/pd/78866
আনিকা তাহসিন,Not Listed,বিষে বিষক্ষয়,২৫০৳,২০৮৳,https://www.wafilife.com/bishe-bishokhoi/pd/40458
আনিকা তুবা,Not Listed,গল্পগুলো অন্যরকম,৩৪০৳,২৫৫৳,https://www.wafilife.com/golpo-gulo-onno-rokom/pd/4177
আনিকা তুবা,Not Listed,সোনামণিদের গল্পের লাইব্রেরি (০৪-০৮ বছর),"৭,৪৭৫৳","৫,৬০৬৳",https://www.wafilife.com/shonamonider-golper-library/pd/29697
আনিকা তুবা,Not Listed,বুকমার্ক পাবলিকেশনের সোনামণিদের ৩টি গল্পের বই,৫৮৫৳,৪১০৳,https://www.wafilife.com/bookmark-publicaitoner-sonamonider-golper-boi/pd/14236
আনিকা তুবা,Not Listed,মাসালা,১৮৫৳,১৩০৳,https://www.wafilife.com/masala/pd/14133
আনিকা তুবা,Not Listed,তিন বন্ধুর গল্প,২০০৳,১৪০৳,https://www.wafilife.com/tin-bondhur-golpo/pd/14134
আনিকা তুবা,Not Listed,ভয়ংকর ডাইনোসর,২০০৳,১৪০৳,https://www.wafilife.com/voyongkor-dinosaur/pd/14137
আনিকা বুশরা রাবু,Not Listed,মহাকাশ  ও পৃথিবী,৩০০৳,২৪৬৳,https://www.wafilife.com/mohakash-o-prithibi/pd/8729
আনিকা শর্মিলা,Not Listed,ফ্রাইপ্যানে ম্যাজিক,৩৫০৳,২৪৫৳,https://www.wafilife.com/frypane-magic/pd/37209
আনিচ মুন্সী,Not Listed,নারী তুমি তো অর্ধেক ধরণী,৪০০৳,৩৩২৳,https://www.wafilife.com/nari-tumi-to-ordhek-dhoroni/pd/32633
আনিচ মুন্সী,Not Listed,আমু ভাইয়ের প্রাসঙ্গিক বিষয়,১৮০৳,১৪৯৳,https://www.wafilife.com/amu-vaier-prasongik-bisoy/pd/32567
আনিছ আহমদ জাহাঙ্গীর,Not Listed,ফরেনসিক ও ডিএনএ সম্পর্কিত আইন,৭০০৳,৬০২৳,https://www.wafilife.com/forensic-o-dna-somporkito-ain/pd/47871
আনিছ আহমদ জাহাঙ্গীর,Not Listed,বাংলাদেশে মুসলমানদের ইতিহাস (৬৫০-২০২১ খ্রি.),৭০০৳,৬০২৳,https://www.wafilife.com/history-of-muslim-in-bangladesh-650-2021-ad/pd/47779
আনিছ আহমদ জাহাঙ্গীর,Not Listed,নোয়াখালীর সেকাল একাল,৩০০৳,২৫৮৳,https://www.wafilife.com/noyakhalir-sekal-ekal/pd/47883
আনিস আহমেদ,Not Listed,তুমিও শান্তিতে থাকবে,১৬০৳,১৩১.২০৳,https://www.wafilife.com/tumio-shantite-thakbe/pd/9106
আনিস আহমেদ,Not Listed,যদি ভালো ছাত্র হতে চাও,১২০৳,৯৮.৪০৳,https://www.wafilife.com/jodi-valo-chatro-hote-chaw/pd/9152
আনিস আহমে্দ,Not Listed,তুমিও শান্তিতে থাকবে,১৬০৳,১৩১.২০৳,https://www.wafilife.com/tumio-shantite-thakbe/pd/46783
আনিস আহমে্দ,Not Listed,শান্তি তত্ত্ব,১৬০৳,১৩৮৳,https://www.wafilife.com/shanti-tattho/pd/35981
আনিস আহামেদ,Not Listed,জয়তু শেখ হাসিনা জয়তু বাংলাদেশ,১০০৳,৮৩৳,https://www.wafilife.com/joytu-sheikh-hasina-joytu-bangladesh/pd/50248
আনিস আহামেদ,Not Listed,শহর ঢাকার পুরনো কথা,১০০৳,৭৮৳,https://www.wafilife.com/shohor-dhakar-purono-kotha/pd/41287
আনিস আহামেদ,Not Listed,ঢাকাইয়া বাতচিৎ,৭৫৳,৬০৳,https://www.wafilife.com/dhakaia-batchit/pd/21035
আনিস আহামেদ,Not Listed,ঢাকাপাঠ,৩০০৳,২২৫৳,https://www.wafilife.com/dhakapath/pd/16177
আনিস রহমান,Not Listed,বাংলাদেশের উপন্যাসে ভূগোল চেতনা,"১,০০০৳",৮৩০৳,https://www.wafilife.com/bangladesher-uponyase-vogol-chetona/pd/40612
আনিস রহমান,Not Listed,গ্রেট দিপকদা,২০০৳,১৪৬৳,https://www.wafilife.com/great-dipokda/pd/51152
আনিস রহমান,Not Listed,বানর মামা,১০০৳,৭৩৳,https://www.wafilife.com/banor-mama/pd/51191
আনিস সিদ্দিকী,Not Listed,হেরেমের নায়িকা,২০০৳,১৭২৳,https://www.wafilife.com/heremer-nayika/pd/51857
আনিস সিদ্দিকী,Not Listed,মুক্তি সংগ্রামে নাসের,২৫০৳,২১৫৳,https://www.wafilife.com/mukti-songrame-naser/pd/51869
আনিস সিদ্দিকী,Not Listed,সিপাহী যুদ্ধের ট্রাজেডী,১৭৫৳,১৫১৳,https://www.wafilife.com/sipahi-juddher-tragedy/pd/51782
আনিস সিদ্দিকী,Not Listed,ঢাকার ঐতিহাসিক ট্রাজেডী,১৭৫৳,১৫১৳,https://www.wafilife.com/dhakar-oitihasik-tragedi/pd/51781
আনিস সিদ্দিকী,Not Listed,হতভাগ্য বাদশা আমানুল্লাহ,২০০৳,১৭২৳,https://www.wafilife.com/hotovaggo-badsha-amanulla/pd/51847
আনিস সিদ্দিকী,Not Listed,যখন আমি রানী ছিলাম,২০০৳,১৭২৳,https://www.wafilife.com/jakhan-ami-rani-chilam/pd/51846
আনিস সিদ্দিকী,Not Listed,বিতাড়িত রাজা ফারুক,২০০৳,১৭২৳,https://www.wafilife.com/bitarito-raza-faroque-mishorer-shesh-sultan/pd/51848
আনিস সিদ্দিকী,Not Listed,সংগ্রামী সুকর্ন,১৮০৳,১৩১৳,https://www.wafilife.com/songrami-sukorno/pd/44500
আনিস সিদ্দিকী,Not Listed,নির্বাসিত সম্রাট বাহাদুর শাহ্,২০০৳,১৬০৳,https://www.wafilife.com/nirbaseto-somrat-bahadhur-sha/pd/51570
আনিস সিদ্দিকী,Not Listed,মোগল হেরেমের অন্তরালে,২৮০৳,২২৪৳,https://www.wafilife.com/mogol-heremer-ontorale/pd/51671
আনিসা আমির,Not Listed,ইশক কী মিট্টি মে দাফন ইনতিকাম,১৮৮৳,১১২৳,https://www.wafilife.com/ishq-ki-mitti-me-dafon-intikam/pd/71437
আনিসা ফজলে লিসি,Not Listed,অলৌকিক পাখি,১২৫৳,১০৫৳,https://www.wafilife.com/olowkik-pakhi/pd/46261
আনিসুজ্জামান,Not Listed,শিকাগোর চিঠি শিকাগোর স্মৃতি,৪০০৳,৩২০৳,https://www.wafilife.com/shikagor-chithi-shikagor-sriti/pd/67860
আনিসুজ্জামান,Not Listed,প্রমিত বাংলা বানানের নিয়ম,0,৫০৳,https://www.wafilife.com/promito-bangla-bananer-niom/pd/14763
আনিসুজ্জামান,Not Listed,স্মৃতির মানুষ,২২০৳,১৭৬৳,https://www.wafilife.com/smritir-manush/pd/33651
আনিসুজ্জামান,Not Listed,সমাজ সংস্কৃতি রাজনীতি,৩০০৳,২৪০৳,https://www.wafilife.com/samaj-sangskriti-rajniti-10ti-boktita/pd/33681
আনিসুজ্জামান,Not Listed,আমার অভিধান,২০০৳,১৬০৳,https://www.wafilife.com/amar-avidhan/pd/21647
আনিসুজ্জামান,Not Listed,শ্রেষ্ঠ প্রবন্ধ,৪০০৳,৩২৮৳,https://www.wafilife.com/shershtho-probondho/pd/38315
আনিসুজ্জামান,Not Listed,বাংলাদেশে পাকিস্তানের মানবাধিকার লঙ্ঘন - কয়েকটি জবানবন্দি,৩০০৳,২৪৯৳,https://www.wafilife.com/bangladeshe-pakistaner-manobadhikar-longhon-koyekti-jobanbon/pd/50661
আনিসুজ্জামান,Not Listed,মুক্তিযুদ্ধ এবং তারপর,২০০৳,১৬৬৳,https://www.wafilife.com/muktijuddho-ebong-tarpor/pd/50135
আনিসুজ্জামান,Not Listed,মানবতন্ত্রী আবুল ফজল : শতবার্ষিক স্মারকগ্রন্থ,৭৫০৳,৬১৫৳,https://www.wafilife.com/manobtontri-abul-fazol-shotobarshik-smarokgrontho/pd/46423
আনিসুজ্জামান,Not Listed,চেনা মানুষের মুখ,৩৬০৳,২৮৮৳,https://www.wafilife.com/chena-manusher-mukh/pd/21712
আনিসুজ্জামান,Not Listed,বিদ্যাসাগর ও অন্যেরা,৩০০৳,২৪৬৳,https://www.wafilife.com/bidyasagor-o-onyera/pd/38894
আনিসুজ্জামান,Not Listed,আমার চোখে,৩০০৳,২৪৬৳,https://www.wafilife.com/amar-chokhe/pd/38967
আনিসুজ্জামান,Not Listed,খান সারওয়ার মুরশিদ : সংবর্ধনা-গ্রন্থ,৩৪০৳,৩০৪৳,https://www.wafilife.com/e0a696e0a6bee0a6a8-e0a6b8e0a6bee0a6b0e0a693e0a6afe0a6bce0a6b/pd/66641
আনিসুর রহমান,Not Listed,লালন,১২০৳,৯৬৳,https://www.wafilife.com/lalon/pd/52713
আনিসুর রহমান,Not Listed,তেঁতুলিয়া থেকে টেঁষনফ,৪৫০৳,৩৮৭৳,https://www.wafilife.com/tentulia-theke-teshnof/pd/34824
আনিসুর রহমান,Not Listed,লেখকের ডান হাত বাম হাত,৩৫০৳,২৮০৳,https://www.wafilife.com/lekhoker-dan-hat-bam-hat/pd/52717
আনিসুর রহমান,Not Listed,Globalization and Islam,২৫০৳,২২৪৳,https://www.wafilife.com/globalization-and-islam/pd/36123
আনিসুর রহমান,Not Listed,বাঙালির ইবসেন,১২৫৳,১০০৳,https://www.wafilife.com/the-begnali-ibsen/pd/52520
আনিসুর রহমান,Not Listed,The Absent Poet And Other Essays,১৫০৳,১২৬৳,https://www.wafilife.com/the-absent-poet-and-other-essays/pd/45280
আনিসুর রহমান,Not Listed,ছোটদের বিদ্যাসাগর,১০০৳,৮৩৳,https://www.wafilife.com/chotodar-biddasagor/pd/42319
আনিসুর রহমান,Not Listed,সোস্যাল এণ্ড এনভারনমেন্টাল থিংঙ্কিং অব রবিন্দ্রনাথ ঠাকুর ইন দ্য লাইট অব পোষ্ট-ঠাকুরান ওয়াল্ড ডেভেলপমেন্ট,১৩০৳,১১৬৳,https://www.wafilife.com/সোস্যাল-এণ্ড-এনভারনমেন্টাল-থিংঙ্কিং-অব-রবিন্দ্রনাথ-ঠাকুর-ইন/pd/66661
আনিসুর রহমান আনজুম,Not Listed,কিছু এলেবেলে কথা,২৫০৳,১৮৭৳,https://www.wafilife.com/kichu-elebele-kotha/pd/62620
আনিসুর রহমান এম. এ ( ঢাবি ),Not Listed,দলিল যার জমি তার,৪৬০৳,৩৬৮৳,https://www.wafilife.com/dolil-jar-jomi-tar/pd/74557
আনিসুর রহমান ফারুক,Not Listed,কোরআন ও নারী ২,৩৫০৳,২৮০৳,https://www.wafilife.com/quran-o-nari-2/pd/61378
আনিসুর রহমান ফারুক,Not Listed,অচেনা কোরআন দর্শন ও বাস্তবতা,৫৬০৳,৪৪৯৳,https://www.wafilife.com/ochena-quran-dorshon-o-bastobota/pd/30569
আনিসুর রহমান ফারুক,Not Listed,"কোরআনে নারী ইতিহাস, দর্শন ও আধুনিকতা",৩৫০৳,২৮০৳,https://www.wafilife.com/qurane-nari-itihas-dorshon-o-adonikota/pd/30570
আনিসুল ইসলাম মাহমুদ,Not Listed,হায়াত মউত,১৮০৳,১৩৫৳,https://www.wafilife.com/hayat-mout/pd/8254
আনিসুল হক,Not Listed,তুমি কি ফার্স্ট হতে চাও,২৬০৳,২১৩.২০৳,https://www.wafilife.com/tumi-ki-first-hote-chaw/pd/65867
আনিসুল হক,Not Listed,গুড্ডুবুড়ার স্কুলে ডাকাত,১২৫৳,১০০৳,https://www.wafilife.com/gudduburar-school-e-dakat/pd/62573
আনিসুল হক,Not Listed,কিশোর তুমি বড় হবে,৩২০৳,২৬২.৪০৳,https://www.wafilife.com/kishor-tumi-boro-hobe/pd/46872
আনিসুল হক,Not Listed,হাসির ৫ কিশোর উপন্যাস,৬০০৳,৪৯২৳,https://www.wafilife.com/hasir-5-kishor-uponnas/pd/46871
আনিসুল হক,Not Listed,অমাবস্যার রাতে কে এসেছিল,২০০৳,১৬৪৳,https://www.wafilife.com/amabasyar-rate-ke-esechilo/pd/38051
আনিসুল হক,Not Listed,সফল যদি হতে চাও,৩০০৳,২৪০৳,https://www.wafilife.com/sofol-jodi-hote-chao/pd/33686
আনিসুল হক,Not Listed,মুক্তিযুদ্ধে শহীদ বুদ্ধিজীবী,"১,৪০০৳","১,১২০৳",https://www.wafilife.com/muktijuddhe-shoheed-buddijibi/pd/30544
আনিসুল হক,Not Listed,দুষ্টু মেয়ের দল,২৭০৳,২২১.৪০৳,https://www.wafilife.com/dushtu-meyer-dol/pd/46718
আনিসুল হক,Not Listed,যখনই জাগিবে তুমি,৩৮০৳,৩১১.৬০৳,https://www.wafilife.com/jokhoni-jagibe-tumi/pd/46860
আনিসুল হক,Not Listed,চার কিশোর অভিযান,৪৮০৳,৩৯৩.৬০৳,https://www.wafilife.com/char-kishor-ovijan/pd/46809
আনিসুল হক,Not Listed,সুবেদার ওহাব আব্বা আব্বা বলে কাঁদেন,১২০৳,৯৮.৪০৳,https://www.wafilife.com/subedar-ohab-abba-abba-bole-kanden/pd/46813
আনিসুল হক,Not Listed,অপারেশন মুক্তাগাছা,১৬০৳,১৩১.২০৳,https://www.wafilife.com/operation-muktagacha/pd/46755
আনিসুল হক,Not Listed,মা,৫০০৳,৪১০৳,https://www.wafilife.com/ma/pd/46793
আনিসুল হক,Not Listed,গুড্ডুবুড়ার বিজয় দিবস,১০০৳,৮০৳,https://www.wafilife.com/godduburar-bijoy-dibos/pd/55079
আনিসুল হক,Not Listed,আমার একটা পোষা দৈত্য আছে,৯০৳,৭২৳,https://www.wafilife.com/amar-ekta-posha-doittya-ache/pd/54960
আনিসুল হক,Not Listed,স্বপ্ন ও স্বপ্নভঙ্গের দেশে,২৪০৳,১৯২৳,https://www.wafilife.com/sopno-o-sopnovonger-deshe/pd/34713
আনিসুল হক,Not Listed,ভূতের বাড়ির মিতং,৭৫৳,৬০৳,https://www.wafilife.com/bhooter-barir-mitong/pd/54918
আনিসুল হক,Not Listed,প্রিয় ৫০,৭৫০৳,৬১৫৳,https://www.wafilife.com/priyo-50/pd/46629
আনিসুল হক,Not Listed,কিশোরসমগ্র-৩,৩৫০৳,২৯১৳,https://www.wafilife.com/kishorsomogro-3/pd/45889
আনিসুল হক,Not Listed,নির্বাচিত কিশোর গল্প,২৫০৳,২০৮৳,https://www.wafilife.com/nirbacito-kisor-golpo/pd/45826
আনিসুল হক,Not Listed,সুন্দরবন,0,৫৬৳,https://www.wafilife.com/sundarban/pd/10181
আনিসুল হক,Not Listed,Sundarban,৪৫৳,৩৯৳,https://www.wafilife.com/sundarban/pd/10163
আনিসুল হক,Not Listed,পার্বত্য চট্টগ্রাম সমস্যা,২২৫৳,১৯৪৳,https://www.wafilife.com/parbotto-chattogram-somosha/pd/51832
আনিসুল হক,Not Listed,বিদায় চুম্বনে পার্বত্য চট্টগ্রাম,২০০৳,১৫০৳,https://www.wafilife.com/beday-chumbone-parbortto-chottogram/pd/44271
আনিসুল হক,Not Listed,আইভরি কোস্টে লাল সবুজের পাশে,১৭৫৳,১৪০৳,https://www.wafilife.com/aivori-coste-lal-sobujer-pashe/pd/33785
আনিসুল হক,Not Listed,মোটকু মামার গোয়েন্দা অভিযান,২০০৳,১৬০৳,https://www.wafilife.com/motku-mamar-goyenda-ovijan/pd/54069
আনিসুল হক,Not Listed,কিশোর অ্যাডভেঞ্চার,২০০৳,১৬৬৳,https://www.wafilife.com/kishor-adventure/pd/45926
আনিসুল হক,Not Listed,চার কিশোর গোয়েন্দা,৪০০৳,৩২০৳,https://www.wafilife.com/char-kishor-goyenda/pd/54115
আনিসুল হক,Not Listed,ছোটদের বিদ্যাসাগর,১০০৳,৮৩৳,https://www.wafilife.com/chotoder-biddasagar/pd/42285
আনিসুল হক,Not Listed,কিশোর সাত গোয়েন্দা,৪৭০৳,৩৫২.৫০৳,https://www.wafilife.com/kishor-sat-goyenda/pd/44362
আনিসুল হক,Not Listed,বোকা গোয়েন্দা জিনের বাদশা রহস্য,১০০৳,৮২৳,https://www.wafilife.com/boka-goyenda-ziner-badsha-rohosyo/pd/38349
আনিসুল হক,Not Listed,পুষি,৮০৳,৬৬৳,https://www.wafilife.com/pussi/pd/45891
আনিসুল হক,Not Listed,পার্বত্য চট্টগ্রাম উপজাতীয় সমস্যা ও শান্তিচুক্তি,১৫০৳,১২৯৳,https://www.wafilife.com/prabatta-chattagram-upajatiyeo-samasha-o-shanttchukte/pd/51780
আনু মানাজির,Not Listed,জানা অজানার জ্ঞান-বিজ্ঞান,১৫০৳,১০৮৳,https://www.wafilife.com/jana-ojnar-gyan-bigghan/pd/46922
আনু মুহাম্মদ,Not Listed,ঈশ্বর পুঁজি ও মানুষ,২৫০৳,২০৫৳,https://www.wafilife.com/isshor-puji-o-manush/pd/77570
আনু মুহাম্মদ,Not Listed,কার্ল মার্ক্সের পুঁজি: একটি পাঠ পর্যালোচনা (প্রথম খণ্ড),৫৫০৳,৪৪০৳,https://www.wafilife.com/karl-marxs-capital-a-text-review-part-one/pd/64251
আনু মুহাম্মদ,Not Listed,ইলিয়াস ও প্রশ্নের শক্তি,৪০০৳,৩৪০৳,https://www.wafilife.com/iliyas-o-proshner-shokti/pd/57145
আনু মুহাম্মদ,Not Listed,আনু মুহাম্মদের সাক্ষাৎকার,১৮০৳,১২৯.৬০৳,https://www.wafilife.com/anu-muhammed-shaktkar/pd/46913
আনু মুহাম্মদ,Not Listed,অর্থশাস্ত্র : ইতিহাস দর্শন রাষ্ট্রনীতি,৫৫০৳,৪৪০৳,https://www.wafilife.com/orthoshastra-etihash-dorshon-rashtroniti/pd/30541
আনু মুহাম্মদ,Not Listed,পারমাণবিক বিদ্যুৎ,৫২০৳,৪২৬.৪০৳,https://www.wafilife.com/paromanobik-biddbangladeshe-rooppur-prokolpo-o-bishwo-obhigg/pd/35105
আনু মুহাম্মদ,Not Listed,পুঁজির বিশ্বযাত্রা,৩৫০৳,২৬৩৳,https://www.wafilife.com/pujir-bishwajatra/pd/30626
আনু মুহাম্মদ,Not Listed,বাংলাদেশের অর্থনীতির গতিমুখ,৩০০৳,২৫২৳,https://www.wafilife.com/bangladesher-orthonitir-gotimukh/pd/44779
আনু মুহাম্মদ,Not Listed,বাংলাদেশের কোটিপতি মধ্যবিত্ত ও শ্রমিক,৩০০৳,২৫২৳,https://www.wafilife.com/millionaires-middle-class-and-workers-of-bangladesh/pd/44768
আনু মুহাম্মদ,Not Listed,বিশ্বায়নের বৈপরীত্য,৩২০৳,২৫৬৳,https://www.wafilife.com/bishwayoner-boiporitto/pd/35191
আনু মুহাম্মদ,Not Listed,করোনাকালে বাংলাদেশ,৩০০৳,২২৫৳,https://www.wafilife.com/coronakale-bangladesh/pd/30632
আনু মুহাম্মদ,Not Listed,বিশ্বায়নের বৈপরীত্য,৩২০৳,২৪০৳,https://www.wafilife.com/bisshwyanoer-boiporittyo/pd/10398
আনু মুহাম্মদ,Not Listed,রাষ্ট্র আছে রাষ্ট্র নাই,৩২৫৳,২৮৬৳,https://www.wafilife.com/rashtro-ache-rashtro-nai/pd/35188
আনু মুহাম্মদ,Not Listed,বিপ্লবের স্বপ্নভূমি কিউবা,৩০০৳,২৬৪৳,https://www.wafilife.com/biplober-swapnobhumi-cuba/pd/35185
আনু মুহাম্মদ,Not Listed,রাষ্ট্র ও রাজনীতি: বাংলাদেশের দুই দশক,৫৪৬৳,৪৩৬.৮০৳,https://www.wafilife.com/rastro-o-rajniti-bangladesher-dui-doshok/pd/34706
আনু মুহাম্মদ,Not Listed,"নারী, পুরুষ ও সমাজ",৩০০৳,২৪০৳,https://www.wafilife.com/nari-purush-o-somaj/pd/34717
আনু মুহাম্মদ,Not Listed,কার্ল মার্ক্সের পুঁজি: পুঁজি সঞ্চালনের প্রক্রিয়া (দ্বিতীয় খণ্ড),৬০০৳,৪৮০৳,https://www.wafilife.com/karl-markser-punji-punji-sonchaloner-prokriya-ditiyo-khondo/pd/75754
আনু মুহাম্মদ,Not Listed,কোথায় যাচ্ছে বাংলাদেশ,৩০০৳,২২৫৳,https://www.wafilife.com/kothay-jacche-bangladesh/pd/10369
আনু মুহাম্মদ,Not Listed,মানুষের সমাজ,১৩৫৳,১০১৳,https://www.wafilife.com/manusher-somaj/pd/10403
আনু মুহাম্মদ,Not Listed,Development Re-examined,৭২০৳,৫৯০.৪০৳,https://www.wafilife.com/development-re-examined/pd/10500
আনু মুহাম্মদ,Not Listed,অনুন্নত দেশে সমাজতন্ত্র : সংগ্রাম ও অভিজ্ঞতা,৩৫০৳,৩০৮৳,https://www.wafilife.com/onunnoto-deshe-somajtontro-songram-o-ovigghota/pd/35215
আনু মুহাম্মদ,Not Listed,"নারী, পুরুষ ও সমাজ",৩২০৳,২৮২৳,https://www.wafilife.com/nari-purush-o-somaj/pd/35211
আনু মুহাম্মদ,Not Listed,অর্থশাস্ত্র পরিচয়,২৭৫৳,২৩৪৳,https://www.wafilife.com/orthoshasro-poricoy/pd/35225
আনু মুহাম্মদ,Not Listed,অর্থশাস্ত্র পরিচয়,২৭৫৳,২২৬৳,https://www.wafilife.com/orthoshastro-porichoy/pd/10361
আনুশা নন্দকুমার,Not Listed,বাংলাদেশের স্বাধীনতাযুদ্ধ ও RAW,৪০০৳,৩২০৳,https://www.wafilife.com/the-war-that-made-raw/pd/33578
আনোয়ার ইবনে আখতার,Not Listed,"সারা বিশ্বে দাওয়াত ও তাবলীগের মেহনত, সুফল ও অবদান",২৩০৳,১৩৮৳,https://www.wafilife.com/sara-bisse-dawat-o-tabliger-mehnotsufolo-obodan/pd/1412
আনোয়ার ইবনে আখতার,Not Listed,ইসলামে সন্তানের শিষ্টাচার ইসলাম ও আধুনিক চিকিৎসা মা ও শিশু,২২০৳,১২১৳,https://www.wafilife.com/islame-shontaner-shistachar-islam-o-adhunik-chikitsha-ma-o-s/pd/2718
আনোয়ার উল্লাহ চৌধুরী,Not Listed,মুক্তিযুদ্ধের দিনগুলি,২৫০৳,২০০৳,https://www.wafilife.com/muktijuddher-dinguli/pd/52634
আনোয়ার হোসেইন মঞ্জু,Not Listed,সিপাহি বিদ্রোহের দালালেরা এবং একটি স্মৃতিকথা,৩০০৳,২৪০৳,https://www.wafilife.com/sipahi-bidroher-dalalera-abong-ekti-sriti-kotha/pd/61622
আনোয়ার হোসেন লিখন,Not Listed,প্রেম ও দ্রোহের নির্জন অভিসার,২৫০৳,১৮৮৳,https://www.wafilife.com/prem-o-droher-nirjon-ovishar/pd/65140
আনোয়ারা তরফদার,Not Listed,খাদ্যবিলাস,৪০০৳,৩২০৳,https://www.wafilife.com/khadyabilash/pd/65076
আনোয়ারুল্লাহ চৌধুরী,Not Listed,A Bangladesh Village,২৫০৳,২০০৳,https://www.wafilife.com/a-bangladesh-village/pd/51995
আনোয়ারুল্লাহ চৌধুরী,Not Listed,Applied Anthropology : The Science For Humankind,৪৫০৳,৩৬০৳,https://www.wafilife.com/এপ্লাইড-এনথ্রপলোজি-দ্যা-সাইন্স-ফর-হিউম্যান-কাইন্ড/pd/13806
আনোয়ার আলম,Not Listed,বাম্বি,১৭৫৳,১৪৪৳,https://www.wafilife.com/bambi/pd/43433
আনোয়ার ইকবাল,Not Listed,আহমেরিকা,৫০০৳,৪১০৳,https://www.wafilife.com/ahmerica/pd/14258
আনোয়ার ইকবাল,Not Listed,বুয়েটামি,২৫০৳,২২৩৳,https://www.wafilife.com/buetami/pd/8211
আনোয়ার ইবরাহিম,Not Listed,দ্যা এশিয়ান রেনেসাঁস,0,১৫০৳,https://www.wafilife.com/the-asian-renaissance/pd/5502
আনোয়ার উল আলম,Not Listed,রক্ষীবাহিনীর সত্য-মিথ্যা,৫৩০৳,৪২৪৳,https://www.wafilife.com/rokhibahinir-sotto-mittha/pd/12821
আনোয়ার এমডি হোসেইন,Not Listed,কাস্টমার সার্ভিস ১.০,১৫০৳,১২০৳,https://www.wafilife.com/customer-service-10/pd/8557
আনোয়ার এমডি হোসেইন,Not Listed,জার্নি ফ্রম গ্রামীণফোন টু আমাজন,২৭০৳,২১৬৳,https://www.wafilife.com/journey-from-grameenphone-to-amazon/pd/9188
আনোয়ার কবির,Not Listed,ফাঁসির মঞ্চে কর্নেল তাহের : একটি অজানা কাহিনী,৩৭৫৳,২৮১৳,https://www.wafilife.com/fasir-monche-colonel-taher-ekti-ojana-kahini/pd/14538
আনোয়ার জাহিদ,Not Listed,কালের যাত্রার ধ্বনি,১২৫৳,১০৪৳,https://www.wafilife.com/kaler-jattrar-done/pd/49585
আনোয়ার জাহিদ পিএইচডি.,Not Listed,The Divine Mercy (Volume 1),১৫০৳,১২০৳,https://www.wafilife.com/the-divine-mercy-volume-1/pd/36592
আনোয়ার জুনদী,Not Listed,যুব সমাজের প্রতি বরেণ্যদের খোলাচিঠি,৩৪০৳,১৯৭৳,https://www.wafilife.com/zubo-somajer-proti-borennoder-khola-chithi/pd/8518
আনোয়ার দাউদ আননাবরাবি,Not Listed,রিজিক বৃদ্ধির ৩০ উপায়,১০০৳,৭৫৳,https://www.wafilife.com/rijik-briddhir-30-upay/pd/26874
আনোয়ার দিল,Not Listed,Womens Changing Position in Bangladesh Tribute to Begum Rokeya,"১,০০০৳",৮৩০৳,https://www.wafilife.com/womens-changing-position-in-bangladesh-tribute-to-begum-roke/pd/47575
আনোয়ার দিল,Not Listed,Bangladesh (An Intercultrural College),"১,২০০৳",৯৯৬৳,https://www.wafilife.com/bangladesh-an-intercultrural-college/pd/47458
আনোয়ার দিল,Not Listed,Bangladesh : An Intercultural Panorama,৯০০৳,৭৪৭৳,https://www.wafilife.com/bangladesh-an-intercultural-panorama/pd/47409
আনোয়ার দিল,Not Listed,Bangladesh : An Intercultural Memoir,৭৭৫৳,৬৪৩৳,https://www.wafilife.com/bangladesh-an-intercultural-memoir/pd/47408
আনোয়ার দিল,Not Listed,Living with Integrity (Saber Reza Karim of Bangladesh),৮০০৳,৬৬৪৳,https://www.wafilife.com/living-with-integrity-saber-reza-karim-of-bangladesh/pd/47410
আনোয়ার দিল,Not Listed,Bangladesh: An Intercultural Mosaic,৬৫০৳,৫৪০৳,https://www.wafilife.com/bangladesh-an-intercultural-mosaic/pd/47647
আনোয়ার পারভেজ,Not Listed,বিজ্ঞানীদের হৃদপিণ্ড,৪৮০৳,৩৬৯৳,https://www.wafilife.com/bigganider-hridpindo/pd/75914
আনোয়ার পাশা,Not Listed,রাইফেল রোটি আওরাত,৩০০৳,২২৫৳,https://www.wafilife.com/rifel-roti-aworat/pd/56981
আনোয়ার পাশা,Not Listed,প্রবন্ধ ও অন্যান্য রচনা,৪০০৳,২৯২৳,https://www.wafilife.com/probondho-o-onnanno-rochona/pd/60652
আনোয়ার পাশা,Not Listed,সাহিত্য শিল্পী আবুল ফজল,৩০০৳,২১৯৳,https://www.wafilife.com/shahitto-shilpi-abudl-fazol/pd/60633
আনোয়ার লাইব্রেরী,Not Listed,কাফিয়া ইবনে হাজেব : ঈযাহুল মাতালিব (আরবী-বাংলা),৫২৫৳,৪৭২৳,https://www.wafilife.com/kafiya-ibney-hajeb-izahul-matalib-arbi-bangla/pd/60060
আনোয়ার লাইব্রেরী,Not Listed,মুখতাসারুল মাআনী-১ (আরবি-বাংলা),৫৫০৳,৪৫০৳,https://www.wafilife.com/mukhtasarul-maani-1-arbi-bangla/pd/60044
আনোয়ার লাইব্রেরী,Not Listed,আলফিয়াতুল হাদীস (আরবী-বাংলা),৫০০৳,৪৫০৳,https://www.wafilife.com/alfiyatu-hadis-arbi-bangla/pd/60059
আনোয়ার লাইব্রেরী,Not Listed,মাকামাতে হারীরী (আরবী-বাংলা),৪৮০৳,৪৩২৳,https://www.wafilife.com/makamate-hariri-arbi-bangla/pd/60043
আনোয়ার লাইব্রেরী,Not Listed,সিরাজী (আরবি-বাংলা),২২০৳,১৮০৳,https://www.wafilife.com/siraji-arbi-bangla/pd/60046
আনোয়ার লাইব্রেরী,Not Listed,আসান খাসিয়াতে আবওয়াব (বাংলা),১৫০৳,১৩৫৳,https://www.wafilife.com/asan-khasiyate-abwab/pd/60087
আনোয়ার লাইব্রেরী,Not Listed,শরহে মিয়াতে আমেল,১০০৳,৯০৳,https://www.wafilife.com/shorhe-miyate-amel/pd/60099
আনোয়ার লাইব্রেরী,Not Listed,প্রশ্নোত্তরে সীরাতে খাতামুল আম্বিয়া (বাংলা),২৫০৳,১৮০৳,https://www.wafilife.com/proshnottore-sirate-khatamul-ambiya/pd/60072
আনোয়ার লাইব্রেরী,Not Listed,মুআল্লিমুল ইনশা -১,২২০৳,১৯৮৳,https://www.wafilife.com/muallimul-insha-1/pd/60067
আনোয়ার লাইব্রেরী,Not Listed,শরহে মিয়াতে আমেল শাব্দিক অনুবাদসহ (আরবী-বাংলা),২৩০৳,২০৭৳,https://www.wafilife.com/shorhe-miyate-amel/pd/60070
আনোয়ার লাইব্রেরী,Not Listed,সীরাতে খাতামুল আম্বিয়া (কম্পিউটার),১০০৳,৯০৳,https://www.wafilife.com/sirate-khatamul-ambiya/pd/60096
আনোয়ার লাইব্রেরী,Not Listed,বাহারে গুলিস্তাঁ,১২০৳,১০৮৳,https://www.wafilife.com/bahare-gulista/pd/60097
আনোয়ার লাইব্রেরী,Not Listed,মুআল্লিমুল ইনশা - ২ (আরবী-বাংলা),২০০৳,১৮০৳,https://www.wafilife.com/muyallimul-insha-2-arbi-bangla/pd/60068
আনোয়ার লাইব্রেরী,Not Listed,শানে নুযূল (আরবী-বাংলা),৬০০৳,৫৪০৳,https://www.wafilife.com/shane-nuzul-arbi-bangla/pd/60055
আনোয়ার লাইব্রেরী,Not Listed,আসান তারীখুল ইসলাম (উর্দূ-বাংলা) ১ম খন্ড,৫০৳,৪৫৳,https://www.wafilife.com/asan-tarikhul-islam-urdu-bangla-1st-part/pd/60079
আনোয়ার লাইব্রেরী,Not Listed,শরফ নামাহ শরহে পান্দনামাহ (ফার্সী-বাংলা),২০০৳,১৮০৳,https://www.wafilife.com/shorof-namah-shorhe-pandenama/pd/60080
আনোয়ার লাইব্রেরী,Not Listed,খেলাফতে বনু উমাইয়া (বাংলা),২৫০৳,২২৫৳,https://www.wafilife.com/khelafote-bonu-umaiya-bangla/pd/60056
আনোয়ার লাইব্রেরী,Not Listed,শরহে আকাইদ (আরবী-বাংলা),৫৫০৳,৪৯৫৳,https://www.wafilife.com/shorhe-akaid-arbi-bangla/pd/60017
আনোয়ার লাইব্রেরী,Not Listed,আল-ফিকহুল মুয়াসসার (কম্পিউটার),১৫০৳,১৩৫৳,https://www.wafilife.com/al-fiqhul-muyassar/pd/60091
আনোয়ার লাইব্রেরী,Not Listed,তাইসীরুল মুবতাদী,৯০৳,৮১৳,https://www.wafilife.com/taisirul-mubtadi/pd/60082
আনোয়ার লাইব্রেরী,Not Listed,রওজাতুল আদব (কম্পিউটার),১০০৳,৯০৳,https://www.wafilife.com/rowjatul-adab/pd/60095
আনোয়ার লাইব্রেরী,Not Listed,ক্বালা আবু দাউদ (আরবী-বাংলা),৩৩০৳,২৯৭৳,https://www.wafilife.com/kwala-abu-daud-arbi-bangla/pd/60006
আনোয়ার লাইব্রেরী,Not Listed,বেহেশতী গাওহার (কম্পিউটার),১৪৫৳,১৩১৳,https://www.wafilife.com/beheshti-gawhar/pd/60101
আনোয়ার লাইব্রেরী,Not Listed,আত্ ত্বরীক ইলাল ইনশা-২ (আরবী-বাংলা),২৫০৳,২২৫৳,https://www.wafilife.com/at-tarik-ilal-insha-2-arbi-bangla/pd/60062
আনোয়ার লাইব্রেরী,Not Listed,উলূমুল হাদীস (আরবী-বাংলা),১৫০৳,১৩৫৳,https://www.wafilife.com/ulumul-hadis/pd/60016
আনোয়ার লাইব্রেরী,Not Listed,বাকুরাতুল আদব (আরবী-বাংলা),১০০৳,৯০৳,https://www.wafilife.com/bakuratul-adab-arbi-bangla/pd/60081
আনোয়ার লাইব্রেরী,Not Listed,তালীমুল ইসলাম -৩ (উর্দু-বাংলা),৮০৳,৭২৳,https://www.wafilife.com/talimul-islam-3/pd/60085
আনোয়ার লাইব্রেরী,Not Listed,আসান হেদায়াতুন্নাহু (আরবী-বাংলা),৪৫০৳,৪০৫৳,https://www.wafilife.com/asan-hedayatunnahu/pd/60063
আনোয়ার লাইব্রেরী,Not Listed,আল কাউলুন নাসীর (আরবী-বাংলা),৩০০৳,২৭০৳,https://www.wafilife.com/al-qaulun-nasir-arbi-bangla/pd/60040
আনোয়ার লাইব্রেরী,Not Listed,হায়াতুল মুছান্নিফীন (কালজয়ী ইসলামী সাহিত্য রচয়িতাগণের জীবনেতিহাস),৩০০৳,২৭০৳,https://www.wafilife.com/hayatul-muchannefin/pd/60088
আনোয়ার লাইব্রেরী,Not Listed,নফহাতুল আরব (আরবী-বাংলা),৪২০৳,৩৭৮৳,https://www.wafilife.com/nofhatul-arab-arbi-bangla/pd/60058
আনোয়ার লাইব্রেরী,Not Listed,আসান আল-মুখতাসারুল কুদুরী ১ (আরবী-বাংলা),৪৬০৳,৪৫০৳,https://www.wafilife.com/asan-al-mukhtasarul-quduri/pd/60061
আনোয়ার লাইব্রেরী,Not Listed,ইলমুস সরফ (কম্পিউটার),১০০৳,৯০৳,https://www.wafilife.com/ilmus-sorof/pd/60100
আনোয়ার লাইব্রেরী,Not Listed,তালীমুল ইসলাম -৪ (উর্দু-বাংলা),১০০৳,৯০৳,https://www.wafilife.com/talimul-islam-4-urdu-bangla/pd/60086
আনোয়ার লাইব্রেরী,Not Listed,বিষয় পরিচিতি,৩০০৳,২৭০৳,https://www.wafilife.com/bishoy-porichity/pd/60090
আনোয়ার লাইব্রেরী,Not Listed,খেলাফতে আব্বাসিয়া (বাংলা),২৫০৳,২২৫৳,https://www.wafilife.com/khelafote-abbasiya-bangla/pd/60057
আনোয়ার লাইব্রেরী,Not Listed,তালীমুল ইসলাম - ২ (উর্দু-বাংলা),৩৫৳,৩২৳,https://www.wafilife.com/talimul-islam-1/pd/60084
আনোয়ার লাইব্রেরী,Not Listed,তালীমুল ইসলাম - ১ (উর্দু-বাংলা),৩৫৳,৩২৳,https://www.wafilife.com/talimul-islam-1/pd/60083
আনোয়ার লাইব্রেরী,Not Listed,আত ত্বরীক ইলাল ইনশা -১ (আরবী-বাংলা),0,২০০৳,https://www.wafilife.com/at-tarik-ilal-insha-1-arbi-bangla/pd/60066
আনোয়ার লাইব্রেরী,Not Listed,শরহে মিয়াতে আমলে - (আরবি-বাংলা),৩০০৳,২০৭৳,https://www.wafilife.com/shorohe-miyat-amole/pd/27616
আনোয়ার লাইব্রেরী,Not Listed,আল-মুখতাসার (শরহে বেকায়া),0,৭৫০৳,https://www.wafilife.com/al-mukhtar-shorhe-bekaya/pd/19857
আনোয়ার লাইব্রেরী,Not Listed,ইযালাতুর রীবাহ শরহে ইলমুছ ছীগাহ,৪০০৳,৩৬০৳,https://www.wafilife.com/izalatur-ribah-shorhe-ilmus-sigah/pd/19923
আনোয়ার লাইব্রেরী,Not Listed,শরহে মুসলিম - ২,৭৫০৳,৬৭৫৳,https://www.wafilife.com/shorhe-muslim-2/pd/19901
আনোয়ার লাইব্রেরী,Not Listed,সুনানে আবী দাউদ - ২,৬৫০৳,৫৮৫৳,https://www.wafilife.com/sunane-abi-daud-2/pd/19888
আনোয়ার লাইব্রেরী,Not Listed,নাসরুল বারী শরহে বুখারী - ৯,৮৫০৳,৭৬৫৳,https://www.wafilife.com/nasrul-bari-shorhe-bukhari-9/pd/19883
আনোয়ার লাইব্রেরী,Not Listed,মিফতাহুল ফালাহ শরহে নুরুল ঈযাহ (আরবী-বাংলা) বড়,৫০০৳,৪৫০৳,https://www.wafilife.com/miftahul-falah-shorhe-nurul-izah/pd/19932
আনোয়ার লাইব্রেরী,Not Listed,নাসরুল বারী শরহে বুখারী - ১,৬৫০৳,৫৮৫৳,https://www.wafilife.com/nasrul-bari-shorhe-bukhari-1/pd/19884
আনোয়ার লাইব্রেরী,Not Listed,দরসে তিরমিযী - ৬ (আরবী-বাংলা),৫৫০৳,৪৯৫৳,https://www.wafilife.com/dorse-tirmizi-6/pd/19887
আনোয়ার লাইব্রেরী,Not Listed,اصول الشاشي / উসূলুশ শাশী (আরবী),২৫০৳,২২৫৳,https://www.wafilife.com/usulush-shashi-board-badhai/pd/19928
আনোয়ার লাইব্রেরী,Not Listed,ইযালায়ে রাঞ্জ শরহে পাঞ্জেগাঞ্জ (ফার্সি-বাংলা),২০০৳,১৮০৳,https://www.wafilife.com/izalaye-ranj-shorhe-panjeganj-farsi-bangla/pd/19914
আনোয়ার লাইব্রেরী,Not Listed,প্রশ্নোত্তরে খেলাফতে রাশেদা (বাংলা),২৫০৳,২২৫৳,https://www.wafilife.com/proshnottore-khelafote-raseda/pd/19931
আনোয়ার লাইব্রেরী,Not Listed,দরসে তিরমিযী - ১ (আরবী-বাংলা),৭০০৳,৫৮৫৳,https://www.wafilife.com/dorse-tirmizi-1/pd/19875
আনোয়ার লাইব্রেরী,Not Listed,আসান তারীখুল ইসলাম ১-৩ (উর্দু-বাংলা),২০০৳,১৮০৳,https://www.wafilife.com/asan-tarikhul-islam-urdu-bangla/pd/19809
আনোয়ার লাইব্রেরী,Not Listed,প্রশ্নোত্তরে নাহবেমীর (ফার্সি-বাংলা),২০০৳,১৮০৳,https://www.wafilife.com/proshnottore-nahbemir-farsi-bnagla/pd/19924
আনোয়ার লাইব্রেরী,Not Listed,নাসরুল বারী শরহে বুখারী - ৫,৬০০৳,৫৪০৳,https://www.wafilife.com/nasrul-bari-shorhe-bukahri-5/pd/19904
আনোয়ার লাইব্রেরী,Not Listed,দরসে তিরমিযী - ২ (আরবী-বাংলা),৭০০৳,৬৩০৳,https://www.wafilife.com/dorse-tirmizi-2/pd/19876
আনোয়ার লাইব্রেরী,Not Listed,আসান মুকাদ্দিমাতুল মিশকাত (আরবী-বাংলা),১৫০৳,১৩৫৳,https://www.wafilife.com/asan-mukaddimatul-mishkat/pd/19872
আনোয়ার লাইব্রেরী,Not Listed,আসান মিযানুস ছরফ ও মুনশাঈব (ফার্সি-বাংলা),১৫০৳,১২৯৳,https://www.wafilife.com/asan-mizanus-sorof-o-munshayib-farsi-bangla/pd/19915
আনোয়ার লাইব্রেরী,Not Listed,দুরিস্তাঁ শরহে গুলিস্তাঁ,0,২০০৳,https://www.wafilife.com/durista-shorhe-gulista/pd/19916
আনোয়ার লাইব্রেরী,Not Listed,তাকরীরে নাসাঈ - ১,৭০০৳,৫৯৫৳,https://www.wafilife.com/takrire-nasayi-1/pd/19894
আনোয়ার শাহ কাশ্মিরি রহ:,Not Listed,ইকফারুল মুলহিদিন (ঈমান ও কুফরের সংঘাত),৫০০৳,২৫০৳,https://www.wafilife.com/ikfarul-mulhidin-iman-o-kuforer-shonggat/pd/2630
আনোয়ার শাহ কাশ্মিরি রহ:,Not Listed,আমালিয়াতে কাশমিরী,২২০৳,১১০৳,https://www.wafilife.com/amaliyate-kashmiri/pd/26385
আনোয়ার শাহ কাশ্মিরি রহ:,Not Listed,কাদিয়ানিবাদের প্রামাণিক বিশ্লেষণ,১৩০৳,৭২৳,https://www.wafilife.com/kadiyanibader-pramanik-bishleshon/pd/31798
আনোয়ার শাহ কাশ্মিরি রহ:,Not Listed,আমালিয়াতে কাশ্মিরী,২৩০৳,১১৫৳,https://www.wafilife.com/amaliate-kashmiri/pd/5333
আনোয়ার শাহ কাশ্মিরি রহ:,Not Listed,আসমানি আমল,১০০৳,৯০৳,https://www.wafilife.com/asmani-amal/pd/3888
আনোয়ার শাহজাহান,Not Listed,গণ-অভ্যুত্থান ২০২৪ ইতিহাসের কালচিত্র,৫০০৳,৪৩০৳,https://www.wafilife.com/gono-avvhothan-2024-itihasher-kalchitro/pd/64427
আনোয়ার শাহাদাত,Not Listed,সাঁজোয়া তলে মুরগা,৩৬০৳,২৮৮৳,https://www.wafilife.com/sajoya-tole-murga/pd/34708
আনোয়ার হোসাইন,Not Listed,ভূগোল ও পরিবেশ (৯ম-১০ম শ্রেণি),৩৪০৳,২৮৬৳,https://www.wafilife.com/vugol-o-poribesh-class-9th-10th/pd/7895
আনোয়ার হোসাইন মঞ্জু,Not Listed,ওমর খৈয়ামের সমরকন্দ,৬০০৳,৪৮০৳,https://www.wafilife.com/omar-khayyamer-somorkondo/pd/64122
আনোয়ার হোসাইন মঞ্জু,Not Listed,সিপাহি বিদ্রোহ এবং একটি ঐতিহাসিক অবিচার,৩০০৳,২৪০৳,https://www.wafilife.com/sipahi-bidroho-ebong-ekti-oitihashik-obichar/pd/62800
আনোয়ার হোসাইন মঞ্জু,Not Listed,ট্রুথ লাভ এন্ড এ লিটল ম্যালিস,৭০০৳,৫৬০৳,https://www.wafilife.com/truth-love-and-a-littol-malish/pd/51525
আনোয়ার হোসাইন মঞ্জু,Not Listed,হোয়াইট মোগলস,৭০০৳,৫৬০৳,https://www.wafilife.com/whoite-mogols/pd/51755
আনোয়ার হোসেইন মঞ্জু,Not Listed,ওমর খৈয়ামের সমরকন্দ,৪৫০৳,৩৮৭৳,https://www.wafilife.com/omar-khayam-somikoron/pd/76681
আনোয়ার হোসেইন মঞ্জু,Not Listed,ও আকাশ ও বিহঙ্গ,৬৪০৳,৫১২৳,https://www.wafilife.com/o-akash-o-bihonggo/pd/65322
আনোয়ার হোসেইন মঞ্জু,Not Listed,প্যারাডাইস এন্ড আদার স্টোরিস,৩০০৳,২৪০৳,https://www.wafilife.com/paradise-and-other-stories/pd/61418
আনোয়ার হোসেইন মঞ্জু,Not Listed,ও আকাশ ও বিহঙ্গ,৭৫০৳,৬২৩৳,https://www.wafilife.com/o-akash-o-bihonggo/pd/31917
আনোয়ার হোসেইন মঞ্জু,Not Listed,মুসলমানের রক্তে লেখা ভারতের স্বাধীনতা,৭৫০৳,৫৬২৳,https://www.wafilife.com/musalmaner-rokte-lekha-varoter-shadhinota/pd/30086
আনোয়ার হোসেইন মঞ্জু,Not Listed,সিপাহি বিদ্রোহ এবং একটি ঐতিহাসিক অবিচার,৩০০৳,২৪৯৳,https://www.wafilife.com/sipahi-bidroho-ebong-ekti-oitihasik-obichar/pd/7866
আনোয়ার হোসেন,Not Listed,আমাদের জানা মহাবিশ্ব,৩২০৳,২৫০৳,https://www.wafilife.com/amader-jana-mohabishwo/pd/30537
আনোয়ার হোসেন,Not Listed,এলিয়েনের খোঁজে,২৬৭৳,২১৮.৯৪৳,https://www.wafilife.com/aliener-khoje/pd/14717
আনোয়ার হোসেন,Not Listed,Management Education and Environment,৫৬০৳,৪৬৫৳,https://www.wafilife.com/management-education-and-environment/pd/10076
আনোয়ার হোসেন খান,Not Listed,সহজ পদ্ধতিতে হাঁস মুরগি পালন,২০০৳,১৭৬৳,https://www.wafilife.com/sohaj-paddatita-hash-murgi-palon/pd/39170
আনোয়ার হোসেন বাদল,Not Listed,অনার্য জীবন,২৫০৳,২১৯৳,https://www.wafilife.com/onarz-jibon/pd/79379
আনোয়ার হোসেন লালন,Not Listed,পাহাড়ী কন্যা,২০০৳,১১০৳,https://www.wafilife.com/pahari-konna/pd/29634
আনোয়ার হোসেন লালন,Not Listed,মীম,২৫০৳,১৬৩৳,https://www.wafilife.com/mim/pd/13900
আনোয়ার হোসেন লালন,Not Listed,কারবালার কান্না,৩৫০৳,২২৭.৫০৳,https://www.wafilife.com/karbalar-kanna/pd/2517
আনোয়ার হোসেন লালন,Not Listed,মনময়ূরী,৩০০৳,১৫০৳,https://www.wafilife.com/monmoyuri/pd/2534
আনোয়ার হোসেন লালন,Not Listed,আকষর্ণীয় পাঁচটি কিশোর উপন্যাস,৪০০৳,২৪০৳,https://www.wafilife.com/akosorniyo-pacte-kisor-upponas/pd/34142
আনোয়ারউল্লাহ চৌধুরী,Not Listed,বাঙালির সমাজচিন্তা ও অন্যান্য প্রসঙ্গ,৩০০৳,২৪০৳,https://www.wafilife.com/bangalir-somajchinta-o-onyanyo-prosongo/pd/52521
আনোয়ারা আলম,Not Listed,মুক্তিযোদ্ধা মা,১০০৳,৮২৳,https://www.wafilife.com/muktijhuddha-ma/pd/43443
আনোয়ারা আল্পনা,Not Listed,চক্ষুহরা,২৬০৳,২০৮৳,https://www.wafilife.com/chakkhuhora/pd/72134
আনোয়ারা বেগম,Not Listed,১০০১ রান্না,৪০০৳,২৯২৳,https://www.wafilife.com/1001-ranna/pd/37987
আনোয়ারা বেগম,Not Listed,ভূতুড়ে কাণ্ডের রহস্য,৫০৳,৪৩৳,https://www.wafilife.com/vuture-kander-rohosyo/pd/40669
আনোয়ারা বেগম,Not Listed,Engendering Garment Industry,৩৫৬৳,২৯১.৯২৳,https://www.wafilife.com/engendering-garment-industry/pd/10511
আনোয়ারা বেগম,Not Listed,Destination Dhaka: Urban Migration: Expectations and Reality,৩৮০৳,৩১১.৬০৳,https://www.wafilife.com/destination-dhaka-urban-migration-expectations-and-reality/pd/10498
আনোয়ারা বেগম শেলী,Not Listed,জীবন থেকে নেয়া-২,"১,০০০৳",৮৬০৳,https://www.wafilife.com/jibon-theke-neoya-2/pd/36801
আনোয়ারা সৈয়দ হক,Not Listed,উদাসী বালক,২০০৳,১৬০৳,https://www.wafilife.com/udashi-balok/pd/82118
আনোয়ারা সৈয়দ হক,Not Listed,অন্ধকারে যে দরোজা,২২৫৳,১৮৪.৫০৳,https://www.wafilife.com/ondokare-ja-doroja/pd/77441
আনোয়ারা সৈয়দ হক,Not Listed,রবীন্দ্রনাথের বিজয়া ও পিকাসোর নারীরা,৩৫০৳,২৮০৳,https://www.wafilife.com/rabindranather-bijaya-o-piccasor-narira/pd/67163
আনোয়ারা সৈয়দ হক,Not Listed,মাল্টিস্টোরি,২০০৳,১৫০৳,https://www.wafilife.com/multistory/pd/64531
আনোয়ারা সৈয়দ হক,Not Listed,মুখোমুখি সব্যসাচী,"১,০৫০৳",৮৪০৳,https://www.wafilife.com/mukhomukhi-sobbosachi/pd/64116
আনোয়ারা সৈয়দ হক,Not Listed,দহসি জীবন,২৮০৳,২২৪৳,https://www.wafilife.com/dahosi-jibon/pd/62764
আনোয়ারা সৈয়দ হক,Not Listed,ভ্রমণে আত্মকথন ও কবি এমিলি ডিকিনসন,৩৫০৳,২৮০৳,https://www.wafilife.com/vromone-attokothon-o-kobi-emili-dikinsion/pd/61164
আনোয়ারা সৈয়দ হক,Not Listed,সময় বহিয়া গেল,৪৫০৳,৩৬০৳,https://www.wafilife.com/shomoy-bohiya-gelo/pd/58702
আনোয়ারা সৈয়দ হক,Not Listed,আনোয়ারা সৈয়দ হক-এর কলাম-২,৪০০৳,৩২০৳,https://www.wafilife.com/anowara-syed-haque-er-kolum-2/pd/54313
আনোয়ারা সৈয়দ হক,Not Listed,ভ্রমণ-রচনাবলি (প্রথম খণ্ড),৯০০৳,৭২০৳,https://www.wafilife.com/vromon-rochonaboli-1st-khondo/pd/51646
আনোয়ারা সৈয়দ হক,Not Listed,ভ্রমণ-রচনাবলি (দ্বিতীয় খণ্ড),৮০০৳,৬৪০৳,https://www.wafilife.com/vromon-rochonaboli-2nd-khnodo/pd/51645
আনোয়ারা সৈয়দ হক,Not Listed,মন্টির বাবা,৭০৳,৫৯৳,https://www.wafilife.com/montier-baba/pd/45159
আনোয়ারা সৈয়দ হক,Not Listed,মুক্তিযোদ্ধার মা,১০০৳,৮৪৳,https://www.wafilife.com/muktijodher-ma/pd/45145
আনোয়ারা সৈয়দ হক,Not Listed,তিনটি কিশোর উপন্যাস,৪০০৳,৩৩২৳,https://www.wafilife.com/tinti-kishur-uponass/pd/40792
আনোয়ারা সৈয়দ হক,Not Listed,শ্রেষ্ঠ কিশোরগল্প,২৮০৳,২১৮৳,https://www.wafilife.com/shrestho-kishorgolpo/pd/35784
আনোয়ারা সৈয়দ হক,Not Listed,বাসিত জীবন,৫০০৳,৪০০৳,https://www.wafilife.com/basito-jibon/pd/33654
আনোয়ারা সৈয়দ হক,Not Listed,কিশোর কিশোরীদের মানসিক সমস্যা ও সমাধান,২৫০৳,২০০৳,https://www.wafilife.com/kishor-kishorider-manoshik-somosha-o-somadan/pd/31858
আনোয়ারা সৈয়দ হক,Not Listed,ফুলের গন্ধের মতো থেকে যাবে আমার রুমালে,১৬০৳,১২৮৳,https://www.wafilife.com/fuler-ghondher-moto-theke-jabe-amar-rumale/pd/51596
আনোয়ারা সৈয়দ হক,Not Listed,দেখে এলাম মিশর ও মরক্কো,২০০৳,১৬০৳,https://www.wafilife.com/dekhe-elam-mishore-o-morokko/pd/51545
আনোয়ারা সৈয়দ হক,Not Listed,নারীর কথা নারীর লেখা,৩০০৳,২৪৯৳,https://www.wafilife.com/narir-lekha-narir-katha/pd/50933
আনোয়ারা সৈয়দ হক,Not Listed,রাসেল তার আব্বুর হাত ধরে হেঁটে যায়,৩০০৳,২৪৯৳,https://www.wafilife.com/rasel-tar-abbur-hat-dhore-hete-jay/pd/50970
আনোয়ারা সৈয়দ হক,Not Listed,আমার বাবা আমার যিশু,৩৫০৳,২৮৭৳,https://www.wafilife.com/amar-baba-amar-jisu/pd/36280
আনোয়ারা সৈয়দ হক,Not Listed,কঙ্কালের মুখ,১৬৭৳,১৩৩.৬০৳,https://www.wafilife.com/konkaler-mukh/pd/55142
আনোয়ারা সৈয়দ হক,Not Listed,ছানার নানাবাড়ি,২৫০৳,২০০৳,https://www.wafilife.com/chananar-nana-bari/pd/51495
আনোয়ারা সৈয়দ হক,Not Listed,কিশোর উপন্যাস সমগ্র -৪,৫৫০৳,৪৪০৳,https://www.wafilife.com/kishor-uponyas-somogro-4/pd/55072
আনোয়ারা সৈয়দ হক,Not Listed,নির্বাচিত কিশোর গল্প-আনোয়ারা সৈয়দ হক,৩০০৳,২৫২৳,https://www.wafilife.com/nirbachito-kishor-golpo-anowara-sayed-haque/pd/45215
আনোয়ারা সৈয়দ হক,Not Listed,কিশোর উপন্যাস সমগ্র ৩,৫০০৳,৪০০৳,https://www.wafilife.com/kishor-upanyas-samogra-3/pd/54991
আনোয়ারা সৈয়দ হক,Not Listed,যোগাযোগ-এর মধুসূদন ও অন্যান্য প্রবন্ধ,৩০০৳,২২৫৳,https://www.wafilife.com/jogajoger-madhusudan-o-anyanyo-prabondho/pd/44393
আনোয়ারা সৈয়দ হক,Not Listed,রকমারি রচনা,২৭০৳,১৮৪৳,https://www.wafilife.com/rokomary-rochona/pd/43836
আনোয়ারা সৈয়দ হক,Not Listed,কত রকমের গল্প,১৫০৳,১১৫৳,https://www.wafilife.com/koto-rokomer-golpo/pd/41035
আনোয়ারা সৈয়দ হক,Not Listed,কিশোর উপন্যাস সমগ্র -২,৫০০৳,৪০০৳,https://www.wafilife.com/kisor-upnash-somgro-2/pd/54938
আনোয়ারা সৈয়দ হক,Not Listed,কিশোর উপন্যাস সমগ্র-১,৫৫০৳,৪৪০৳,https://www.wafilife.com/kishor-upannyas-samogra-1/pd/54922
আনোয়ারা সৈয়দ হক,Not Listed,যেমন আমাদের জীবন,১৫০৳,১২৬৳,https://www.wafilife.com/jamon-amader-jibon/pd/45201
আনোয়ারা সৈয়দ হক,Not Listed,ক্ষুব্ধ সংলাপ,২৮০৳,২০৪.৪০৳,https://www.wafilife.com/khubdho-songlap/pd/44918
আনোয়ারা সৈয়দ হক,Not Listed,উল্টো পায়ের ভূত,১০০৳,৮৪৳,https://www.wafilife.com/ulto-payer-vut/pd/45202
আনোয়ারা সৈয়দ হক,Not Listed,আমি বাবাকে ভালোবাসি,১৩৫৳,১১৩৳,https://www.wafilife.com/ami-babak-valobashe/pd/45208
আনোয়ারা সৈয়দ হক,Not Listed,নির্বাচিত কিশোর গল্প,৪৫০৳,৩৯৯৳,https://www.wafilife.com/nirbachito-kishor-golpo/pd/81874
আনোয়ারা সৈয়দ হক,Not Listed,মাধবী এসেই বলে যাই,৩০০৳,২৬৯৳,https://www.wafilife.com/madhobi-esey-bole-jai/pd/81847
আনোয়ারা সৈয়দ হক,Not Listed,হানাদার বাহিনী জব্দ,১০০৳,৮৪৳,https://www.wafilife.com/hanader-bahini-jobdho/pd/45323
আনোয়ারা সৈয়দ হক,Not Listed,সূর্য ওঠার গল্প,৮০৳,৬২৳,https://www.wafilife.com/surjo-othar-golpo/pd/41295
আনোয়ারা সৈয়দ হক,Not Listed,আনোয়ারা সৈয়দ হক এর কলাম-১,২৫০৳,২০০৳,https://www.wafilife.com/anowara-syed-haque-er-kolum-1/pd/54082
আনোয়ারা সৈয়দ হক,Not Listed,তোমার কথা,১৩০৳,১০৯৳,https://www.wafilife.com/tomar-kotha/pd/45313
আনোয়ারা সৈয়দ হক,Not Listed,একজন মুক্তিযোদ্ধার ছেলে,১২০৳,১০১৳,https://www.wafilife.com/ekjon-muktijodhar-chele/pd/45319
আনোয়ারা সৈয়দ হক,Not Listed,উড়ে যাই দূরে যাই,১৫০৳,১২৩৳,https://www.wafilife.com/ure-jai-dure-jai/pd/7740
আনোয়ারুল আজিম,Not Listed,ছুহুফী আল-মুখতারা ( صفحي المختارة ),২০০৳,১২০৳,https://www.wafilife.com/suhfi-al-mukhtara/pd/58705
আনোয়ারুল আজিম,Not Listed,My Life in Tea,৯৬০৳,৭৮৭.২০৳,https://www.wafilife.com/my-life-in-tea/pd/35116
আনোয়ারুল ইসলাম,Not Listed,এক পশলা বৃষ্টি,১৫০৳,১২০৳,https://www.wafilife.com/ek-poshla-brristi/pd/78071
আনোয়ারুল ইসলাম,Not Listed,ছড়ার মালঞ্চ,১৫০৳,১২০৳,https://www.wafilife.com/chorar-malonchay/pd/78070
আনোয়ারুল ইসলাম,Not Listed,ঝিঙেফুলের ছড়া,১০০৳,৮০৳,https://www.wafilife.com/jhinge-fuler-chora/pd/78072
আনোয়ারুল ইসলাম,Not Listed,বিশ্বের উপাত্ত,১২৫৳,১০২.৫০৳,https://www.wafilife.com/mishwerupatto/pd/46476
আনোয়ারুল ইসলাম,Not Listed,বিনিয়োগ বিশ্লেষণ ও পোর্টফোলিও ব্যবস্থাপনা (বিবিএ অনার্স ৪র্থ বর্ষ )(হিসাববিজ্ঞান বিভাগ ) কোড : ২৪২৫১৫,৪২৯৳,৩৮৯৳,https://www.wafilife.com/investment-analysis-and-portfolio-management-bba-honars-4th/pd/79409
আনোয়ারুল ইসলাম কামাল,Not Listed,কার্যকরি মূলধন ব্যবস্থাপনা ও আর্থিক বিবরণী বিশ্লেষণ (হিসাববিজ্ঞান বিভাগ বিষয় কোড: ২৫৮৬) (বিবিএ অনার্স ৪র্থ বর্ষ),৪২৯৳,৩৮৯৳,https://www.wafilife.com/working-capital-management-and-financial-statement-analysis/pd/79404
আনোয়ারুল হক,Not Listed,সমাজবিজ্ঞান ২য় পত্র (একাদশ-দ্বাদশ শ্রেণির জন্য),0,২০৫৳,https://www.wafilife.com/sociology-2nd-paper-for-class-11-and-12/pd/21526
আনোয়ারুল হক,Not Listed,নুরে ভরা কুরআন,১৬০৳,৯৬৳,https://www.wafilife.com/nure-vora-quran/pd/7151
আনোয়ারুল হক,Not Listed,বাংলাদেশের শিক্ষা ব্যবস্থাপনা ও উন্নয়ন কৌশল,২০০৳,১৬৪৳,https://www.wafilife.com/bangladesher-shikkha-babosthapona-o-unnoun-koushol/pd/46470
আনোয়ারুল্লাহ্ ভূঁইয়া,Not Listed,রোকেয়া : চিন্তার উত্তরাধিকার,৪৫০৳,৩২৪৳,https://www.wafilife.com/rokeya-chintar-uttradhikar/pd/46906
আনোয়ারুল্লাহ্ ভূঁইয়া,Not Listed,নীতিবিদ্যা,২০০৳,১৬০৳,https://www.wafilife.com/nitibidya/pd/13409
আনোয়ারুল্লাহ্ ভূঁইয়া,Not Listed,সমকালীন নীতিবিদ্যা,২২০৳,১৭৬৳,https://www.wafilife.com/somokalin-nitibidya/pd/13440
আনোয়ারুল্লাহ্ ভূঁইয়া,Not Listed,শিক্ষাদর্শন: তত্ত্ব ও ইতিহাস,৩৫০৳,২৬২.৫০৳,https://www.wafilife.com/shikhadorshon-totto-o-etihas/pd/44256
আন্জুমান আরা অনু,Not Listed,বিভাবন,১৫০৳,১২০৳,https://www.wafilife.com/bibhabon/pd/59349
আন্তন চেখভ,Not Listed,ককেশাসের বন্দী ও অন্যান্য গল্প,২৫০৳,২৩৯৳,https://www.wafilife.com/kokeshaser-bandi-o-onnano-golpo/pd/82348
আন্তন চেখভ,Not Listed,ভালোবাসার নিমিত্তে,২৫০৳,১৭৫৳,https://www.wafilife.com/valobasar-nimitte/pd/64902
আন্তন চেখভ,Not Listed,শ্রেষ্ঠ গল্প বিদেশি লেখকদের অনুবাদ কালেকশন (৮টি বই),"১,৬৩৫৳","১,৩৫৭৳",https://www.wafilife.com/shreshtho-golpo-bideshi-lekhokder-anubad-collection-8ti-boi/pd/42457
আন্তন চেখভ,Not Listed,আমার জীবন,২৫০৳,২০০৳,https://www.wafilife.com/amar-jibon/pd/51406
আন্তোনিও গ্রামসি,Not Listed,রাষ্ট্র ও জনসমাজ,৩০০৳,২৫৫৳,https://www.wafilife.com/rastro-o-jonosomaj/pd/24841
আন্তোয়ান দো সেইন্ট এগজুঁপেরি,Not Listed,দ্যা লিটল প্রিন্স,0,২২০৳,https://www.wafilife.com/the-little-prince/pd/67638
আন্তোয়ান দো সেইন্ট এগজুঁপেরি,Not Listed,"কিশোর ক্লাসিক দ্য লিট্‌ল্‌ প্রিন্স, ম্যানসফিল্ড পার্ক, দ্য পিকচার অভ ডোরিয়ান গ্রে - তিনটি বই একত্রে",১০৬৳,৯৩৳,https://www.wafilife.com/kishor-classic-the-little-prince-mansfield-park-the-picture/pd/48567
আন্দালিব রাশদী,Not Listed,মন্ত্রীভাবি ও দপ্তরবিহীন মন্ত্রী,৪০০৳,৩২০৳,https://www.wafilife.com/montrivabi-o-doptorbihin-montri/pd/67137
আন্দালিব রাশদী,Not Listed,সিক্রেটস,২৫০৳,২০০৳,https://www.wafilife.com/secrets/pd/61533
আন্দালিব রাশদী,Not Listed,একাত্তরের দলিল-৩,৫০০৳,৪১৫৳,https://www.wafilife.com/ekattorer-dolil-3/pd/37614
আন্দালিব রাশদী,Not Listed,একাত্তরের দলিল-২,৪৫০৳,৩৭৪৳,https://www.wafilife.com/ekattorer-dolil-2/pd/37619
আন্দালিব রাশদী,Not Listed,টুইংকল টুইংকল,১০০৳,৮২৳,https://www.wafilife.com/twinkol-twinkol/pd/46627
আন্দালিব রাশদী,Not Listed,আমলা শাসানো হুকুমনামা ও বিচিত্র গ্রন্থ,৪৭০৳,৩৫২.৫০৳,https://www.wafilife.com/amla-shasanu-hukomnama-o-bichitro-grontho/pd/51402
আন্দালিব রাশদী,Not Listed,নোবেল বিজয়ী পাঁচজন,৩০০৳,২২৫৳,https://www.wafilife.com/nobel-bijoye-pachjon/pd/44239
আন্দালিব রাশদী,Not Listed,কালাশনিকভ ও অন্যান্য,২৭০৳,২০২.৫০৳,https://www.wafilife.com/kalashnikob-o-onnano/pd/44357
আন্দালিব রাশদী,Not Listed,একাত্তরের দলিল,৪৫০৳,৩৭৪৳,https://www.wafilife.com/ekattorer-dolil/pd/37656
আন্দালিব রাশদী,Not Listed,হুমায়ূন,২০০৳,১৫০৳,https://www.wafilife.com/humayun/pd/44321
আন্দ্রি সাদনিভ,Not Listed,দ্য বিজনেস আইডিয়া ফ্যাক্টরি,৩০০৳,২৪৯৳,https://www.wafilife.com/the-business-idea-factor/pd/37060
আন্দ্রে ভিচেক,Not Listed,হিরোশিমা থেকে ড্রোনযুদ্ধ,৪৫০৳,৩৭৩৳,https://www.wafilife.com/hiroshima-theke-drone-juddho/pd/9390
আন্দ্রেয়া মুরো,Not Listed,নোম চমস্কি ও আন্দ্রেয়া মুরো'র আলাপ,১৫০৳,১৪২.৫০৳,https://www.wafilife.com/noam-chomsky-o-andrea-muro-re-alap/pd/76165
আপেল মাহমুদ,Not Listed,পড়াশোনার যাদুকরী কৌশল,১৬০৳,১৩০৳,https://www.wafilife.com/porashoanr-jadukori-koushol/pd/9442
আপেল মাহমুদ,Not Listed,ইন্টারভিউ টেকনিকস,২৪০৳,১৬৯৳,https://www.wafilife.com/interview-techniques/pd/9444
আপেল মাহমুদ,Not Listed,বিডিজবস অ্যান্ড লিঙ্কডইন আপডেটিং,২০০৳,১৪০৳,https://www.wafilife.com/bdjobs-and-linkedin-update/pd/9440
আপেল মাহমুদ,Not Listed,বাংলায় ইহুদি সম্প্রদায়,২৫০৳,২০০৳,https://www.wafilife.com/banglay-ehudi-somprday/pd/51618
আপেল মাহমুদ,Not Listed,প্রফেশনাল নেটওয়ার্কিং স্কিলস,২০০৳,১৫০৳,https://www.wafilife.com/professional-networking-skills/pd/9443
আপেল মাহমুদ,Not Listed,ক্যারিয়ার পরিকল্পনা ও বাস্তবায়ন,১৮৭৳,১৪০৳,https://www.wafilife.com/career-porikolpona-o-bastobayon/pd/9441
আপেল মাহমুদ,Not Listed,প্রফেশনাল সিভি রাইটিং,২৯০৳,২১৭৳,https://www.wafilife.com/professional-cv-writing/pd/9445
আপেল মাহ্‌মুদ,Not Listed,হজের ঐতিহাসিক বিবরণ,৫১০৳,৪০৮৳,https://www.wafilife.com/hazer-oitihashik-biboron/pd/51742
আফজাল হোসেন,Not Listed,জীবনের চাকা আপনার হাতে,৫৮৫৳,৪১০৳,https://www.wafilife.com/jiboner-chaka-apnar-hate/pd/65556
আফজাল হোসেন,Not Listed,সাকসেস টুলস,৩০০৳,২১৯৳,https://www.wafilife.com/success-tools/pd/10308
আফজাল হোসেন,Not Listed,"১. ডেকোরেট ইয়োর লাইফ, ২.সাকসেস টুলস্",৬০০৳,৪৩৮৳,https://www.wafilife.com/1-decorate-your-life-2-success-tools/pd/44872
আফজাল হোসেন,Not Listed,ডেকোরেট ইয়োর লাইফ,৩০০৳,২১৯৳,https://www.wafilife.com/decorate-your-life/pd/10309
আফজাল হোসেন,Not Listed,মমি,১৮০৳,১৪৯৳,https://www.wafilife.com/momi/pd/37805
আফজাল হোসেন (এল এল বি),Not Listed,অভিশপ্ত রক্ত,৫৩০৳,৪২৪৳,https://www.wafilife.com/ovishopto-rokto/pd/51389
আফজাল হোসেন (এল এল বি),Not Listed,মানসভ্রমণ,৩৫০৳,২৮৭৳,https://www.wafilife.com/manoshvromon/pd/46617
আফজাল হোসেন (এল এল বি),Not Listed,সাবান মাখা রোদ,৩৫০৳,২৮০৳,https://www.wafilife.com/saban-makha-rod/pd/52765
আফজাল হোসেন (এল এল বি),Not Listed,কথায় কথায় রাত,২০০৳,১৬৬৳,https://www.wafilife.com/kathay-kothay-rat/pd/52175
আফজাল হোসেন (এল এল বি),Not Listed,বাণী চিরন্তনী,৫০০৳,৪০০৳,https://www.wafilife.com/bany-cirantny/pd/79721
আফজাল হোসেন (এল এল বি),Not Listed,বিজ্ঞান কি বলে,১০০৳,৭৬৳,https://www.wafilife.com/bikkhan-ki-bole/pd/46206
আফজাল হোসেন (এল এল বি),Not Listed,সায়েন্স ফেয়ার,২০০৳,১৫২৳,https://www.wafilife.com/science-fair/pd/46207
আফজাল হোসেন (এল এল বি),Not Listed,বিজ্ঞানের টুকিটাকি,২০০৳,১৫২৳,https://www.wafilife.com/bikkhaner-tukitaki/pd/46208
আফজাল হোসেন (এল এল বি),Not Listed,গুহামানবী,৭৫৳,৬১.৫০৳,https://www.wafilife.com/guhamanobi-otiprakrito-kahini/pd/48109
আফজালুল বাসার,Not Listed,ট্রাকটেটাস ও ভিটাগেস্টাইনের ভাষাচিন্তা,১৫০৳,১২০৳,https://www.wafilife.com/tracktetas-o-vitagestainer-vasachinta/pd/22075
আফজালুল বাসার,Not Listed,শতরূপা ঢাকা বিশ্ববিদ্যালয়,৫৮০৳,৪৮৭৳,https://www.wafilife.com/shotorupa-dhaka-bishwabiddaloy/pd/44781
আফজালুল বাসার,Not Listed,আহসানের ছড়া ও গান,২৫০৳,২১০৳,https://www.wafilife.com/ahosaner-chora-o-gan/pd/44849
আফজালুল বাসার,Not Listed,লালন ও বাঙালি,২৪০৳,২০১৳,https://www.wafilife.com/lalon-o-bangale/pd/44751
আফজালুল বাসার,Not Listed,ন্যায় বিবেচনা প্রকাশবন্ধু,২৫৬৳,২১৫৳,https://www.wafilife.com/nayi-bibechona-prokashbondhu/pd/44864
আফতাব আহমেদ তানভীর,Not Listed,আদ্ব-দুহা,২০০৳,১৪০৳,https://www.wafilife.com/ad-duha/pd/23914
আফতাব উজ্জামান,Not Listed,দিগন্তরেখা,৪৫০৳,৩৮৯৳,https://www.wafilife.com/digontorekha/pd/81794
আফতাব মাহমুদ খুরশিদ,Not Listed,ব্র্যান্ডিং এবং বাস্তবতা,২৫০৳,২২৩৳,https://www.wafilife.com/branding-ebong-bastobota/pd/24246
আফতাব হোসেন,Not Listed,অন্য কাহন,৩৫০৳,২৮০৳,https://www.wafilife.com/onnokahon/pd/62270
আফতাব হোসেন,Not Listed,বখতিয়ার,৫৭০৳,৪৫৬৳,https://www.wafilife.com/bokhtiyar/pd/30150
আফতাব হোসেন,Not Listed,ইরানি দাস্তান,৪৫০৳,৩৬০৳,https://www.wafilife.com/irani-dastan/pd/15316
আফতাব হোসেন,Not Listed,তিতুমীর,৫০০৳,৪০০৳,https://www.wafilife.com/titumir/pd/9209
আফরাজ কারীম আয়াত,Not Listed,ডাইনোসর,২৬০৳,২১৬৳,https://www.wafilife.com/dinosaur/pd/51955
আফরিন জাহান,Not Listed,An Introduction to Bangladesh Economy,২০০৳,১৭৫৳,https://www.wafilife.com/an-introduction-to-bangladesh-economy/pd/12801
আফরিনা হোসেন রিমু,Not Listed,বিপন্ন পরিবেশ আর্থ-সামাজিক উন্নয়ন ও কিছু ভাবনা,২০০৳,১৪৬৳,https://www.wafilife.com/beponno-poribes-artho-samajick-unnoyon-o-kisu-vabna/pd/37964
আফরোজা অদিতি,Not Listed,নাম হলো ওর ঝ্যাং,৭৫৳,৫৬৳,https://www.wafilife.com/nam-holo-or-zhang/pd/32830
আফরোজা অদিতি,Not Listed,প্রবীণকথা ও জীবনাচার,২৫০৳,২০৮৳,https://www.wafilife.com/pradinkotha-o-jibanachar/pd/47600
আফরোজা আক্তার,Not Listed,রুম নাম্বার ১২৭,৩৩০৳,২৭৭.৪০৳,https://www.wafilife.com/room-number127/pd/41025
আফরোজা আক্তার,Not Listed,অনুভূতিরা এখানে মৃত (হার্ডকভার),২৫০৳,১৭৫৳,https://www.wafilife.com/e0a685e0a6a8e0a781e0a6ade0a782e0a6a4e0a6bfe0a6b0e0a6be-e0a68/pd/66389
আফরোজা আখতার মুন্নী,Not Listed,ম্যাজিকে ম্যাজিকে বিজ্ঞান,৬০৳,৫০৳,https://www.wafilife.com/magice-magice-biggan/pd/45870
আফরোজা আখতারী,Not Listed,একমুঠো রোদ্দুর,১৬০৳,১২০৳,https://www.wafilife.com/ekmutho-roddur/pd/36528
আফরোজা আলম,Not Listed,ফানুস,৩০০৳,২২৫৳,https://www.wafilife.com/fanus/pd/30826
আফরোজা খাতুন,Not Listed,জুলাই গণঅভ্যুত্থান,৩৭৫৳,২৮১৳,https://www.wafilife.com/julay-gonoavvuthan/pd/61922
আফরোজা খাতুন,Not Listed,বাংলা সাহিত্য ও সংগ্রামে নারী,৫০০৳,৩৭৫৳,https://www.wafilife.com/bangla-sahitto-o-songrame-nari/pd/61923
আফরোজা নাছরিন,Not Listed,ছোটদের রহস্য গল্প,৬০৳,৪৩.৮০৳,https://www.wafilife.com/chotoder-rohosso-golpo/pd/38009
আফরোজা নিজামী,Not Listed,উপস্থাপনার সোনালি ডায়েরি,১৫০৳,১১০৳,https://www.wafilife.com/uposthaponar-sonali-diary/pd/58508
আফরোজা পারভীন,Not Listed,আপনজনদের স্মৃতিতে জহির রায়হান,২২০৳,১৭৬৳,https://www.wafilife.com/aponjonder-smritite-johir-raihan/pd/64117
আফরোজা পারভীন,Not Listed,সোনার ছেলে মিশু,৮০৳,৬৩৳,https://www.wafilife.com/shonar-chele-mishu/pd/56891
আফরোজা পারভীন,Not Listed,ভাষা আন্দোলনে নারী,৫০০৳,৪০০৳,https://www.wafilife.com/vasa-andolone-nari/pd/54426
আফরোজা পারভীন,Not Listed,রবীন্দ্রনাথের খোঁজে,৩৫০৳,২৬৩৳,https://www.wafilife.com/rabindranather-khoje/pd/40161
আফরোজা পারভীন,Not Listed,বাংলাদেশ গণআন্দোলন ও মুক্তিযুদ্ধ,৭০০৳,৪৯০৳,https://www.wafilife.com/bangladesh-gonoandolon-o-muktijuddho/pd/34282
আফরোজা পারভীন,Not Listed,তারার দেশে যাই,১০০৳,৭৩৳,https://www.wafilife.com/tarar-deshe-jai/pd/37916
আফরোজা পারভীন,Not Listed,নাম তার নারী,১২০৳,৯০৳,https://www.wafilife.com/nam-tar-nari/pd/39984
আফরোজা পারভীন,Not Listed,নির্বাচিত রম্যগল্প,১০০৳,৯০৳,https://www.wafilife.com/nirbaceto-rommogolpo/pd/39121
আফরোজা বানু,Not Listed,ছড়ার খামে স্বদেশ,২৫০৳,২০৮৳,https://www.wafilife.com/chorar-khame-showdesh/pd/40899
আফরোজা বুলবুল,Not Listed,সুন্দর এই পৃথিবী আমার,"১,১০০৳",৯১৩৳,https://www.wafilife.com/sundor-ei-prithebi-amar/pd/47608
আফরোজা বুলবুল,Not Listed,Total Quality Management: Conventional And Islamic Approach,৩০০৳,২৪০৳,https://www.wafilife.com/টোটাল-কোয়ালিটি-ম্যানেজমেন্ট-কনভেনশনাল-এন্ড-ইসলামিক-এপ্রোচ/pd/23706
আফরোজা বেগম,Not Listed,অচল হার্ট সচল ক্যান্সার,৬০০৳,৫১৬৳,https://www.wafilife.com/achol-hart-sachal-cencer/pd/36799
আফরোজা মামুদ,Not Listed,মধ্যবিত্তের বিদেশ ভ্রমণ,২৯০৳,২০৩৳,https://www.wafilife.com/modyabitter-bidesh-vromon/pd/42162
আফরোজা মুন্নী,Not Listed,বাংলাদেশের মানচিত্রের ইতিকথা,২৬০৳,২০৮৳,https://www.wafilife.com/bangladesher-mancitrer-itikotha/pd/19320
আফরোজা রেশমা,Not Listed,বাংলাদেশের প্রশাসনিক সংষ্কার (1972-2000),২৫০৳,২০০৳,https://www.wafilife.com/bangladesher-proshasonik-sangskar-1972-2000/pd/22110
আফরোজা লিনা,Not Listed,তিস্তাপাড়ের গল্প,২০০৳,১৬০৳,https://www.wafilife.com/tistaparer-galpo/pd/59366
আফরোজা সারোয়ার,Not Listed,মাইক্রোসফ্‌ট আউটলুক এক্সপ্রেস ই-মেইল,৪৫৳,৩৬৳,https://www.wafilife.com/outlool-express-50-e-mail/pd/16262
আফরোজা হাসান,Not Listed,মায়েদের প্যারেন্টিং,২৮০৳,২১০৳,https://www.wafilife.com/mayeder-parenting/pd/56385
আফরোজা হাসান,Not Listed,সুখের নাটাই,১৬০৳,১২০৳,https://www.wafilife.com/shukher-natai/pd/4667
আফরোজা হাসান,Not Listed,স্বপ্ন দেখি সুন্দর পৃথিবীর,৩৬০৳,২৩৪৳,https://www.wafilife.com/shopno-dekhi-sundor-prithibir/pd/3602
আফরোজা হাসান,Not Listed,শব্দফুলের মালা,৩০৮৳,২৩০৳,https://www.wafilife.com/shobdofuler-mala/pd/26871
আফরোজা হীরা,Not Listed,ভয়ের পেটে ভূতের বাড়ি,১৬০৳,১২০৳,https://www.wafilife.com/voyer-pete-vooter-bari/pd/36475
আফরোজা হোসেন,Not Listed,দু'আ ও আমল,৩০০৳,১৬৮৳,https://www.wafilife.com/duya-o-amol/pd/13868
আফলাতুন,Not Listed,অলৌকিক এক পাখি,১৫০৳,১১০৳,https://www.wafilife.com/alokik-ek-pakhi/pd/51187
আফলাতুন আল-কাউসার,Not Listed,Towards Understanding: Ibadah In Islam,৩০০৳,২৪০৳,https://www.wafilife.com/টাওয়ার্ডস-আন্ডার্স্ট্যান্ডিং-ইবাদাহ-ইন-ইসলাম/pd/23702
আফসান খান,Not Listed,সিক্রেটস টু এ সাকসেসফুল ম্যারেজ,৩৫০৳,২৬৩৳,https://www.wafilife.com/secret-to-a-successful-marriege/pd/23744
আফসান চৌধুরী,Not Listed,The Media in Bangladesh,৪৫০৳,৩৬৯৳,https://www.wafilife.com/the-media-in-bangladesh/pd/38045
আফসান চৌধুরী,Not Listed,১৯৭১ : আন্তজাতিক পরিসর,৬৫০৳,৫২০৳,https://www.wafilife.com/1971-antojtik-porishor/pd/31821
আফসান চৌধুরী,Not Listed,১৯৭১ পাকিস্তান প্রসঙ্গ,৫০০৳,৪১০৳,https://www.wafilife.com/1971-pakistan-prosongo/pd/38097
আফসান চৌধুরী,Not Listed,বাংলাদেশের স্বাধীনতার আন্দোলন ধারাবাহিকতার ইতিহাস,৪০০৳,৩২৮৳,https://www.wafilife.com/bangladesher-sadinota-andoloner/pd/38091
আফসান চৌধুরী,Not Listed,১৯৭১ : অর্থনৈতিক বৈষম্য,৫২০৳,৪১৬৳,https://www.wafilife.com/1971-orthonoitik-boisommo/pd/24155
আফসান চৌধুরী,Not Listed,১৯৭১ জাতীয় ও আন্তর্জাতিক গণমাধ্যম,৮৫০৳,৬৮০৳,https://www.wafilife.com/1971-jatio-o-antorjatik-gonomaddhom/pd/24169
আফসান চৌধুরী,Not Listed,১৯৭১ : অসহযোগ আন্দোলন ও প্রতিরোধ,৫০০৳,৪১০৳,https://www.wafilife.com/1971-asohojog-andonlon-o-protirod/pd/38141
আফসান চৌধুরী,Not Listed,Sheikh Mujibur Rahman and Bangladesh,৮০০৳,৬২৭৳,https://www.wafilife.com/sheikh-mujibur-rahman-and-bangladesh/pd/39033
আফসান চৌধুরী,Not Listed,হিন্দু জনগোষ্ঠীর একাত্তর,৪৪০৳,৩৬০.৮০৳,https://www.wafilife.com/hindu-jonogoshthir-ekattor/pd/35060
আফসানা আকতার,Not Listed,বীজগণিতে সূত্রপাত ২য় খণ্ড,৩০০৳,২৩৪৳,https://www.wafilife.com/bijgonite-sutropat-2nd-part/pd/23913
আফসানা আকতার,Not Listed,বীজগণিতে সূত্রপাত ১ম খন্ড,৩০০৳,২৩৪৳,https://www.wafilife.com/bijgoniter-sutropath/pd/24184
আফসানা আফরিন,Not Listed,হেলদি ডায়েট রেসিপি,৮৬০৳,৭০৫.২০৳,https://www.wafilife.com/healthy-diet-recipe/pd/14626
আফসানা আশা,Not Listed,মেরিগোল্ড,৮৫০৳,৭৩১৳,https://www.wafilife.com/marigold/pd/72332
আফসানা আশা,Not Listed,ঝরা পাতা উড়ে যা,৬২৫৳,৫৩৯৳,https://www.wafilife.com/jhora-pata-ure-ja/pd/72253
আফসানা আশা,Not Listed,রংধনুর কাছাকাছি,৫৪০৳,৪৬৪৳,https://www.wafilife.com/rongdhonur-kachakachi/pd/72255
আফসানা আশা,Not Listed,টুইটুবানির ফুল,৭৮০৳,৫৬৯.৪০৳,https://www.wafilife.com/toitobanir-ful/pd/64162
আফসানা আসফিয়া,Not Listed,A Critical Review of English Writing Skills (English Honors) 1st Year,২৩৫৳,১৮৮৳,https://www.wafilife.com/a-critical-review-of-english-writing-skills-english-honors-1/pd/9573
আফসানা আসফিয়া,Not Listed,A Critical Review Of English Reading Skills (English (Honors) 1st Year,২৭৫৳,২২০৳,https://www.wafilife.com/a-critical-review-of-english-reading-skills-english-honors-1/pd/9579
আফসানা আসফিয়া,Not Listed,Introduction To Drama (2nd Year English Honors),৩০০৳,২৪০৳,https://www.wafilife.com/introduction-to-drama-2nd-year-english-honors/pd/9583
আফসানা নীতু,Not Listed,দৃশ্যত অদৃশ্য,৩৩০৳,২৮৪৳,https://www.wafilife.com/drishoyoto-odrishyo/pd/72366
আফসানা নীতু,Not Listed,শুরুটা ভ্রান্তি দিয়ে,২৬৫৳,২২৮৳,https://www.wafilife.com/shuruta-vranti-diye/pd/72368
আফসানা নীতু,Not Listed,অন্তরালে যে-জন,২৬০৳,২২৪৳,https://www.wafilife.com/ontorale-je-jon/pd/72409
আফসানা ফেরদৌস,Not Listed,ইজি রেসিপি – EZze Recipe,৫০০৳,৩৯০৳,https://www.wafilife.com/easy-recipe/pd/14948
আফসানা বেগম,Not Listed,জাম্প অ্যান্ড দ্য আদার স্টোরিজ,৫০০৳,৪১০৳,https://www.wafilife.com/jump-and-the-other-story/pd/72458
আফসানা বেগম,Not Listed,অন্তরালের ঘোরে,৪০০৳,৩২৮৳,https://www.wafilife.com/antaraler-ghore/pd/62837
আফসানা বেগম,Not Listed,ঘরের দিকে যাওয়া,৫০০৳,৪৪৫৳,https://www.wafilife.com/ghorer-dike-jaoa/pd/62686
আফসানা বেগম,Not Listed,লেখক হওয়ার পথে,২৮০৳,২২৯.৬০৳,https://www.wafilife.com/lekhok-howar-pothe/pd/8867
আফসানা বেগম,Not Listed,সিয়ান অথবা নাবিল,১৫০৳,১২০৳,https://www.wafilife.com/sean-othoba-nabil/pd/47889
আফসানা মিমি,Not Listed,মিনি প্যারেন্টিং বুক,৬০৳,৪৫৳,https://www.wafilife.com/mini-parenting-book/pd/62796
আফসানা মিমি,Not Listed,ছোটদের আসমাউল হুসনার গল্প  (১-৫),৭০০৳,৫২৫৳,https://www.wafilife.com/chotoder-asmaul-husner-golpo-1-5/pd/62397
আফসানা মিমি,Not Listed,সময়রেখা,২৪০৳,১৭৫৳,https://www.wafilife.com/somoyrekha/pd/62463
আফসানা মিমি,Not Listed,আমলনামায় উইপোকা,২২০৳,১৪৩৳,https://www.wafilife.com/amolnamae-uipoka/pd/24445
আফসার নিজাম,Not Listed,শারঈ চিকিৎসা প্যাকেজ,৭৫০৳,৪৫০৳,https://www.wafilife.com/sharee-chikitsa-package/pd/77492
আফসার নিজাম,Not Listed,চিকিৎসা বিষয়ক হাদীস,৪০০৳,৩০০৳,https://www.wafilife.com/cikitsha-bishoyok-hadis/pd/27604
আফিফা আবেদিন সাওদা,Not Listed,গল্পগুলো অন্যরকম,৩৪০৳,২৫৫৳,https://www.wafilife.com/golpo-gulo-onno-rokom/pd/4177
আফিফা আবেদিন সাওদা,Not Listed,কারিমুনিদের ছড়া,১৮০৳,১৪০৳,https://www.wafilife.com/karimunider-chora/pd/16615
আফিফা আবেদিন সাওদা,Not Listed,কারিমুনিদের ছড়া- ২,২২০৳,১৮৭৳,https://www.wafilife.com/karimunider-chora-2/pd/58857
আফিফা আবেদীন সাওদা,Not Listed,যে ভুলে সেলিব্রিটি হলাম,২২০৳,১৪৩৳,https://www.wafilife.com/je-vule-celebrity-holam/pd/38037
আফিফা আবেদীন সাওদা,Not Listed,কাজের মাঝে রবের খোঁজে,১৩৬৳,১০২৳,https://www.wafilife.com/kajer-majhe-rober-khoje/pd/4615
আফিফা পারভীন,Not Listed,কিছু মন্দবাসার গল্প,৩৭৫৳,৩২৩৳,https://www.wafilife.com/kichu-mondobashar-golpo/pd/72380
আফিফা পারভীন,Not Listed,রংমহল,"১,২০০৳","১,০৩২৳",https://www.wafilife.com/rongmohol/pd/72361
আফিফা পারভীন,Not Listed,শ্বেত পাথরের মালা,৪২৫৳,৩১৯৳,https://www.wafilife.com/shet-pathorer-mala/pd/72331
আফিফা পারভীন,Not Listed,অপরাজিতা,৬৪৫৳,৫৫৫৳,https://www.wafilife.com/oporajita/pd/72248
আফিফা পারভীন,Not Listed,যাও পাখি বলো তারে,৮৫০৳,৭৩১৳,https://www.wafilife.com/jao-pakhi-bolo-tare/pd/72256
আফিফা বিনতে আমীন,Not Listed,শব্দফুলের মালা,৩০৮৳,২৩০৳,https://www.wafilife.com/shobdofuler-mala/pd/26871
আফিফা মারজানা,Not Listed,গুজারিশ ও গুলমোহর,৮৮৫৳,৫২০৳,https://www.wafilife.com/gujarish-o-gulmohor/pd/70650
আফিফা মারজানা,Not Listed,আফিফা মারজানার নতুন ২টি বই,৬৫০৳,৪৮৮৳,https://www.wafilife.com/afia-marjanar-notun-2-boi/pd/26858
আফিফা মারজানা,Not Listed,ইয়াসমীন,৩২৫৳,২৪৩৳,https://www.wafilife.com/yasmin/pd/26854
আফিফা মারজানা,Not Listed,গুলমোহর,৩২৫৳,২৪৩৳,https://www.wafilife.com/gulmohor/pd/26856
আফিরউদ্দিন মুহাম্মদ বিন ইউসুফ,Not Listed,(تفسير البحر المحيط) তাফসীরে বাহরুল মুহিত - ভলি: ৮ খন্ড,0,"১৫,৫০০৳",https://www.wafilife.com/tafsire-bahrul-muhit/pd/56583
আফিয়া খোন্দকার আপ্পিতা,Not Listed,পিঞ্জর,৬৮০৳,৪৭৬৳,https://www.wafilife.com/pinjor/pd/66437
আফিয়া দিল,Not Listed,Womens Changing Position in Bangladesh Tribute to Begum Rokeya,"১,০০০৳",৮৩০৳,https://www.wafilife.com/womens-changing-position-in-bangladesh-tribute-to-begum-roke/pd/47575
আফিয়া দিল,Not Listed,Bengali Language and Culture,৮০০৳,৬৬৪৳,https://www.wafilife.com/bengali-language-and-culture/pd/47570
আফিয়া দিল,Not Listed,Bengali Nursery Rhymes,৬৫০৳,৫৪০৳,https://www.wafilife.com/bengali-nursery-rhymes/pd/47545
আফিয়া মোরছালিন,Not Listed,পনেরো কাঠা জমি,২৪০৳,১৯২৳,https://www.wafilife.com/ponero-katha-jomi/pd/78404
আফিয়া সিদ্দিকী,Not Listed,আফিয়া সিদ্দিকী (গ্রে লেডি অব বাগরাম),২২০৳,১৬৫৳,https://www.wafilife.com/afia-siddique/pd/4076
আবছার আজিজ,Not Listed,যাঁর প্রেমে হৃদয় ব্যাকুল,১৬০৳,৯৬৳,https://www.wafilife.com/jar-preme-hridoy-bekul/pd/28460
আবদুন নুর,Not Listed,"লোক-প্রশাসন: সংগঠন, প্রক্রিয়া ও অনুচিন্তা",২৬০৳,২২৩.৬০৳,https://www.wafilife.com/loko-proshason-songothon-prokriya-o-onuchinta/pd/23506
আবদুন্‌ নূর,Not Listed,আল্লাহর ৯৯ নাম,২৫০৳,২০০৳,https://www.wafilife.com/allahr-99-naam/pd/60426
আবদুর রউফ,Not Listed,মাতঙ্গীদেবী উপাখ্যান,৪০০৳,৩২০৳,https://www.wafilife.com/matongidabi-upakhyan/pd/52603
আবদুর রউফ,Not Listed,কর্বট কন্যা,৩০০৳,২৪০৳,https://www.wafilife.com/karbot-konya-ekti-oitihasik-uponnas-somrat-kumar-gupter-rajt/pd/52183
আবদুর রউফ,Not Listed,অ্যাডভান্সড সার্টিফিকেট ইন কম্পিউটার টেকনোলজি - ১ম সেমিস্টার,৫৪০৳,৪৭৫৳,https://www.wafilife.com/advanced-certificate-in-computer-technology-1st-semester/pd/44107
আবদুর রউফ,Not Listed,অ্যাডভান্সড সার্টিফিকেট ইন কম্পিউটার টেকনোলজি - ১ম সেমিস্টার,৫৪০৳,৪৮৬৳,https://www.wafilife.com/advanced-certificate-in-computer-technology-1st-semester/pd/39550
আবদুর রউফ,Not Listed,মামলা দাখিল পদ্ধতি,১০০৳,৬০৳,https://www.wafilife.com/mamla-dakhil-poddhoti/pd/45742
আবদুর রব খোকন,Not Listed,হিসাববিজ্ঞান -প্রথম পত্র (প্রথম ও দ্বিতীয় খন্ড) - একাদশ-দ্বাদশ শ্রেণি,0,৭২৫৳,https://www.wafilife.com/accounting-1st-paper-1st/pd/30781
আবদুর রব খোকন,Not Listed,হিসাববিজ্ঞান - দ্বিতীয় পত্র (প্রথম ও দ্বিতীয় খন্ড) - একাদশ-দ্বাদশ শ্রেণি,৭৫০৳,৬৭৫৳,https://www.wafilife.com/accounting-2nd-paper-1st/pd/30792
আবদুর রব খোকন,Not Listed,হিসাববিজ্ঞানের নীতিমালা (ব্যবস্থাপনা বিভাগের জন্য) - অনার্স ১ম বর্ষ,৫৫০৳,৪৯০৳,https://www.wafilife.com/principles-of-accounting-hons-1st-year-babosthapona-bivager/pd/43965
আবদুর রব খোকন,Not Listed,হিসাববিজ্ঞান প্রথম পত্র সমাধান,৩১৩৳,২৬৬৳,https://www.wafilife.com/hisabbiggan-prothom-potro-somadhan/pd/30803
আবদুর রশীদ,Not Listed,দৈনন্দির জীবনে হাদীস,৮০০৳,৪৮০৳,https://www.wafilife.com/doinondin-jibone-hadis/pd/24349
আবদুর রহমান,Not Listed,ইসলামের দৃষ্টিতে চিত্তবিনোদন ও খেলাধুলা,৮০৳,৫৩৳,https://www.wafilife.com/islamer-dristita-chittbinodhon-o-kheladula/pd/12043
আবদুর রহমান,Not Listed,মায়া-৭.০,২৫০৳,২০০৳,https://www.wafilife.com/মায়া-৭০/pd/6226
আবদুর রহমান আদ-দাখিল,Not Listed,"জামাতে নামাজ (গুরুত্ব, তাৎপর্য ও হুকুম)",৩০০৳,২২৫৳,https://www.wafilife.com/quran-sunnah-o-salafer-jibonir-aloke-jamate-namajer-gurutto/pd/58547
আবদুর রহমান আল আনসারী,Not Listed,মুসলিম ম্যানারস,৩৫০৳,২২৮৳,https://www.wafilife.com/muslim-manners/pd/26886
আবদুর রহমান খান,Not Listed,ইতিহাসের অনুষঙ্গ,২৫০৳,২০০৳,https://www.wafilife.com/itihaser-onushongo/pd/7697
আবদুর রহমান জামী,Not Listed,শরহে মোল্লা জামি ২য় খণ্ড,৫০০৳,৪৭৫৳,https://www.wafilife.com/shorhe-molla-jami-2nd-part/pd/19547
আবদুর রহমান জামী,Not Listed,শরহে মোল্লা জামি ১ম খণ্ড,0,৫০০৳,https://www.wafilife.com/shorhe-molla-jami-1st-part/pd/19544
আবদুর রহমান জামী,Not Listed,সহজ (বাংলা) শরহে মিয়াতে আমেল,২০০৳,১৭০৳,https://www.wafilife.com/sohoj-shorhe-miyate-amel-bangla/pd/20187
আবদুর রহমান ফারুকী,Not Listed,পূর্বাহ্ণ,২৬০৳,১৪৩৳,https://www.wafilife.com/purbanho/pd/32854
আবদুর রহমান ফারুকী,Not Listed,কালো সবুজের গল্প,১৭০৳,১৩২৳,https://www.wafilife.com/kalo-shobujer-golpo/pd/4120
আবদুর রহমান বিন মুহাম্মাদ আল মিসরি,Not Listed,রবের প্রিয় আমল,৫০০৳,৩৭৫৳,https://www.wafilife.com/rober-priyo-amol/pd/67432
আবদুর রহমান ভূঁইয়া,Not Listed,তথ্য ও যোগাযোগ প্রযুক্তি (একাদশ-দ্বাদশ শ্রেণি),0,২৮৮৳,https://www.wafilife.com/tottha-o-jogajog-projukti-11th-12th-class/pd/7190
আবদুর রহমান হার্শফেল্ডার,Not Listed,From Monogamy to Polygyny: A Way Through,"১,৩২০৳","১,২৫৪৳",https://www.wafilife.com/from-monogamy-to-polygyny-a-way-through/pd/4987
আবদুর রহমান হোসাইনী,Not Listed,ডিজিটাল প্ল্যাটফর্মে বিয়ে ও তালাক,৬০০৳,৩৩০৳,https://www.wafilife.com/digital-platform-e-biye-o-talak/pd/68254
আবদুর রহমান হোসাইনী,Not Listed,ওয়াজের পারিশ্রমিক গ্রহণ,৩২০৳,১৬০৳,https://www.wafilife.com/wazer-parishromik-grohon/pd/27847
আবদুর রহিম,Not Listed,دروس اللغة العربية لغير الناطقين بها (দুরুসুল লুগাতিল আরাবিয়্যাহ) (১ম-৩য় খণ্ড একত্রে),0,৪০০৳,https://www.wafilife.com/durusul-lugatil-arabiyah/pd/59704
আবদুর রহিম,Not Listed,দুরুসুল লুগাতিল আরাবিয়্যাহ دروس اللغة العربية (১ম-৩য় খণ্ড একত্রে),৬৬০৳,৩৬৩৳,https://www.wafilife.com/durusul-lugatil-arabiyah-1-3-part/pd/59560
আবদুর রহিম,Not Listed,মদীনা অ্যারাবিক রিডার (৪র্থ খণ্ড),৩২০৳,৩০৪৳,https://www.wafilife.com/madina-arabic-reader-book-4/pd/58233
আবদুর রহিম,Not Listed,(دروس اللغة العربية لغير الناطقين بها) দুরুসুল লুগাতিল আরাবিয়াহ লিগায়রি নাতিকিইনা বিহা - ভলি: ১ খন্ড,0,৮৭০৳,https://www.wafilife.com/durusul-lugatil-arabiyah-ligairy-natikiina-biha/pd/56776
আবদুর রহিম,Not Listed,"মদীনা অ্যারাবিক রিডার প্যাকেজ (১ম, ২য়, ৩য় ও ৪র্থ খণ্ড)","১,২৬০৳","১,১৭১৳",https://www.wafilife.com/madina-arabic-reader-package-3-part/pd/55867
আবদুর রহিম,Not Listed,মদীনা অ্যারাবিক রিডার (৩য় খণ্ড),৩৪০৳,৩০৬৳,https://www.wafilife.com/madina-arabic-reader-3th-khondo/pd/42273
আবদুর রহিম,Not Listed,দুরুসুল লুগাতিল আরাবিয়্যাহ - ১ম খণ্ড,১৬০৳,৮৮৳,https://www.wafilife.com/durusul-lugatil-arabiyah-1st-part/pd/59557
আবদুর রহিম,Not Listed,দুরুসুল লুগাতিল আরাবিয়্যাহ - ৩য় খণ্ড,২৪০৳,১৩২৳,https://www.wafilife.com/durusul-lugatil-arabiyah-3rd-part/pd/59559
আবদুর রহিম,Not Listed,দুরুসুল লুগাতিল আরাবিয়্যাহ - ২য় খণ্ড,২৬০৳,১৪৩৳,https://www.wafilife.com/durusul-lugatil-arabiyah-2nd-part/pd/59558
আবদুর রহিম,Not Listed,মদীনা অ্যারাবিক রিডার (২য় খণ্ড),৩০০৳,২৭০৳,https://www.wafilife.com/modina-arabic-reader-2/pd/26242
আবদুর রহিম,Not Listed,মদীনা অ্যারাবিক রিডার (১ম খণ্ড),৩০০৳,২৮৫৳,https://www.wafilife.com/modina-arabic-reader-1st/pd/25845
আবদুর রহিম,Not Listed,মদিনা এরাবিক বুক,0,১৪০৳ - ৭২৮৳,https://www.wafilife.com/modina-arabic-book/pd/29853
আবদুর রহিম,Not Listed,Arabic Course (3 Vol. Set),"৭,৬০০৳","৭,২২০৳",https://www.wafilife.com/arabic-course-3-vol-set/pd/2873
আবদুর রহিম শেলী,Not Listed,মুজিব ও মুক্তিযুদ্ধের কথা,৩৫০৳,২৭৩৳,https://www.wafilife.com/mujib-o-muktijuddher-kotha/pd/41424
আবদুর রাজ্জাক আল-বদর,Not Listed,সম্মানের চাদরে নারী,১৬০৳,৯৬৳,https://www.wafilife.com/sommaner-cadore-nari/pd/71125
আবদুর রাজ্জাক আল-বদর,Not Listed,নারী মনে আলোর দিশা,২০০৳,১২০৳,https://www.wafilife.com/nari-mone-alor-disha/pd/71098
আবদুর রাজ্জাক হেকনোভিক,Not Listed,আগুনের কারাগার,৩৫০৳,২২৭.৫০৳,https://www.wafilife.com/gunra-krgr/pd/70028
আবদুল আউয়াল মিয়া,Not Listed,শেখ হাসিনা প্রধানমন্ত্রীত্বের চার বছর,৩০০৳,২৪৯৳,https://www.wafilife.com/sheikh-hasina-prodhanmontritter-4-bochor/pd/50251
আবদুল আউয়াল ঠাকুর,Not Listed,সোনার ছেলেদের সেকাল-একাল,২০০৳,১৬৬৳,https://www.wafilife.com/sonar-celeder-sekal-akal/pd/49594
আবদুল আউয়াল মিন্টু,Not Listed,Bangladesh: Anatomy of Change,৭৭৫৳,৬৩৫.৫০৳,https://www.wafilife.com/বাংলাদেশ-এনাটমি-অব-চেঞ্জ/pd/22355
আবদুল আজিজ,Not Listed,আমার স্বাধীনতা,২৭০৳,১৮১৳,https://www.wafilife.com/amar-sadinoto/pd/54113
আবদুল আজিজ,Not Listed,সংগ্রাম ও স্বাধীনতা,৩৬০৳,২৫৯.২০৳,https://www.wafilife.com/soggarm-o-sadinota/pd/47036
আবদুল আজিজ,Not Listed,বাংলাদেশি সমাজের স্বরূপ,২২০৳,১৫৮.৪০৳,https://www.wafilife.com/bangladeshi-samajer-sharup/pd/47035
আবদুল আজিজ ইবনে আবদুল্লাহ ইবনে বায,Not Listed,রসূলুল্লাহ (স.)-এর সলাত আদায়ের পদ্ধতি,৪০৳,২৬৳,https://www.wafilife.com/rasulullah-sw-er-salat-adayer-poddhoti/pd/58813
আবদুল আজিজ ইবনে আবদুল্লাহ ইবনে বায,Not Listed,(الإفهام في شرح عمدة الأحكام) আল আফহাম ফি শরহে উমদাতুল আহকাম - ভলি: ১ খন্ড,0,"১,৮২০৳",https://www.wafilife.com/al-afham-fi-sharhe-umdatul-ahkam/pd/56765
আবদুল আজিজ বিন জামাল,Not Listed,ভালোবাসার বকুল মালা,0,৫০৳,https://www.wafilife.com/valobashar-bokul-mala/pd/70659
আবদুল আজিজ বিন জামাল,Not Listed,যদি সফল জীবন গড়তে চাও,২২০৳,১৫৪৳,https://www.wafilife.com/jodi-shofol-jibon-gorte-chao/pd/59706
আবদুল আজীজ আস শানাভী,Not Listed,যখন তুমি তরুণ,0,১৭৫৳,https://www.wafilife.com/jokhon-tumi-torun/pd/31843
আবদুল আজীজ আস শানাভী,Not Listed,The Ministers Around The Prophet,"১,০০০৳",৯৫০৳,https://www.wafilife.com/the-ministers-around-the-prophet/pd/133
আবদুল আজীজ আস শানাভী,Not Listed,Advisors of the Prophet: Peace be Upon Him,"১,০০০৳",৯৫০৳,https://www.wafilife.com/advisors-of-the-prophet-peace-be-upon-him/pd/3464
আবদুল আজীজ সালেহ আল শৌমার,Not Listed,Basic Lessons For Every Muslim,২৮০৳,২৬৬৳,https://www.wafilife.com/basic-lessons-for-every-muslim/pd/202
আবদুল আযিয সাইয়িদ হাশিম,Not Listed,ছোটদের আখলাক সিরিজ,৩০০৳,১৫০৳,https://www.wafilife.com/chotoder-akhlak-series/pd/16613
আবদুল আযীয আল আমান,Not Listed,ছোটোদের মহানবী,২০০৳,১২০৳,https://www.wafilife.com/sutoder-mohanobi/pd/23334
আবদুল আযীয আল আমান,Not Listed,সেই ফুলেরই রৌশনিতে (সিরাত সিরিজ-৪),২২০৳,১৩২৳,https://www.wafilife.com/sei-fuler-roushnite-sirat-series-4/pd/23339
আবদুল আযীয আল আমান,Not Listed,মানুষের নবী (সিরাত সিরিজ-৫),২০০৳,১২০৳,https://www.wafilife.com/manusher-nobi-sirat-series-5/pd/23340
আবদুল আযীয আল আমান,Not Listed,আলোর রাসুল আল আমিন (সিরাত সিরিজ-৩),২২০৳,১৩২৳,https://www.wafilife.com/alor-rasul-al-amin-sirat-series-3/pd/23338
আবদুল আযীয আল আমান,Not Listed,সিরাত সিরিজ (১-৬),"১,৩০০৳",৭১৫৳,https://www.wafilife.com/sirat-series-1-6-sirat-golpo-collection/pd/23336
আবদুল আযীয আল আমান,Not Listed,অনন্তের দিকে (সিরাত সিরিজ-৬),২২০৳,১৩২৳,https://www.wafilife.com/ontorer-dike-sirat-series-6/pd/23341
আবদুল আযীয আল আমান,Not Listed,রৌদ্রময় নিখিল (সিরাত সিরিজ-১),২৪০৳,১৪৪৳,https://www.wafilife.com/roudromoy-nikhil-sirat-series-1/pd/23342
আবদুল আযীয আল আমান,Not Listed,শিশুদের নবী,২২০৳,১২১৳,https://www.wafilife.com/shishuder-nobi/pd/22541
আবদুল আযীয আল আমান,Not Listed,আলোর আবাবিল,১৫৬৳,১১৭৳,https://www.wafilife.com/alor-ababil/pd/5515
আবদুল আযীয আল আমান,Not Listed,অনন্তের দিকে,২০৮৳,১৫৬৳,https://www.wafilife.com/ononter-dike/pd/5519
আবদুল আযীয আল আমান,Not Listed,আলোর রাসূল আল আমীন,২০৮৳,১৫৬৳,https://www.wafilife.com/alor-rasul-al-amin/pd/5516
আবদুল আযীয আল আমান,Not Listed,মানুষের নাবী,১৫৬৳,১১৪৳,https://www.wafilife.com/manusher-nabi/pd/5518
আবদুল আযীয আল আমান,Not Listed,সেই ফুলেরই রৌশনিতে,১৮২৳,১৩৩৳,https://www.wafilife.com/sei-fuleroi-roishnite/pd/5517
আবদুল আযীয আল আমান,Not Listed,রৌদ্রময় নিখিল,২২১৳,১৬৬৳,https://www.wafilife.com/roddomoy-nikhil/pd/5514
আবদুল আযীয আল আমান,Not Listed,কাবার পথে (দুই খণ্ড),"২,৫০০৳","১,৩৭৫৳",https://www.wafilife.com/kabar-pothe-2-part/pd/58944
আবদুল আযীয আল আমান,Not Listed,আলোর আবাবিল (সিরাত সিরিজ-২),২০০৳,১২০৳,https://www.wafilife.com/alor-ababil-sirat-series-2/pd/23337
আবদুল আযীয ইবন সাত্তাম ইবন আবদুল আযীয আলে সউদ,Not Listed,মাকাসিদ আশ-শরীআ'হ,২০০৳,১৬০৳,https://www.wafilife.com/makasid-ash-shoriah/pd/23512
আবদুল আলিম নদবি,Not Listed,নারী সাহাবিদের ইসলাম গ্রহণ,২৫০৳,১৮৮৳,https://www.wafilife.com/nari-sahabider-islam-grohon/pd/65638
আবদুল আলিম নদবি,Not Listed,সাহাবিদের ইসলাম গ্রহণ,৫৬০৳,৪২০৳,https://www.wafilife.com/sahabider-islam-grohon/pd/65639
আবদুল আলিম নদবি,Not Listed,নারী ও পুরুষ সাহাবিদের ইসলাম গ্রহণ,৮১০৳,৬০৮৳,https://www.wafilife.com/nari-o-purush-sahabider-islam-grohon/pd/65642
আবদুল ওয়াহাব,Not Listed,অরিনের জিন,২৫০৳,২০০৳,https://www.wafilife.com/oriner-jin/pd/55213
আবদুল ওয়াদুদ নোমান,Not Listed,মহিমান্বিত রমজান,১০০৳,৭৫৳,https://www.wafilife.com/mohimannito-ramjan/pd/67967
আবদুল ওয়াদুদ নোমান,Not Listed,স্বপ্ন থেকে সংসার,২০০৳,১৫০৳,https://www.wafilife.com/shopno-theke-songshar/pd/23867
আবদুল ওয়াহেদ খান,Not Listed,The Personality of Allah's Last Messenger,৩৬০৳,৩৪২৳,https://www.wafilife.com/the-personality-of-allahs-last-messenger/pd/289
আবদুল করিম (ইতিহাসবিদ),Not Listed,সমাজ ও জীবন - দ্বিতীয় খণ্ড,৬৫০৳,৫২০৳,https://www.wafilife.com/somaj-o-jibon/pd/78908
আবদুল করিম (ইতিহাসবিদ),Not Listed,সমাজ ও জীবন - প্রথম খণ্ড,৪৫০৳,৩৬০৳,https://www.wafilife.com/somaj-o-jibon/pd/78906
আবদুল করিম (ইতিহাসবিদ),Not Listed,বাংলার মুসলমানদের সামাজিক ইতিহাস,৪০০৳,৩২৯৳,https://www.wafilife.com/banglar-musulomander-samajik-itihas/pd/78901
আবদুল করিম (ইতিহাসবিদ),Not Listed,মুসলিম বাংলার ইতিহাস ও ঐতিহ্য,৩০০৳,২৪৯৳,https://www.wafilife.com/muslim-banglar-itihas-o-oitijyo/pd/78903
আবদুল করিম (ইতিহাসবিদ),Not Listed,বাংলা সাহিত্যের কালক্রম -মধ্যযুগ,১৫০৳,১২০৳,https://www.wafilife.com/bangla-sahityer-kalcrom-modhozug/pd/78898
আবদুল করিম (ইতিহাসবিদ),Not Listed,বাংলার ইতিহাস : সুলতানী আমল,৫৮০৳,৪৬৪৳,https://www.wafilife.com/banglar-itihas-sultani-amol/pd/78900
আবদুল করিম (ইতিহাসবিদ),Not Listed,বাংলার সুফি সমাজ ও বারো আউলিয়া,৫৮০৳,৪৬৪৳,https://www.wafilife.com/banglar-sufi-somaj-o-baro-aulia/pd/78914
আবদুল করিম (ইতিহাসবিদ),Not Listed,বাংলার ইতিহাস : সমাজ ও রাজনীতি,৬৫০৳,৫২০৳,https://www.wafilife.com/banglar-itihas-somaj-o-rajniti/pd/78899
আবদুল করিম (ইতিহাসবিদ),Not Listed,ইসলামের ইতিহাস,৩৭৫৳,৩০৯৳,https://www.wafilife.com/islamer-itihas/pd/78915
আবদুল করিম (ইতিহাসবিদ),Not Listed,Dacca The Mughal Capital,৭০০৳,৫৯৫৳,https://www.wafilife.com/dacca-the-mughal-capital/pd/78916
আবদুল করিম (ইতিহাসবিদ),Not Listed,ভারতীয় উপমহাদেশের ইতিহাস-মুসলমান আমল,৩৭৫৳,৩১১৳,https://www.wafilife.com/varoter-upmohadesher-itihas-muslman-amol/pd/17681
আবদুল করিম (ইতিহাসবিদ),Not Listed,চট্টগ্রামে ইসলাম ও ঐতিহ্য,৩২৫৳,২৪৪৳,https://www.wafilife.com/chottograme-islam-o-oitijjo/pd/17565
আবদুল করিম (ইতিহাসবিদ),Not Listed,রোহিঙ্গাদের ইতিহাস ও সংস্কৃতির রূপরেখা,২০০৳,১৬৬৳,https://www.wafilife.com/rohingader-itihas-o-sonskritir-ruprekha/pd/17558
আবদুল করিম (ইতিহাসবিদ),Not Listed,মুর্শিদকুলী খান ও তাঁর যুগ,৪০০৳,৩৩২৳,https://www.wafilife.com/murshid-quli-khan-o-tar-zug/pd/17578
আবদুল করিম (ইতিহাসবিদ),Not Listed,ভারতীয় উপমহাদেশে মুসলিম শাসন,৫৫০৳,৪৫৭৳,https://www.wafilife.com/varotio-upmohadeshe-muslim-shason/pd/17685
আবদুল করিম (ইতিহাসবিদ),Not Listed,Social History of the Muslims in Bengal,৪৫০৳,৩৬০৳,https://www.wafilife.com/বাংলায়-মুসলমানদের-সামাজিক-ইতিহাস/pd/17557
আবদুল করিম (ইতিহাসবিদ),Not Listed,বাঁশখালির ইতিহাস ও ঐতিহ্য,৪০০৳,৩৩২৳,https://www.wafilife.com/bashkhalir-itihas-o-oitizzo/pd/17581
আবদুল করিম (ইতিহাসবিদ),Not Listed,বাংলার ইতিহাস (১২০০-১৮৫৭),৩৮০৳,৩০৪৳,https://www.wafilife.com/banglar-itihas/pd/17561
আবদুল করিম (ইতিহাসবিদ),Not Listed,সুলতান ফীরূজশাহ তুঘলক বিরচিত,২৮০৳,২৪৯৳,https://www.wafilife.com/sultan-firuzshah-tugholok-birochito/pd/78905
আবদুল করিম (ইতিহাসবিদ),Not Listed,বাংলার ইতিহাস : মোঘল আমল (২য় খণ্ড),৪০০৳,৩৩২৳,https://www.wafilife.com/banglar-itihas-moghol-amol/pd/17559
আবদুল করিম (ইতিহাসবিদ),Not Listed,Murshidkuli Khan and His Times,৩২০৳,২৫৬৳,https://www.wafilife.com/murshidkuli-khan-and-his-times/pd/78896
আবদুল করিম (ইতিহাসবিদ),Not Listed,The Rohingyas : A Short Account of Their History and Culture,২২৫৳,১৮০৳,https://www.wafilife.com/the-rohingyas-a-short-account-of-their-history-and-culture/pd/78897
আবদুল করিম আওয়াদ,Not Listed,রমাদানের দিনগুলোতে,২৬০৳,১৯৫৳,https://www.wafilife.com/romadaner-dingulote/pd/74836
আবদুল করিম পারেখ,Not Listed,ইসলাম হাউস পাবলিকেশন প্রকাশিত কুরআন বিষয়ক বইসমূহ,"৩,৫২৫৳","২,১১৫৳",https://www.wafilife.com/islam-house-publication-er-prokashito-quran-bishoyok-boi-sho/pd/59545
আবদুল করিম পারেখ,Not Listed,কুরআনের আলোকে ইহুদিদের পথে মুসলিম উম্মাহ,৩০০৳,২১০৳,https://www.wafilife.com/quraner-aloke-ihudider-pothe-muslim-ummah/pd/26676
আবদুল করিম পারেখ,Not Listed,তিন ভাষায় Quranic Vocabulary (আরবী-বাংলা-ইংরেজী),৫০০৳,২৭৫৳,https://www.wafilife.com/tin-vasay-quranic-vocabulary-arbi-bangla-english/pd/1903
আবদুল করিম পারেখ,Not Listed,শব্দে শব্দে আল কুরআনের অভিধান (পকেট সাইজ),৩২৫৳,১৯৫৳,https://www.wafilife.com/shobde-shobde-alquraner-ovidhan/pd/3443
আবদুল করিম পারেখ,Not Listed,বনী ইসরাঈলের ইহুদী ও আজকের মুসলমান,১৪০৳,১০৫৳,https://www.wafilife.com/boni-israiler-ehudi-o-ajker-musolman/pd/3246
আবদুল করিম বিশ্বাস,Not Listed,ঈশপের গল্পসমগ্র,২০০৳,১৭২৳,https://www.wafilife.com/eshapar-golposomogro/pd/42542
আবদুল করিম বিশ্বাস,Not Listed,মোটর গাড়ি ড্রাইভিং শিক্ষা,১৫০৳,১২৯৳,https://www.wafilife.com/motor-gade-driving-shikka/pd/42506
আবদুল করিম সাহিত্যবিশারদ,Not Listed,ইসলামাবাদ,৩০০৳,২৪০৳,https://www.wafilife.com/islamabad/pd/30884
আবদুল করিম সাহিত্যবিশারদ,Not Listed,বাংলা ভাশা সিরিজ ২,২৫০৳,২৩৭.৫০৳,https://www.wafilife.com/bangla-vasha-series-2/pd/76091
আবদুল করিম সাহিত্যবিশারদ,Not Listed,মুসলমানী বাঙলা কি জিনিস,১৫০৳,১৪২.৫০৳,https://www.wafilife.com/musalmani-bangla-ki-jinish/pd/76062
আবদুল করিম সাহিত্যবিশারদ,Not Listed,আরকান রাজসভায় বাঙ্গালা সাহিত্য (১৬০০-১৭০০ খ্রিস্টাব্দ),২২০৳,১৬১৳,https://www.wafilife.com/arkan-rajsovay-bangala-sahityo-1600-1700-kristabdo/pd/12712
আবদুল করীম যায়দান,Not Listed,ইসলামের পরিচয় ও দাওয়াতের মূলনীতি ১ম ও ২য় খণ্ড,"১,১৬০৳",৮১২৳,https://www.wafilife.com/islamer-porichoy-o-dawater-mulniti-1st-o-2nd-part/pd/70186
আবদুল করীম যায়দান,Not Listed,الوجيز في اصول الفقه (আল ওয়াজিযু ফী উসুলিল ফিকহি),0,৩৫০৳,https://www.wafilife.com/al-wajuzu-fi-usulil-fiqhi/pd/37756
আবদুল কাইউম,Not Listed,গ্রন্থকুটির পাশ্চাত্য রাষ্ট্রচিন্তা (অনার্স ১ম বর্ষ পাঠ্য বই) - রাষ্ট্রবিজ্ঞান বিভাগ,৩৫০৳,২৮৭৳,https://www.wafilife.com/gronthokutir-pashchaty-rashtrochinta-honors-1st-year-text-bo/pd/31349
আবদুল কাইয়ুম আশরাফ,Not Listed,মুফীদুন নাহু,৩০০৳,১৫০৳,https://www.wafilife.com/mufidun-nahu/pd/32447
আবদুল কাইয়্যুম আহমেদ,Not Listed,গুপ্তসংঘ সিরিজ ১-২,৬৬০৳,৪৯৫৳,https://www.wafilife.com/gupto-shongho-series-1-2/pd/72859
আবদুল কাইয়্যুম আহমেদ,Not Listed,জায়োনিজম প্যাকেজ,"১,২০০৳",৭২০৳,https://www.wafilife.com/zionism-package/pd/23260
আবদুল কাইয়্যুম আহমেদ,Not Listed,ইলুমিনাতি,৩০০৳,২২৫৳,https://www.wafilife.com/iluminati/pd/4557
আবদুল কাইয়্যুম আহমেদ,Not Listed,দ্যা স্টেট অব গড,৩৯০৳,২৩৪৳,https://www.wafilife.com/the-state-of-god/pd/22544
আবদুল কাদের,Not Listed,ছন্দ সমীক্ষণ,৩০০৳,২২৫৳,https://www.wafilife.com/sondo-somikkon/pd/53094
আবদুল কাদের সালেহ,Not Listed,বাংলাদেশের ছাত্র আন্দোলন : ইসলামী ছাত্র মজলিস,0,৫০৳,https://www.wafilife.com/bangladesher-chatro-andolon-islami-chatr-mazlis/pd/35303
আবদুল কাহের জুরজানি,Not Listed,শরহে মিয়াতে আমিল (আরবি) কম্পিউটার,0,১৩৫৳,https://www.wafilife.com/hidayatus-saraf/pd/75433
আবদুল কাহের জুরজানি,Not Listed,শরহুল আওয়ামিলুল মিআহ,0,৫০০৳,https://www.wafilife.com/sorhul-awamilul-miyah/pd/25993
আবদুল কাহের জুরজানি,Not Listed,شرح مائة عامل (শরহে মিয়াতে আমেল),0,৯০৳,https://www.wafilife.com/shorhe-miyate-amel/pd/20728
আবদুল কাহের জুরজানি,Not Listed,শরহু মিয়াতে আমেল (জামাত: নাহুমীর) (এক কালার ও হস্তলিখিত) - কোড:NMKMA,0,৭০৳,https://www.wafilife.com/sharheo-miate-amel-jamat-nahumir-ek-color-and-hostolikhito/pd/21439
আবদুল কুদ্দুছ,Not Listed,নূরানী কিন্ডারগার্টেন ডায়েরি,0,৫০৳,https://www.wafilife.com/noorani-kindergarten-diary/pd/72016
আবদুল খালেক,Not Listed,মুসলমানের দৈনন্দিন জীবন,৯৫৳,৮১৳,https://www.wafilife.com/musulmander-doynondin-jibon/pd/73948
আবদুল খালেক,Not Listed,নামায,৬০০৳,৪৫০৳,https://www.wafilife.com/namaz/pd/58272
আবদুল খালেক,Not Listed,ভাষা আন্দোলন থেকে মুক্তিযুদ্ধ,১২০৳,৯৬৳,https://www.wafilife.com/vasa-andolon-thake-muktijuddo/pd/54207
আবদুল খালেক,Not Listed,মৈয়মনসিংহ গীতিকা: জীবন ও শিল্প,২৫০৳,২১৯৳,https://www.wafilife.com/moynmonsinho-giteka-jibon-o-shilpo/pd/80306
আবদুল খালেক,Not Listed,শিশু মনের পাখী,১০০৳,৭৮৳,https://www.wafilife.com/shishu-moner-pakhi/pd/41265
আবদুল খালেক খান,Not Listed,টেকনিক্যাল রিপোর্ট প্রণয়ন,৭০৳,৬৩৳,https://www.wafilife.com/e0a69fe0a787e0a695e0a6a8e0a6bfe0a695e0a78de0a6afe0a6bee0a6b2/pd/66636
আবদুল খালেক জোয়ারদার,Not Listed,আদর্শ এক গৃহবধূ,২০০৳,১৩০৳,https://www.wafilife.com/adorsho-ek-griho-bodhu/pd/6984
আবদুল গণী,Not Listed,প্রাচীন বাংলার ঐতিহাসিক ভূগোল,৫০০৳,৪১৫৳,https://www.wafilife.com/prachin-banglar-oitihashik-vugol/pd/9716
আবদুল গাফফার,Not Listed,নবীজির জীবন ঘনিষ্ঠ তিনজন সাহাবার তিনশত হাদীস,১২৫৳,৮৮৳,https://www.wafilife.com/nobijir-jibon-ghonistho-tin-sahabar-tinsoto-hadis/pd/25874
আবদুল গাফফার,Not Listed,ফোটনের জীবনকথা,২০০৳,১৫৬৳,https://www.wafilife.com/fotoner-jibonkotha/pd/6636
আবদুল গাফফার চৌধুরী,Not Listed,প্রবন্ধ বিচিত্রা-২,৭০০৳,৫৬০৳,https://www.wafilife.com/probandha-bichitra-2/pd/54432
আবদুল গাফফার চৌধুরী,Not Listed,ইডিপাসের গল্প এবং বাংলাদেশ,৭০০৳,৫৮১৳,https://www.wafilife.com/edipacher-golpo-abong-bangladesh/pd/50943
আবদুল গাফফার চৌধুরী,Not Listed,বাংলাদেশে সিভিল ও আর্মি ব্যুরোক্রাসির লড়াই,২৫০৳,২০৮৳,https://www.wafilife.com/bangladeshe-civil-o-army-brucracir-lorhai/pd/50979
আবদুল গাফফার চৌধুরী,Not Listed,বঙ্গমাতা ফজিলাতুন নেছা মুজিব বিশ শতকের একজন শ্রেষ্ঠ মহিয়সী,৪০০৳,৩৩২৳,https://www.wafilife.com/bangamata-fazilatun-nesa-mujib-bish-shataker-ekjan-srestha-m/pd/50945
আবদুল গাফফার চৌধুরী,Not Listed,গান্ধীর দর্শন ও শেখ মুজিবের রাজনীতি,৬০০৳,৪৯৮৳,https://www.wafilife.com/gandhir-dorshon-o-sheikh-mujiber-rajniti/pd/50790
আবদুল গাফফার রনি,Not Listed,"প্যারাডক্স ২: দর্শন, বিজ্ঞান ও রাজনীতির প্রহেলিকা",৬০০৳,৪৮০৳,https://www.wafilife.com/paradox-2-darshan-biggyan-o-rajnitir-prohelika/pd/75907
আবদুল গাফফার রনি,Not Listed,হোয়াট ইজ টাইম,৪৫০৳,৩৬০৳,https://www.wafilife.com/what-is-time/pd/62029
আবদুল গাফ্ফার হাসান নদভী,Not Listed,এন্তেখাবে হাদীস (১ম এবং ২য় খন্ড একত্রে),২৪৫৳,১৫৯৳,https://www.wafilife.com/entekhabe-hadith-1st-and-2nd-patrt-ekotre/pd/2357
আবদুল গাফ্ফার হাসান নদভী,Not Listed,বিষয়-ভিত্তিক নির্বাচিত হাদীস শরীফ,১৮০৳,৮৪৳,https://www.wafilife.com/besoy-bittic-nirbachito-hadith-sharif/pd/42631
আবদুল জলিল,Not Listed,বিকিরণ সন্ধান এবং পরিমাপন ৩য় খণ্ড,৮০৳,৭২৳,https://www.wafilife.com/e0a6ace0a6bfe0a695e0a6bfe0a6b0e0a6a3-e0a6b8e0a6a8e0a78de0a6a/pd/66537
আবদুল জলিল,Not Listed,বিকিরণ সন্ধান এবং পরিমাপন ২য় খণ্ড,৮০৳,৭২৳,https://www.wafilife.com/বিকিরণ-সন্ধান-এবং-পরিমাপন-২য়-খণ্ড/pd/66536
আবদুল জলিল ভূঁইয়া,Not Listed,রূপাঞ্জল (Gen-Z),৩০০৳,২২৫৳,https://www.wafilife.com/rupagonjo-gen-z/pd/76497
আবদুল জাব্বার দাওলাহ,Not Listed,জীবন থেকে শেখা,২০০৳,১২০৳,https://www.wafilife.com/jibon-theke-shikha/pd/71126
আবদুল বাকী,Not Listed,The Case Char-Lands of Bangladesh,৩০০৳,২৪৬৳,https://www.wafilife.com/the-case-char-lands-of-bangladesh/pd/34954
আবদুল বায়েস,Not Listed,অর্থনীতির রাজা অর্থনীতির প্রজা,১৪০৳,১১৪.৮০৳,https://www.wafilife.com/orthonitir-raja-orthonitir-proja/pd/77406
আবদুল বায়েস,Not Listed,উপাচার্য উপাখ্যান,২২৫৳,১৮০৳,https://www.wafilife.com/upacharjyo-upakhyan/pd/55112
আবদুল বায়েস,Not Listed,বিশ গেরামের গল্প,৬০০৳,৪৯২৳,https://www.wafilife.com/bish-geramer-golpo/pd/10652
আবদুল বায়েস,Not Listed,Rural Transformation : Insights from Bangladesh,"১,২৫০৳","১,০২৫৳",https://www.wafilife.com/rural-transformation-insights-from-bangladesh/pd/35052
আবদুল মওদুদ,Not Listed,ইসলাম ইউরোপকে যা শিখিয়েছে,২০০৳,১৬৪৳,https://www.wafilife.com/islam-europeke-jha-shikhiechey/pd/77571
আবদুল মওদুদ,Not Listed,ইতিহাস প্যাকেজ,"১,৮১৪৳","১,৩৬১৳",https://www.wafilife.com/itihash-package-shykh-harun-izhar-recommended/pd/65551
আবদুল মওদুদ,Not Listed,ওহাবী আন্দোলন,২৫০৳,২০০৳,https://www.wafilife.com/ohaby-andolan/pd/65330
আবদুল মওদুদ,Not Listed,হযরত ওমর,৪৫০৳,৩৬০৳,https://www.wafilife.com/hazrat-omar/pd/63696
আবদুল মওদুদ,Not Listed,মধ্যবিত্ত সমাজের বিকাশ সংস্কৃতির রূপান্তর,৬৫০৳,৫৩৩৳,https://www.wafilife.com/modhobitto-somajer-bikas-songskritier-rupantor/pd/60935
আবদুল মওদুদ,Not Listed,ক্রিমিনাল,১২০৳,১০০৳,https://www.wafilife.com/criminal/pd/50409
আবদুল মওদুদ,Not Listed,হযরত ওমর,২৬০৳,২০৮৳,https://www.wafilife.com/hazrat-umar/pd/76676
আবদুল মওদুদ,Not Listed,মধ্যবিত্ত সমাজের বিকাশ : সংস্কৃতির রূপান্তর,১৮৮৳,১৭৪৳,https://www.wafilife.com/middhobitto-somajer-bikash-sonkskritir-rupantor/pd/20118
আবদুল মতিন,Not Listed,মন মাঝে মনকথন,৩৫০৳,২৮০৳,https://www.wafilife.com/mon-majhe-monkothon/pd/78511
আবদুল মন্নাফ,Not Listed,ছড়া ও ছবিতে ধারাপাত,১৩০৳,৮৮৳,https://www.wafilife.com/chora-o-chobir-dharapat/pd/45460
আবদুল মান্নান,Not Listed,পদ্মাসেতুর সাতকাহন,৩৫০৳,২৮০৳,https://www.wafilife.com/padmasetur-satkahon/pd/52446
আবদুল মান্নান,Not Listed,Education Humanity And Heroism,২৫০৳,২০৮৳,https://www.wafilife.com/education-humanity-and-heroism/pd/37287
আবদুল মান্নান,Not Listed,Bangladesh And Its Neighbours,৫০০৳,৪১৫৳,https://www.wafilife.com/bangladesh-and-its-neighbours/pd/37359
আবদুল মান্নান,Not Listed,Nation - People - Politics,৪০০৳,৩৩২৳,https://www.wafilife.com/nation-people-politics/pd/37286
আবদুল মান্নান,Not Listed,বাংলাদেশ : এই সময়ের রাজনীতি,৩০০৳,২৪৯৳,https://www.wafilife.com/bangladesh-ei-samoyer-rajneeti/pd/50632
আবদুল মান্নান,Not Listed,মুক্তিযুদ্ধের তিন নাটক,২৫০৳,২০০৳,https://www.wafilife.com/muktijuddher-tin-natok/pd/79952
আবদুল মান্নান,Not Listed,পরিযায়ী প্রেম ও মুক্তিযুদ্ধ,২০০৳,১৭২৳,https://www.wafilife.com/porijaye-prem-o-muktijuddho/pd/47221
আবদুল মান্নান চৌধুরী,Not Listed,"নেতা, নেত্রী ও নেতৃত্ব",২৫০৳,২০০৳,https://www.wafilife.com/neta-netri-o-netritto/pd/54329
আবদুল মান্নান তালিব,Not Listed,মানুষ এলো কোথায় থেকে,২৫৳,২৪৳,https://www.wafilife.com/manush-elo-kothay-theke/pd/74112
আবদুল মান্নান তালিব,Not Listed,আধুনিক যুগের চ্যালেঞ্জ ও ইসলাম,১৪৫৳,১২৩৳,https://www.wafilife.com/adhunik-juger-challenge-o-islam/pd/74095
আবদুল মান্নান তালিব,Not Listed,মা আমার মা,৬৫৳,৫৫৳,https://www.wafilife.com/ma-amar-ma/pd/73960
আবদুল মান্নান তালিব,Not Listed,ইসলামী জীবন ও চিন্তার পুর্নগঠন,১৩০৳,১১১৳,https://www.wafilife.com/islami-jibon-o-cintar-punorgathon/pd/73959
আবদুল মান্নান তালিব,Not Listed,ইসলামের ইতিহাস ও সংস্কৃতি অলিম্পিয়াড ১৪৪৪ (৩টি বই),"১,০১০৳",৭৫৮৳,https://www.wafilife.com/islamer-itihas-o-songskriti-olympiad-1444/pd/25922
আবদুল মান্নান তালিব,Not Listed,পড়তে পড়তে অনেক জানা,৩৪৳,২৮৳,https://www.wafilife.com/porte-porte-onek-jana/pd/25187
আবদুল মান্নান তালিব,Not Listed,ইমাম ইবনে তাইমিয়ার সংগ্রামী জীবন,১২০৳,৮৪৳,https://www.wafilife.com/imam-ibne-taimiar-songrami-jibon/pd/26866
আবদুল মান্নান তালিব,Not Listed,বাংলাদেশে ইসলাম,৩০০৳,২১০৳,https://www.wafilife.com/bangladeshe-islam/pd/15039
আবদুল মান্নান তালিব,Not Listed,চরিত্র গঠনের মৌলিক উপাদান,৩০৳,২৬৳,https://www.wafilife.com/charitra-gathaner-mowlik-upadan/pd/59534
আবদুল মান্নান তালিব,Not Listed,ইসলামের পারিবারিক আইন-১,৬৫০৳,৪৫৫৳,https://www.wafilife.com/islamer-paribarik-ayien-1/pd/13367
আবদুল মান্নান তালিব,Not Listed,বাংলাদেশে ইসলাম,0,২০০৳,https://www.wafilife.com/bangaldeshe-islam/pd/7653
আবদুল মান্নান ভূঁইয়া,Not Listed,জীবন ও সংগ্রাম,২৫০৳,২০০৳,https://www.wafilife.com/jibon-o-songram/pd/52340
আবদুল মান্নান ভূঁইয়া,Not Listed,বাংলাদেশের রাজনীতি ও সুশাসন ভাবনা,১৩০৳,১০৪৳,https://www.wafilife.com/bangladesher-rajniti-o-sushashon-bhabna/pd/52541
আবদুল মান্নান সরকার,Not Listed,বহুভাষী ডাটা এন্ট্রি অপারেটিং টেক্সট বুক (টাইপ রাইটিং),0,২৯২৳,https://www.wafilife.com/বহুভাষী-ডাটা-এন্ট্রি-অপারেটিং-টেক্সট-বুক-টাইপ-রাইটিং/pd/73756
আবদুল মান্নান সরকার,Not Listed,বহুভাষী সাঁটলিপি,৩৩৫৳,২৮৬৳,https://www.wafilife.com/bohuvashi-shatlipi/pd/73758
আবদুল মান্নান সরকার,Not Listed,বহুভাষী ডাটা এন্ট্রি অপারেটিং টেক্সট বুক (টাইপ রাইটিং),0,১৭২৳,https://www.wafilife.com/bohuvashi-data-entry-operating-text-book/pd/72601
আবদুল মান্নান সরকার,Not Listed,বহুভাষী সাঁটলিপি,0,২৭০৳,https://www.wafilife.com/multilingual-shorthand/pd/72602
আবদুল মান্নান সরকার,Not Listed,তথ্য ও যোগাযোগ প্রযুক্তি (আইসিটি) (একাদশ-দ্বাদশ শ্রেণি),২২৩৳,২১২৳,https://www.wafilife.com/tottho-o-zogazog-prozukti-ict/pd/16485
আবদুল মান্নান সৈয়দ,Not Listed,কলকাতা,১৫০৳,১৩৫৳,https://www.wafilife.com/kolkata/pd/81980
আবদুল মান্নান সৈয়দ,Not Listed,কবিতা কোম্পানি প্রাইভেট লিমিটেড,২৫০৳,২১৯৳,https://www.wafilife.com/kobita-company-privet-limited/pd/81981
আবদুল মান্নান সৈয়দ,Not Listed,গল্পসমগ্র,৭০০৳,৫৬০৳,https://www.wafilife.com/golposomogra/pd/81977
আবদুল মান্নান সৈয়দ,Not Listed,গল্পসংগ্রহ,৪৯৫৳,৪৩৯৳,https://www.wafilife.com/galpo-sanggroh/pd/81978
আবদুল মান্নান সৈয়দ,Not Listed,শ্রেষ্ঠ জীবনানন্দ : জীবনানন্দ রচনাবলীর প্রকাশিত-অপ্রকাশিত সংকলন,৭০০৳,৬২৯৳,https://www.wafilife.com/sheresto-jibonando-jibonando-rochonaboli-prokasheto-oprokash/pd/81942
আবদুল মান্নান সৈয়দ,Not Listed,শ্রেষ্ঠ গল্প,৩৩০৳,২৯৭৳,https://www.wafilife.com/serstho-golpo/pd/81944
আবদুল মান্নান সৈয়দ,Not Listed,নেকড়ে হায়েনা আর তিন পরী,১০০৳,৮৯৳,https://www.wafilife.com/nekre-hayena-ar-tin-pori/pd/81970
আবদুল মান্নান সৈয়দ,Not Listed,চাকা,১৫০৳,১৩৫৳,https://www.wafilife.com/chaka/pd/81976
আবদুল মান্নান সৈয়দ,Not Listed,নির্বাচিত শিখা,৮৫০৳,৭৪৯৳,https://www.wafilife.com/nirbachito-shikha/pd/81972
আবদুল মান্নান সৈয়দ,Not Listed,শ্রেষ্ঠ কবিতা,১০০৳,৮৯৳,https://www.wafilife.com/srestho-kobita/pd/81945
আবদুল মান্নান সৈয়দ,Not Listed,সকল প্রশংসা তাঁর,১৫০৳,১৩৯৳,https://www.wafilife.com/sakol-proshangsa-tar/pd/81935
আবদুল মান্নান সৈয়দ,Not Listed,উপন্যাসসমগ্র,৮০০৳,৬৪০৳,https://www.wafilife.com/uponnassamogra/pd/81982
আবদুল মান্নান সৈয়দ,Not Listed,সকল প্রশংসা তাঁর,৮০৳,৬৯৳,https://www.wafilife.com/sokol-proshongsa-taar/pd/81937
আবদুল মান্নান সৈয়দ,Not Listed,নির্বাচিত গল্প,২০০৳,১৭৯৳,https://www.wafilife.com/nirbachito-golpo/pd/81974
আবদুল মান্নান সৈয়দ,Not Listed,শ্রেষ্ঠ কবিতা,২২০৳,১৯৯৳,https://www.wafilife.com/shreshtho-kobita/pd/81946
আবদুল মান্নান সৈয়দ,Not Listed,নির্বাচিত কবিতা,৩২০৳,২৭২৳,https://www.wafilife.com/nirbachito-kobita/pd/81975
আবদুল মান্নান সৈয়দ,Not Listed,দশ দিগন্তের দ্রষ্টা,৩২৫৳,২৬০৳,https://www.wafilife.com/dash-diganter-drashta/pd/79035
আবদুল মান্নান সৈয়দ,Not Listed,প্রকাশিত-অপ্রকাশিত কবিতাসমগ্র,৭৫০৳,৬০০৳,https://www.wafilife.com/prokaseto-oprokaseto-kobitasomogro/pd/78962
আবদুল মান্নান সৈয়দ,Not Listed,রূপসী বাংলা,১২০৳,৯৬৳,https://www.wafilife.com/ruposi-bangla/pd/78963
আবদুল মান্নান সৈয়দ,Not Listed,বাংলা সাহিত্যে মুসলমান,৬০০৳,৪৫০৳,https://www.wafilife.com/bangla-sahiter-musulman/pd/73738
আবদুল মান্নান সৈয়দ,Not Listed,আমার বিশ্বাস,১৮০৳,১৪৪৳,https://www.wafilife.com/amr-bissas/pd/69601
আবদুল মান্নান সৈয়দ,Not Listed,দেশভাগের দুটি উপন্যাস,৩৫০৳,২৮০৳,https://www.wafilife.com/deshvager-duti-uponyash/pd/69220
আবদুল মান্নান সৈয়দ,Not Listed,কবিতাসমগ্র আবদুল মান্নান সৈয়দ,৬৪০৳,৪৮০৳,https://www.wafilife.com/kobita-somogro/pd/66752
আবদুল মান্নান সৈয়দ,Not Listed,শুদ্ধতম কবি,৯৫০৳,৭৬০৳,https://www.wafilife.com/suddhutumu-kobi/pd/62767
আবদুল মান্নান সৈয়দ,Not Listed,প্রবন্ধসমগ্র-২,৫০০৳,৪১৫৳,https://www.wafilife.com/probondhosomogro-2/pd/52473
আবদুল মান্নান সৈয়দ,Not Listed,প্রবন্ধসংগ্রহ-১,৫০০৳,৪০০৳,https://www.wafilife.com/probandha-songraha-1/pd/52470
আবদুল মান্নান সৈয়দ,Not Listed,ভেসেছিলাম ভাঙা ভেলায়,৪৭০৳,৩৭৬৳,https://www.wafilife.com/vesecilam-vanga-velay/pd/51644
আবদুল মান্নান সৈয়দ,Not Listed,বাংলা সাহিত্যে মুসলমান,৬০০৳,৪৮০৳,https://www.wafilife.com/bangla-sahittye-mussalman/pd/47938
আবদুল মান্নান সৈয়দ,Not Listed,আধুনিক সাম্প্রতিক,৪০০৳,৩২৮৳,https://www.wafilife.com/adhunik-samprotik/pd/46583
আবদুল মান্নান সৈয়দ,Not Listed,মাতাল কবিতা পাগল গদ্য,২২৫৳,১৮৪.৫০৳,https://www.wafilife.com/matal-kabita-pagol-goddo/pd/36289
আবদুল মান্নান সৈয়দ,Not Listed,শুদ্ধতম কবি : জীবনানন্দ দাশের কাব্য আলোচনা,"১,০০০৳",৮২০৳,https://www.wafilife.com/suddotom-kobi-jibonanando-deser-kabbo-alocona/pd/36178
আবদুল মান্নান সৈয়দ,Not Listed,ফররুখ আহমদ: জীবন ও সাহিত্য,৭০০৳,৫৬০৳,https://www.wafilife.com/farrukh-ahmed-jibon-o-sahitto/pd/33558
আবদুল মান্নান সৈয়দ,Not Listed,ঈশ্বর গুপ্ত থেকে শহীদ কাদরী,৭০০৳,৫৬০৳,https://www.wafilife.com/eshwar-gupta-thake-shaheed-kadree/pd/33551
আবদুল মান্নান সৈয়দ,Not Listed,নজরুল ইসলাম : কালজ কালোত্তর,৪০০৳,৩২০৳,https://www.wafilife.com/nazrul-islam-kaloj-kalottor/pd/30572
আবদুল মান্নান সৈয়দ,Not Listed,আমার জীবনানন্দ,"১,২০০৳",৯৬০৳,https://www.wafilife.com/amar-jibonanonda/pd/51407
আবদুল মান্নান সৈয়দ,Not Listed,স্মৃতির নোটবুক,৩২০৳,২৫৬৳,https://www.wafilife.com/smritir-notebook/pd/51738
আবদুল মান্নান সৈয়দ,Not Listed,কাজী নজরুল ইসলাম বিষয়ক সাক্ষাৎকার,৪০০৳,৩২০৳,https://www.wafilife.com/kazi-nazrul-islam-bishoyok-sakkhatkhar/pd/51469
আবদুল মান্নান সৈয়দ,Not Listed,আমার নজরুল,"১,০০০৳",৮০০৳,https://www.wafilife.com/amar-nazrul/pd/51409
আবদুল মান্নান সৈয়দ,Not Listed,ছন্দ,২২৫৳,১৮০৳,https://www.wafilife.com/chondo/pd/21657
আবদুল মান্নান সৈয়দ,Not Listed,করতলে মহাদেশ,৫০০৳,৪০০৳,https://www.wafilife.com/korotole-mohadesh/pd/47878
আবদুল মান্নান সৈয়দ,Not Listed,নির্বাচিত প্রবন্ধ,৫০০৳,৩৭৫৳,https://www.wafilife.com/nirbachito-probondho/pd/40152
আবদুল মান্নান সৈয়দ,Not Listed,সৈয়দ ওয়ালীউল্লাহ,২২৫৳,১৮০৳,https://www.wafilife.com/syed-waliullah/pd/47614
আবদুল মান্নান সৈয়দ,Not Listed,সুধীন্দ্রনাথ দত্ত : কালো সূর্যের নিচের বহ্ন্যুৎসব,২২৫৳,১৮০৳,https://www.wafilife.com/sudindronath-datto-kalo-surjer-nicer-bhnutsob/pd/51725
আবদুল মান্নান সৈয়দ,Not Listed,নজরুল ইসলাম : কবি ও কবিতা,৫০০৳,৩৬০৳,https://www.wafilife.com/nazrul-islam-kobi-o-kobita/pd/46983
আবদুল মান্নান সৈয়দ,Not Listed,সেরা,২৫০৳,২০০৳,https://www.wafilife.com/sera/pd/54084
আবদুল মান্নান সৈয়দ,Not Listed,বেগম রোকেয়া,১৫০৳,১২০৳,https://www.wafilife.com/begum-rokeya/pd/47602
আবদুল মান্নান সৈয়দ,Not Listed,প্রবন্ধসংগ্রহ-১,৫০০৳,৪০০৳,https://www.wafilife.com/probondhosongroho-1/pd/52471
আবদুল মান্নান সৈয়দ,Not Listed,সেরা,২৫০৳,২০০৳,https://www.wafilife.com/shera/pd/54088
আবদুল মান্নান সৈয়দ,Not Listed,বিংশ শতাব্দীর শিল্প-আন্দোলন,৩৯৫৳,৩০৪৳,https://www.wafilife.com/binsho-satabdir-shilpo-andolon/pd/43151
আবদুল মান্নান সৈয়দ,Not Listed,বিংশ শতাব্দীর শিল্প-আন্দোলন : ফভিজম-একসপ্রেশনিজম-ফিউচারিজম-কিউবিজম-ডাডাইজম-সুররিয়ালিজম,৩৯৫৳,৩২৩.৯০৳,https://www.wafilife.com/bingso-sotabdher-shilpo-andolon-foviziom-axprasoniziom-futuc/pd/36363
আবদুল মান্নান সৈয়দ,Not Listed,জন্মান্ধ কবিতা গুচ্ছ,২৫০৳,২০৫৳,https://www.wafilife.com/janmandho-kabitha-guccho/pd/36375
আবদুল মান্নান সৈয়দ,Not Listed,মানিক বন্দ্যোপাধ্যায়: অন্তর্বাস্তবতা বহির্বাস্তবতা,৪০০৳,৩২০৳,https://www.wafilife.com/manik-bondhopadhai-ontorbastobota-bohirbastobota/pd/33763
আবদুল মান্নান সৈয়দ,Not Listed,নজরুল জীবনী,৪০০৳,৩২০৳,https://www.wafilife.com/nazrul-jiboni/pd/51559
আবদুল মান্নান সৈয়দ,Not Listed,রবীন্দ্রনাথ,২০০৳,১৬০৳,https://www.wafilife.com/rabindronath/pd/47605
আবদুল মান্নান সৈয়দ,Not Listed,নজরুল ইসলাম : কালজ ও কালোত্তর,১২৫৳,১১২৳,https://www.wafilife.com/নজরুল-ইসলাম-কালজ-ও-কালোত্তর/pd/66657
আবদুল মালিক আল কাসিম,Not Listed,সালাফদের চোখে জীবন ও জীবিকা,২০০৳,১৪০৳,https://www.wafilife.com/salafder-chokhe-jibon-o-jibika/pd/74954
আবদুল মালিক আল কাসিম,Not Listed,গুনাহ মাফের প্যাকেজ,"১,৬৪০৳",৯৯৯৳,https://www.wafilife.com/gunah-maf-er-package/pd/71121
আবদুল মালিক আল কাসিম,Not Listed,প্রতিটি মানুষের পড়া উচিৎ এমন পাচঁটি বই একসাথে (প্যাকেজ),৭৩০৳,৫৪৮৳,https://www.wafilife.com/protiti-manuser-pora-uchit-amon-5books/pd/62979
আবদুল মালিক আল কাসিম,Not Listed,আপনিও হতে পারেন একজন দায়ি,১২০৳,৯০৳,https://www.wafilife.com/apnio-hote-paren-ekojon-dayi/pd/30493
আবদুল মালিক আল কাসিম,Not Listed,এভাবে আল্লাহর ইবাদত করো,৬৮৳,৫১৳,https://www.wafilife.com/evabe-allahr-ibadot-koro/pd/30494
আবদুল মালিক আল কাসিম,Not Listed,দান-সদাকা,১১৬৳,৮৭৳,https://www.wafilife.com/da-sodaka/pd/30495
আবদুল মালিক আল কাসিম,Not Listed,রুহামা পাবলিকেশনের নতুন ৫টি বই (বইমেলা ২০২৪),৪৮৪৳,৩৬৩৳,https://www.wafilife.com/ruhama-publications-5-new-books-2024/pd/30498
আবদুল মালিক আল কাসিম,Not Listed,হারাম থেকে বেঁচে থাকো,৭২৳,৫৪৳,https://www.wafilife.com/haram-theke-bache-thako/pd/30496
আবদুল মালিক আল কাসিম,Not Listed,অল্প আহারই যথেষ্ট,১০৮৳,৮১৳,https://www.wafilife.com/olpo-ahar-e-jothestho/pd/30497
আবদুল মালিক আল কাসিম,Not Listed,রাসুল গৃহে একদিন,0,৭৫৳,https://www.wafilife.com/rasul-grihe-ekdin/pd/2377
আবদুল মালিক আল কাসিম,Not Listed,প্রশান্ত হৃদয়ের খোরাক (বান্ডেল),৮৩৫৳,৬২৬৳,https://www.wafilife.com/proshanto-ridoyer-khorak-bundle/pd/26236
আবদুল মালিক আল কাসিম,Not Listed,সত্যায়ন বইমেলা প্যাকেজ ২০২৩,"১,১৯৫৳",৯৫৬৳,https://www.wafilife.com/সত্যায়ন-বইমেলা-প্যাকেজ-২০২৩/pd/23616
আবদুল মালিক আল কাসিম,Not Listed,পরিমিত খাবার গ্রহণ,১৭০৳,১৩৬৳,https://www.wafilife.com/porimito-khabar-grohon/pd/23622
আবদুল মালিক আল কাসিম,Not Listed,মৃত্যু ভাবনা প্যাকেজ,৮১০৳,৬০৮৳,https://www.wafilife.com/mrittu-vabna-package/pd/23080
আবদুল মালিক আল কাসিম,Not Listed,আল্লাহর ভয় নির্মল জীবনের পাথেয়,১২০৳,৯০৳,https://www.wafilife.com/allahor-voy-nirmol-jiboner-patheyo/pd/11907
আবদুল মালিক আল কাসিম,Not Listed,আঁধার রাতে আলোর খোঁজে,৮৮৳,৬৬৳,https://www.wafilife.com/adhar-rate-alor-khoje/pd/11904
আবদুল মালিক আল কাসিম,Not Listed,আমলে ইখলাস আসবে যেভাবে,১২০৳,৯০৳,https://www.wafilife.com/amole-ikhlas-asbe-jevabe/pd/11906
আবদুল মালিক আল কাসিম,Not Listed,হে মুসলিম নারী! তোমাকেই বলছি,২০০৳,১০০৳,https://www.wafilife.com/he-muslim-nari-tomakei-bolchi/pd/11498
আবদুল মালিক আল কাসিম,Not Listed,বোনদের সমীপে পুষ্পিত সওগাত,১৫০৳,১১৩৳,https://www.wafilife.com/bonoder-somipe-pushpito-sowgat/pd/10669
আবদুল মালিক আল কাসিম,Not Listed,"আল্লাহর ভালোবাসা পেতে হলে, একগুচ্ছ নাসিহাহ এবং মেঘাচ্ছন্ন ঈমান (প্যাকেজ)",৫৭৪৳,৪৩১৳,https://www.wafilife.com/allahor-valobasa-pete-hole-ekguccha-naseehah-ebong-meghaccho/pd/9887
আবদুল মালিক আল কাসিম,Not Listed,"দুআর মহিমা, দশ মিনিটের আমল এবং আল্লাহ তাওবাকারীকে ভালবাসেন (প্যাকেজ)",৫৮৮৳,৪৪১৳,https://www.wafilife.com/duar-mohima-dosh-miniter-amol-ebong-allah-tawbakarike-valoba/pd/9886
আবদুল মালিক আল কাসিম,Not Listed,মেঘাচ্ছন্ন ঈমান,১৪৭৳,১১০.২৫৳,https://www.wafilife.com/meghacchonno-iman/pd/6422
আবদুল মালিক আল কাসিম,Not Listed,হারিয়ে যাওয়া সুন্নাহ,১২৮৳,৯৬৳,https://www.wafilife.com/hariye-jaoa-sunnah/pd/4388
আবদুল মালিক আল কাসিম,Not Listed,সমস্যার সমাধান,১২০৳,৯০৳,https://www.wafilife.com/shomossar-shomadhan/pd/3850
আবদুল মালিক আল কাসিম,Not Listed,আছে কোনো অভিযাত্রী,১২৪৳,৮৯৳,https://www.wafilife.com/ache-kono-ovijattri/pd/4195
আবদুল মালিক আল কাসিম,Not Listed,এসো তাওবার পথে,১২০৳,৯০৳,https://www.wafilife.com/eso-tawbar-pothe/pd/4391
আবদুল মালিক আল কাসিম,Not Listed,জান্নাতের চাবি,৬৭৳,৫০৳,https://www.wafilife.com/jannater-chabi/pd/4389
আবদুল মালিক আল কাসিম,Not Listed,দৃষ্টি শয়তানের বিষাক্ত তীর,১১২৳,৮৪৳,https://www.wafilife.com/dristi-shoytaner-bishakto-tir/pd/4387
আবদুল মালিক আল কাসিম,Not Listed,দুনিয়া এক ধূসর মরীচিকা,১৫০৳,১১৩৳,https://www.wafilife.com/dunia-ek-dhoshur-morichika/pd/3848
আবদুল মালিক আল কাসিম,Not Listed,কল্যাণের বারিধারা,১৫০৳,১১৩৳,https://www.wafilife.com/kollaner-baridhara/pd/3849
আবদুল মালিক আল কাসিম,Not Listed,চলো জান্নাতের সীমানায়,১২৪৳,৯৩৳,https://www.wafilife.com/cholo-jannater-shimanay/pd/4196
আবদুল মালিক আল কাসিম,Not Listed,স্বাগত তোমায় আলোর ভুবনে,২৪০৳,১৮০৳,https://www.wafilife.com/shagoto-tomay-alor-vubone/pd/3960
আবদুল মালিক আল কাসিম,Not Listed,বাবা! আমার বিয়ের ব্যবস্থা করুন,১২০৳,৯০৳,https://www.wafilife.com/baba-amar-biyer-bebostha-korun/pd/3847
আবদুল মালিক আল কাসিম,Not Listed,সংযত জবান সংহত জীবন,১৪৮৳,১১১৳,https://www.wafilife.com/songhoto-joban-songhoto-jibon/pd/3959
আবদুল মালিক আল কাসিম,Not Listed,রাসূল সা: এর বাড়িতে একদিন,১৭০৳,১২৬৳,https://www.wafilife.com/rasul-sw-er-ghrine-ekdin/pd/4313
আবদুল মালিক আল কাসিম,Not Listed,সময় কখনো ফিরে আসে না,১১২৳,৮৪৳,https://www.wafilife.com/shomoy-kokhonow-fire-ashe-na/pd/4198
আবদুল মালিক আল কাসিম,Not Listed,অশ্রুজলে লেখা,২৯০৳,২১৮৳,https://www.wafilife.com/oshru-jole-lekha/pd/4014
আবদুল মালিক আল কাসিম,Not Listed,হেদায়েতের পথে যত অন্তরায়,১২০৳,৭৮৳,https://www.wafilife.com/hedayeter-pothe-joto-ontoray/pd/5603
আবদুল মালিক আল কাসিম,Not Listed,যে জীবন মরীচিকা,১৯০৳,১৪২৳,https://www.wafilife.com/je-jibon-morichikar/pd/3896
আবদুল মালিক আল কাসিম,Not Listed,Seeds of righteousness : Tools for Muslim Women,৪০০৳,৩৮০৳,https://www.wafilife.com/seeds-of-righteousness-tools-for-muslim-women/pd/4509
আবদুল মালিক আল কাসিম,Not Listed,দশ মিনিটের আমল,২০০৳,১৫০৳,https://www.wafilife.com/dosh-miniter-amol/pd/5165
আবদুল মালিক আল কাসিম,Not Listed,চলো সোনালি অতীত পানে,১২৪৳,৯৩৳,https://www.wafilife.com/cholo-shonali-otit-pane/pd/4197
আবদুল মালিক আল কাসিম,Not Listed,Hindrances on the path,৩৫০৳,৩৩২৳,https://www.wafilife.com/hindrances-on-the-path/pd/4508
আবদুল মালিক আল কাসিম,Not Listed,সবর মুমিনের সাফল্যের সোপান,১৫৬৳,১১৭৳,https://www.wafilife.com/sobor-muminer-shafoller-shopan/pd/4199
আবদুল মালিক আল কাসিম,Not Listed,Slander,২০০৳,১৯০৳,https://www.wafilife.com/slander/pd/4510
আবদুল মালিক আল কাসিম,Not Listed,পুণ্যবান বন্ধু জীবনসফরে উত্তম সহযাত্রী,৮৮৳,৬৬৳,https://www.wafilife.com/punnoban-bondhu-jibon-shofore-uttom-shonggi/pd/4390
আবদুল মালিক আল কাসিম,Not Listed,অন্তিম মুহূর্ত,১১৫৳,৮৬৳,https://www.wafilife.com/ontim-muhurto/pd/3851
আবদুল মালিক আল কাসিম,Not Listed,Road to Good Friendship,৩২০৳,৩০৪৳,https://www.wafilife.com/road-to-good-friendship/pd/3373
আবদুল মালিক আল কাসিম,Not Listed,Silent Moments: The Description of Before &amp; After Death Aspects,৩৬০৳,৩৩৮৳,https://www.wafilife.com/silent-moments-the-description-of-before-amp-after-death-asp/pd/3338
আবদুল মালিক মুজাহিদ,Not Listed,দুআ কবুলের সোনালি গল্পমালা,৬০০৳,৩০০৳,https://www.wafilife.com/dua-kobuler-sonali-golpomala/pd/26142
আবদুল মালিক মুজাহিদ,Not Listed,Golden Seerah: For the Young Generation,"২,৪০০৳","২,২৫৬৳",https://www.wafilife.com/golden-seerah-for-the-young-generation/pd/4989
আবদুল মালিক মুজাহিদ,Not Listed,Golden Stories of Sayyida Khadijah,"১,৮০০৳","১,৭১০৳",https://www.wafilife.com/golden-stories-of-sayyida-khadijah/pd/164
আবদুল মালিক মুজাহিদ,Not Listed,স্বর্ণাক্ষর,১৪০৳,১১২৳,https://www.wafilife.com/shornakkhor/pd/10249
আবদুল মালিক মুজাহিদ,Not Listed,A Day in the Life of Muslim Child,৬০০৳,৫৭০৳,https://www.wafilife.com/a-day-in-the-life-of-muslim-child/pd/3347
আবদুল মালিক মুজাহিদ,Not Listed,Golden Words,"২,৪২০৳","২,২৯৯৳",https://www.wafilife.com/golden-words/pd/4993
আবদুল মালিক মুজাহিদ,Not Listed,Gems and Jewels,"১,৪০০৳","১,৩৩০৳",https://www.wafilife.com/gems-and-jewels/pd/3891
আবদুল মালিক মুজাহিদ,Not Listed,200 Golden Hadith (Bengali),0,৬৬০৳,https://www.wafilife.com/200-golden-hadith-bengali/pd/3339
আবদুল মালিক মুজাহিদ,Not Listed,Golden Morals (A Collection of Stories from the Seerah),"২,৪২০৳","২,২৯৯৳",https://www.wafilife.com/golden-morals-a-collection-of-stories-from-the-seerah/pd/4213
আবদুল মালিক মুজাহিদ,Not Listed,Golden Stories of Abu Baker As-Siddeeq,"২,৪২০৳","২,২৯৯৳",https://www.wafilife.com/golden-stories-of-abu-baker-as-siddeeq/pd/3426
আবদুল মালিক মুজাহিদ,Not Listed,Golden Stories of Accepted Prayers,"২,২০০৳","২,০৯০৳",https://www.wafilife.com/golden-stories-of-accepted-prayers/pd/4990
আবদুল মালিক মুজাহিদ,Not Listed,Golden Stories of Muslim Women,"২,৬০০৳","২,৪৭০৳",https://www.wafilife.com/golden-stories-of-muslim-women/pd/3430
আবদুল মালিক মুজাহিদ,Not Listed,Golden Stories of Umar Ibn Al-Khattaab,"৩,২০০৳","৩,০৪০৳",https://www.wafilife.com/golden-stories-of-umar-ibn-al-khattaab/pd/4991
আবদুল মালিক মুজাহিদ,Not Listed,200 Golden Hadiths From the Messenger of Allah,0,৬০০৳,https://www.wafilife.com/200-golden-hadiths-from-the-messenger-of-allah/pd/3396
আবদুল মালিক মুজাহিদ,Not Listed,Prayers for Muslim Children,৩৫০৳,৩৩২৳,https://www.wafilife.com/prayers-for-muslim-children/pd/3352
আবদুল মালিক মুজাহিদ,Not Listed,Golden Supplication,"১,১০০৳","১,০৪৫৳",https://www.wafilife.com/golden-supplication/pd/4992
আবদুল মালেক,Not Listed,অ্যানালাইটিক ও ভেক্টর জিওমেট্রি অনার্স - ১ম বর্ষ,0,৩২০৳,https://www.wafilife.com/analytic-and-vector-geometry-honers/pd/29719
আবদুল মালেক হাওলাদার,Not Listed,ইসলামের বাণী,২২৫৳,১৯৪৳,https://www.wafilife.com/islamer-bani/pd/34512
আবদুল মুনইম মুস্তফা হালিমাহ,Not Listed,ইসলাম ও বহুজাতিক রাষ্ট্রব্যবস্থা,৭২০৳,৫৪০৳,https://www.wafilife.com/islam-o-bohujatik-rastrobebostha/pd/26454
আবদুল মুনিম আল হাশিমি,Not Listed,The Days of Prophet Muhammad with His Wives,৩০০৳,২৮৫৳,https://www.wafilife.com/the-days-of-prophet-muhammad-with-his-wives/pd/310
আবদুল মুবিন,Not Listed,উচ্চ মাধ্যমিক হিসাববিজ্ঞান (২য় খন্ড),৪২৩৳,৩৮১৳,https://www.wafilife.com/higher-secondary-accounting-part-1/pd/45440
আবদুল মুবিন,Not Listed,হিসাববিজ্ঞান ১ম পত্র(একাদশ-দ্বাদশ শ্রেণি)(সাদা),৪৯৫৳,৪৬০৳,https://www.wafilife.com/accounting-1st-part-class-xi-xi-white/pd/45470
আবদুল মোমেন সরকার,Not Listed,ব্যবসায় সংগঠন ও ব্যবস্থাপনা-২য় পত্র (প্রাইম বাউবি এইচএসসি প্রোগ্রাম দ্বাদশ শ্রেণি জন্য) বিষয় কোডঃ ২৮৮৫,0,১০৫৳,https://www.wafilife.com/business-organization-and-management-2nd-paper-prime-bou-hsc/pd/44147
আবদুল মোমেন সরকার,Not Listed,ব্যবসায় সংগঠন ও ব্যবস্থাপনা-২য় পত্র (প্রাইম বাউবি এইচএসসি প্রোগ্রাম দ্বাদশ শ্রেণি জন্য) বিষয় কোডঃ ২৮৮৫,0,১০৫৳,https://www.wafilife.com/business-organization-and-management-2nd-paper-prime-bou-hsc/pd/39589
আবদুল রাহমান আবদুল্লাহ,Not Listed,A Glimpse at the Beauty of Islam,৬০০৳,৫৭০৳,https://www.wafilife.com/a-glimpse-at-the-beauty-of-islam/pd/4941
আবদুল লতিফ,Not Listed,চেতনায় নজরুল,৩০০৳,২৪৯৳,https://www.wafilife.com/chetoney-nazrul/pd/61384
আবদুল লতিফ,Not Listed,সবার হৃদয়ে রবীন্দ্রনাথ,৩৫০৳,২৯১৳,https://www.wafilife.com/sobar-hridoye-rabindronath/pd/51042
আবদুল লতিফ,Not Listed,ডায়েরি ১৮৫৭,৩০০৳,২৪০৳,https://www.wafilife.com/diary-1857/pd/24123
আবদুল লতিফ,Not Listed,শনিবারের গল্প,১৭৫৳,১৪৫৳,https://www.wafilife.com/shonibarer-golpo/pd/50714
আবদুল হক,Not Listed,ফুল ফুটেছে বনে,২৮০৳,১৬৮৳,https://www.wafilife.com/ful-futeche-bone/pd/22540
আবদুল হক,Not Listed,আঁধার রাতের মুসাফির,৩০০৳,২০৪৳,https://www.wafilife.com/adhar-rater-musafir/pd/56081
আবদুল হক,Not Listed,কায়সার ও কিসরা,৫০০৳,৩৪০৳,https://www.wafilife.com/kaisar-o-kisra/pd/56086
আবদুল হক,Not Listed,আমার জীবনকথা : স্মৃতিকথা ও দিনলিপি,৩০০৳,২৪৬৳,https://www.wafilife.com/amar-jibonkotha-smritikotha-o-dinlipi/pd/38268
আবদুল হক,Not Listed,শ্রেষ্ঠ প্রবন্ধ - আবদুল হক,৪০০৳,৩২৮৳,https://www.wafilife.com/shershtho-probondho/pd/38316
আবদুল হক,Not Listed,শ্রেষ্ঠ প্রবন্ধ,২৫০৳,২০৮৳,https://www.wafilife.com/shrersto-probondow/pd/42307
আবদুল হক,Not Listed,শ্রেষ্ঠ প্রবন্ধ,২৫০৳,২০৮৳,https://www.wafilife.com/shrersto-probondow/pd/42310
আবদুল হক,Not Listed,ভাষা আন্দোলনের আদিপর্ব,৮০৳,৭৯৳,https://www.wafilife.com/vasa-andoloner-adiporbo/pd/81676
আবদুল হক,Not Listed,লেখকের রোজনামচায় চার দশকের রাজনীতি পরিক্রমা প্রেক্ষাপট বাংলাদেশ ১৯৫৩ - ৯৩,২৬৫৳,২১৭.৩০৳,https://www.wafilife.com/lekhoker-rojnamachay-char-dashoker-rajniti-poricroma-prekkha/pd/34936
আবদুল হক খন্দকার,Not Listed,বিচিত্র যত পদার্থ,২২৫৳,১৯৯৳,https://www.wafilife.com/bichitro-joto-pothartho/pd/81601
আবদুল হক চৌধুরী,Not Listed,বন্দর শহর চট্টগ্রাম,৩৫০৳,২৯১৳,https://www.wafilife.com/bondor-sohor-chattgram/pd/49554
আবদুল হাই মিনার,Not Listed,কুটি কবিরাজ সমগ্র ১,৬০০৳,৪২০৳,https://www.wafilife.com/kuti-kabiraj-shamarga-1/pd/75677
আবদুল হাই শিকদার,Not Listed,হায়দারাবাদের ইতিহাস,৭২০৳,৬৪৮৳,https://www.wafilife.com/haydarabader-itihash/pd/72650
আবদুল হাই শিকদার,Not Listed,"গার্ডিয়ান স্পেশাল বাংলার রাজনীতি, ইতিহাস ও সংস্কৃতি প্যাকেজ",0,"১,৪৮৫৳",https://www.wafilife.com/guardian-special-banglar-rajniti-itihash-o-shonskriti-packag/pd/64386
আবদুল হাই শিকদার,Not Listed,তারেক রহমান এবং বাংলাদেশ,৪৭৫৳,৩৫৬.২৫৳,https://www.wafilife.com/taek-rahman-abong-bangladesh/pd/60457
আবদুল হাই শিকদার,Not Listed,জ্যোতির্ময় জিয়া এবং কালো মেঘের দল,৩৭৫৳,২৮১৳,https://www.wafilife.com/jotirmoy-jia-o-kalo-megher-dol/pd/60456
আবদুল হাই শিকদার,Not Listed,কিশোর মওলানা ভাসানী,২৫০৳,১৮৮৳,https://www.wafilife.com/kisor-maolana-vahani/pd/60461
আবদুল হাই শিকদার,Not Listed,জানা অজানা মাওলানা ভাসানী,৩৭৫৳,২৮১.২৫৳,https://www.wafilife.com/jana-ojana-maolana-vashani/pd/60455
আবদুল হাই শিকদার,Not Listed,বাই অ্যান এক্সপার্ট প্রাইম মিনিস্টার ইউনূস বধকাব্য,৩৭৫৳,২৮১.২৫৳,https://www.wafilife.com/unusbodh-kabbo/pd/60459
আবদুল হাই শিকদার,Not Listed,হারিয়ে যাওয়া হায়দারাবাদ,0,২৪০৳,https://www.wafilife.com/hariya-jawa-haydrabad/pd/55907
আবদুল হাই শিকদার,Not Listed,সচল বাংলাদেশ আবর্তনের স্থির চিত্র,২০০৳,১৬০৳,https://www.wafilife.com/socol-bangladesh-abortonar-steer-cetrow/pd/54101
আবদুল হাই শিকদার,Not Listed,জলজল্লাদদের ফারাক্কাবাধ ভূবন কুণ্ডু এবং আমি: বাংলাদেশের পথ,৩০০৳,২১৯৳,https://www.wafilife.com/jologlladheder-farakkabad-vhubon-kundu-abong-ami-bangladeshe/pd/37893
আবদুল হাই শিকদার,Not Listed,আমাদের প্রতিদিনের শব্দ,0,১৮৫৳,https://www.wafilife.com/amader-protidiner-shobdo/pd/32919
আবদুল হাই শিকদার,Not Listed,যে নামে ডাকেনি কেউ তাকে,0,১৩০৳,https://www.wafilife.com/je-name-dakeni-kew-take/pd/32918
আবদুল হাই শিকদার,Not Listed,মাও সে-তুঙ এর দেশে,২৭৫৳,২০৬৳,https://www.wafilife.com/mao-se-tung-er-deshe/pd/14347
আবদুল হাই শিকদার,Not Listed,ভাষা আন্দোলনের ইতিহাস,৭০০৳,৫৯৫৳,https://www.wafilife.com/je-pran-ofuran-vasha-andoloner-etihash/pd/14365
আবদুল হাই শিকদার,Not Listed,সোনারগাঁও : অন্তরে বাহিরে রূপকথা,১৬০৳,১১২৳,https://www.wafilife.com/sonargaon-ontore-bahire-rupkatha/pd/23233
আবদুল হাই শিকদার,Not Listed,প্রাণের পাশে আসন পেতে,৪০০৳,৩০০৳,https://www.wafilife.com/pranir-pasa-ason-pitha/pd/40114
আবদুল হাই শিকদার,Not Listed,বিশ্বময় নজরুল,৩২৫৳,২৭৬৳,https://www.wafilife.com/bisshomoy-nazrul/pd/40123
আবদুল হাই শিকদার,Not Listed,ভ্রমণ সমগ্র,৪০০৳,৩৩২৳,https://www.wafilife.com/vromom-somoggro/pd/52589
আবদুল হাই শিকদার,Not Listed,আমাদের মিলিত সংগ্রাম : মওলানা ভাসানী,২৭৫৳,২০৬৳,https://www.wafilife.com/amader-milito-songram-mawlana-vashani/pd/8637
আবদুল হাই শিকদার,Not Listed,ঢাকার ভবিষ্যৎ বাংলাদেশের শত্রু ভাগ্য,১৯৫৳,১৪২৳,https://www.wafilife.com/dhakar-vobishot-bangladesher-shotru-vaggo/pd/38588
আবদুল হাই শিকদার,Not Listed,নিপ্পন নি সাসাগু জাপান কাহিনী,১১০৳,৭৭৳,https://www.wafilife.com/nippon-ni-sasagu-japan-kahine/pd/34319
আবদুল হাই শিকদার,Not Listed,আশি লক্ষ ভোর,১০০৳,৭০৳,https://www.wafilife.com/aasi-luk-bhor/pd/39946
আবদুল হাই শিকদার,Not Listed,হাচিকো,১০০৳,৭৬৳,https://www.wafilife.com/hachico/pd/46185
আবদুল হাকিম নাহিদ,Not Listed,অনলাইন বিজনেস ও আইডিয়া,২০০৳,১৫০৳,https://www.wafilife.com/online-business-o-idea/pd/8253
আবদুল হাকিম নাহিদ,Not Listed,উদ্যোক্তা প্যাকেজ,৬৮০৳,৫১০৳,https://www.wafilife.com/uddokta-package/pd/10667
আবদুল হাকিম নাহিদ,Not Listed,উদ্যোক্তা ও ১০১ বিজনেস আইডিয়া,১৮০৳,১৩৫৳,https://www.wafilife.com/uddokta-o-101-business-idea/pd/8244
আবদুল হাফিজ,Not Listed,প্রত্যাগত,৩০০৳,২৬৯৳,https://www.wafilife.com/protyagoto/pd/81609
আবদুল হাফিজ,Not Listed,অল কোয়ায়েট অন দ্য ওয়েস্টার্ণ ফ্রন্ট,৩৮৫৳,৩৪৯৳,https://www.wafilife.com/all-quiet-on-the-western-front/pd/81583
আবদুল হামিদ,Not Listed,ব্যায়াম ও স্বাস্থ্য,৮০৳,৬৬৳,https://www.wafilife.com/bayam-o-shastho/pd/49402
আবদুল হামিদ,Not Listed,শিশু-কিশোরদের ব্যায়াম শিক্ষা,৭০৳,৫৮৳,https://www.wafilife.com/sisu-kisorder-bayam-sikka/pd/49669
আবদুল হামিদ আবু সুলাইমান,Not Listed,মুসলিম মানসে সংকট,২০০৳,১৬০৳,https://www.wafilife.com/muslim-manose-songkot/pd/23503
আবদুল হামিদ আবু সুলাইমান,Not Listed,প্যারেন্টিং (তৃতীয় খন্ড),৭০০৳,৫২৫৳,https://www.wafilife.com/parenting-3nd-part/pd/61657
আবদুল হামিদ আবু সুলাইমান,Not Listed,প্যারেন্টিং (দ্বিতীয় খন্ড),৭৫০৳,৫৬২.৫০৳,https://www.wafilife.com/parenting-2nd-part/pd/61655
আবদুল হামিদ মাহমুদ তহমাজ,Not Listed,নবীপত্নী মহিয়সী খাদিজা,১৪০৳,১০৫৳,https://www.wafilife.com/ummul-muminin-saiyida-khadija/pd/10904
আবদুল হালিম,Not Listed,আন্তর্জাতিক সম্পর্ক : সংক্ষিপ্ত ইতিহাস,৪০০৳,৩২৮৳,https://www.wafilife.com/antorjatik-somporko-songkhipto-etihas/pd/77393
আবদুল হালিম,Not Listed,আন্তর্জাতিক সম্পর্কের মূলনীতি,৪০০৳,৩২৮৳,https://www.wafilife.com/antorjatik-somporker-mulneeti/pd/77392
আবদুল হালিম,Not Listed,"মানিক, রবীন্দ্রনাথ, বিদ্যাসাগর",৬৫৳,৫৪৳,https://www.wafilife.com/manik-robodronath-diddasagor/pd/50338
আবদুল হালিম,Not Listed,আজো দেহে বুলেটের দাগ,২০০৳,১৫০৳,https://www.wafilife.com/ajo-deha-buleter-dag/pd/36927
আবদুল হালিম,Not Listed,মানুষের ইতিহাস গ্রন্থমেলা,"১,৭৫০৳","১,৪৫৩৳",https://www.wafilife.com/manusher-itihas-gronthomela/pd/50740
আবদুল হালিম,Not Listed,মানুষের ইতিহাস - মধ্যযুগ,৪০০৳,৩৩২৳,https://www.wafilife.com/manusher-itihas/pd/50377
আবদুল হালিম,Not Listed,মানুষের ইতিহাস - প্রাচীন যুগ,৭০০৳,৫৮১৳,https://www.wafilife.com/manusher-itihas/pd/50376
আবদুল হালিম,Not Listed,পৃথিবীর ইতিহাস,৩০০৳,২৪৯৳,https://www.wafilife.com/prithibir-itihas/pd/50698
আবদুল হালিম,Not Listed,ছোটদের পৃথিবীর ইতিহাস,৮০৳,৭৬৳,https://www.wafilife.com/chotoder-prithibir-itihsah/pd/10728
আবদুল হালিম খাঁ,Not Listed,মধ্যযুগ অন্ধকার যুগ নয় আলোকিত যুগ,২৪০৳,১৬৮৳,https://www.wafilife.com/moddhojug-ondhokar-jug-noi-alokito-jug/pd/20379
আবদুল হালিম খান,Not Listed,হযরত আবু বকর (রা.),৩৩০৳,২৬৪৳,https://www.wafilife.com/hojrot-abu-bakar-ra/pd/24939
আবদুল হালিম খান,Not Listed,হজরত আলী (রা.),২৭০৳,২১৬৳,https://www.wafilife.com/hazrat-ali-ra/pd/24942
আবদুল হালিম খান,Not Listed,হযরত উসমান (রা.),২৪০৳,১৯২৳,https://www.wafilife.com/hazrat-usman-ra/pd/24944
আবদুল হালিম খান,Not Listed,হযরত ওমর (রা.),৩৩০৳,২৬৪৳,https://www.wafilife.com/hazrat-omar-ra/pd/24941
আবদুল হালিম খান,Not Listed,কুদরতে যম্‌যম্‌,৩০০৳,২১০৳,https://www.wafilife.com/kudrote-zomzom/pd/22591
আবদুল হালিম ভূঁইয়া,Not Listed,হিসাববিজ্ঞান -প্রথম পত্র (প্রথম ও দ্বিতীয় খন্ড) - একাদশ-দ্বাদশ শ্রেণি,0,৭২৫৳,https://www.wafilife.com/accounting-1st-paper-1st/pd/30781
আবদুল হালিম ভূঁইয়া,Not Listed,হিসাববিজ্ঞান - দ্বিতীয় পত্র (প্রথম ও দ্বিতীয় খন্ড) - একাদশ-দ্বাদশ শ্রেণি,৭৫০৳,৬৭৫৳,https://www.wafilife.com/accounting-2nd-paper-1st/pd/30792
আবদুল হালিম শরর্ লখনভী রহ.,Not Listed,ইসাবেলা,১৪০৳,৭০৳,https://www.wafilife.com/isabela/pd/1811
আবদুল হালীম আন-নোমানী,Not Listed,আরবি ইলমি কথোপকথন,৩২০৳,১৭৬৳,https://www.wafilife.com/arbi-elmi-kothopokothon/pd/28586
আবদুল হালীম আন-নোমানী,Not Listed,পরকালের কারাগার,১২০৳,৬৬৳,https://www.wafilife.com/porokaler-karagar/pd/31769
আবদুল হালীম আন-নোমানী,Not Listed,প্রশংসা সবই কেবল তোমারই,৮০৳,৪৪৳,https://www.wafilife.com/proshongsa-soboi-kebol-tomarei/pd/31800
আবদুল হালীম আন-নোমানী,Not Listed,কোরআন হাদিসের আলোকে জান্নাত,৩০০৳,১৬৫৳,https://www.wafilife.com/hadiser-aloke-jannat/pd/58442
আবদুল হালীম আবু শুককাহ,Not Listed,রাসুলের যুগে নারী স্বাধীনতা (৩য় খণ্ড),২০০৳,১৬০৳,https://www.wafilife.com/rasuler-zuge-nari-sadhinota-3rd-part/pd/23480
আবদুল হালীম আবু শুককাহ,Not Listed,রসূলের যুগে নারী স্বাধীনতা (৪র্থ খণ্ড),২৫০৳,২০০৳,https://www.wafilife.com/rasuler-zuge-nari-sadhinota-4th-part/pd/23481
আবদুল হালীম আবু শুককাহ,Not Listed,রসূলের যুগে নারী স্বাধীনতা (২য় খণ্ড),৩৫০৳,২৮০৳,https://www.wafilife.com/rasuler-zuge-nari-swadhinota-2nd-part/pd/23501
আবদুল হালীম আবু শুককাহ,Not Listed,রসুলের স. যুগে নারী স্বাধীনতা (১ম খণ্ড),২৫০৳,২০০৳,https://www.wafilife.com/rasuler-zuge-nari-sadhinota-1st-part/pd/23438
আবদুল হাসিব,Not Listed,"নজরুল, নারী ও অন্যান্য প্রসঙ্গ",২০০৳,১৪৬৳,https://www.wafilife.com/nazrul-nari-o-annayna-prosongo/pd/44959
আবদুল হাসিব,Not Listed,মাইকেল মধুসূদন দত্ত ও অন্যান্য প্রসঙ্গ,১৮০৳,১৩১.৪০৳,https://www.wafilife.com/michael-madhusudan-dutta-o-onnanya-proshango/pd/33832
আবদুল হাসিব,Not Listed,জীবন নদীর বাঁকে বাঁকে,৭০০৳,৫১১৳,https://www.wafilife.com/jibon-nodir-bake-bake/pd/44937
আবদুল হাসিব,Not Listed,71 In The Eyes Of A Boy,১২০৳,৮৭.৬০৳,https://www.wafilife.com/71-in-the-eyes-of-a-boy/pd/33833
আবদুল-মালিক মুজাহিদ,Not Listed,হীরক রত্ন,৭০০৳,৩৮৫৳,https://www.wafilife.com/hirok-rotno/pd/37066
আবদুলরাজাক গুরনাহ,Not Listed,মেমোরি অব ডিপারচার,৪৫০৳,৩৬০৳,https://www.wafilife.com/memory-off-departure/pd/67313
আবদুলরাজাক গুরনাহ,Not Listed,আফটারলাইভস,৩০০৳,২৪০৳,https://www.wafilife.com/after-lives/pd/61107
আবদুল্লাহ অডিয়ার,Not Listed,ইসলামকে কেন আমি ভালোবাসি,১০০৳,৮০৳,https://www.wafilife.com/islamke-keno-ami-valobasi/pd/23013
আবদুল্লাহ আনওয়ারী,Not Listed,মাসায়িলে রমজান,৩০৳,২৩৳,https://www.wafilife.com/masayile-ramjan/pd/67964
আবদুল্লাহ আবু সায়ীদ,Not Listed,প্রাণ থেকে প্রাণে ১ম ও ২য় খণ্ড,৫৮০৳,৪৮১৳,https://www.wafilife.com/pran-theke-prane-1st-and-2nd-part/pd/42464
আবদুল্লাহ আবু সায়ীদ,Not Listed,ভালোবাসার সাম্পান,৫৭৫৳,৪৭৭৳,https://www.wafilife.com/valobashar-shampan/pd/42476
আবদুল্লাহ আবু সায়ীদ,Not Listed,উত্তরপ্রজন্ম,২৯০৳,২৪১৳,https://www.wafilife.com/uttar-projonmo/pd/42477
আবদুল্লাহ আবু সায়ীদ,Not Listed,কথোপকথন,৩১০৳,২৫৭৳,https://www.wafilife.com/kothopokothon/pd/42478
আবদুল্লাহ আবু সায়ীদ,Not Listed,তিন ফুলের ঝাড়,১৭৫৳,১৪৫৳,https://www.wafilife.com/tin-fuler-jhar/pd/42473
আবদুল্লাহ আবু সায়ীদ,Not Listed,বিশ্বসাহিত্য কেন্দ্র ও আমি,৫৪০৳,৪৪৮৳,https://www.wafilife.com/bishwosahitto-kendro-o-ami/pd/42461
আবদুল্লাহ আবু সায়ীদ,Not Listed,প্রাণ থেকে প্রাণে - ২য় খণ্ড,৩০০৳,২৪৯৳,https://www.wafilife.com/pran-theke-prane-2nt-part/pd/42462
আবদুল্লাহ আবু সায়ীদ,Not Listed,সোনালি শস্যকণা,৪৫০৳,৩৭৪৳,https://www.wafilife.com/sonali-shosshokona/pd/42460
আবদুল্লাহ আবু সায়ীদ,Not Listed,ব্রাহ্মণের বাড়ির কাকাতুয়া,২০০৳,১৬৬৳,https://www.wafilife.com/brammoner-barir-kakatua/pd/42463
আবদুল্লাহ আবু সায়ীদ,Not Listed,সুফলা ধরিত্রী,১৮০৳,১৪৯৳,https://www.wafilife.com/shuphola-dhoritri/pd/42466
আবদুল্লাহ আবু সায়ীদ,Not Listed,বহে জলবতী ধারা- ১ম-২য় খণ্ড,৫৩৫৳,৪৩৮.৭০৳,https://www.wafilife.com/boha-jolboti-dhara-1st-2nd-part-rokomari-collection/pd/46709
আবদুল্লাহ আবু সায়ীদ,Not Listed,ওড়াউড়ির দিন -১ম খণ্ড,২৭৫৳,২২৫.৫০৳,https://www.wafilife.com/oraurir-din-1st-part/pd/46351
আবদুল্লাহ আবু সায়ীদ,Not Listed,ওড়াউড়ির দিনঃ ১ম - ২য় খণ্ড,৫২৫৳,৪৩০.৫০৳,https://www.wafilife.com/oraurir-din-1st-2nd-part-rokomari-collection/pd/46708
আবদুল্লাহ আবু সায়ীদ,Not Listed,রচনা সমগ্র-৯,৫০০৳,৪১০৳,https://www.wafilife.com/rachana-samogra-9/pd/38912
আবদুল্লাহ আবু সায়ীদ,Not Listed,স্বনির্বাচিত প্রবন্ধ ও রচনা,৪০০৳,৩২০৳,https://www.wafilife.com/swanirbachita-probandha-o-rachana/pd/52802
আবদুল্লাহ আমির,Not Listed,স্মার্ট বিজনেস হ্যাকস প্যাকেজ,"১,৩৮০৳",৯৬৬৳,https://www.wafilife.com/smart-business-hacks-package/pd/65108
আবদুল্লাহ আমির,Not Listed,ফেসবুক বিজনেস মাস্টারপ্ল্যান,৩২০৳,২২৪৳,https://www.wafilife.com/facebook-business-master-plan/pd/62399
আবদুল্লাহ আমির,Not Listed,বেওয়ারিশ,২০০৳,১০০৳,https://www.wafilife.com/bewarish/pd/32456
আবদুল্লাহ আমির,Not Listed,প্রায়শ্চিত্ত,২১০৳,১২৬৳,https://www.wafilife.com/prayashchitto/pd/19967
আবদুল্লাহ আল আমিন,Not Listed,নারী সাহাবীদের ঈমানদীপ্ত গল্প,১৪০৳,৭৭৳,https://www.wafilife.com/nari-sahabider-iman-dipto-golpo/pd/75634
আবদুল্লাহ আল আমিন,Not Listed,লালন ফকির এক নিঃসঙ্গ সাধক,৫৫০৳,৪৫৭৳,https://www.wafilife.com/lalon-fakir-ek-nishanga-sadhak/pd/51034
আবদুল্লাহ আল আহসান,Not Listed,কুরআনিক গাইডেন্স ফর গুড গভর্ণেন্স,৪০০৳,২৮০৳,https://www.wafilife.com/quranic-guidance-for-good-governance/pd/58271
আবদুল্লাহ আল নোমান,Not Listed,ছাত্র-ছাত্রীদের প্রতি উস্তাদের নসীহত,২৪০৳,১৪৪৳,https://www.wafilife.com/chatro-chatrider-proti-ustader-nosiyot/pd/26402
আবদুল্লাহ আল নোমান,Not Listed,ছাত্রদের ওয়াজ শিক্ষা,২০০৳,১০০৳,https://www.wafilife.com/chatroder-waz-sikkha/pd/26405
আবদুল্লাহ আল নোমান,Not Listed,"দাঈ সহায়িকা (বিষয়ভিত্তিক আয়াত, মন্ত্র, ভার্স ও বুদ্ধের উদ্ধৃতি সংকলন)",১৪০৳,৮৪৳,https://www.wafilife.com/dayi-shohayika/pd/66017
আবদুল্লাহ আল মামুন,Not Listed,ওরাকল ৫১তম বিসিএস প্রিলিমিনারি ও লিখিত সাধারণ বিজ্ঞান,৭০০৳,৪১০৳,https://www.wafilife.com/oracle-bcs-preliminary-sadharon-biggan/pd/11119
আবদুল্লাহ আল মামুন,Not Listed,জীবন হাওয়ায় ভাসে,৩০০৳,২৫৮৳,https://www.wafilife.com/jibon-haowai-vase/pd/71536
আবদুল্লাহ আল মামুন,Not Listed,চেঞ্জ ইউর ওয়াইফ,২৩৫৳,১৪১৳,https://www.wafilife.com/change-your-wife/pd/59078
আবদুল্লাহ আল মামুন,Not Listed,ছড়ানো মুক্তো মানিক,৪০০৳,২০০৳,https://www.wafilife.com/chorano-mukto-manik/pd/21832
আবদুল্লাহ আল মামুন,Not Listed,সন্দীপন দাওয়াহ প্যাকেজ (১৬টি বই),0,৪০০৳,https://www.wafilife.com/dawah-package/pd/14537
আবদুল্লাহ আল মামুন (কাইকর),Not Listed,মা পৃথিবীর রাস্তা,৩০০৳,২২৫৳,https://www.wafilife.com/মা-পথিবীর-রাস্তা/pd/72644
আবদুল্লাহ আল মামুন (কাইকর),Not Listed,শ্যাওলা ফুল,৩৮০৳,২৮৫৳,https://www.wafilife.com/shawlaful/pd/72746
আবদুল্লাহ আল মামুন (কাইকর),Not Listed,বনানী কবরস্থান,৩৫০৳,২৪৫৳,https://www.wafilife.com/banani-koborsthan/pd/67015
আবদুল্লাহ আল মামুন (কাইকর),Not Listed,কাইকর বেস্টসেলার (প্যাকেজ),৬৪০৳,৪৯৯৳,https://www.wafilife.com/kaikor-bestselar/pd/61977
আবদুল্লাহ আল মামুন (কাইকর),Not Listed,ফিলোসফির বয়স কত?,৩২০৳,২৭২৳,https://www.wafilife.com/philosophyr-boyos-koto/pd/61976
আবদুল্লাহ আল মামুন (কাইকর),Not Listed,কিছু বলা যায় না,৩২০৳,২২৪৳,https://www.wafilife.com/kicu-bola-jai-na/pd/58444
আবদুল্লাহ আল মামুন (কাইকর),Not Listed,বনানী কবরস্থান,৩৬০৳,৩০৩৳,https://www.wafilife.com/bonani-koborsthan/pd/53307
আবদুল্লাহ আল মামুন (কাইকর),Not Listed,সৃজিত মুখার্জী-র নাম কী?,২৯৫৳,২১৫৳,https://www.wafilife.com/srijit-mukherjeer-nam-ki/pd/53294
আবদুল্লাহ আল মামুন (গণিত),Not Listed,সহায়ক গণিত,২৮০৳,২৪৯৳,https://www.wafilife.com/sahayak-gonit/pd/81898
আবদুল্লাহ আল মামুন (গণিত),Not Listed,গণিতকোষ,৫০০৳,৪১০৳,https://www.wafilife.com/gonitkosh/pd/23278
আবদুল্লাহ আল মামুন (নাট্যকার),Not Listed,বৈজ্ঞানিক পদ্ধতিতে শাক সবজি ফুল ও ফল উৎপাদন ও পরিচর্যা,২২৫৳,১৯০৳,https://www.wafilife.com/boikhanik-poddhotite-shak-sobji-ful-o-fol-utpadon-o-porichor/pd/53553
আবদুল্লাহ আল মামুন (নাট্যকার),Not Listed,বৈজ্ঞানিক পদ্ধতিতে গরু ছাগল ভেড়া মহিষ পালন ও চিকিৎসা,২০০৳,১৬৮৳,https://www.wafilife.com/boikhanik-poddhotite-cow-goat-sheep-bufello-palon-o-treatmen/pd/53552
আবদুল্লাহ আল মামুন (নাট্যকার),Not Listed,আমার আমি,৯০৳,৭২৳,https://www.wafilife.com/amar-ami/pd/52070
আবদুল্লাহ আল মাসউদ,Not Listed,বিশ্বরাজনীতি ও যুদ্ধ প্যাকেজ,"১,৯০০৳",৯৫০৳,https://www.wafilife.com/bishwo-rajniti-o-juddho-package/pd/78260
আবদুল্লাহ আল মাসউদ,Not Listed,মুমিনের ক্যারিয়ার রোডম্যাপ,৪৪০৳,৩৩০৳,https://www.wafilife.com/muminer-career-roadmap/pd/72637
আবদুল্লাহ আল মাসউদ,Not Listed,حـَـيَّ عَلىٰ الْعَرَبِيَّةِ (হাইয়্যা আলাল আরাবিয়্যাহ) : আরবীভাষা শিক্ষার একটি অনন্য গ্রন্থ।,0,৬০০৳,https://www.wafilife.com/haiyah-alal-arabiyah/pd/69517
আবদুল্লাহ আল মাসউদ,Not Listed,সমকালীন সমস্যার ইলমি সমাধান,২৬৪৳,১৯৮৳,https://www.wafilife.com/somokalin-shomoshyar-ilmi-shomadhan/pd/59567
আবদুল্লাহ আল মাসউদ,Not Listed,তাফরিহুল আনযর তালখিস নুরুল আনওয়ার (تَفْرِيحُ الأَنْظار تلخيص نور الأنوار),0,১০০৳,https://www.wafilife.com/talkhis-nurul-anwar/pd/59139
আবদুল্লাহ আল মাসউদ,Not Listed,২৪-এর গণঅভ্যুত্থান : স্মৃতিচারণ ও ইতিহাস,৪০০৳,২০০৳,https://www.wafilife.com/24-er-gono-ovvutthan-smrity-charon-o-itihash/pd/58984
আবদুল্লাহ আল মাসউদ,Not Listed,কুরআনের সৌন্দর্য প্যাকেজ,৭৯৫৳,৬১২.১৫৳,https://www.wafilife.com/quraner-shoundorjo-package/pd/32449
আবদুল্লাহ আল মাসউদ,Not Listed,তাদাব্বুর প্যাকেজ,"২,১৫২৳","১,৬১৪৳",https://www.wafilife.com/tadabbur-package-ramadan/pd/32408
আবদুল্লাহ আল মাসউদ,Not Listed,সন্দীপন প্রকাশনের নতুন ৪টি বই (প্রি-অর্ডার),৯৭৫৳,৭৫০.৭৫৳,https://www.wafilife.com/sondipon-prokashan-4-books-pre-order/pd/31833
আবদুল্লাহ আল মাসউদ,Not Listed,তাদাব্বুরের সরোবরে,৩০০৳,২৩১৳,https://www.wafilife.com/tadabburer-shorobore/pd/31832
আবদুল্লাহ আল মাসউদ,Not Listed,দ্বীনে ফেরার পর হারিয়ে যেয়ো না,২০০৳,১৫০৳,https://www.wafilife.com/dine-ferar-por-hariye-jeo-na/pd/27168
আবদুল্লাহ আল মাসউদ,Not Listed,প্রাচ্যবাদের ইতিকথা,৩২০৳,২৪৬.৪০৳,https://www.wafilife.com/pracchobader-itikotha/pd/23677
আবদুল্লাহ আল মাসউদ,Not Listed,সন্দীপন বইমেলা ২০২৩ প্যাকেজ,"১,৩০০৳","১,০০১৳",https://www.wafilife.com/sondipon-boimela-2023-package/pd/23811
আবদুল্লাহ আল মাসউদ,Not Listed,কুরআন বোঝার মজা,২৬৫৳,২০৪.০৫৳,https://www.wafilife.com/quran-bojhar-moja/pd/4588
আবদুল্লাহ আল মাসউদ,Not Listed,কুরআনের সৌন্দর্য,২৩০৳,১৭৭.১০৳,https://www.wafilife.com/quraner-soundorjo/pd/13965
আবদুল্লাহ আল মাসউদ,Not Listed,অসংগতি,২২৫৳,১৭৩.২৫৳,https://www.wafilife.com/oshonggoti/pd/3895
আবদুল্লাহ আল মাসউদ,Not Listed,শ্রেষ্ঠ রমাদান প্যাকেজ (চেতনা),"১,৪০৫৳","১,০৫৩.৭৫৳",https://www.wafilife.com/sreshtho-ramadan-package/pd/32765
আবদুল্লাহ আল মাসউদ,Not Listed,নাস্তিকতার স্বরূপ সন্ধান,১৬০৳,৮০৳,https://www.wafilife.com/nastikotar-sorup-sondhan/pd/2793
আবদুল্লাহ আল মাসউদ,Not Listed,সালাফদের দৃষ্টিতে আহলে হাদীস,১০০৳,৭৫৳,https://www.wafilife.com/salafder-dristite-ahle-hadis/pd/3253
আবদুল্লাহ আল মাসূম,Not Listed,আল-কোরআনের রহস্যময় চরিত্র হারুত মারুত,১৮০৳,১৩৫৳,https://www.wafilife.com/al-quraner-rohossomoy-choritro-harut-marut/pd/8519
আবদুল্লাহ আল মাহমুদ,Not Listed,পৌরনীতি ও সুশাসন দ্বিতীয় পত্র,0,৩৬৫৳,https://www.wafilife.com/poronit-and-susason-2nd-paper/pd/28592
আবদুল্লাহ আল মাহমুদ,Not Listed,পৌরনীতি ও সুশাসন - প্রথম পত্র,0,৩৭৫৳,https://www.wafilife.com/poronity-and-susasin/pd/28590
আবদুল্লাহ আল মাহমুদ,Not Listed,চেক ডিজঅনার সংক্রান্ত বিধিবিধান,৪৫০৳,১৯৯৳,https://www.wafilife.com/check-dishounor-songkranto-bidhibidhan/pd/14726
আবদুল্লাহ আল মাহমুদ,Not Listed,দূর আকাশের হাতছানি,২০০৳,১৭০৳,https://www.wafilife.com/dur-akasher-hatchani/pd/8666
আবদুল্লাহ আল মুক্তাদির,Not Listed,মায়ার সিংহাসন,৪০০৳,৩৪৪৳,https://www.wafilife.com/mayar-singhasan/pd/71519
আবদুল্লাহ আল মুমিন,Not Listed,শঙ্খচিল,১৬০৳,১২০৳,https://www.wafilife.com/shonkhochil/pd/66992
আবদুল্লাহ আল মেহেদী,Not Listed,Our Environment Our Existence,৩০০৳,২২৫৳,https://www.wafilife.com/our-environment-our-existence/pd/62616
আবদুল্লাহ আল মোহন,Not Listed,ব্যর্থতায় সফল যারা,৩০০৳,২৪৬৳,https://www.wafilife.com/byrthotay-sofol-jara/pd/38047
আবদুল্লাহ আশরাফ,Not Listed,সামাজিক উপন্যাস প্যাকেজ,"১,০২০৳",৫১০৳,https://www.wafilife.com/shamajik-uponnash-package/pd/78273
আবদুল্লাহ আশরাফ,Not Listed,জোছনার শেষ প্রহর,২২০৳,১৩২৳,https://www.wafilife.com/jochhnar-shesh-prohor/pd/63914
আবদুল্লাহ আশরাফ,Not Listed,মায়ের শেষ ইচ্ছা,১৬০৳,৮০৳,https://www.wafilife.com/mayer-sesh-iccha/pd/24317
আবদুল্লাহ আশরাফ,Not Listed,হৃদয়জুড়ে ফিলিস্তিন (হার্ডকভার),১৬০৳,১২০৳,https://www.wafilife.com/hridoy-jure-philistine/pd/5380
আবদুল্লাহ ইবন ইউসুফ আল জুদাঈ,Not Listed,যে নারী নয়ন জুড়ায়,২১০৳,১৫০৳,https://www.wafilife.com/je-nari-noyon-juray/pd/14287
আবদুল্লাহ ইবনু সুলাইমান আল মানী,Not Listed,ইখতিসারুত তারাবীহ মিন ইশরিন ইলা আশারা,0,৫০৳,https://www.wafilife.com/ikhtisarut-taraweeh-min-ishrin-ila-ashara/pd/69606
আবদুল্লাহ ইবনে ফযল,Not Listed,সহীহ্ নামায ও দু‘আ শিক্ষা (১ম থেকে ৩য় খণ্ড একত্রে),১৫০৳,১০১৳,https://www.wafilife.com/shohi-namaz-o-dua-shikkha-from-1st-to-3rd-part-together/pd/32999
আবদুল্লাহ ইবনে ফযল,Not Listed,সহীহ নামায ও দু'আ শিক্ষা (৩ খন্ড একত্রে),১১০৳,৭৭৳,https://www.wafilife.com/sohih-namaj-o-doa-shikkha/pd/1271
আবদুল্লাহ ইবনে মাহমুদ মাওসিলি,Not Listed,(العقيدة الإسلامية) আল আকিদাহ আল ইসলামিয়াহ - ভলি: ১ খন্ড,0,"৩,২০০৳",https://www.wafilife.com/al-aqeedah-al-islamiyah/pd/56767
আবদুল্লাহ ইবনে সাইদ ইবনে জিরাস,Not Listed,Hajj and Umrah and Visitors,"১,০০০৳",৯৫০৳,https://www.wafilife.com/hajj-and-umrah-and-visitors/pd/258
আবদুল্লাহ খান,Not Listed,সাকুরা থেকে গুলে লালা,৩৭০৳,৩১৮৳,https://www.wafilife.com/sakura-theke-gule-lala/pd/34508
আবদুল্লাহ গালিব বারগুসি,Not Listed,রহস্যময় বিপ্লবী,২৫০৳,১৮৮৳,https://www.wafilife.com/rohoshyomoy/pd/67321
আবদুল্লাহ জাহিদ,Not Listed,বিশ্বসংবাদপত্রে বাংলাদেশের স্বাধীনতাযুদ্ধ,৩৬০৳,২৮৮৳,https://www.wafilife.com/bishshoshongbadpotre-bangladesher-shadhinotajuddho/pd/30907
আবদুল্লাহ তানতাবী,Not Listed,ছোটদের মুসআব ইবনে উমায়ের রা.,0,৩০৳,https://www.wafilife.com/chotoder-musyab-ibne-umayer-rah/pd/28063
আবদুল্লাহ ফারানি,Not Listed,মজলুম সাহাবি ও নারী সাহাবিদের ঐতিহাসিক ত্যাগ,৯২০৳,৬৯০৳,https://www.wafilife.com/mojlum-sahabi-o-nari-sahabider-oitihashik-teg/pd/71997
আবদুল্লাহ ফারানি,Not Listed,সাহাবিদের শাহাদাত বরণ,৪৪০৳,৩৩০৳,https://www.wafilife.com/sahabider-shahadat-boron/pd/70182
আবদুল্লাহ ফারানি,Not Listed,মনীষীদের ছোটবেলা,২২০৳,১২১৳,https://www.wafilife.com/monishider-chotobela/pd/31796
আবদুল্লাহ ফারানি,Not Listed,আলোর দিশারি ১,২৪০৳,১৩২৳,https://www.wafilife.com/alor-dishari-1/pd/4008
আবদুল্লাহ ফারানি,Not Listed,আলোর দিশারি ২,১৮০৳,৯৯৳,https://www.wafilife.com/alor-dishari-2/pd/4009
আবদুল্লাহ বিন আশরাফ,Not Listed,অপূর্ণ অধ্যায়,২৬০৳,১৫৬৳,https://www.wafilife.com/opurno-odhhay/pd/60462
আবদুল্লাহ বিন মুহাম্মাদ,Not Listed,আমি বড় হতে চাই সিরিজ (১-১০),"২,০০০৳","১,০০০৳",https://www.wafilife.com/ami-boro-hote-chai-series/pd/72077
আবদুল্লাহ বিন মুহাম্মাদ,Not Listed,রাইয়ান প্রকাশনের নতুন প্রকাশিত বইসমূহ,৯৩৫৳,৭০১৳,https://www.wafilife.com/raiyan-prokashon-er-21-se-boimelay-prokashito-notun-boisomuh/pd/62898
আবদুল্লাহ বিন মুহাম্মাদ,Not Listed,নুসাইবা,১৮৫৳,১৩৯৳,https://www.wafilife.com/nusaiba/pd/62184
আবদুল্লাহ বিন মুহাম্মাদ,Not Listed,মেহরিমা,১৬০৳,১২০৳,https://www.wafilife.com/mehrima/pd/30864
আবদুল্লাহ বিন মুহাম্মাদ,Not Listed,আব্বুর মুখে গল্প শুনি,২০০৳,১০০৳,https://www.wafilife.com/abbur-mukhe-golpo-suni/pd/72065
আবদুল্লাহ বিন মুহাম্মাদ সালেহ আল মুতাজ,Not Listed,মুসলিম জাতীর পিতা ইবরাহীম আলাইহি ওয়াসাল্লাম,৩৫০৳,২২৭৳,https://www.wafilife.com/muslim-jatir-pita-ibrahim-alaihis-salam/pd/17146
আবদুল্লাহ বিন হামূদ আল-ফারীহ,Not Listed,নবীজির সুন্নাহ ও আমল,১৯৬৳,১৫৭৳,https://www.wafilife.com/nobijir-sunnah-o-amol/pd/10269
আবদুল্লাহ মির্জা,Not Listed,আমার ছেলেবেলা,১৪০৳,৯৮৳,https://www.wafilife.com/amar-chelebela/pd/34299
আবদুল্লাহ রফিক,Not Listed,আকাবির ও সালাফের রমজান,২২০৳,১১০৳,https://www.wafilife.com/akabir-o-salafder-romjan/pd/74579
আবদুল্লাহ হাসান কাসেমি,Not Listed,সাহাবি ও নববি চরিত্রের সৌরভ,৬৬০৳,৪৯৫৳,https://www.wafilife.com/sahabi-o-nobobi-choritrer-shourov/pd/71157
আবদুল্লাহ হাসান কাসেমি,Not Listed,সাহাবি চরিত্রের সৌরভ,৩৬০৳,২৭০৳,https://www.wafilife.com/sahabi-choritrer-shwrab/pd/70206
আবদুল্লাহ হাসান কাসেমি,Not Listed,আকাবিরে দারুল উলুম দেওবন্দ,৪৫০৳,২২৫৳,https://www.wafilife.com/akabire-darul-ulum-deobond/pd/65119
আবদুল্লাহ হাসান কাসেমি,Not Listed,কথিত আহলে কুরআন দাবি খণ্ডন ও আপত্তি নিরসন,৫৫০৳,৩৯৬৳,https://www.wafilife.com/kothito-ahle-quran-dabi-khondon-o-apotti-niroshon/pd/58755
আবদুল্লাহ হাসান কাসেমি,Not Listed,নববি চরিত্রের সৌরভ,৩০০৳,২২৫৳,https://www.wafilife.com/nobobi-choritrer-shourob/pd/27109
আবদুল্লাহ্ আল মামুন (জ্যোতির্বিদ্যা),Not Listed,বিজ্ঞানের জানা অজানা,৩৫০৳,২৬৩৳,https://www.wafilife.com/bigganer-jana-ojana/pd/41040
আবদুল্লাহ্ আল মামুন (জ্যোতির্বিদ্যা),Not Listed,রহস্যময় মহাকাশ,৪০০৳,৩০৬৳,https://www.wafilife.com/rohosshomoy-mohakash/pd/41055
আবদুশ শাকুর,Not Listed,হাস্যশিল্পী,৩০০৳,২৪৯৳,https://www.wafilife.com/hashoshilpi/pd/42350
আবদুশ শাকুর,Not Listed,কাঁটাতে গোলাপও থাকে ২য় পর্ব,৩৭০৳,২৯৬৳,https://www.wafilife.com/katate-golapo-thake-2nd-part/pd/51471
আবদুশ শাকুর,Not Listed,কাঁটাতে গোলাপও থাকে,২৫০৳,২০০৳,https://www.wafilife.com/katate-golapo-thake/pd/51470
আবদুশ শাকুর,Not Listed,আত্মজীবনী,৫০০৳,৪১৫৳,https://www.wafilife.com/addajibony/pd/42281
আবদুস শহীদ নাসিম,Not Listed,বিশ্বনবীর চুক্তি ও ভাষণ,১২০৳,১০৩৳,https://www.wafilife.com/bisshonobir-chukti-o-vashon/pd/33455
আবদুস শহীদ নাসিম,Not Listed,ইসলামে জ্ঞানচর্চা,১০০৳,৮৬৳,https://www.wafilife.com/islame-gyanchorcha/pd/33454
আবদুস শহীদ নাসিম,Not Listed,ইসলামের পারিবারিক জীবন,৯৬৳,৭২৳,https://www.wafilife.com/islamer-paribarik-jibon/pd/3226
আবদুস সবুর খান,Not Listed,ভারতবর্ষের অসামান্য কাব্য ও সংগীত প্রতিভা আমীর খসরু,৪০০৳,২৮৮৳,https://www.wafilife.com/amir-khosroo-extraordinary-genius-of-indian-poetry-and-music/pd/47104
আবদুস সবুর খান,Not Listed,বাংলায় ফারসি ভাষা সাহিত্য ও সংস্কৃতি বিকাশের ইতিহাস,৪০০৳,২৮৮৳,https://www.wafilife.com/history-of-development-of-percian-language-literature-and-cu/pd/47037
আবদুস সাত্তার,Not Listed,বাংলাদেশ-ভারত অভিন্ন নদীর পানি সংকট,৮০৳,৭৯৳,https://www.wafilife.com/bangladesh-india-ovinno-nadir-pany-songkot/pd/80232
আবদুস সাত্তার,Not Listed,আমি এবং মহাশূন্যে আমার অবস্থান,৮০৳,৬৬৳,https://www.wafilife.com/ami-and-mohashunno-amar-obosthan/pd/45872
আবদুস সামাদ,Not Listed,কস্ট একাউন্টিং - বিবিএস(পাস) ৩য় বর্ষ,৬০০৳,৫২২৳,https://www.wafilife.com/cost-accounting-bbs-pass-3rd-year/pd/48610
আবদুস সামাদ,Not Listed,অ্যাডভান্সড এ্যাকাউন্টিং - বিবিএস(পাস) তৃতীয় বর্ষ,৬১৫৳,৫৫৪৳,https://www.wafilife.com/advanced-accounting-bbs-pass-3rd-year/pd/48607
আবদুস সামাদ,Not Listed,Intermediate Accounting-BSS (Pass) 2nd Year (Paper-3),৫০৮৳,৪৪৭৳,https://www.wafilife.com/intermediate-accounting-bss-pass-2nd-year-paper-3/pd/48614
আবদুস সামাদ,Not Listed,হিসাববিজ্ঞান -২য় পত্র (একাদশ ও দ্বাদশ শ্রেণি) (বোর্ড অনুমোদিত নয়),0,৫০০৳,https://www.wafilife.com/accounting-second-letter-xi-and-xii-not-border-approved/pd/48611
আবদুস সালাম মামুন,Not Listed,উপমহাদেশের আইন ও শাসনের ইতিহাস ১ম খন্ড,৯৪০৳,৭৮০৳,https://www.wafilife.com/upomohadesher-ain-o-shasoner-itihas-1st-part/pd/47526
আবদুস সালাম মামুন,Not Listed,হাজার বছরের বাংলা,২০০৳,১৪৪৳,https://www.wafilife.com/hazar-bachorer-bangla/pd/46916
আবদুস সালাম মামুন,Not Listed,মুঘল সম্রাট বাহাদুর শাহ জাফর এর শেষ দিনগুলো,১৯০৳,১৫৮৳,https://www.wafilife.com/mughol-somrat-bahadur-shaho-jafor-er-shesh-dingulo/pd/47689
আবদুস সালাম মামুন,Not Listed,বাহাদুর শাহ জাফর  শেষ মুঘল সম্রাট,১৯০৳,১৫৮৳,https://www.wafilife.com/mughal-somrat-bahadur-shah-jafor-er-shesh-din-gulo/pd/10135
আবদুস সালাম মামুন,Not Listed,উপমহাদেশের আইন ও শাসনের ইতিহাস প্রথম খণ্ড,৯৪০৳,৭৮০৳,https://www.wafilife.com/upomohadesher-ain-o-shashoner-itihash-prothom-khondo/pd/10096
আবদুস সুবহান ডালভি,Not Listed,ঝরে যাওয়ার আগে,৩৫০৳,২৬৩৳,https://www.wafilife.com/jhore-jawar-age/pd/69649
আবদুস সুবহান ডালভি,Not Listed,ইহদা আত্মশুদ্ধি প্যাকেজ,"১,১২০৳",৮৪০৳,https://www.wafilife.com/ihda-attoshuddhi-package/pd/75352
আবদুস সেলিম,Not Listed,সবার জন্য কম্পিউটার হার্ডওয়্যার অ্যান্ড ট্রাবলশুটিং,৪০০৳,৩৩২৳,https://www.wafilife.com/sobar-jonno-computer-hardware-and-troubleshooting/pd/62863
আবদুস সেলিম,Not Listed,ব্যবসায় গণিত - অনার্স ২য় বর্ষ,৬০০৳,৫১০৳,https://www.wafilife.com/business-mathematics-hons-2nd-year/pd/43961
আবদেল ওয়াহাব এম এলমাসরি,Not Listed,ভৌত বিজ্ঞান ও সামাজিক বিজ্ঞানে জ্ঞানতত্ত্বীয় পক্ষপাত,১২৫৳,১০০৳,https://www.wafilife.com/bhouto-biggan-o-samajik-biggane-gyantottiyo-pokkhopat/pd/63885
আবদেল ওয়াহাব এম এলমাসরি,Not Listed,Epistemological BIAS in the Physical and Social Sciences,"১,৭৯৫৳","১,০৭৭৳",https://www.wafilife.com/epistemological-bias-in-the-physical-and-social-sciences/pd/29953
আবদেল মাননান,Not Listed,সুফির দেলকোরান - ১,৬০০৳,৪৩২৳,https://www.wafilife.com/sufir-delquran-1/pd/46963
আবদেল মাননান,Not Listed,কোরানের দার্শনিক অভিধান-১,৩৫০৳,২৮০৳,https://www.wafilife.com/quraner-darshonik-obidhan/pd/40329
আবদেল মাননান,Not Listed,সুফির দেলকোরান - ২,৫০০৳,৩৬০৳,https://www.wafilife.com/sufir-delquran-2/pd/47058
আবদেল মাননান,Not Listed,লালনদর্শন,৪০০৳,২৮৮৳,https://www.wafilife.com/lalondorson/pd/46908
আবদেল মাননান,Not Listed,সূফিজগতের ভাষারহস্য -১,৬০০৳,৪০৮৳,https://www.wafilife.com/sufijogoter-bhasharohosho-1/pd/51143
আবরার আজম,Not Listed,মনীষীদের চিরন্তন বাণী,৩০০৳,২৫৮৳,https://www.wafilife.com/monishider-chironton-bani/pd/41118
আবরার আবীর,Not Listed,কাগজ : ক্রাইম থ্রিলার,২৫০৳,১৭৫৳,https://www.wafilife.com/kagoj-crime-thriller/pd/59221
আবরার আবীর,Not Listed,জলজ,২৫০৳,২০০৳,https://www.wafilife.com/joloj/pd/59260
আবরার আবীর,Not Listed,মহামায়া কর্পোরেশন,৩০০৳,২৪০৳,https://www.wafilife.com/mohamaya-corporation/pd/59291
আবরার আবীর,Not Listed,এখানে আশ্চর্য সব মানুষ রয়েছে,২৫০৳,২০০৳,https://www.wafilife.com/ekhane-aschorjo-shob-manush-royeche/pd/59274
আবরার আবীর,Not Listed,অ্যান্থলজি,৩০০৳,২৪০৳,https://www.wafilife.com/anthology/pd/59238
আবরার আবীর,Not Listed,রাসেল,১৭৫৳,১৪০৳,https://www.wafilife.com/resel/pd/59242
আবরার আবীর,Not Listed,জলজোছনা,১২৫৳,১০০৳,https://www.wafilife.com/jolojochona/pd/59219
আবরার ফাইয়াজ লাবিব,Not Listed,জীববিজ্ঞান প্রথম পত্র (একাদশ-দ্বাদশ শ্রেনি ও এইচএসসি পরীক্ষা ২০২৩) ( ১ম ও ২য় খন্ড ),৪৪৫৳,৩৭৮৳,https://www.wafilife.com/biology-1st-paper-classes-xi-xii-and-hsc-exam-2023/pd/16740
আবরার শাহরিয়ার,Not Listed,মোল্লা নাসীরুদ্দিনের মজার গল্প,১৫০৳,১২৬৳,https://www.wafilife.com/mollha-nasiruddiner-mojar-golpo/pd/53631
আবরার শাহরিয়ার স্বপ্নীল,Not Listed,রোবটিকসের মাস্টারপ্ল্যান,৩২০৳,২৬২.৪০৳,https://www.wafilife.com/roboticser-masterplan/pd/5890
আবসার কাজমি,Not Listed,Reader's Kid English Library,"৯,৪৪০৳","৭,২৬৮.৮০৳",https://www.wafilife.com/রিডারস-কিড-ইংলিশ-লাইব্রেরী/pd/29703
আবসার কাজমি,Not Listed,Jamal's Bad Time Tale,0,৫৩০৳,https://www.wafilife.com/jamals-bad-time-tale/pd/5021
আবাদ শাহপুরি,Not Listed,শাসকের সামনে সত্য উচ্চারণের ইতিহাস,৩০০৳,২২৫৳,https://www.wafilife.com/shashoker-samne-sotto-uccaroner-itihash/pd/58751
আবালা বোস,Not Listed,দেশবিদেশ ভ্রমন,১৫০৳,১২০৳,https://www.wafilife.com/deshbidesh-bhromon/pd/55222
আবি আলমালিহ শামসুদ্দিন আল হানাফি আল হালবি,Not Listed,(الرعاية في تجريد مسائل الهداية) আর রিয়ায়াতু ফি তাজরিদ মাছায়িলিল হিদায়াহ - ভলি: ২ খন্ড,0,"৫,৫০০৳",https://www.wafilife.com/ar-riyayatu-fi-tajrid-machayilil-hidayah/pd/56771
আবি উমর ইউসুফ বিন আব্দুল্লাহ বিন আব্দুল বার,Not Listed,(موسوعة شروح الموطأ) মাউসুআত শুরুহ আল মুয়াত্তা - ভলি: ২৫ খন্ড,0,"৩৫,০০০৳",https://www.wafilife.com/mausuatu-shuruh-al-muatta/pd/56574
আবিদ আজম,Not Listed,ভূত ডটকম,৬০৳,৪৫৳,https://www.wafilife.com/vuut-dtkm/pd/78073
আবিদ আজম,Not Listed,আমাদের ক্লাসে একটা পরী আছে,৬০৳,৪৪৳,https://www.wafilife.com/amadher-classe-ekta-pori-ache/pd/38609
আবিদ আজাদ,Not Listed,কবিতাসমগ্র,"১,০০০৳",৮২০৳,https://www.wafilife.com/kobita-somogro/pd/64489
আবিদ আজাদ,Not Listed,আবুল হাসানের স্মৃতি,১৫০৳,১২০৳,https://www.wafilife.com/abul-hasaner-smriti/pd/64112
আবিদ আজাদ,Not Listed,কবিতার স্বপ্ন,৩৫০৳,২৪৫৳,https://www.wafilife.com/kobitar-shopno/pd/51466
আবিদ আদনান,Not Listed,AI রেডি,0,৪৯৯৳,https://www.wafilife.com/ai-ready/pd/71727
আবিদ আনোয়ার,Not Listed,প্রকরণসিদ্ধ বাংলা হাইকু: বিলম্বিত অভিযাত্রা,২৫০৳,২০৮৳,https://www.wafilife.com/prokoronsidhwa-bangla-haiku-bilombito-ovijatra/pd/50991
আবিদ আনোয়ার,Not Listed,বাঙলা কবিতার আধুনিকায়ন,২৫০৳,২০৮৳,https://www.wafilife.com/bangla-kobitar-adhunikayon/pd/50734
আবিদ আনোয়ার,Not Listed,আমাদের আধুনিক কবিতার দুই দশক : বরেন্য কবিদের নির্মাণকলা,২৮০৳,২৩২৳,https://www.wafilife.com/amader-adhunik-kabitar-dui-dosok-borenno-kabider-nirmankola/pd/50626
আবিদ আনোয়ার,Not Listed,মশার মেয়ে পুনপুনি ও আরো অনেক ছড়া,১২০৳,১০০৳,https://www.wafilife.com/moshar-meye-punpuni-o-aro-onek-chora/pd/50563
আবিদ আনোয়ার,Not Listed,চিত্রকল্প ও বিচিত্র গদ্য,১০০৳,৮৩৳,https://www.wafilife.com/chitrokolpo-o-bichitro-godyo/pd/50340
আবিদ আনোয়ার,Not Listed,ছন্দের সহজপাঠ,২৭০৳,২২৪৳,https://www.wafilife.com/chonder-sohojpath/pd/9719
আবিদ আনোয়ার,Not Listed,বাংলা কবিতার আধুনিকায়ন,২৫০৳,২০৮৳,https://www.wafilife.com/bangla-kobitar-adhunikayon/pd/50253
আবিদ আনোয়ার,Not Listed,আমার মুক্তিযুদ্ধ : রাজপথ থেকে রণাঙ্গন,২০০৳,১৬৬৳,https://www.wafilife.com/amar-muktijuddher-rajpoth-theke-ronangone/pd/50604
আবিদ ইকবাল,Not Listed,মনে মনে প্রধানমন্ত্রী (১ কপি),১৭৭৳,১৫৯৳,https://www.wafilife.com/mone-mone-prodhanmontri/pd/32309
আবিদ ইকবাল,Not Listed,মনে মনে প্রধানমন্ত্রী (১০ কপি),"১,৭৭০৳",৭২৬৳,https://www.wafilife.com/mone-mone-prodhanmontri/pd/32330
আবিদ ইকবাল,Not Listed,মনে মনে প্রধানমন্ত্রী (২ কপি),৩৫৪৳,২০০৳,https://www.wafilife.com/mone-mone-prodhanmontri/pd/32328
আবিদ ইকবাল,Not Listed,মনে মনে প্রধানমন্ত্রী (৫ কপি),৮৮৫৳,৪০০৳,https://www.wafilife.com/mone-mone-prodhanmontri/pd/32329
আবিদ ইহসান,Not Listed,নাজমুদ্দিন এরবাকান: নতুন বিশ্বব্যবস্থার প্রস্তাবক ও মহান মুজাহিদ,৩৯০৳,২৯২৳,https://www.wafilife.com/nazmuddin-arbakan-notun-bishwo-bebosthar-prostabok-o-mohan-m/pd/9654
আবিদ এইচ রাহাত,Not Listed,ইসলাম আসলে কী? (ইসলাম দর্শনের একটি সহজ আলোকপাত),৪৮০৳,৩৫০.৪০৳,https://www.wafilife.com/islam-ashole-ki/pd/65319
আবিদ এইচ রাহাত,Not Listed,মুসলিম হবার গল্প,২৩৭৳,১৭৭৳,https://www.wafilife.com/muslim-hobar-golpo/pd/55889
আবিদ নাহার খন্দকার,Not Listed,একুশ শতকে পুঁজি,"১,৫০০৳","১,৪২৫৳",https://www.wafilife.com/ekush-sotoke-puji/pd/24729
আবিদ ফায়সাল,Not Listed,মণিপুর অল্পদূর,২২০৳,১৭৬৳,https://www.wafilife.com/monipur-olpodur/pd/14734
আবিদ হাসান নাঈম,Not Listed,মুমিনের পরিক্ষা ও সফলতা,১৭০৳,৮৫৳,https://www.wafilife.com/muminer-porikkha-o-shofolota/pd/60352
আবিদ হাসান নাঈম,Not Listed,মাওয়ায়েজে হাসানা,৩৫০৳,২৬২.৫০৳,https://www.wafilife.com/mawayeje-hasana/pd/32907
আবিদ হাসান রনি,Not Listed,এসো শিখি সি প্রোগ্রামিং,২০০৳,১৫০৳,https://www.wafilife.com/eso-shikhi-c-programming/pd/8924
আবিদ হোসেন,Not Listed,জ্বীন বুড়োটা নানা হয়,২০০৳,১৫০৳,https://www.wafilife.com/jween-burota-nana-hy/pd/78135
আবিদ হোসেন,Not Listed,কাসেমী হুজুর এবং ভয়ংকর কয়েকটা রাত,১৭৫৳,১৪০৳,https://www.wafilife.com/kasemee-hujur-ebng-vyngkr-kyekta-rat/pd/78134
আবিদ হোসেন জয়,Not Listed,যেখানে সময় থমকে যায়,৩০০৳,২১০৳,https://www.wafilife.com/jekhane-somoy-thomke-jay/pd/63260
আবিদা আল মুআইয়াদ আল আজম,Not Listed,কেমন ছিলেন শায়খ আলী তানতাবী,৩০০৳,২২৫৳,https://www.wafilife.com/kemon-chilen-sayakh-ali-tanatabi/pd/14473
আবিদা আলমুআইয়াদ,Not Listed,আদর্শ সন্তান প্রতিপালনে নানাজী আলী তানতাভী রহ,২০০৳,১০০৳,https://www.wafilife.com/adorsho-shontan-protipalone-nanaji-ali-tantavi/pd/4086
আবিদা বর্ণা,Not Listed,The Love Bound of a Stepmother,২৩০৳,১৮৪৳,https://www.wafilife.com/the-love-bound-of-a-stepmother/pd/74795
আবিদুর রহমান,Not Listed,অপারেশন জ্যাকপট ও নৌ-কমান্ডোর কীর্তিকথা,৩০০৳,২৪৯৳,https://www.wafilife.com/oparation-jackpot-o-no-commandor-kirtikotha/pd/42253
আবিদুল ইসলাম,Not Listed,সাম্রাজ্যবাদী বিশ্বব্যবস্থা,৩০০৳,২৫২৳,https://www.wafilife.com/samrajjobadi-biswobabostha/pd/44827
আবিদুল ইসলাম,Not Listed,বৃহৎ পুঁজি এবং বাংলাদেশের রাজনৈতিক সংস্কৃতি,৩০০৳,২৫২৳,https://www.wafilife.com/corporate-capital-and-political-culture-of-bangladesh/pd/44836
আবিদুল ইসলাম খান,Not Listed,স্ফুলিঙ্গ থেকে দাবানল,৩২০৳,২৬২.৪০৳,https://www.wafilife.com/sfulingo-theke-dabanol/pd/67656
আবির শাফী বিন্দু,Not Listed,গণিত অলিম্পিয়াড প্রস্তুতি জুনিয়র ক্যাটাগরি,৫৫০৳,৪৫৭৳,https://www.wafilife.com/math-olympiad-prostuti-junior-category/pd/30328
আবির শাফী বিন্দু,Not Listed,গণিত অলিম্পিয়াড প্রস্তুতি,৩৮০৳,৩১৫৳,https://www.wafilife.com/gonit-olympiad-prostoti/pd/25589
আবিল বাকাআ আব্দুল্লাহ বিন হুসাইন বিন আব্দুল্লাহ আকবারী,Not Listed,املاء ما من به الرحمن من وجوه الاعراب والقراءات في جميع القران (ইমলাউ মা মিন বিহির রাহমান মিন অজুহিল এরাব ওয়াল কিরাআত ফী জামিইল কুরআন),0,৬০০৳,https://www.wafilife.com/imlau-ma-min-bihir-rahman-min-ojuhil-erab-wal-kiqat-fe-jamiy/pd/37773
আবিয়ার মারিয়া,Not Listed,"এরচেয়েও বেশিকিছু, অতঃপর....",২৬০৳,২২৪৳,https://www.wafilife.com/ercheyeo-beshikichu-otopor/pd/72383
আবিয়ার মারিয়া,Not Listed,ছোটগল্প,৪০০৳,৩৪৪৳,https://www.wafilife.com/chotogolpo/pd/72418
আবী সাউদ মুহাম্মদ বিন মুস্তাফা আন হানাফি,Not Listed,(تفسير أبي السعود) তাফসীরে আবি সাউদ - ভলি: ৬ খন্ড,0,"৪,২০০৳",https://www.wafilife.com/tafsire-abi-saud/pd/56597
আবীর আহমেদ,Not Listed,শুভ,২৯০৳,২০৩৳,https://www.wafilife.com/shuvo/pd/67590
আবীর নজরুল,Not Listed,ব্যাবহারিক বাঙলা শব্দকোষ,৩০০৳,২৪৯৳,https://www.wafilife.com/byaboharik-bangla-shobdokosh/pd/40918
আবীর শওকত হায়াত,Not Listed,ক্যারিয়ার ম্যানেজমেন্ট,৩২০৳,২৫৬৳,https://www.wafilife.com/career-management/pd/25070
আবীর শওকত হায়াত,Not Listed,অফিস পলিটিকস,৩০০৳,২৪০৳,https://www.wafilife.com/office-politics/pd/21265
আবীর শওকত হায়াত,Not Listed,বস ম্যানেজমেন্ট: কর্মক্ষেত্রে সাফল্যের উপায়,২৬০৳,২০৮৳,https://www.wafilife.com/boss-management-kormokhtre-shafoller-upay/pd/12902
আবীর শওকত হায়াত,Not Listed,বস ম্যানেজমেন্ট,২৬০৳,২০৮৳,https://www.wafilife.com/boss-management/pd/33671
আবীর শওকত হায়াত,Not Listed,"বস, অফিস ও ক্যারিয়ার ম্যানেজমেন্ট কালেকশন",৯৩০৳,৭৪৪৳,https://www.wafilife.com/boss-office-o-career-management-collection/pd/33646
আবীর হাসান,Not Listed,ন্যায়সূত্র,১২৬৳,১০০.৮০৳,https://www.wafilife.com/naysoutro/pd/34697
আবীর হাসান,Not Listed,মার্ক্স ও এঙ্গেল্‌স: জীবনী পাঠের সূত্রপাত,১২৬৳,১০০.৮০৳,https://www.wafilife.com/masks-o-angels-jiboni-pather-sutropat/pd/34701
আবীর হাসান,Not Listed,মোটর সাইকেল ডায়েরি : দক্ষিন আমেরিকা ভ্রমণ,১৯৫৳,১৫৬৳,https://www.wafilife.com/motor-cycle-diary-dokkhin-america-vromon/pd/34729
আবীর হাসান,Not Listed,ইশতেহার: বিশ্ব বদলের তিন ধ্রুপদী রচনা,২১০৳,১৬৮৳,https://www.wafilife.com/eshtehar-bishwo-bodoler-tin-dhrupodi-rochona-ernesto-che-gue/pd/34731
আবীর হাসান,Not Listed,নবযুগের বিজ্ঞান,১০০৳,৮৩৳,https://www.wafilife.com/nobojuger-biggan/pd/50370
আবীর হাসান,Not Listed,ইরাকের সাদ্দাম যুগ,১২৫৳,১০০৳,https://www.wafilife.com/iraqer-saddam-jug/pd/34733
আবু আউয়াল সিদ্দিকী,Not Listed,ম্যানূয়াল অব অ্যাংলো-আমেরিকান ক্যাটালগিং রুলস - ২,১৫০৳,১০৫৳,https://www.wafilife.com/manual-of-the-anglo-american-cataloging-rules-2/pd/37863
আবু আককাস আহমেদ,Not Listed,টাইগার সিদ্দিক,৩০০৳,২৪০৳,https://www.wafilife.com/tiger-siddiq/pd/62191
আবু আককাস আহমেদ,Not Listed,শুল্ক গোয়েন্দার জীবন,৩০০৳,২৪৯৳,https://www.wafilife.com/sulk-goyender-jibon/pd/62193
আবু আককাস আহমেদ,Not Listed,হুমায়ূন আহমেদ চেতনার আকাশ,২৮০৳,২৪১৳,https://www.wafilife.com/humayanu-ahmed-chatonar-akash/pd/47204
আবু আককাস আহমেদ,Not Listed,স্বাধীনতার ঘোষণা,২০০৳,১৭৯৳,https://www.wafilife.com/shadhinotar-ghoshona/pd/79378
আবু আদুল্লাহ মুহাম্মদ ইবনে আহমাদ আল কুরতুবি,Not Listed,(تفسير القرطبي - الجامع لأحكام القرآن) আল জামেউ লি আহকামিল কুরআন - ভলি: ১০ খন্ড,0,"৯,৫০০৳",https://www.wafilife.com/al-jameu-li-ahkamil-quran/pd/56594
আবু আদেল মুহাম্মাদ হারুন হুসাইন,Not Listed,সংক্ষিপ্ত আহলে হাদীস পরিচিতি,১৫০৳,৯৬৳,https://www.wafilife.com/shongkhipto-ahle-hadis-porichiti/pd/59321
আবু আদেল মুহাম্মাদ হারুন হুসাইন,Not Listed,হেজাযী পদ্ধিতে কুরআন ও সহীহ ইসলাম শিক্ষা,১২০৳,৭৭৳,https://www.wafilife.com/hajaji-poddoti-te-quaran-o-hadis-silha/pd/22074
আবু আনওয়ার আল হিন্দি হাফি:,Not Listed,হিন্দুস্থান,0,৭০৳,https://www.wafilife.com/hindusthan/pd/60442
আবু আনাস,Not Listed,মিস্টিরিয়াস মুসা,২৬৫৳,১৯৮৳,https://www.wafilife.com/mysterious-musa/pd/4650
আবু আনাস আব্দুল আযীয আহমদ,Not Listed,স্বপ্নে নবীজি (সাঃ) (হার্ডকভার),২০০৳,১২০৳,https://www.wafilife.com/shopne-nobiji/pd/4527
আবু আনাস আব্দুল খালেক আল-ইমাদ,Not Listed,ছোট্ট সোনামণিদের জন্য ইসলামী আদব আখলাক সংক্রান্ত গুরুত্বপূর্ণ ১০০ টি প্রশ্নোত্তর,১০০৳,৭৫৳,https://www.wafilife.com/soto-sonamonidher-adob-akhlak/pd/61740
আবু আফফান,Not Listed,ভাগওয়া লাভ ট্র‌্যাপ,১০০৳,৬৫৳,https://www.wafilife.com/vagoya-love-trap/pd/71606
আবু আফফান,Not Listed,দৈনন্দিন জীবনে প্রয়োজনীয় দোয়া-দরুদ,৩০৳,২৩৳,https://www.wafilife.com/doinondin-jibone-proyojonio-dua-dorud/pd/27212
আবু আফরা,Not Listed,সংযম,২০০৳,১০০৳,https://www.wafilife.com/shangjam/pd/72962
আবু আফরা,Not Listed,ইহসান,১২০৳,৬০৳,https://www.wafilife.com/ihsan/pd/69717
আবু আবদিল্লাহ ইমদাদুল ইসলাম বিন আবদুল আজীজ,Not Listed,যে গল্পে মনুষ্যত্ব জাগে,২৫০৳,২০০৳,https://www.wafilife.com/je-golpe-monushoto-jage/pd/41189
আবু আবদুর রহমান সাঈদ বিন আলী বিন ওয়াহফ কাহতানী,Not Listed,তাগুত,৫০০৳,৪২৫৳,https://www.wafilife.com/tagut/pd/71650
আবু আবদুল্লা ইবনে মাজা র.,Not Listed,সুনান ইবনে মাজা - ১ম খণ্ড,৪৮০৳,৪০৮৳,https://www.wafilife.com/sunan-ibne-maja-1st-part/pd/74127
আবু আবদুল্লা ইবনে মাজা র.,Not Listed,সুনান ইবনে মাজা - ৪র্থ খণ্ড,২১৮৳,২০৭৳,https://www.wafilife.com/sunan-ibne-maja/pd/74136
আবু আবদুল্লা ইবনে মাজা র.,Not Listed,সুনান ইবনে মাজা - ৩য় খণ্ড,২৩০৳,২১৯৳,https://www.wafilife.com/sunan-ibne-maja/pd/74132
আবু আবদুল্লা ইবনে মাজা র.,Not Listed,সুনান ইবনে মাজা - ২য় খণ্ড,২১২৳,২০১৳,https://www.wafilife.com/sunan-ibne-maja/pd/73963
আবু আবদুল্লাহ আইনউদ্দীন আল-আইনী,Not Listed,মহান আল্লাহ সম্পর্কে সঠিক আক্বীদাহ,১০০৳,৬৫৳,https://www.wafilife.com/mohan-allaho-somporke-sothik-akkidaho/pd/32982
আবু আবদুল্লাহ মুহাম্মদ ইবনে বতুতা,Not Listed,ইবনে বতুতার সফরনামা,৫০০৳,৩৭৫৳,https://www.wafilife.com/ibn-batutar-safarnama/pd/75045
আবু আবদুল্লাহ মুহাম্মদ ইবনে বতুতা,Not Listed,ভ্রমণকাহিনি সমগ্র,"৭,১৬০৳","৩,৫৮০৳",https://www.wafilife.com/vromonkahini-somogro/pd/52834
আবু আবদুল্লাহ মুহাম্মদ ইবনে বতুতা,Not Listed,রিহলাহ ইবনে বতুতা (১ ও ২),"১,৫০০৳",৭৫০৳,https://www.wafilife.com/rihlah-ibne-botuta/pd/23520
আবু আবদুল্লাহ(জসিম উদ্দিন রহমানি),Not Listed,কিতাবুল আকাঈদ,৯০০৳,৪৫০৳,https://www.wafilife.com/book-of-aqeed/pd/76136
আবু আব্দুর রহমান মুকবিল বিন হাদী আল-ওয়াদিয়ী (রহ.),Not Listed,আসবাবুন নুযূল (কুরআনী আয়াতের শানে-নুযূল),৩০০৳,২৪০৳,https://www.wafilife.com/asbabun-nuzul-qurani-ayater-shane-nuzul/pd/9877
আবু আব্দুল্লাহ আস-সাদী,Not Listed,নবজাতকের বিধিমালা,৪০৳,৩২৳,https://www.wafilife.com/nobojatoker-bidhimala/pd/65356
আবু আব্দুল্লাহ জামাল বিন ফুরাইহান আল-হারেষী,Not Listed,বিদআতীদের পরিণাম নিয়ে রচিত - মণিমালা,৫০৳,৪০৳,https://www.wafilife.com/bidatider-porinam-niye-rochit-monimala/pd/9885
আবু আব্দুল্লাহ মুহাম্মাদ আল-মাকদিসি,Not Listed,চার ইমাম: ফিকহে ইসলামির চার নক্ষত্র,১৮৭৳,১৪০৳,https://www.wafilife.com/char-imam-fiqhe-islamer-char-nokkhotro/pd/22354
আবু আব্দুল্লাহ মুহাম্মাদ বিন আহমাদ বিন উসমান আয য্বাহাবি (রহ),Not Listed,মানাক্বীব আল ঈমাম আবু হানিফা ( مناقب الامام ابي حنيفة),১০০৳,৯৫৳,https://www.wafilife.com/manakib-al-iman-abu-hanifa/pd/17633
আবু আব্দুল্লাহ মুহাম্মাদ হুমায়ুন কবির,Not Listed,আধুনিক জাহেলিয়াত,0,২৭০৳,https://www.wafilife.com/adhunik-jaheliyat/pd/15727
আবু আমনুন সায়্যিদ,Not Listed,রিহলা,১৯০৳,১৭১৳,https://www.wafilife.com/rihla/pd/61106
আবু আমনুন সায়্যিদ,Not Listed,ইব্রাহিম আ: এর জীবনাদর্শ ও দু'আ,৩০০৳,১৫০৳,https://www.wafilife.com/ibrahim-a-er-jibonadorsho-o-dua/pd/61120
আবু আমর উসমান বিন আব্দুল রহমান আশ-শাহরাজুরী,Not Listed,(مقدمة ابن الصلاح في علوم الحديث) মুকাদ্দিমাতু ইবনে সালাহ ফি উলুমিল হাদীস - ভলি: ১ খন্ড,0,৬২০৳,https://www.wafilife.com/muqaddimatu-ibn-salah-fi-ulumil-hadith/pd/56683
আবু আল সাঈদ,Not Listed,আওয়ামী লীগের শাসনকাল [১৯৫৬-৫৮ এবং ১৯৭১-৭৫],৪০০৳,৩৩২৳,https://www.wafilife.com/awami-leaguer-shasonkal-1956-58-ebong-1971-75/pd/50203
আবু আল সাঈদ,Not Listed,আওয়ামীলীগের ইতিহাস,৩০০৳,২৪৯৳,https://www.wafilife.com/awami-leeager-itihash/pd/50202
আবু আল সাঈদ,Not Listed,সাতচল্লিশের অখন্ড বাংলা আন্দোলন পূর্ব পাকিস্তান থেকে বাংলাদেশ,৩৫০৳,২৯১৳,https://www.wafilife.com/satchollisher-okhondo-bangla-andolon-purbo-pakistan-theke-ba/pd/50201
আবু আল-ফাদল আল-মাওসিলি আল-হানাফী,Not Listed,(المختار للفتوى في الفقه الحنفي) আল মুখতার লিল ফাতাওয়াহ ফিল ফিকহিল হানাফি - ভলি: ১ খন্ড,0,৭০০৳,https://www.wafilife.com/al-mukhtar-lil-fatawah-fil-fiqhil-hanafi/pd/56764
আবু আলী,Not Listed,প্যারিস থেকে হামবুর্গ,২৫০৳,২১৫৳,https://www.wafilife.com/paris-theke-hamburg/pd/47750
আবু আলী,Not Listed,টেমস থেকে নীলনদ,২৬৫৳,২২৮৳,https://www.wafilife.com/thames-theke-neelnad/pd/47904
আবু আলী,Not Listed,আকাশ থেকে জলে,১৭৫৳,১৫১৳,https://www.wafilife.com/akash-theke-jole/pd/47844
আবু আলী,Not Listed,মেঘ পাহাড়ের আলিঙ্গন,১৫০৳,১২৯৳,https://www.wafilife.com/megh-paharer-alingon/pd/47839
আবু আসাদ,Not Listed,একশ বছরের রাজনীতি,৩৫০৳,২৪৫৳,https://www.wafilife.com/eksho-bochorer-rajniti/pd/24858
আবু আহমাদ আবরার,Not Listed,গর্ভকালীন দুআ হ্যান্ডবুক,৮০৳,৬০৳,https://www.wafilife.com/gorvokalin-dua-handbook/pd/77516
আবু আহমাদ সাইফুদ্দীন বেলাল,Not Listed,সহজ পদ্ধতিতে হজ্ব ও জিয়ারত,৯০৳,৫৮.৫০৳,https://www.wafilife.com/sohoj-poddotitay-hajj-o-jiarot/pd/75374
আবু আহমাদ সাইফুদ্দীন বেলাল,Not Listed,কুরআনের ফযীলত ও আমল,৫০৳,৪০৳,https://www.wafilife.com/quaran-ar-fojilot-o-amol/pd/20174
আবু আহমাদ সাইফুদ্দীন বেলাল,Not Listed,নবী-রসূলগণের দাওয়াতের পদ্ধতি,১২৫৳,১০০৳,https://www.wafilife.com/nobi-rasul-der-dawater-poddoti/pd/20226
আবু আহমাদ সাইফুদ্দীন বেলাল,Not Listed,ঈদে মিলাদুন্নবীর হাকীকত,৩০৳,২১৳,https://www.wafilife.com/eide-miladunnobir-hakikot/pd/7722
আবু আহমাদ সাইফুদ্দীন বেলাল,Not Listed,কুফরি ফতোয়া ও তার কুপ্রভাব,১৫০৳,১২০৳,https://www.wafilife.com/kufuri-fotua-abon-tar-kuprovab/pd/20631
আবু আহমাদ সাইফুদ্দীন বেলাল,Not Listed,নারীদের পবিত্রতার জরুরি বিধান,৮০৳,৫৬৳,https://www.wafilife.com/narider-pobitrotar-joruri-bidhan/pd/7744
আবু আহমাদ সাইফুদ্দীন বেলাল,Not Listed,তাওহীদ ও তার উপকারিতা,৬০৳,৪০.৮০৳,https://www.wafilife.com/tawhid-o-tar-upokarita/pd/7736
আবু আহমাদ সাইফুদ্দীন বেলাল,Not Listed,"বদনজর, জাদু ও জিনের চিকিৎসা",৮০৳,৫৬৳,https://www.wafilife.com/bodnojor-jadu-o-jiner-chikitsha/pd/7747
আবু আহমাদ সাইফুদ্দীন বেলাল,Not Listed,আশুরা ও কারবালা,৩৬৳,২৫৳,https://www.wafilife.com/ashura-o-karbala/pd/7714
আবু আহমাদ সাইফুদ্দীন বেলাল,Not Listed,শিরক ও তার অপকারিতা,৮০৳,৫৪৳,https://www.wafilife.com/shirk-o-tar-opokarita/pd/7754
আবু আহমাদ সাইফুদ্দীন বেলাল,Not Listed,নাফসের গোলামী ও মুক্তির পথ,৫০৳,৩৪৳,https://www.wafilife.com/nofser-golami-o-muktir-poth/pd/7741
আবু আহমাদ সাঈদুল্লাহ,Not Listed,মিশকাতুল মাসাবীহ শব্দকোষ,৩৫০৳,৩৩৩৳,https://www.wafilife.com/মিশকাতুল-মাসাবীহ-শব্দকোষ/pd/6940
আবু আহমাদ সারোয়ার,Not Listed,জিন সিরিজ (সমকালীন কালেকশন),"১,৩৮০৳","১,০৩৫৳",https://www.wafilife.com/odrisso-jogoter-rohosso-o-protikar-somokalin-collaction/pd/69710
আবু আহমাদ সারোয়ার,Not Listed,জিনজাতির বিস্ময়কর জগৎ,৩০০৳,২২৫৳,https://www.wafilife.com/jinjatir-bismoykor-jogod/pd/29449
আবু আহসান চৌধুরী,Not Listed,লোকসংস্কৃতি বিবেচনা ও অন্যান্য প্রসঙ্গ,২৪০৳,২০১৳,https://www.wafilife.com/lokosonscriti-bibachona-o-onanno-prosongo/pd/54486
আবু ইউসুফ,Not Listed,যেহেতু প্রেম আরবীয় হওয়া,২০০৳,১৫০৳,https://www.wafilife.com/jehetu-prem-arobiyo-hawa/pd/75558
আবু ইউসুফ,Not Listed,জানা অজানা কথা,২৫০৳,১৮৮৳,https://www.wafilife.com/jana-ojana-kotha/pd/53272
আবু ইউসুফ,Not Listed,বাজারজাতকরন নীতিমালা মার্কেটিংবিভাগ অনার্স ১ম বর্ষ,৩৮০৳,৩১২৳,https://www.wafilife.com/marketing-principles-marketing-department-honors-1st-year/pd/31021
আবু ইউসুফ ইয়াকুব বিন ইব্রাহীম আনসারী,Not Listed,كتاب الآثار (কিতাবুল আছার),৭০০৳,৬৭৬৳,https://www.wafilife.com/kitabul-asar/pd/32041
আবু ইকবাল,Not Listed,কিশোর জ্ঞানকোষ-২,৩০০৳,২৪৯৳,https://www.wafilife.com/kisor-gankous-2/pd/20834
আবু ইকবাল,Not Listed,কিশোর জ্ঞানকোষ-১,৩০০৳,২৪৯৳,https://www.wafilife.com/kisor-gankos-1/pd/20827
আবু ইশতিয়াক,Not Listed,ইংলিশ বিচিত্রা,৮২৫৳,৫৬০৳,https://www.wafilife.com/english-bichitra/pd/5626
আবু ইশহাক ইব্রাহিম বিন ইউসুফ,Not Listed,(مطالع الأنوار على صحاح الآثار) মাতালেউল আনওয়ার আলা সিহাহিল আসার - ভলি: ৬ খন্ড,0,"১৩,১২৫৳",https://www.wafilife.com/mataleul-anwar-ala-sihahil-asar/pd/56592
আবু ইসহাক,Not Listed,জাল,২৫০৳,২২০৳,https://www.wafilife.com/jal/pd/77374
আবু ইসহাক,Not Listed,সূর্য দীঘল বাড়ী,২০০৳,১৯০৳,https://www.wafilife.com/surzo-dighol-bari/pd/77371
আবু ইসহাক,Not Listed,Surya-Dighal Bari,৬৫০৳,৫৭৯৳,https://www.wafilife.com/surya-dighal-bari/pd/65470
আবু ইসহাক,Not Listed,স্মৃতিবিচিত্রা ও অগ্রন্থিত গল্প,১৮০৳,১৫৫৳,https://www.wafilife.com/smritibichitra-o-ogrhntheto-golpo/pd/51805
আবু ইসহাক,Not Listed,স্মৃতিবিচিত্রা,১০০৳,৮২৳,https://www.wafilife.com/smritibichitra/pd/46550
আবু ইসহাক ইবরাহিম বিন আস সুরি,Not Listed,(معاني القرآن واعرابه الزجاج) মাআনিল কুরআন ওয়া ইরাবুহ আলযুজ্জাজ - ভলি: ৫ খন্ড,0,"৫,০০০৳",https://www.wafilife.com/maanil-quran-wa-irabuhu/pd/56604
আবু ইসহাক ইভান,Not Listed,রবীন্দ্রনাথ : কবি ও কাব্য,১৫০৳,১২০৳,https://www.wafilife.com/rabindronath-kobi-o-kabbo/pd/81648
আবু ইসহাক মুহাম্মদ ফালাহুদ্দিন,Not Listed,মুমিনের হাসি,১২০৳,৭২৳,https://www.wafilife.com/muminer-hashi/pd/964
আবু ইসহাক হোসেন,Not Listed,Lalon Shah : The Great Poet,৪৫০৳,৪০১৳,https://www.wafilife.com/lalon-shah-the-great-poet/pd/54496
আবু ইসহাক হোসেন,Not Listed,বাউল দর্শন ও লালনতত্ত্ব,৫০০৳,৪৩০৳,https://www.wafilife.com/baul-dorshon-o-lalontotho/pd/44688
আবু ইসহাক হোসেন,Not Listed,বাংলার মরমি মানস,৪৫০৳,৩৬০৳,https://www.wafilife.com/banglar-moromi-manos/pd/35384
আবু ইসহাক হোসেন,Not Listed,ফকির লালন সাঁই দর্শন ও সমাজতত্ত্ব,৫০০৳,৪১৮৳,https://www.wafilife.com/fakir-lalon-sain-darshan-o-samajtatto/pd/46271
আবু ইয়াহইয়া,Not Listed,তারীখুল ইসলাম (বাংলা),৩০০৳,১৮০৳,https://www.wafilife.com/tarikhul-isalm/pd/48208
আবু ইয়াহইয়া,Not Listed,আসল বাড়ির খোঁজে ২,0,২০০৳,https://www.wafilife.com/ashol-barir-khoje/pd/23186
আবু ইয়াহইয়া,Not Listed,নাইমা,১৬০৳,১৪৯৳,https://www.wafilife.com/naema/pd/8374
আবু ইয়াহইয়া,Not Listed,অন্তহীন প্রহর (পেপার ব্যাক),৩০০৳,১৫০৳,https://www.wafilife.com/ontohin-prohor/pd/3549
আবু ইয়াহইয়া,Not Listed,জীবন যেখানে শুরু,0,১৬০৳,https://www.wafilife.com/jibon-jekhane-shuru/pd/8372
আবু ইয়াহইয়া,Not Listed,আসল বাড়ির খোঁজে ১,0,২২৫৳,https://www.wafilife.com/ashol-barir-khoje-1st-part/pd/2384
আবু ইয়াহইয়া জাকারিয়া,Not Listed,আখবারুস সালাফ (সালাফের জীবন যেমন),৭৮৬৳,৫৯০৳,https://www.wafilife.com/akhbarus-salaf/pd/25528
আবু উক্কাশা মুফতি নুরুর রহিম ওরকযি,Not Listed,ইসলামে নামাজের গুরুত্ব,১৪০৳,১০৫৳,https://www.wafilife.com/islam-e-namar-er-gurutto/pd/73074
আবু উক্কাশা মুফতি নুরুর রহিম ওরকযি,Not Listed,আদর্শ মুসলিমাহ প্যাকেজ,৫৩০৳,৩৯৮৳,https://www.wafilife.com/adorsho-muslimah-package/pd/73077
আবু উমামা কুতুবুদ্দীন মাহমূদ,Not Listed,নির্বাচিত দু'আ প্যাকেজ,৯৫০৳,৬৬৫৳,https://www.wafilife.com/nirbachito-duya-package/pd/23065
আবু উমামা কুতুবুদ্দীন মাহমূদ,Not Listed,সালাতের দুআ (যা রাসূল সা. থেকে প্রমাণিত),১৪০৳,৯১৳,https://www.wafilife.com/salate-dua-ja-rasul-sw-theke-promanito/pd/5078
আবু উমার,Not Listed,আয়নাঘর,১৫০৳,১১৬৳,https://www.wafilife.com/aynaghor/pd/57290
আবু উমার আল-মুহাজির,Not Listed,৩৩৫ টি আধুনিক মাসায়েল,0,২০০৳,https://www.wafilife.com/335-i-dhunika-msla/pd/70022
আবু উসাইমাহ মুহাম্মদ ওসমান গনি সালেহী,Not Listed,আহকাম-উল-উযহিয়্যা — কুরবানী : ফাযায়েল ও আধুনিক মাসায়েল,0,৩৫০৳,https://www.wafilife.com/ahakam-ul-uzhiya/pd/17609
আবু উসামা,Not Listed,অ্যামেরিকান ডিপ স্টেট,৪৮০৳,২৪০৳,https://www.wafilife.com/american-deep-state/pd/73105
আবু উসামা,Not Listed,অস্তিত্বের সংঘাত,৬৬০৳,৩৩০৳,https://www.wafilife.com/ostitter-songath/pd/62436
আবু উসামা মোহাম্মদ হাবিবুল্লাহ,Not Listed,সোনালী শাহজাদা,১৪০৳,৭০৳,https://www.wafilife.com/sonali-shahojada/pd/13871
আবু উসামা মোহাম্মদ হাবিবুল্লাহ,Not Listed,আবু হানিফা রহ. মুসলমানদের নন্দিত ঈমান,৪০০৳,১৭৯৳,https://www.wafilife.com/abu-hanifa-rh-muslomander-nondito-eman/pd/13870
আবু করিম,Not Listed,কলার মান্দাস,২০০৳,১৬৬৳,https://www.wafilife.com/kolar-mandas/pd/51936
আবু করিম,Not Listed,আমার ছেলেবেলা ও অন্যান্য প্রসঙ্গ,৩৯৯৳,৩৩১৳,https://www.wafilife.com/amar-chelebela-o-onyanyo-prosongo/pd/51960
আবু কায়সার,Not Listed,রায়হানের রাজহাঁস,২০০৳,১৬৬৳,https://www.wafilife.com/raihaner-rajhas/pd/64067
আবু কায়সার,Not Listed,কাকতাড়ুয়া,৫০৳,৩৮৳,https://www.wafilife.com/kaktaruya/pd/51468
আবু কায়সার,Not Listed,মহাকবি গ্যেটে,১০০৳,৮৩৳,https://www.wafilife.com/mohakobi-gata/pd/42317
আবু কায়সার,Not Listed,ইবনেসিনা,১৩০৳,১০৪৳,https://www.wafilife.com/ibnasina/pd/42318
আবু কায়সার,Not Listed,রক্তঝরা একাত্তর,১৫০৳,১২৫৳,https://www.wafilife.com/roktojhora-akattor/pd/50136
আবু কায়সার,Not Listed,পাঁচ এ্যাডভেঞ্চার,৩৫০৳,২৮৭৳,https://www.wafilife.com/pach-adventure/pd/46327
আবু কায়সার,Not Listed,টুকরো টুকরো ছবি,২০০৳,১৬০৳,https://www.wafilife.com/tukro-tukro-chhobi/pd/51523
আবু কায়সার,Not Listed,পলিমাটির পুতুল,৫০৳,৪০৳,https://www.wafilife.com/polimatir-putul/pd/51577
আবু কায়সার,Not Listed,পাঁচ পাহাড়ের ভূত,৮০৳,৬৪৳,https://www.wafilife.com/pas-pahadar-bhut/pd/54221
আবু খালেদ চৌধুরী,Not Listed,বাংলাদেশের নির্বাচনী গণতন্ত্র একটি বস্তুনিষ্ঠ বিশ্লেষণ,১০০৳,৮৩৳,https://www.wafilife.com/bangladesher-nirbacone-gonotontro-akti-bostunisto-bislation/pd/43215
আবু জাকারিয়া,Not Listed,দ্য ফরবিডেন প্রফেসিস,২১০৳,১৭৬৳,https://www.wafilife.com/the-forbidden-prophecies/pd/47314
আবু জাকারিয়া,Not Listed,দি ইটার্নাল চ্যালেঞ্জ,0,২২০৳,https://www.wafilife.com/the-eternal-challenge/pd/8606
আবু জাকের মুহাম্মদ বদরুদ্দোজা,Not Listed,ইসলামী জীবন বীমা,১০০৳,৭৩৳,https://www.wafilife.com/islami-jibon-bima/pd/45416
আবু জাফর,Not Listed,বাঙলা ভাগ হল,৫০০৳,৪২৫৳,https://www.wafilife.com/bangla-bhag-holo-hindu-samprodayekotha-o-desh-bebag-1932-194/pd/34939
আবু জাফর,Not Listed,রসূল মুহাম্মদ (সঃ),২০০৳,১৩০৳,https://www.wafilife.com/rasul-muhammod-sm/pd/45674
আবু জাফর,Not Listed,রাজভবন থেকে বঙ্গভবন,৯০০৳,৫৮৫৳,https://www.wafilife.com/rajvabon-theke-bongovabon/pd/45508
আবু জাফর,Not Listed,রসূল মুহাম্মদ (সঃ),৬০০৳,৩৯০৳,https://www.wafilife.com/rasul-muhammod-sm/pd/45675
আবু জাফর,Not Listed,বিশ্বনবি মুহাম্মদ সাল্লালাহু আলাইহি ওয়াসাল্লাম,৮০০৳,৬৪০৳,https://www.wafilife.com/bisshonobi-muhammad-sallallahu-alaihi-owasallam/pd/80121
আবু জাফর,Not Listed,কালের সাক্ষী: ঢাকা,১৫০৳,৯৮৳,https://www.wafilife.com/kaler-sakkhi-dhaka/pd/45509
আবু জাফর আবদুল্লাহ,Not Listed,ছড়া পড়ি গান করি,১২০৳,৯০৳,https://www.wafilife.com/chora-pori-gaan-kori/pd/36545
আবু জাফর আবদুল্লাহ,Not Listed,গানে গানে ছড়া,১২০৳,৯০৳,https://www.wafilife.com/gane-gane-chhorha/pd/36507
আবু জাফর ইবন জারীর তাবারী (র),Not Listed,তাফসীরে তাবারী শরীফ ১ম-১২তম খণ্ড,"৬,৫৯০৳","৫,৪৬৮৳",https://www.wafilife.com/tafsire-tabari-shorif/pd/5135
আবু জাফর ইবন জারীর তাবারী (র),Not Listed,তাফসীরে তাবারী শরীফ ১২তম খণ্ড (আমপারা),৫৫০৳,৫১১৳,https://www.wafilife.com/tafsire-tabari-shorif-12th-part/pd/5744
আবু জাফর ইবন জারীর তাবারী (র),Not Listed,তাফসীরে তাবারী শরীফ ৬ষ্ঠ খণ্ড,৫৫০৳,৫১১৳,https://www.wafilife.com/tafsire-tabari-shorif-6th-part/pd/5745
আবু জাফর বিশ্বাস,Not Listed,স্বপ্নের মায়াজাল,২৫০৳,১৫৫৳,https://www.wafilife.com/shwapner-mayajal/pd/68053
আবু জাফর মুহাম্মদ বিন জারির আত তবারি,Not Listed,(تفسير الطبري) তাফসিরুত তবারি - ভলি: ১২ খন্ড,0,"১৬,০০০৳",https://www.wafilife.com/tafsirut-tabari/pd/56564
আবু জাফর মুহাম্মদ বিন মুসা আল খাওয়ারিজমি,Not Listed,বীজগণিতের আদিপুস্তক : কিতাব আল জাবর ওয়াল মুকাবালা,৩০০৳,২৪৬৳,https://www.wafilife.com/bijgoniter-adipustok-kitab-al-jabor-wal-mukabala/pd/16418
আবু জাফর মোস্তফা সাদেক,Not Listed,বাংলার শাসন ব্যবস্থা ও রাজনীতি (১৯২১-১৯৮২),৭০৳,৫৮৳,https://www.wafilife.com/bangladesher-shason-babsoya-o-rajniti-1921-1982/pd/39788
আবু জাফর মোস্তফা সাদেক,Not Listed,মজলুম নেতা মওলানা ভাসানী,৫০৳,৪২৳,https://www.wafilife.com/mazlum-jononeta-maolana-vasani/pd/39825
আবু জাফর মোহাম্মদ সুফিয়ান,Not Listed,Methods And Techniques Of Social Research,"১,১০০৳",৯০২৳,https://www.wafilife.com/মেথডস্-এন্ড-টেকনিকস্-অব-সোশাল-রিসার্চ/pd/22267
আবু জাফর মোহাম্মদ সুফিয়ান,Not Listed,Stochastic Processes and Their Applications in Business,"১,৩৯০৳","১,১৩৯.৮০৳",https://www.wafilife.com/stochastic-processes-and-their-applications-in-business/pd/10615
আবু জাফর শামসুদ্দীন,Not Listed,আত্মস্মৃতি (অখন্ড সংষ্করণ),"১,২০০৳","১,০৩৯৳",https://www.wafilife.com/attosriti-okhondo-shongskoron/pd/76586
আবু জাফর শামসুদ্দীন,Not Listed,পদ্মা মেঘনা যমুনা,"১,২০০৳","১,০৩৯৳",https://www.wafilife.com/podda-meghna-jomuna/pd/76585
আবু জাফর শামসুদ্দীন,Not Listed,ভাওয়াল গড়ের উপাখ্যান,৮০০৳,৬৮৮৳,https://www.wafilife.com/vawal-gorer-upakkhan/pd/76587
আবু জাফর শামসুদ্দীন,Not Listed,মুসলিম বাঙ্গলা আমার যুগে,১৭৫৳,১৪০৳,https://www.wafilife.com/muslim-bangal-amar-juga/pd/21939
আবু জিহা,Not Listed,আত্মউন্নয়ন ও সাফল্য : পেশাগত ও ব্যক্তিগত জীবন সাফল্যের মূলসূত্র,৩৫০৳,২৮৭৳,https://www.wafilife.com/atmaunnayan-o-safalla-pesagoto-o-baktigoto-jibon-safaller-mu/pd/38390
আবু তারিক হিজাজী,Not Listed,ইসলামি ইতিহাসের উজ্জ্বল নক্ষত্র,৩০০৳,২৫৫৳,https://www.wafilife.com/islami-itihasher-ujjal-nokkhotro/pd/61173
আবু তারিক হিজাজী,Not Listed,ইসলামি ইতিহাসের উজ্জ্বল নক্ষত্র (ভলিউম ১),৩০০৳,২২৫৳,https://www.wafilife.com/islami-itihashe-ujjol-nokkhotro/pd/25125
আবু তালহা মুহাম্মদ ইজহারুল হাসান মাহমুদ,Not Listed,ভালোবাসি তোমায় নবীজি,৩০০৳,১৫০৳,https://www.wafilife.com/bal0vasi-tomay-nobiji/pd/70340
আবু তালহা মুহাম্মদ ইজহারুল হাসান মাহমুদ,Not Listed,একদিন নবীজির সাথে,৩২০৳,১৭৬৳,https://www.wafilife.com/ekdin-nabijir-sathe/pd/31766
আবু তালহা মুহাম্মদ ইজহারুল হাসান মাহমুদ,Not Listed,রাসুল আমার ভালোবাসা [সাল্লাল্লাহু আলাইহি ওয়াসাল্লাম],৪০০৳,২০০৳,https://www.wafilife.com/rasul-amar-valobasha/pd/4022
আবু তালেব সিদ্দিকী,Not Listed,আলোয় আর ছায়ায় জড়ানো জীবন,৭০০৳,৫৬০৳,https://www.wafilife.com/aloy-ar-chayay-jorano-jibon/pd/32432
আবু তাসনিম,Not Listed,শিশু কিশোর সমগ্র,৯০০৳,৬০০৳,https://www.wafilife.com/shishu-kishor-shomogro/pd/70144
আবু তাসনিম,Not Listed,সহনশীল বালক,৬০৳,৩৯৳,https://www.wafilife.com/sohonshil-balok/pd/70138
আবু তাসনিম,Not Listed,বনি ইসরাঈলের তিন ব্যাক্তি,৬০৳,৩৯৳,https://www.wafilife.com/boni-israil-er-tin-bektti/pd/70111
আবু তাসনিম,Not Listed,বুদ্ধিমান বালক,৬০৳,৩৯৳,https://www.wafilife.com/budhiman-balok/pd/70113
আবু তাসনিম,Not Listed,জান্নাতের বিনিময়ে খেজুরের বাগান,৬০৳,৩৯৳,https://www.wafilife.com/jannater-binimoye-khejurer-bagan/pd/70135
আবু তাসনিম,Not Listed,অলৌকিক আজান,৬০৳,৩৯৳,https://www.wafilife.com/alokik-ajan/pd/70100
আবু তাসনিম,Not Listed,দুই কিশোরের বীরত্ব,৬০৳,৩৯৳,https://www.wafilife.com/dui-kisorer-birotto/pd/70123
আবু তাসনিম,Not Listed,দাজ্জালের সাক্ষাৎকার,৬০৳,৪২৳,https://www.wafilife.com/dajjaler-shakhat/pd/70116
আবু তাসনিম,Not Listed,হাতিওয়ালাদের ঘটনা,৬০৳,৩৯৳,https://www.wafilife.com/hatioyader-ghotona/pd/70127
আবু তাসনিম,Not Listed,মুসা ও খিজির আ: এর ঘটনা,৬০৳,৪২৳,https://www.wafilife.com/musa-o-khijir-a-er-ghotona/pd/70136
আবু তাসনিম,Not Listed,সত্যবাদী চোর,৬০৳,৩৯৳,https://www.wafilife.com/sottobadi-chor/pd/70141
আবু তাহের,Not Listed,ওরাকল ৫১তম বিসিএস প্রিলিমিনারি ও লিখিত সাধারণ বিজ্ঞান,৭০০৳,৪১০৳,https://www.wafilife.com/oracle-bcs-preliminary-sadharon-biggan/pd/11119
আবু তাহের,Not Listed,এসো আরবি শিখি দ্বিতীয় খন্ড,৪০০৳,২০০৳,https://www.wafilife.com/esho-arbie-sikhi-2nd-part/pd/66253
আবু তাহের,Not Listed,এসো আরবি শিখি প্রথম খন্ড,২০০৳,১০০৳,https://www.wafilife.com/esho-arbie-sikhi-1st-part/pd/66252
আবু তাহের,Not Listed,বাইবার্স দ্য গ্রেট,২২০৳,১১০৳,https://www.wafilife.com/baibars-the-great/pd/32457
আবু তাহের,Not Listed,বিচিত্র এই প্রাণীর জগৎ,১০০৳,৮০৳,https://www.wafilife.com/bichitro-ei-pranir-jogot/pd/11508
আবু তাহের বেলাল,Not Listed,মায়াবী পালক,১৬০৳,১২০৳,https://www.wafilife.com/maybee-palok/pd/76014
আবু তাহের মজুমদার,Not Listed,ব্যানগর,৩৫০৳,২৬৩৳,https://www.wafilife.com/bangor/pd/32839
আবু তাহের মজুমদার,Not Listed,বোর্হেসের সাত রাত,১০০৳,৮২৳,https://www.wafilife.com/borhaser-sath-rat/pd/46479
আবু তাহের মিয়া,Not Listed,জ্বীনদের কথা,২৫৳,১৭৳,https://www.wafilife.com/jinder-kotha/pd/2549
আবু তাহের সরফরাজ,Not Listed,শিশুসাথি : বৈজ্ঞানিক শিক্ষণ পদ্ধতিতে বর্ণ শিক্ষা,২৫০৳,২০০৳,https://www.wafilife.com/shishusathi/pd/77856
আবু তাহের সরফরাজ,Not Listed,খুদে বই : বাংলা বর্ণপরিচয়,২৪০৳,১৯২৳,https://www.wafilife.com/khude-boi-bangla-bornoporichoy/pd/59426
আবু তাহের সরফরাজ,Not Listed,মৌলিক পদার্থ পরিচিতি,৩০০৳,২১৯৳,https://www.wafilife.com/moulik-padartho-porichiti/pd/23976
আবু তাহের সরফরাজ,Not Listed,নিউটনের গতিসূত্র,২০০৳,১৪৬৳,https://www.wafilife.com/newtoner-gotisutra/pd/30316
আবু তাহের হোসেন,Not Listed,প্রথমিক চিকিৎসা ও পারিবারিক স্বাস্থ্যসেবা,৩০০৳,২৪৯৳,https://www.wafilife.com/prathomil-chikitsha-o-parebarek-sasthoseba/pd/32607
আবু তৈয়ব মোঃ রফিকউদ্দিন,Not Listed,ইসলাম শিক্ষা ১ম পত্র (একাদশ ও দ্বাদশ শ্রেণি জন্য),0,১৫৬৳,https://www.wafilife.com/islamic-study-1st-paper-for-class-11-and-12/pd/21298
আবু দাউদ সোলায়মান ইবনে আশআছ আল আযদী (র),Not Listed,সুনানে আবুদ দাউদ : দ্বিতীয় খণ্ড,0,"১,১৫০৳",https://www.wafilife.com/sunane-abu-daud-ditiyo-khondo/pd/11427
আবু দাউদ সোলায়মান ইবনে আশআছ আল আযদী (র),Not Listed,সুনানে আবু দাউদ : প্রথম খণ্ড,0,"১,৩৫০৳",https://www.wafilife.com/sunane-abu-daud-prothom-khondo/pd/11426
"আবু দাউদ, ইবনে তাহের, আল-হাযমী",Not Listed,(ثلاث رسائل في علم مصطلح الحديث) ছালাছু রাছায়েল ফি ইলমে মুছতালাহুল হাদীস - ভলি: ১ খন্ড,0,৯০০৳,https://www.wafilife.com/chalachu-rashael-fi-ilme-muchtalahul-hadith/pd/56654
আবু দারদা,Not Listed,তথ্য ও যোগাযোগ প্রযুক্তি (আইসিটি) (একাদশ-দ্বাদশ শ্রেণি জন্য),0,৪৪৫৳,https://www.wafilife.com/information-and-communication-technology-ict-for-class-11-an/pd/21603
আবু দারদা,Not Listed,তথ্য ও যোগাযোগ প্রযু্ক্তি ১ম পত্র (একাদশ-দ্বাদশ শ্রেণির জন্য),0,৩০৭৳,https://www.wafilife.com/information-and-communication-technology-1st-paper-for-class/pd/21454
আবু দারদা,Not Listed,তথ্য ও যোগাযোগ প্রযুক্তি (আইসিটি) (একাদশ-দ্বাদশ শ্রেণি)(নিউজ),0,৮৪৳,https://www.wafilife.com/information-and-communication-technology-ict-class-11-and-12/pd/21602
আবু দায়েন,Not Listed,বাংলাদেশের নদী-অভিধান,৪৫০৳,৩৮৭৳,https://www.wafilife.com/bangladesher-nodi-ovidhan/pd/44689
আবু দায়েন,Not Listed,বাংলাদেশে লিটল ম্যাগাজিন আন্দোলন,৩০০৳,২৫৮৳,https://www.wafilife.com/bangladeshe-little-magazine-andolon/pd/44709
আবু দায়েন,Not Listed,বাউলসাধক রশিদ উদ্দিন ও তাঁর গান,১৬০৳,১৩৮৳,https://www.wafilife.com/bawulsadok-roshid-uddin-o-tar-gan/pd/40348
আবু দায়েন,Not Listed,নান্দনিক তিরিশ কবির শিল্পচৈতন্য,৩৫০৳,২৮০৳,https://www.wafilife.com/nandonik-tirish-kobir-shilpocoitanno/pd/43669
আবু নাঈম ফয়জুল্লাহ,Not Listed,মুহতামিমের রোজনামচা,৩২০৳,২৪০৳,https://www.wafilife.com/muhamimer-rojnamcha/pd/54045
আবু নাঈম মোঃ রাফি,Not Listed,হিসাববিজ্ঞান তত্ত্ব - কোড-২৪২৫০১ - অনার্স ৪র্থ বর্ষ,৬০০৳,৫১০৳,https://www.wafilife.com/hishab-biggan-totto-honars-4th-year/pd/76850
আবু নাঈম মোঃ রাফি,Not Listed,হিসাববিজ্ঞান তত্ত্ব বিবিএ হিসাববিজ্ঞান ৪র্থ বর্ষ হিসাববিজ্ঞান বিভাগ,৬০০৳,৪৯২৳,https://www.wafilife.com/theory-of-accountancy-bba-accountancy-4th-year-department-of/pd/31565
আবু নাছের টিপু,Not Listed,রূপলাবণ্যে ভরা দ্বীপদেশ নিউজিল্যান্ড,৩০০৳,২৪৯৳,https://www.wafilife.com/ruplabonye-vora-dwepdesh-newzealand/pd/40498
আবু নাছের টিপু,Not Listed,শিক্ষা সংস্কারের দুইশ বছর,৪০০৳,৩৩২৳,https://www.wafilife.com/shikkha-songskarer-duisho-bochor/pd/40541
আবু নাছের টিপু,Not Listed,চিরযৌবনা বার্সেলোনা,১৫০৳,১২৫৳,https://www.wafilife.com/chirojoubona-barcelona/pd/40583
আবু নাছের টিপু,Not Listed,বাংলাদেশের উচ্চশিক্ষা সাম্প্রতিক বাস্তবতা,২৮০৳,২৩২৳,https://www.wafilife.com/bangladesher-ucchosikkha-samprotik-bastobota/pd/40674
আবু নুয়াইম আল-ইসফাহানি,Not Listed,(حلية الأولياء وطبقات الأصفياء) হিলইয়াতুল আউলিয়া ওয়া তাবাকাতিল আসফিয়া - ভলি: ৮ খন্ড,0,"৬,৬০০৳",https://www.wafilife.com/hiliatul-awlia/pd/60104
আবু নোমান,Not Listed,প্রাচীন বাংলার ইতিহাস (অনার্স ১ম বর্ষ টেক্সট বই) (ইতিহাস বিভাগ),৪৫০৳,৩৬৯৳,https://www.wafilife.com/prachin-banglar-itihas-honors-1st-year-text-book-department/pd/31089
আবু নোমান,Not Listed,গ্রন্থকুটির বাংলার ইতিহাস ( ১২০৪ পর্যন্ত ) ১ম পত্র ( ডিগ্রি ১ম বর্ষ পাঠ্যবই ) - ইতিহাস বিভাগ,৩৯৫৳,৩২৪৳,https://www.wafilife.com/gronthokutir-banglar-itihas-1204-porjonto-1st-paper-degree-1/pd/31337
আবু নোমান,Not Listed,গ্রন্থকুটির প্রাচীন বাংলার ইতিহাস ( অনার্স ১ম বর্ষ পাঠ্যবই ) - ইতিহাস বিভাগ,৪৫০৳,৩৬৯৳,https://www.wafilife.com/gronthokutir-prachin-banglar-itihas-honors-1st-year-textbook/pd/31485
আবু বকর আহমদ বিন আলী আর-রাযী,Not Listed,(احكام القران) আহকামুল কুরআন - ভলি: ৩ খন্ড,0,"৩,৯৯০৳",https://www.wafilife.com/ahkamul-quran/pd/56631
আবু বকর গিয়াসুদ্দীন,Not Listed,ছোঁয়া ৬০ নম্বরের উচ্চ মাধ্যমিক বাংলা নির্মিতি - ২য় পত্র,৩২০৳,২৮৯৳,https://www.wafilife.com/choya-60-numberer-uccho-maddhomik-bangla-nirmiti/pd/35935
আবু বকর ছিদ্দিক,Not Listed,ওয়াইকিকি থেকে ধানমন্ডি,২০০৳,১৬৪৳,https://www.wafilife.com/waikiki-theke-dhanmondi/pd/77530
আবু বকর ভূঁইয়া,Not Listed,বাঙালি জাতির আত্মপরিচয়,৪০০৳,৩৪৪৳,https://www.wafilife.com/bangali-jatir-atmoporichoy/pd/36815
আবু বকর মুহাম্মদ আল আরাবি আল মালিকি,Not Listed,(احكام القران) আহকামুল কুরআন - ভলি: ৪ খন্ড,0,"২,৪৯৯৳",https://www.wafilife.com/ahkamul-quran/pd/56628
আবু বকর যাবির আল যাজাইয়েরি,Not Listed,(أيسر التفاسير) আইসারুত তাফাসির - ভলি: ৩ খন্ড,0,"৩,৬০০৳",https://www.wafilife.com/aisarut-tafasir/pd/56560
আবু বকর সিদ্দিক,Not Listed,রক্তাক্ত যুবক,৩৫০৳,১৭৫৳,https://www.wafilife.com/roktaakto-jubok/pd/62344
আবু বকর সিদ্দিক,Not Listed,ফুলদানির প্রত্যাশা,২৪০৳,১৬৮৳,https://www.wafilife.com/fuldanir-prottasha/pd/67625
আবু বকর সিদ্দিক,Not Listed,গ্রন্থকুটির লোক প্রশাসন পরিচিতি ( অনার্স ১ম বর্ষ পাঠ্য বই ) - রাষ্ট্রবিজ্ঞান বিভাগ,৩০৫৳,২৫০৳,https://www.wafilife.com/gronthokutir-lok-proshason-porichiti-honors-1st-year-text-bo/pd/31413
আবু বকর সিদ্দিক প্রান্তর,Not Listed,জুলাই বিল্পবের কবিতা,২৩০৳,১৮৪৳,https://www.wafilife.com/july-biplober-kobita/pd/62930
আবু বাকার,Not Listed,ঢাকার মানুর সন্ধিকাল,১২০৳,১০৩৳,https://www.wafilife.com/dhakar-manur-shondikal/pd/47822
আবু বাকার,Not Listed,ঢাকার কিশোর বানু,৮০৳,৬৯৳,https://www.wafilife.com/dhakar-kishor-banu/pd/47823
আবু বাকার,Not Listed,একাত্তরে ঢাকার মানু,১২০৳,১০৩৳,https://www.wafilife.com/ekattore-dhakar-manu/pd/47797
আবু বাকার জাবির আল জাজায়রি,Not Listed,Minhaj Al-Muslim (2 Vols. Set),"৩,৯৬০৳","৩,৭৬২৳",https://www.wafilife.com/minhaj-al-muslim-2-vols-set/pd/5030
আবু বিলাল সাইয়িদ মুবারক মিসরি,Not Listed,যে নারী উত্তম নারী,২৫০৳,১২৫৳,https://www.wafilife.com/je-nari-uttom-nari/pd/22222
আবু বিলাল সাইয়িদ মুবারক মিসরি,Not Listed,আয়ানের নতুন ৩টি বই একত্রে (ইসলামী বইমেলা ২০২২),"১,০৩০৳",৪৯৪৳,https://www.wafilife.com/ayan-new-3-books-2022/pd/22224
আবু বিল্লাল মুস্তফা আল-কানাদী,Not Listed,Islamic Ruling on Music and Singing,৪৫৳,৩৬৳,https://www.wafilife.com/islamic-ruling-on-music-and-singing/pd/1074
আবু মনসুর আল বাগদাদি,Not Listed,(الفرق بين الفرق) আল ফারকু বাইনা আল ফিরক - ভলি: ১ খন্ড,0,৫৭০৳,https://www.wafilife.com/al-farqu-bayna-al-firq/pd/56679
আবু মহামেদ হবিবুল্লাহ,Not Listed,"সমাজ, সংস্কৃতি ও ইতিহাস",৫০০৳,৪১০৳,https://www.wafilife.com/somaj-songskriti-o-itihas/pd/38293
আবু মারিয়াম আব্দুল্লাহ আল-মিসরি,Not Listed,দ্য সিক্রেট মাস্টারমাইন্ড,"১,০০১৳",৭৫০৳,https://www.wafilife.com/the-secret-mastermind/pd/67970
আবু মারিয়াম আব্দুল্লাহ আল-মিসরি,Not Listed,দ্য সিক্রেট,৪৯৩৳,৩৭০৳,https://www.wafilife.com/the-secret/pd/67960
আবু মারয়াম মাজদী ফাতহী সায়্যিদ,Not Listed,খোলাফায়ে রাশেদীনের সাংসারিক জীবন,৪০০৳,২০০৳,https://www.wafilife.com/kholafaye-rasedin-er-sangsarik-jibon/pd/70314
আবু মারয়াম মাজদী ফাতহী সায়্যিদ,Not Listed,পুণ্যবতী: নারীদের প্রশান্তিময় জীবনের জন্য,২০০৳,১৫০৳,https://www.wafilife.com/punnoboti-narider-proshantimoy-jibon/pd/10911
আবু মারয়াম মাজদী ফাতহী সায়্যিদ,Not Listed,পুণ্যবতী একজন আদর্শ স্ত্রীর পরিচয়,১১২৳,৮২৳,https://www.wafilife.com/punnoboti-akjon-adorsho-sthirir-poricoy/pd/61827
আবু মারয়াম মাজদী ফাতহী সায়্যিদ,Not Listed,প্রিয় বউ (হার্ডকভার),১৫০৳,৯০৳,https://www.wafilife.com/prio-bou/pd/3306
আবু মাহমুদ আব্দুল মান্নান,Not Listed,ছোটোদের বিশ্বনবী মুহাম্মাদ (ﷺ),১২৩৳,৮৯৳,https://www.wafilife.com/chottoder-bossonobi-mohammad-sa/pd/63582
আবু মাহমুদ আব্দুল মান্নান,Not Listed,"নফল ইবাদত (গুরুত্ব, ফযীলত,ও বিবরণ)",২৮৬৳,২২০৳,https://www.wafilife.com/nofol-ibadot/pd/56794
আবু মাহযূবা হামিদুল বারী,Not Listed,ইসলামী নামের সংকলন,১০০৳,৬০৳,https://www.wafilife.com/islami-namer-songkolon/pd/10313
আবু মুআয আল হাশেমী,Not Listed,তাহাজ্জুদ আল্লাহর সাথে বান্দার সম্পর্ক,৭০৳,৩৫৳,https://www.wafilife.com/tahajjud-allahr-sathe-bandar-somporko/pd/26292
আবু মুনতাসীর ইবনে মহর আলী,Not Listed,Bid'ah: Understanding the Evil of Innovation,২২০৳,২০৯৳,https://www.wafilife.com/bidah-understanding-the-evil-of-innovation/pd/650
আবু মুনীর ইসমাইল ডেভিডস,Not Listed,The Ultimate Guide to Umrah,"১,৪০০৳","১,৩১৬৳",https://www.wafilife.com/the-ultimate-guide-to-umrah/pd/3433
আবু মুনীর ইসমাইল ডেভিডস,Not Listed,Ultimate Guide to Umrah,"১,৪০০৳","১,৩৩০৳",https://www.wafilife.com/ultimate-guide-to-umrah/pd/257
আবু মুনীর ইসমাইল ডেভিড্‌স,Not Listed,হজ পালনের সহায়ক ২টি বই,৮৪৫৳,৬৭৬৳,https://www.wafilife.com/books-for-hajj/pd/76316
আবু মুনীর ইসমাইল ডেভিড্‌স,Not Listed,হজ পালনের শ্রেষ্ঠ উপায়,৬৯৫৳,৫৬৯.৯০৳,https://www.wafilife.com/hajj-paloner-shreshto-upay/pd/61316
আবু মুনীর ইসমাইল ডেভিড্‌স,Not Listed,হজ ও ওমরার পকেট নির্দেশিকা,১৫০৳,১১৩৳,https://www.wafilife.com/hajj-o-omrar-poket-nirrdeshika/pd/20249
আবু মুনীর ইসমাইল ডেভিড্‌স,Not Listed,হজ পালনের শ্রেষ্ঠ উপায়,৬৯৫৳,৫৬৫.৮০৳,https://www.wafilife.com/haj-paloner-sreshtho-upay/pd/21988
আবু মুনীর ইসমাইল ডেভিড্‌স,Not Listed,Getting the Best out of Al-Hajj (Pilgrimage),"২,২৫০৳","২,১৩৮৳",https://www.wafilife.com/getting-the-best-out-of-al-hajj-pilgrimage/pd/3456
আবু মুসআব,Not Listed,বিজয়ী ইসলাম,২৬৭৳,২০০৳,https://www.wafilife.com/bijoyi-islam/pd/67297
আবু মুসা,Not Listed,আমি কি মুসলিম?,২৫০৳,১৫০৳,https://www.wafilife.com/ami-ki-muslim/pd/66979
আবু মুসা চৌধুরী,Not Listed,হুল,৬০৳,৫২৳,https://www.wafilife.com/hul/pd/47911
আবু মুহাম্মদ,Not Listed,ঈমান ভঙ্গের কারণ,৭০৳,৩৫৳,https://www.wafilife.com/emaan-vonger-karon/pd/11457
আবু মুহাম্মদ আব্দুল মালেক ইবনে হিশাম মুআফিরী,Not Listed,সীরাতে ইবনে হিশাম,"১,২০০৳",৭২০৳,https://www.wafilife.com/shirate-ibne-hisham/pd/28513
আবু মুহাম্মদ আব্দুল হাই ইবনে আতিয়াহ,Not Listed,(المحرر الوجيز في تفسير الكتاب العزيز) আল মুহাররার আল ওয়াজিয ফি তাফসীর আল কিতাবিল আজিজ - ভলি: ৮ খন্ড,0,"১৩,১২৫৳",https://www.wafilife.com/al-muharraar-al-waziz-fi-tafseer-al-kitabil-aziz/pd/56633
আবু মুহাম্মদ আব্দুল্লাহ বিন আব্দুর রহমান আদ দারেমি,Not Listed,(المسند الجامع سنن الدارمي) মুসনাদুল জামেউ আল মারুফ বি সুনানুদ দারেমি - ভলি: ১ খন্ড,0,"৩,৭৫০৳",https://www.wafilife.com/musnadul-jameu-al-maruf-bi-sunanud-daremi/pd/56543
আবু মুহাম্মদ আল হুসাইন বিন মাসউদ আল বাগাবি,Not Listed,(تفسير البغوي المسمى معالم التنزيل) মাআলিমুত তানযিল (তাফসীরে বাগাবি) - ভলি: ৪ খন্ড,0,"৩,৭৮০৳",https://www.wafilife.com/maalimut-tanzil-tafseer-bagabi/pd/56593
আবু মুহাম্মদ সুলাইমান আল-কাতুনী,Not Listed,(سنن ابي داود) সুনান আবি দাউদ - ভলি: ১ খন্ড,0,"১,৪৫০৳",https://www.wafilife.com/sunan-abi-dawood/pd/56706
আবু মুহাম্মাদ,Not Listed,বরকত পূর্ণ সংসার প্যাকেজ,৪৯৫৳,২৪৮৳,https://www.wafilife.com/borkot-porno-sonsar-package/pd/64757
আবু মুহাম্মাদ,Not Listed,নরমাল ডেলিভারি সহজে সন্তান প্রসবের কুরআনি পদ্ধতি,১৩৫৳,১০১৳,https://www.wafilife.com/normal-delivery-sahaje-shontan-proshober-qurani-paddhoti/pd/63494
আবু মুহাম্মাদ আব্দুল মালেক ইবনে হিশাম,Not Listed,(السيرة النبوية‎‎) আস-সিরাতুন নববিয়্যাহ – ভলি: ২ খন্ড,0,"১,৪৪০৳",https://www.wafilife.com/as-siratun-nobobia/pd/60145
আবু মুহাম্মাদ আব্দুল্লাহ আল ইস্পাহানী,Not Listed,নববী আদর্শ,২২০৳,১১০৳,https://www.wafilife.com/নববী-আদর্শ/pd/6707
আবু মুহাম্মাদ আল কাশিম ইবনে আলি আল হারিরী আল বাসরী,Not Listed,আল-মাকামাতুল হারীরিয়্যাহ মা'আ আত-তা'লীকাতুল আরাবিয়্যাহ (মতন কিতাব),৩০০৳,২৫৫৳,https://www.wafilife.com/al-makamatul-haririyah-ma-ata-likatul-arabiyah-moton-kitab/pd/63120
আবু মুহাম্মাদ কাসেম বিন আলী হারেরী,Not Listed,المقامات الحريرية (আল মাকামাতুল হারিরিয়্যাতু),৪২০৳,৩১৫৳,https://www.wafilife.com/al-makamatu-hariri/pd/29199
আবু মুহাম্মাদ কাসেম বিন আলী হারেরী,Not Listed,মাকামাতে হারিরী,৫০০৳,৪৭৫৳,https://www.wafilife.com/makamate-hariri/pd/19605
আবু মুহাম্মাদ নাঈম,Not Listed,আপনিও হবেন পৃথিবীর সবচেয়ে সুখী নারী,৪০০৳,২০০৳,https://www.wafilife.com/apnio-hoben-prithibir-sobcheye-sukhi-nari/pd/5542
আবু মুহাম্মাদিন সাঈদ আহমদ,Not Listed,"নামে মোহাম্মদ, মোহাম্মদ নামের শত মনীষী",৬০০৳,৩০০৳,https://www.wafilife.com/name-mohammad-mohammad-namer-shoto-monishi/pd/62364
আবু মোঃ জাফর আলম,Not Listed,Fundamentals of Communication,২৮০৳,২১০৳,https://www.wafilife.com/fundamentals-of-communication/pd/13619
আবু মোহাম্মদ আতিকুল্যা,Not Listed,সার্টিফিকেট ইন রেফ্রিজারেশন অ্যান্ড এয়ারকন্ডিশনিং -বেসিক ট্রেড,৩৪০৳,২৯৯৳,https://www.wafilife.com/certificate-in-refrigeration-and-air-conditioning-basic-trad/pd/44054
আবু মোহাম্মদ আতিকুল্যা,Not Listed,সার্টিফিকেট ইন রেফ্রিজারেশন অ্যান্ড এয়ারকন্ডিশনিং -বেসিক ট্রেড,৩৪০৳,৩০৬৳,https://www.wafilife.com/certificate-in-refrigeration-and-air-conditioning-basic-trad/pd/39516
আবু মোহাম্মদ মোজাম্মেল হক,Not Listed,একটি নৈর্ব্যক্তিক ধারণার বিনীত স্বীকৃতি ও অন্যান্য ভাবনা,১০০৳,৮০৳,https://www.wafilife.com/akti-nubuttik-darona-binoto-shekrete-o-onnano-vavna/pd/54097
আবু যর সাজিদ,Not Listed,মানবদেহ স্রষ্টার সুনিপুন সৃষ্টি,১৬০৳,১৩২৳,https://www.wafilife.com/manobdeho-sroshtar-sunipun-srishty/pd/20009
আবু যার আব্দুল্লাহ,Not Listed,মাইক্রোফোনের সামনে,৫০০৳,২৭৫৳,https://www.wafilife.com/microphone-er-shamne/pd/69953
আবু যার আব্দুল্লাহ,Not Listed,রমযানুল মুবারক,৩২০৳,১৭০৳,https://www.wafilife.com/romzanul-mubarak/pd/56341
আবু যারীফ,Not Listed,মানুষ কিভাবে মানুষের রব্ব হয়ে যায়,১৫০৳,১০৮৳,https://www.wafilife.com/manush-kivabe-manusher-rob-hoy/pd/17018
আবু যারীফ,Not Listed,রাগ নিয়ন্ত্রণে রাখুন,৩০০৳,১৫০৳,https://www.wafilife.com/rag-niyontrone-rakhun/pd/14117
আবু যারীফ,Not Listed,তুমিও হবে পৃথিবীর একজন সফল পুরুষ,৩০০৳,১৫০৳,https://www.wafilife.com/tumio-hobe-prithibir-ekjon-sofol-purush/pd/10016
আবু যায়েদ আল-বালখি,Not Listed,আত্মার খোরাক,২০০৳,১৬০৳,https://www.wafilife.com/atmar-khorak/pd/63893
আবু যায়েদ যামীর,Not Listed,আহলেহাদীছদের উপর মিথ্যা অপবাদ ও তার জবাব,৫০৳,৪৭৳,https://www.wafilife.com/ahlehadichder-upor-mittha-opbad-o-tar-jobab/pd/56496
আবু যুবায়ের মুস্তাক বিন আহম্মদ,Not Listed,(الجامع فى مسائل مصطلح الحديث) আল জামে ফি মাসায়িলি মুস্তালাহিল হাদিস - ভলি: ২ খন্ড,0,"৬,৩০০৳",https://www.wafilife.com/al-jame-fi-masayili-mustalahil-hadith/pd/56577
আবু রাফআন সিরাজ,Not Listed,উলুমুল হাদীস কী কেন কীভাবে,0,৩০০৳,https://www.wafilife.com/ulumul-hadis-ki-keno-kivabe/pd/58954
আবু রায়হান আল-বেরুনি,Not Listed,আল-বেরুনীর ভারততত্ত্ব,২৬০৳,২৩১৳,https://www.wafilife.com/al-barunir-varottoto/pd/65731
আবু রাযীন মোঃ নুরুল আমিন আমীরী,Not Listed,গুনাহ ও ইবাদাত,৪৮০৳,২৮৮৳,https://www.wafilife.com/gunah-o-ibadat/pd/78294
আবু রাযীন মোঃ নুরুল আমিন আমীরী,Not Listed,তাফসীরে সূরা ফাতিহা,৪৫০৳,২৭০৳,https://www.wafilife.com/tafsire-sura-fatiha/pd/78293
আবু রাযীন মোঃ নুরুল আমিন আমীরী,Not Listed,আ’মালে ইসমে আ‘যম,২০০৳,১১০৳,https://www.wafilife.com/amale-isme-ajom/pd/2462
আবু রাযীন মোঃ নূরুল আমীন আমীরী,Not Listed,আ’মালে ইস্‌মে আযম,২০০৳,১১০৳,https://www.wafilife.com/ah-male-esme-ajam/pd/49824
আবু রায়হান,Not Listed,সাবলীল উপস্থাপনা ও বক্তৃতা,0,৯০৳,https://www.wafilife.com/sabolil-uposthapona-o-boktrita/pd/76471
আবু রায়হান,Not Listed,প্যারেড নগরী,২২৫৳,১৮৪.৫০৳,https://www.wafilife.com/parade-nogori-poth-o-probaser-golpo-3/pd/46740
আবু রায়হান,Not Listed,চলো বাংলা শিখি,১৫০৳,১২৩৳,https://www.wafilife.com/cholo-bangla-shikhi/pd/9110
আবু রিদা,Not Listed,নবাব সিরাজউদ্দৌলার পতন,৪০০৳,২৮৮৳,https://www.wafilife.com/nobab-sirajdowlar-poton/pd/47144
আবু রিফান সিরাজি,Not Listed,من مشتبه الأسماء والكنى والأنساب والألقاب المشتهر للمصنفين (আল মুশতাহার লিলমুসানিফিন),0,১৫০৳,https://www.wafilife.com/almushtahar-lilmusanifin/pd/31915
আবু রুশদ,Not Listed,PILKHANA TRAGEDY: Our Fallen Comrades,৮০০৳,৬৪০৳,https://www.wafilife.com/pilkhana-tragedy-our-fallen-comrades/pd/70475
আবু রুশদ,Not Listed,1971 OUR SWEETEST SONGS: Tell Our Saddest Memories,৪০০৳,৩২০৳,https://www.wafilife.com/1971-our-sweetest-songs-tell-our-saddest-memories/pd/70476
আবু রুশ্‌দ্,Not Listed,প্রেসিডেন্ট জেনারেল ও আমি,৪০০৳,৩০০৳,https://www.wafilife.com/president-general-o-ami/pd/64417
আবু রুশ্‌দ্,Not Listed,পার্বত্য চট্টগ্রাম শান্তিবাহিনী ও মানবাধিকার,৪০০৳,২৯২৳,https://www.wafilife.com/parbotto-chottogram-shanti-bahini-o-manobadhekar/pd/60667
আবু রুশ্‌দ্,Not Listed,আত্মজীবনী,৯৫০৳,৭৮৯৳,https://www.wafilife.com/attojiboni/pd/47475
আবু রূশ্দ,Not Listed,বাংলাদেশে র: আগ্রাসী গুপ্তচরবৃত্তির স্বরুপ সন্ধান,৬০০৳,৪৫০৳,https://www.wafilife.com/bangladesh-e-raw-agrasir-guptochor-bittir-sorup-sondhan/pd/63566
আবু লাবীবা মুহাম্মাদ মাকছুদ,Not Listed,দ্য বেইসিস অব পিস (নিরাপদ দেশ ও জাতির স্বপ্ন),৫০৳,৪০৳,https://www.wafilife.com/the-basis-of-peace/pd/71561
আবু লুবাবা শাহ মানসুর,Not Listed,স্পেনের পতন ও আমেরিকা আবিষ্কার,৩২০৳,২৪০৳,https://www.wafilife.com/spain-to-america/pd/25500
আবু লুবাবা শাহ মানসুর,Not Listed,বায়তুল মাকদিস ও ফিলিস্তিনের ইতিহাস,৫০০৳,৩৭৫৳,https://www.wafilife.com/aksar-kanna/pd/25501
আবু লুবাবা শাহ মানসুর,Not Listed,হারামাইনের আর্তনাদ,৫০০৳,৩০০৳,https://www.wafilife.com/haramainer-artonad/pd/5016
আবু শাহামা হাবীবুল্লাহ মিসবাহ,Not Listed,"শব্দার্থ, সরল অনুবাদ ও ব্যাকরণিক বিশ্লেষণসহ এসো আল কুরআনের অনুবাদ শিখি",৯০০৳,৪৫০৳,https://www.wafilife.com/eso-al-quran-er-onubad-shikhi/pd/72485
আবু শাহেদ চৌধুরী,Not Listed,মহাকালের ফিনিক্স,২০০৳,১৭২৳,https://www.wafilife.com/mohakaler-phoenix/pd/78484
আবু শিফা মুহাম্মদ আবদুল কুদ্দুস,Not Listed,একদিন নবীজির সাথে,৩২০৳,১৭৬৳,https://www.wafilife.com/ekdin-nabijir-sathe/pd/31766
আবু শেখ আল-ইসফাহানি,Not Listed,(اخلاق النبي وادابه) আখলাকুন নবী – ভলি: ১ খন্ড,0,৬০০৳,https://www.wafilife.com/d8a7d8aed984d8a7d982-d8a7d984d986d8a8d98a-d988d8a7d8afd8a7d8/pd/60149
আবু সলিম মুহাম্মাদ আবদুল হাই,Not Listed,রাসূলুল্লাহর সাল্লাল্লাহু আলাইহি ওয়াসাল্লাম বিপ্লবী জীবন,৩৫০৳,২৪৫৳,https://www.wafilife.com/rasul-sallallahu-alaihi-wasallam-er-biplobi-jibon/pd/59102
আবু সলিম মুহাম্মাদ আবদুল হাই,Not Listed,রাসূলুল্লাহর (সা.) বিপ্লবী জীবন,২২০৳,১৪০৳,https://www.wafilife.com/rasulullah-sw-er-biplobi-jibon/pd/26010
আবু সলিম মুহাম্মাদ আবদুল হাই,Not Listed,রাসূলুল্লাহ (সা.)-এর বিপ্লবী জীবন,২২০৳,১৫০৳,https://www.wafilife.com/rasulullah-sm-er-biplobi-jibon/pd/55245
আবু সলীম মুহাম্মদ আবদুল হাই,Not Listed,রাসূলুল্লাহর (সাঃ) বিপ্লবী জীবন,২০০৳,১৪০৳,https://www.wafilife.com/rasulullahr-sm-biplopi-jibon/pd/28504
আবু সলীম মুহাম্মাদ আব্দুল হাই,Not Listed,রাসূলুল্লাহ (সাঃ) এর বিপ্লবী জীবন,১৮০৳,১৩১৳,https://www.wafilife.com/rasulullahor-sa-biplobi-jibon/pd/23898
আবু সলীম মুহাম্মাদ আব্দুল হাই,Not Listed,রাসূলুল্লাহ (সাঃ)-এর বিপ্লবী জীবন,২২৫৳,১২৪৳,https://www.wafilife.com/rasulullah-ser-biplobi-jibon/pd/1924
আবু সাইদ কামাল,Not Listed,হাজংদের অতীত বর্তমান,১৫০৳,১২৫৳,https://www.wafilife.com/hajingder-otit-bortoman/pd/49734
আবু সাইদ কামাল,Not Listed,মাতৃকুলভিত্তিক গারো সমাজ,২০০৳,১৬৬৳,https://www.wafilife.com/matrikulvittik-garo-somaj/pd/49715
আবু সাইদ কামাল,Not Listed,গারো হাজং এবং অন্যান্যদের গল্প,২০০৳,১৬৬৳,https://www.wafilife.com/garo-hajog-ebong-onnanoder-galpo/pd/49716
আবু সাইদ কামাল,Not Listed,নির্বাচিত ছড়া,১২৫৳,১০৪৳,https://www.wafilife.com/nirbacito-chora/pd/49397
আবু সাইদ কামাল,Not Listed,বাঁহাতি তানিয়া,১৭৫৳,১৪৫৳,https://www.wafilife.com/bahati-taniya/pd/49743
আবু সাঈদ,Not Listed,চিত্রময়ী,৪১০৳,৩২৮৳,https://www.wafilife.com/chitromoyi/pd/74809
আবু সাঈদ,Not Listed,মুক্তিযুদ্ধে রেডিও,৪৪০৳,৩৩০৳,https://www.wafilife.com/muktijuddhe-radio/pd/24368
আবু সাঈদ,Not Listed,তা'লীমুল ইসলাম ৪র্থ খণ্ড [উর্দূ-বাংলা উচ্চারণ সহ],১৪০৳,১২৫৳,https://www.wafilife.com/talimul-islam-4th-urdu-bangla-uccharon-soho/pd/49997
আবু সাঈদ,Not Listed,নবী-রাসূলগণের দাওয়াতের মূলনীতি,0,৩৫৳,https://www.wafilife.com/nabigoner-dawyater-mulniti/pd/16842
আবু সাঈদ,Not Listed,বাংলাদেশের গেরিলা যুদ্ধ,৪০৳,৩৯৳,https://www.wafilife.com/bangladesher-garilla-judho/pd/81719
আবু সাঈদ,Not Listed,হিফযুল হাদীস (১ম শ্রেণী হতে ৮ম শ্রেণী পর্যন্ত),0,৩০৳,https://www.wafilife.com/hifzul-hadis-class-1-8/pd/16843
আবু সাঈদ কামাল,Not Listed,সোনার সিঁড়ি,১৬০৳,১৩৫৳,https://www.wafilife.com/sonar-siri/pd/42707
আবু সাঈদ খান,Not Listed,মুক্তিসংগ্রামে বিপ্লববাদ ও অন্যান্য,৩৫০৳,২৮৭৳,https://www.wafilife.com/muktisangrame-biplobbad-o-anyanya/pd/62731
আবু সাঈদ খান,Not Listed,রাজনীতির কালাকাল,৮০৳,৬২৳,https://www.wafilife.com/rajneetir-kalakal/pd/43124
আবু সাঈদ খান,Not Listed,প্রত্যাশিত গণতন্ত্র ও বিবদমান রাজনীতি,২৫০৳,১৯৬৳,https://www.wafilife.com/pottashito-gonotronto-o-bibodman-rajniti/pd/39094
আবু সাঈদ খান,Not Listed,পাকিস্তানের প্রেতাত্মা গণজাগরণ এবং ৭১-এর স্বপ্ন,৩৫০৳,২৭৪৳,https://www.wafilife.com/pakistaner-pretatma-gonojagoron-abong-71-er-shopno/pd/39089
আবু সাঈদ খান,Not Listed,সেনাছাউনিতে মুক্তিসংগ্রাম ও আগরতলা মামলা,৪৮০৳,৩৮৪৳,https://www.wafilife.com/shenachaunite-muktishongram-o-agartala-mamla/pd/30890
আবু সাঈদ খান,Not Listed,স্লোগানে স্লোগানে রাজনীতি,৪৯৫৳,৪৪১৳,https://www.wafilife.com/slogane-slogane-rajniti/pd/36196
আবু সাঈদ খান,Not Listed,ফিরে দেখা একাত্তর,৩৫০৳,২৭৪৳,https://www.wafilife.com/fire-dekha-ekattor/pd/39056
আবু সাঈদ খান,Not Listed,সময়ের প্রতিলিপি,২২৫৳,১৮০৳,https://www.wafilife.com/somoyer-protilipi/pd/52750
আবু সাঈদ চৌধুরী,Not Listed,প্রবাসে মুক্তিযুদ্ধের দিনগুলি,৩৯০৳,৩৩২৳,https://www.wafilife.com/probashe-muktizuddher-dinguli/pd/25339
আবু সাঈদ জুবেরী,Not Listed,ইতিহাসের গল্প,১৫০৳,১১০৳,https://www.wafilife.com/itihaser-golpo/pd/51281
আবু সাঈদ জুবেরী,Not Listed,মরমি কবি হাসন রাজা,২৫০৳,১৮৮৳,https://www.wafilife.com/mormi-kobi-hason-raja/pd/23281
আবু সাঈদ জুবেরী,Not Listed,আকাশ কুসুম ও অন্যান্য,১৬০৳,১২৮৳,https://www.wafilife.com/akash-kusum-o-annanyo/pd/54862
আবু সাঈদ জুবেরী,Not Listed,বোকা ডাইনোসর,২৪০৳,১৩২৳,https://www.wafilife.com/boka-dinosaur/pd/71173
আবু সাঈদ জুবেরী,Not Listed,জলপাহাড়ের পিচ্চি জংলি,১০০৳,৭৩৳,https://www.wafilife.com/jolpaharer-picci-jongly/pd/51085
আবু সাঈদ তুলু,Not Listed,নাট্য সমালোচনার কথকতা,৫০০৳,৪১৫৳,https://www.wafilife.com/natto-somalochonar-kothokota/pd/40904
আবু সাকী মাহবুব,Not Listed,সাগরতলের রহস্য,১৫০৳,৯৮৳,https://www.wafilife.com/shagor-toler-rohossho/pd/1049
আবু সালমান,Not Listed,জীবন বদলানোর যত কথা,২৫০৳,১৫০৳,https://www.wafilife.com/jbion-bodlanor-joto-kotha/pd/925
আবু সালমান,Not Listed,যে গল্পে জীবন বদলে যায়,১২০৳,১০৩৳,https://www.wafilife.com/je-golpe-jibon-bodle-jay/pd/40289
আবু সালমান দিয়া উদ্দীন ইবারলি,Not Listed,ইসলামে মানবাধিকার কিছু ভ্রান্তধারণা,২৫০৳,১৫০৳,https://www.wafilife.com/islame-manobadhikar-kichu-vrantodharona/pd/7125
আবু সালেহ,Not Listed,হাতির পায়ে নূপুর,৬০৳,৫০৳,https://www.wafilife.com/hatir-paye-nupur/pd/52825
আবু সালেহ,Not Listed,হাজার লিমেরিক,৩০০৳,২৪০৳,https://www.wafilife.com/hazar-limerik/pd/52824
আবু সালেহ,Not Listed,আমার পতাকা ফেলানীর লাশ হয়,২০০৳,১৬৬৳,https://www.wafilife.com/amar-potaka-felanir-lash-hoy/pd/52073
আবু সালেহ,Not Listed,বিষয়ভিত্তিক কোরআন ও হাদীস,৫০৳,৩৭৳,https://www.wafilife.com/bishoyvittik-quran-o-hadis/pd/45362
আবু সালেহ,Not Listed,খুকু গেল ঢাকা,৭৫৳,৬০৳,https://www.wafilife.com/khuku-gelo-dhaka/pd/52213
আবু সালেহ,Not Listed,সর্ষে ফুলে হলদি,৭৫৳,৬০৳,https://www.wafilife.com/sorsey-fule-holdi/pd/52755
আবু সালেহ,Not Listed,দেশের মাটি,৬০৳,৫০৳,https://www.wafilife.com/desher-mati/pd/50486
আবু সালেহ,Not Listed,ষাট দশকের ছড়াসমগ্র,৩০০৳,২৪৯৳,https://www.wafilife.com/shat-doshoker-chorasomoggro/pd/50487
আবু সালেহ,Not Listed,বহ্নি ছড়া,৬০৳,৪৮৳,https://www.wafilife.com/bonhi-chora/pd/52514
আবু সালেহ,Not Listed,বাহাত্তর পঁচাত্তর ও অন্যান্য প্রসঙ্গের ছড়া,৫০৳,৩৫৳,https://www.wafilife.com/bahatto-pocatto-o-onnano-prosongo-sora/pd/39999
আবু সালেহ টিটু,Not Listed,বিশ্বসেরা শিল্পী,৬০৳,৪২৳,https://www.wafilife.com/bishosera-shilpy/pd/40043
আবু সালেহ তুহিন,Not Listed,বুয়েট মডেল টেস্ট,৩৭৫৳,২৬৩৳,https://www.wafilife.com/buet-model-test/pd/5668
আবু সালেহ মুহাম্মদ নোমান,Not Listed,সামাজিক সমস্যা (অনার্স ১ম বর্ষ টেক্সট বই) (সমাজবিজ্ঞান বিভাগ),৩৩৫৳,২৭৫৳,https://www.wafilife.com/social-problems-honors-1st-year-text-book-department-of-soci/pd/31043
আবু সালেহ সাদী,Not Listed,আপনার স্ত্রীকে আগলে রাখুন,৩০০৳,১৮০৳,https://www.wafilife.com/apnar-strike-agle-rakhun/pd/28543
আবু সালেহ্ মোহাম্মদ নোমান,Not Listed,মার্কসীয় সমাজবিজ্ঞান - মাস্টার্স ফাইনাল - সমাজবিজ্ঞান বিভাগ - বিষয় কোড:৩১২০০৩,৪০০৳,৩৪০৳,https://www.wafilife.com/marksiyo-shomajbiggan-masters-final/pd/77757
আবু সায়ীদ আইয়ুব,Not Listed,আধুনিকতা ও রবীন্দ্রনাথ,২৫০৳,২০৯৳,https://www.wafilife.com/adhunikota-o-rabindranath/pd/46259
আবু সা’আদ,Not Listed,অনুপ্রেরণার গল্পগুলো,২৮০৳,১৪০৳,https://www.wafilife.com/onupreronar-golpo/pd/26188
আবু সা’আদ,Not Listed,গল্পে গল্পে একদিন,১৭০৳,৮৫৳,https://www.wafilife.com/e0a697e0a6b2e0a78de0a6aae0a787-e0a697e0a6b2e0a78de0a6aae0a78/pd/6856
আবু সা’আদ,Not Listed,গল্পে আঁকা জ্ঞান,১৮০৳,৯০৳,https://www.wafilife.com/গল্পে-আঁকা-জ্ঞান/pd/6861
আবু সা’আদ,Not Listed,নুড়ি পাথরের দ্বীপ,২২০৳,১১০৳,https://www.wafilife.com/নুড়ি-পাথরের-দ্বীপ/pd/6857
আবু সা’আদ আব্দুল মো’মেন বিন আব্দুস্ সামাদ,Not Listed,কুরআন ও সহীহ হাদীসের আলোকে মাসনূন দু’আ শিক্ষা,0,২৫০৳,https://www.wafilife.com/quran-o-sohih-hadiser-aloke-masnun-duya/pd/58952
আবু সা’আদ আব্দুল মো’মেন বিন আব্দুস্ সামাদ,Not Listed,জান্নাতের পথ ও পাথেয় (১ম খন্ড),৩৫০৳,২১৭৳,https://www.wafilife.com/jannter-poth-o-pathey-vol-1/pd/45798
আবু সা’আদ আব্দুল মো’মেন বিন আব্দুস্ সামাদ,Not Listed,মৃত্যু ও মৃত্যু-যন্ত্রণা,৪০৳,২৬৳,https://www.wafilife.com/mrittu-o-mrittu-jontrona/pd/45799
আবু সিনা ছৈয়দ তাকের,Not Listed,রাজনৈতিক সমাজবিজ্ঞান - অনার্স ৪র্থ বর্ষ,২০০৳,১৭৬৳,https://www.wafilife.com/rajnoitik-somjabiggan-hons-4th-year/pd/43989
আবু সিনা ছৈয়দ তাকের,Not Listed,বাংলাদেশ : সমাজ ও সংস্কৃতি - অনার্স ৩য় বর্ষ,৩২০৳,২৮২৳,https://www.wafilife.com/bangladesh-somaj-o-songskriti-hons-3rd-year/pd/43986
আবু সিনা ছৈয়দ তাকের,Not Listed,বাংলাদেশের সমাজ ও সংস্কৃতি - অনার্স ২য় বর্ষ,৩৫০৳,২৯৯৳,https://www.wafilife.com/bangladesher-somaj-o-songskiti-hons-2nd-year/pd/43974
আবু সিনা ছৈয়দ তাকের,Not Listed,রাজনৈতিক সামজবিজ্ঞান - অনার্স ১ম বর্ষ,0,২২০৳,https://www.wafilife.com/rajnoitik-sociology-hons-1st-year/pd/44036
আবু সিনা ছৈয়দ তাকের,Not Listed,আধুনিক সমাজতাত্ত্বিক মতবাদ - অনার্স ৪র্থ বর্ষ,১৫০৳,১৩৪৳,https://www.wafilife.com/adhunik-somajtattik-motobad-hons-4th-year/pd/44020
আবু সুফিয়ান,Not Listed,ক্রসফায়ারের নীলনকশা,৩০০৳,২২৫৳,https://www.wafilife.com/crossfire-er-nilnoksha/pd/70224
আবু সুফিয়ান,Not Listed,ডার্ক ডকট্রিন : বাংলাদেশে জ*ঙ্গি-নাটকের নেপথ্যে,৩৪০৳,২২১৳,https://www.wafilife.com/dark-doctrine-bangladeshe-jangi-natok-er-nepothye/pd/69805
আবু সুফিয়ান,Not Listed,লন্ডন শহরে,১৫০৳,১২০৳,https://www.wafilife.com/london-shohorey/pd/33557
আবু সুফিয়ান চৌধুরী,Not Listed,এক্সিলেন্ট রাষ্ট্রবিজ্ঞান টেস্ট পেপার ও চূরান্ত সাজেশন- মাস্টার্স ফাইনাল (শেষ বর্ষ),৩৪৫৳,১৮৩৳,https://www.wafilife.com/excellent-political-science-test-paper-and-final-suggestion/pd/6579
আবু সুফিয়ান বিন আব্বাস,Not Listed,রাইয়ান প্রকাশনের নতুন প্রকাশিত বইসমূহ,৯৩৫৳,৭০১৳,https://www.wafilife.com/raiyan-prokashon-er-21-se-boimelay-prokashito-notun-boisomuh/pd/62898
আবু সুফিয়ান বিন আব্বাস,Not Listed,ঈমান বিধ্বংসী সাতটি পাপ,১৪০৳,১০৫৳,https://www.wafilife.com/eman-bidhongshi-sat-ti-pap/pd/62359
আবু সৈয়দ কামাল,Not Listed,বৃহত্তর ময়মনসিংহের ছড়া,৪০০৳,৩৩২৳,https://www.wafilife.com/brihottor-maymanshinher-chora/pd/49801
আবু হাদি,Not Listed,আদব সিরিজ : প্রতিদিনের আদব,২০০৳,১৬০৳,https://www.wafilife.com/adob-series-protidiner-adob/pd/14238
আবু হানিফ,Not Listed,হযরত খাদীজার জীবন চরিত,২০০৳,১৬০৳,https://www.wafilife.com/hazrat-khadijar-jibon-chorito/pd/37385
আবু হানিফ,Not Listed,শিশু কিশোর মানচিত্র,১৫০৳,১২০৳,https://www.wafilife.com/shishu-kishor-mancitro/pd/79602
আবু হানিফ,Not Listed,মুক্তিযোদ্ধা হাতেম আলী,১০০৳,৮০৳,https://www.wafilife.com/muktijodda-hatem-ali/pd/79803
আবু হানিফ,Not Listed,ইসলামের চার খলিফার সোনালি দিন,১৫০৳,১০৯৳,https://www.wafilife.com/islamer-char-khalifar-sonali-din/pd/8550
আবু হানিফ,Not Listed,হিমেল পাহাড়ে অভিযান,৫০৳,৪০৳,https://www.wafilife.com/himel-pahare-ovijan/pd/79679
আবু হানিফ,Not Listed,নির্বাচিত বাংলাদেশের ছোটগল্প,২২০৳,১৭৬৳,https://www.wafilife.com/nirbacito-bangladesher-chotogolpo/pd/79859
আবু হানিফ,Not Listed,নীলগ্রহের বিজ্ঞানীরা,৮০৳,৬৪৳,https://www.wafilife.com/nilgroher-bigganira/pd/79938
আবু হানিফ,Not Listed,হিজলতলীর স্কুল,৫০৳,৪০৳,https://www.wafilife.com/hijoltalir-school/pd/79874
আবু হানিফ,Not Listed,সেরা মানুষের জীবনী (দ্বিতীয় খণ্ড),২০০৳,১৬০৳,https://www.wafilife.com/sera-manuser-jibony-daitiyo-khando/pd/80178
আবু হানিফ,Not Listed,Primary School Atlas,২০০৳,১৬০৳,https://www.wafilife.com/primary-school-atlas/pd/79996
আবু হানিফ,Not Listed,মানচিত্রে আমার সীমানা,১৫০৳,১২০৳,https://www.wafilife.com/mancitre-amar-simana/pd/79876
আবু হানিফ,Not Listed,মানচিত্রে আমার সীমানা,২৪০৳,১৯২৳,https://www.wafilife.com/mancitre-amar-simana/pd/79731
আবু হামিদ গাযালি,Not Listed,পরিশুদ্ধ অন্তর,২৫০৳,১৭৫৳,https://www.wafilife.com/porishuddho-ontor/pd/23780
