Publisher_Name,Profile_Link
ABC Toys,https://www.wafilife.com/cat/books/publisher/abc-toys
Acron,https://www.wafilife.com/cat/books/publisher/acron
Afdal,https://www.wafilife.com/cat/books/publisher/afdal
Akhorbirtto,https://www.wafilife.com/cat/books/publisher/akhorbirtto
Amazfit,https://www.wafilife.com/cat/books/publisher/amazfit
An Nazat,https://www.wafilife.com/cat/books/publisher/an-nazat
Anasup Publication,https://www.wafilife.com/cat/books/publisher/annasup-publication
Anker,https://www.wafilife.com/cat/books/publisher/anker
Apple,https://www.wafilife.com/cat/books/publisher/apple
Asol Food,https://www.wafilife.com/cat/books/publisher/asol-food
Atfaal,https://www.wafilife.com/cat/books/publisher/atfaal
BCS Plus Publications,https://www.wafilife.com/cat/books/publisher/bcs-plus-publications
BEARDBROS,https://www.wafilife.com/cat/books/publisher/beardbros
Baseus,https://www.wafilife.com/cat/books/publisher/baseus
Believer’s Sign,https://www.wafilife.com/cat/books/publisher/believers-sign
Best Time,https://www.wafilife.com/cat/books/publisher/best-time
Binirman Academy,https://www.wafilife.com/cat/books/publisher/binirman-academy
Bonobhumi,https://www.wafilife.com/cat/books/publisher/bonobhumi
Boya,https://www.wafilife.com/cat/books/publisher/boya
Career Publications,https://www.wafilife.com/cat/books/publisher/career-publication
Clear Concept Publication,https://www.wafilife.com/cat/books/publisher/clear-concept-publication
Colmi,https://www.wafilife.com/cat/books/publisher/colmi
Deen Land,https://www.wafilife.com/cat/books/publisher/deen-land
Deli,https://www.wafilife.com/cat/books/publisher/deli
Destination Publications,https://www.wafilife.com/cat/books/publisher/destination-publications
Dom's,https://www.wafilife.com/cat/books/publisher/doms
Duckey,https://www.wafilife.com/cat/books/publisher/duckey
DyuBOOKISH,https://www.wafilife.com/cat/books/publisher/dyubookish
Ekota Stationary,https://www.wafilife.com/cat/books/publisher/ekota-stationary
El Publication,https://www.wafilife.com/cat/books/publisher/el-publication
Endeavor Publications,https://www.wafilife.com/cat/books/publisher/endeavor-publications
FONENG,https://www.wafilife.com/cat/books/publisher/foneng
Falaq Food,https://www.wafilife.com/cat/books/publisher/falaq-food
Fastrack,https://www.wafilife.com/cat/books/publisher/fastrack
Fevicol,https://www.wafilife.com/cat/books/publisher/fevicol
Fevicryl,https://www.wafilife.com/cat/books/publisher/fevicryl
Foldscope : Paper Microscope,https://www.wafilife.com/cat/books/publisher/foldscope-paper-microscope
G-Tide,https://www.wafilife.com/cat/books/publisher/g-tide
GXIN,https://www.wafilife.com/cat/books/publisher/gxin
Geeoo,https://www.wafilife.com/cat/books/publisher/geeoo
Gen-Z Publishers,https://www.wafilife.com/cat/books/publisher/Gen-Z Publishers
Ghorer Bazar,https://www.wafilife.com/cat/books/publisher/ghorer-bazar
Good luck,https://www.wafilife.com/cat/books/publisher/good-luck
Goodman,https://www.wafilife.com/cat/books/publisher/goodman
Grihostho,https://www.wafilife.com/cat/books/publisher/grihostho
HTC,https://www.wafilife.com/cat/books/publisher/htc
Hair Food,https://www.wafilife.com/cat/books/publisher/hair-food
Hajj Mart,https://www.wafilife.com/cat/books/publisher/hajj-mart
Halda Valley,https://www.wafilife.com/cat/books/publisher/halda-valley
Hamnah,https://www.wafilife.com/cat/books/publisher/hamnah
Havit,https://www.wafilife.com/cat/books/publisher/havit
Haylou,https://www.wafilife.com/cat/books/publisher/haylou
Hoco,https://www.wafilife.com/cat/books/publisher/hoco
HoneyGo,https://www.wafilife.com/cat/books/publisher/honeygo
IMIKI,https://www.wafilife.com/cat/books/publisher/imiki
Ibadat,https://www.wafilife.com/cat/books/publisher/ibadat
Ibra Business Research and Advisory ltd.,https://www.wafilife.com/cat/books/publisher/ibra-business-research-and-advisory-ltd
Iconic Sourcing,https://www.wafilife.com/cat/books/publisher/iconic-sourcing-brands
Imilab,https://www.wafilife.com/cat/books/publisher/imilab
Index-সূচিপত্র,https://www.wafilife.com/cat/books/publisher/index-shucipatra
Innovate Electro Corporation,https://www.wafilife.com/cat/books/publisher/innovate-electro-corporation
Innovation Kit - ইনোভেশন কিট,https://www.wafilife.com/cat/books/publisher/innovation-kit
Insaf Shop,https://www.wafilife.com/cat/books/publisher/insaf-shop
JBL,https://www.wafilife.com/cat/books/publisher/jbl
JY Super,https://www.wafilife.com/cat/books/publisher/jy-super
Join English,https://www.wafilife.com/cat/books/publisher/join-english
Joyroom,https://www.wafilife.com/cat/books/publisher/joyroom
Kaloc,https://www.wafilife.com/cat/books/publisher/kaloc
Karkuma,https://www.wafilife.com/cat/books/publisher/karkuma
Keep Smiling,https://www.wafilife.com/cat/books/publisher/keep-smiling
Kemei,https://www.wafilife.com/cat/books/publisher/kemei
Khaas Food,https://www.wafilife.com/cat/books/publisher/khaas-food
Kieslect,https://www.wafilife.com/cat/books/publisher/kieslect
Kingshan,https://www.wafilife.com/cat/books/publisher/kingshan
Kirtas,https://www.wafilife.com/cat/books/publisher/kirtas
Kospet,https://www.wafilife.com/cat/books/publisher/kospet
LDNIO,https://www.wafilife.com/cat/books/publisher/ldnio
Legend Kids,https://www.wafilife.com/cat/books/publisher/legend-kids
Lenovo,https://www.wafilife.com/cat/books/publisher/lenovo
MabiY Shop,https://www.wafilife.com/cat/books/publisher/mabiy-shop
Mastoorah,https://www.wafilife.com/cat/books/publisher/mastoorah
Memoir & Morrow (M&M),https://www.wafilife.com/cat/books/publisher/memoir-morrow-mm
Mibro,https://www.wafilife.com/cat/books/publisher/mibro
Mindspark,https://www.wafilife.com/cat/books/publisher/mindspark
Montex,https://www.wafilife.com/cat/books/publisher/montex
Muslim Day Planner,https://www.wafilife.com/cat/books/publisher/muslim-day-planner
Nabab,https://www.wafilife.com/cat/books/publisher/nabab
Natraz,https://www.wafilife.com/cat/books/publisher/natraz
Natu Get,https://www.wafilife.com/cat/books/publisher/natu-get
Naviforce,https://www.wafilife.com/cat/books/publisher/naviforce
Nirodhi,https://www.wafilife.com/cat/books/publisher/nirodhi
Noise,https://www.wafilife.com/cat/books/publisher/noise
Non Brand,https://www.wafilife.com/cat/books/publisher/non-brand
Novara Ventures,https://www.wafilife.com/cat/books/publisher/novara-ventures
Old Street,https://www.wafilife.com/cat/books/publisher/old-street
Olevs,https://www.wafilife.com/cat/books/publisher/olevs
One Ummah BD,https://www.wafilife.com/cat/books/publisher/one-ummah-bd
Oneplus,https://www.wafilife.com/cat/books/publisher/oneplus
Oraimo,https://www.wafilife.com/cat/books/publisher/oraimo
Orientica,https://www.wafilife.com/cat/books/publisher/orientica
PARTHIB BOOKS,https://www.wafilife.com/cat/books/publisher/parthib-books
Papersoft,https://www.wafilife.com/cat/books/publisher/papersoft
Perfumance BD,https://www.wafilife.com/cat/books/publisher/perfumance-bd
Petra,https://www.wafilife.com/cat/books/publisher/petra
Phoenix Education,https://www.wafilife.com/cat/books/publisher/phoenix-education
QCY,https://www.wafilife.com/cat/books/publisher/qcy
RealMe,https://www.wafilife.com/cat/books/publisher/realme
Remax,https://www.wafilife.com/cat/books/publisher/remax
Rongdhonu,https://www.wafilife.com/cat/books/publisher/rongdhonu
Rutbah,https://www.wafilife.com/cat/books/publisher/rutbah
SKMEI,https://www.wafilife.com/cat/books/publisher/skmei
Sabuj Udyog,https://www.wafilife.com/cat/books/publisher/sabuj-udyog
Samsung,https://www.wafilife.com/cat/books/publisher/samsung
Sankar,https://www.wafilife.com/cat/books/publisher/sankar
Seasonfresh,https://www.wafilife.com/cat/books/publisher/seasonfresh
Sevendays Notes,https://www.wafilife.com/cat/books/publisher/sevendays-notes
Soldiersbd,https://www.wafilife.com/cat/books/publisher/soldiersbd
Sreezon,https://www.wafilife.com/cat/books/publisher/sreezon
Syed Hammadul Karim,https://www.wafilife.com/cat/books/publisher/syed-hammadul-karim
Synapse Sprout Press,https://www.wafilife.com/cat/books/publisher/synapse-sprout-press
Talent Stationary,https://www.wafilife.com/cat/books/publisher/talent-stationary
Tech Den,https://www.wafilife.com/cat/books/publisher/techden
TicWatch,https://www.wafilife.com/cat/books/publisher/ticwatch
Tiny Online Shop,https://www.wafilife.com/cat/books/publisher/tiny-online-shop
Titan,https://www.wafilife.com/cat/books/publisher/titan
Toaseen,https://www.wafilife.com/cat/books/publisher/toaseen
TownStore,https://www.wafilife.com/cat/books/publisher/townstore
UGO,https://www.wafilife.com/cat/books/publisher/ugo
Unlocking Publication,https://www.wafilife.com/cat/books/publisher/unlocking-publication
VBAND,https://www.wafilife.com/cat/books/publisher/vband
VesojE Agro,https://www.wafilife.com/cat/books/publisher/vesoje
Vintage,https://www.wafilife.com/cat/books/publisher/vintage
Weidasi,https://www.wafilife.com/cat/books/publisher/weidasi
WiWU,https://www.wafilife.com/cat/books/publisher/wiwu
Witzman,https://www.wafilife.com/cat/books/publisher/witzman
Words and Pages,https://www.wafilife.com/cat/books/publisher/words-and-pages
Writer Publication,https://www.wafilife.com/cat/books/publisher/writer-publication
XINJI,https://www.wafilife.com/cat/books/publisher/xinji
Xiaomi,https://www.wafilife.com/cat/books/publisher/xiaomi
Xtra,https://www.wafilife.com/cat/books/publisher/xtra
YES,https://www.wafilife.com/cat/books/publisher/yes
Zubair Edu Aid,https://www.wafilife.com/cat/books/publisher/zubair-edu-aid
Zulfiqar BD,https://www.wafilife.com/cat/books/publisher/zulfiqar-bd
eMadrasaah,https://www.wafilife.com/cat/books/publisher/emadrasaah
purnota fashion house,https://www.wafilife.com/cat/books/publisher/purnota-fashion-house
অক্ষরপত্র প্রকাশনী,https://www.wafilife.com/cat/books/publisher/akkharpatra-prokashoni
অক্ষরবৃত্ত,https://www.wafilife.com/cat/books/publisher/অক্ষরবৃত্ত
অক্সক্যাম পাবলিকেশন,https://www.wafilife.com/cat/books/publisher/oxcam-publication
অগ্নি পাবলিকেশনস,https://www.wafilife.com/cat/books/publisher/agni-publications
অগ্নিশিখা,https://www.wafilife.com/cat/books/publisher/ognishikha
অঙ্কুর প্রকাশনী,https://www.wafilife.com/cat/books/publisher/ankur-prakashani
অথেন্টিক পাবলিকেশন্স,https://www.wafilife.com/cat/books/publisher/authentic-publications
অদম্য প্রকাশ,https://www.wafilife.com/cat/books/publisher/odommo-prokash
অধ্যায় প্রকাশনী,https://www.wafilife.com/cat/books/publisher/oddhay-prokashoni
অধ্যয়ন,https://www.wafilife.com/cat/books/publisher/অধ্যয়ন
অনন্য প্রকাশন,https://www.wafilife.com/cat/books/publisher/ananya-publication
অনন্যা,https://www.wafilife.com/cat/books/publisher/anannya
অনিন্দ্য প্রকাশ,https://www.wafilife.com/cat/books/publisher/anindya-prokash
অনির্বাণ পাবলিকেশন,https://www.wafilife.com/cat/books/publisher/anirban-publication
অনির্বাণ প্রকাশনী,https://www.wafilife.com/cat/books/publisher/অনির্বাণ-প্রকাশনী
অনুজ প্রকাশন,https://www.wafilife.com/cat/books/publisher/anuj-prokashon
অনুপম প্রকাশনী,https://www.wafilife.com/cat/books/publisher/অনুপম-প্রকাশনী
অনুপ্রাণন প্রকাশন,https://www.wafilife.com/cat/books/publisher/onupranon-prokashon
অনুভূতি প্রকাশনী,https://www.wafilife.com/cat/books/publisher/onuvhuti-prokasoni
অনুশীলন প্রকাশনী,https://www.wafilife.com/cat/books/publisher/onusilon-prokashoni
অন্ত্যমিল প্রকাশন,https://www.wafilife.com/cat/books/publisher/antomin prokasoni
অন্বেষণ ক্যাডেট একাডেমী,https://www.wafilife.com/cat/books/publisher/onneson -cadet -academy
অন্বেষা প্রকাশন,https://www.wafilife.com/cat/books/publisher/onnesha-publication
অন্যধারা,https://www.wafilife.com/cat/books/publisher/anyadhara
অন্যপ্রকাশ,https://www.wafilife.com/cat/books/publisher/অন্যপ্রকাশ
অন্যরকম ইলেক্ট্রনিক্স কোং লিঃ,https://www.wafilife.com/cat/books/publisher/onnorokom-electronics-co-ltd
অপেরা পাবলিকেশন,https://www.wafilife.com/cat/books/publisher/অপেরা-পাবলিকেশন
অবসর প্রকাশনা সংস্থা,https://www.wafilife.com/cat/books/publisher/abosar-prokashana-sangstha
অভিযাত্রিক,https://www.wafilife.com/cat/books/publisher/ovijatrik
অভিযাত্রী পাবলিকেশন্স,https://www.wafilife.com/cat/books/publisher/ovizatri-publications
অর্ক প্রকাশনী,https://www.wafilife.com/cat/books/publisher/অর্ক-প্রকাশনী
অর্কিড পাবলিকেশন্স,https://www.wafilife.com/cat/books/publisher/অর্কিড-পাবলিকেশন্স
অর্থনীতি প্রকাশনী,https://www.wafilife.com/cat/books/publisher/economics-publications
অর্থনীতি প্রকাশনী (চট্টগ্রাম),https://www.wafilife.com/cat/books/publisher/orthoniti-prokashoni-chottogram
অর্পণ প্রকাশন,https://www.wafilife.com/cat/books/publisher/orpon-prokashon
অশ্রু প্রকাশন,https://www.wafilife.com/cat/books/publisher/oshru-prokashon
অ্যাডভান্সড পাবলিকেশন্স,https://www.wafilife.com/cat/books/publisher/advanced-publications
অ্যাডর্ন পাবলিকেশন,https://www.wafilife.com/cat/books/publisher/adorn-publication
অ্যাডর্ন বুক্‌স ফর চিলড্রেন (এবিসি),https://www.wafilife.com/cat/books/publisher/adorn-books-for-children-abc
অ্যাসিওরেন্স পাবলিকেশন্স,https://www.wafilife.com/cat/books/publisher/assurance-publications
অয়ন প্রকাশন,https://www.wafilife.com/cat/books/publisher/অয়ন-প্রকাশন
আই আই পি এইচ,https://www.wafilife.com/cat/books/publisher/iiph
আই.আর.এফ পাবলিকেশন্স,https://www.wafilife.com/cat/books/publisher/irf-publications
আইআরডি,https://www.wafilife.com/cat/books/publisher/ird
আইএফএ কনসালটেন্সি লি.,https://www.wafilife.com/cat/books/publisher/ifa-consultancy-ltd
আইওএম,https://www.wafilife.com/cat/books/publisher/iom
আইডিয়া প্রকাশন,https://www.wafilife.com/cat/books/publisher/idea-prokashon
আইডিয়াল বুকস,https://www.wafilife.com/cat/books/publisher/ideal-books
আইপিডিয়া পাবলিকেশন,https://www.wafilife.com/cat/books/publisher/ipaedia-publication
আইমান পাবলিকেশন,https://www.wafilife.com/cat/books/publisher/Aiman ​​Publication
আইরিশ পাবলিকেশন্স,https://www.wafilife.com/cat/books/publisher/iris-publications
আইসিএস পাবলিকেশন্স,https://www.wafilife.com/cat/books/publisher/ics-publication
আইসিক্‌ল পাবলিকেশন লিমিটেড,https://www.wafilife.com/cat/books/publisher/icicle-publication-ltd
আইসিটি পাবলিকেশন্স,https://www.wafilife.com/cat/books/publisher/আইসিটি-পাবলিকেশন্স
আওয়ার ক্যানভাস পাবলিকেশন,https://www.wafilife.com/cat/books/publisher/our-canvass-publication
আওয়ার পাবলিকেশন্স,https://www.wafilife.com/cat/books/publisher/hour-publications
আকাশ,https://www.wafilife.com/cat/books/publisher/akash
আকিক পাবলিকেশন্স,https://www.wafilife.com/cat/books/publisher/আকিক-পাবলিকেশন্স
আকিজ-মনোয়ারা প্রকাশনী,https://www.wafilife.com/cat/books/publisher/akij-monowara-prokashoni
আকীল পাবলিকেশন,https://www.wafilife.com/cat/books/publisher/akil-publication
আক্বসা কাগজ ঘর,https://www.wafilife.com/cat/books/publisher/aqsa-kagoj-ghor
আগামী প্রকাশনী,https://www.wafilife.com/cat/books/publisher/agami-prokashoni
আছ-ছিরাত প্রকাশনী,https://www.wafilife.com/cat/books/publisher/আছ-ছিরাত-প্রকাশনী
আজকাল প্রকাশনী,https://www.wafilife.com/cat/books/publisher/আজকাল-প্রকাশনী
আজব প্রকাশ,https://www.wafilife.com/cat/books/publisher/aajob-prokash
আজমাইন পাবলিকেশন,https://www.wafilife.com/cat/books/publisher/azmaine-publications
আজিজিয়া বুক ডিপো,https://www.wafilife.com/cat/books/publisher/আজিজিয়া-বুক-ডিপো
আজিন পাবলিকেশন,https://www.wafilife.com/cat/books/publisher/azeen-publication
আত তাওফীক প্রকাশন,https://www.wafilife.com/cat/books/publisher/at-tawfik-prokashon
আত তাওহীদ প্রকাশনী,https://www.wafilife.com/cat/books/publisher/at-tawhid-prokashoni
আতফাল,https://www.wafilife.com/cat/books/publisher/atfal
আতিফা পাবলিকেশন,https://www.wafilife.com/cat/books/publisher/atifa-publication
আদ দাঈ ফাউন্ডেশন,https://www.wafilife.com/cat/books/publisher/ad-daei-foundation
আদ-দোহা পাবলিকেশন্স,https://www.wafilife.com/cat/books/publisher/ad-doha-publication
আদ-দ্বীন প্রকাশন,https://www.wafilife.com/cat/books/publisher/ad-deen-prokashon
আদর্শ,https://www.wafilife.com/cat/books/publisher/আদর্শ
আদর্শ হিফজখানার প্রশিক্ষণ কেন্দ্র,https://www.wafilife.com/cat/books/publisher/adarsha-hifzkhanar-proshikkhon-kendra
আদর্শলিপি,https://www.wafilife.com/cat/books/publisher/adorsholipi-prokashon
আদিত্য অনীক প্রকাশনী,https://www.wafilife.com/cat/books/publisher/আদিত্য-অনীক-প্রকাশনী
আদিত্য প্রকাশ,https://www.wafilife.com/cat/books/publisher/adityo-prokash
আদিবা পাবলিকেশন্স,https://www.wafilife.com/cat/books/publisher/adiba-publications
আদিয়াত প্রকাশনী,https://www.wafilife.com/cat/books/publisher/আদিয়াত-প্রকাশনী
আদী প্রকাশন,https://www.wafilife.com/cat/books/publisher/আদী-প্রকাশন
আদ্ব দ্বোহা প্রকাশনী,https://www.wafilife.com/cat/books/publisher/addoha-prokashoni
আধুনিক প্রকাশনী,https://www.wafilife.com/cat/books/publisher/adhunik-publication
আধুনিক বই পাবলিকেশন,https://www.wafilife.com/cat/books/publisher/adhunik-boi-publication
আন নাজাহাহ একাডেমি-এএনএ,https://www.wafilife.com/cat/books/publisher/an-najahah-academy-ana
আন নাফে একাডেমি,https://www.wafilife.com/cat/books/publisher/an-nafe-academy
আন নাবা প্রকাশনী,https://www.wafilife.com/cat/books/publisher/an-naba-publication
আন নাশিরুল মুতমায়িন্না (সৌদি আরব),https://www.wafilife.com/cat/books/publisher/an-nashirul-mutmayinna-saudi-arabia
আন নাহদা,https://www.wafilife.com/cat/books/publisher/an-nahda
আন নুর ইনস্টিটিউট ফর আল আযহার এডুকেশন,https://www.wafilife.com/cat/books/publisher/an-nur-institute-for-al-azhar-education
আন-নাহদাহ ফাউন্ডেশন,https://www.wafilife.com/cat/books/publisher/an-nahda-faundation
আন-নূর পাবলিকেশন্স,https://www.wafilife.com/cat/books/publisher/an-noor-publications
আন-নূর লাইব্রেরী,https://www.wafilife.com/cat/books/publisher/an-nur-library
আন-নেওয়াজ পাবলিকেশন,https://www.wafilife.com/cat/books/publisher/an-neoyaj-publication
আনন্দ প্রকাশন,https://www.wafilife.com/cat/books/publisher/ananda-prokashon
আনুগত্য প্রকাশনী,https://www.wafilife.com/cat/books/publisher/anugotto-prokashoni
আনোয়ার লাইব্রেরী,https://www.wafilife.com/cat/books/publisher/আনোয়ার-লাইব্রেরী
আন্দালুস পাবলিকেশন,https://www.wafilife.com/cat/books/publisher/andalus-publication
আফতাবীয়া লাইব্রেরী,https://www.wafilife.com/cat/books/publisher/আফতাবীয়া-লাইব্রেরী
আফসার ব্রাদার্স,https://www.wafilife.com/cat/books/publisher/%e0%a6%86%e0%a6%ab%e0%a6%b8%e0%a6%be%e0%a6%b0-%e0%a6%ac%e0%a7%8d%e0%a6%b0%e0%a6%be%e0%a6%a6%e0%a6%be%e0%a6%b0%e0%a7%8d%e0%a6%b8
আফসার ব্রাদার্স,https://www.wafilife.com/cat/books/publisher/afser-brothers
আবরণ প্রকাশন,https://www.wafilife.com/cat/books/publisher/aboron-prokashon
আবাদিলা প্রকাশনী,https://www.wafilife.com/cat/books/publisher/abadila-prokashoni
আবাবিল প্রকাশন,https://www.wafilife.com/cat/books/publisher/ababil-prokashon
আবির প্রকাশনী,https://www.wafilife.com/cat/books/publisher/abir-prokashoni
আবিষ্কার পাবলিকেশন,https://www.wafilife.com/cat/books/publisher/আবিষ্কার-পাবলিকেশন
আবীর পাবলিকেশন্স,https://www.wafilife.com/cat/books/publisher/abir-publications
আবীর প্রকাশনী,https://www.wafilife.com/cat/books/publisher/abir-prokashoni-publisher
আবু লাইস,https://www.wafilife.com/cat/books/publisher/abu-layis
আবুল কাসিম পাবলিশিং হাউজ,https://www.wafilife.com/cat/books/publisher/abul-qasim-publishing-house
আভাস,https://www.wafilife.com/cat/books/publisher/aavas
আমন্ত্রণ প্রকাশন,https://www.wafilife.com/cat/books/publisher/আমন্ত্রণ-প্রকাশন
আমানত পাবলিকেশন,https://www.wafilife.com/cat/books/publisher/amanot-publication
আমানত প্রকাশন,https://www.wafilife.com/cat/books/publisher/amanat-prokashon
আমিনাহ,https://www.wafilife.com/cat/books/publisher/aminah
আমুদ প্রকাশনী,https://www.wafilife.com/cat/books/publisher/আমুদ-প্রকাশনী
আয-যিহান পাবলিকেশন,https://www.wafilife.com/cat/books/publisher/az-zihan-publication
আয়েশা ছিদ্দিকা (রা.) হাফেজিয়া মহিলা মাদ্রাসা নোয়াখালী,https://www.wafilife.com/cat/books/publisher/ayesha-siddiqa-r-a-hafezia-mohila-madrasa-noakhali
আযাদ প্রকাশন,https://www.wafilife.com/cat/books/publisher/azad-prokashon
আযান প্রকাশনী,https://www.wafilife.com/cat/books/publisher/azan-prokashoni
আর রাশাদ পাবলিকেশন্স,https://www.wafilife.com/cat/books/publisher/ar-rashad-publication
আর রিসালাতুল আলামিয়া (মিশর),https://www.wafilife.com/cat/books/publisher/ar-risalat-al-alamiya-egypt
আর রিহাব পাবলিকেশন,https://www.wafilife.com/cat/books/publisher/ar-rihab-publication
আর.আই.বিডি পাবলিকেশন,https://www.wafilife.com/cat/books/publisher/ribd-publication
আরমান হোসেন,https://www.wafilife.com/cat/books/publisher/arman-hossain
আরশ প্রকাশন,https://www.wafilife.com/cat/books/publisher/arosh-prokashon
আরাফাত বুকস এন্ড বুকস,https://www.wafilife.com/cat/books/publisher/arafath-books-and-books
আরিফা প্রকাশনী,https://www.wafilife.com/cat/books/publisher/arifa-prokashoni
আরিশ প্রকাশন,https://www.wafilife.com/cat/books/publisher/arish-prokashon
আর্টস পাবলিকেশন্স,https://www.wafilife.com/cat/books/publisher/আর্টস-পাবলিকেশন্স
আল আজহার প্রকাশনী,https://www.wafilife.com/cat/books/publisher/al-azhar-prokasoni
আল আনসার প্রকাশনী,https://www.wafilife.com/cat/books/publisher/al-ansar-prokashoni
আল আমান পাবলিকেশন্স,https://www.wafilife.com/cat/books/publisher/al-aman-publications
আল আমান প্রকাশনী,https://www.wafilife.com/cat/books/publisher/al-aman-publishing
আল আমীন পাবলিকেশন,https://www.wafilife.com/cat/books/publisher/al-amin-publication
আল আরাবিয়া অনলাইন একাডেমি,https://www.wafilife.com/cat/books/publisher/al-arabiya-online-academy
আল ইখলাছ পাবলিকেশন্স,https://www.wafilife.com/cat/books/publisher/আল-ইখলাছ-পাবলিকেশন্স
আল ইরফান পাবলিকেশন,https://www.wafilife.com/cat/books/publisher/আল-ইরফান-পাবলিকেশন
আল ইয়ানা পাবলিকেশন,https://www.wafilife.com/cat/books/publisher/al-yeana-publication
আল কাউসার প্রকাশনী,https://www.wafilife.com/cat/books/publisher/আল-কাউসার-প্রকাশনী
আল কিতাবাহ প্রকাশনী,https://www.wafilife.com/cat/books/publisher/al-kitabah-prokashini
আল কুরআন ওয়াস সুন্নাহ ফাউন্ডেশন,https://www.wafilife.com/cat/books/publisher/al-quran-was-sunnah-foundation
আল কুরআনের ভাষা ইনস্টিটিউট,https://www.wafilife.com/cat/books/publisher/al-quraner-vasha-institute
আল কোরআন একাডেমী পাবলিকেশন্স,https://www.wafilife.com/cat/books/publisher/al-quran-publication-london
আল খালেদ প্রকাশন,https://www.wafilife.com/cat/books/publisher/আল-খালেদ-প্রকাশন
আল ফাতাহ পাবলিকেশন্স,https://www.wafilife.com/cat/books/publisher/al-fatah-publications
আল ফারুক আল হাদিসাতু লিততিবাআত ওয়াননাশর (মিশর),https://www.wafilife.com/cat/books/publisher/al-farooq-al-hadisatu-littibaat-wannashar-egypt
আল বালুগুল মুবিন,https://www.wafilife.com/cat/books/publisher/al-balagul-mubin
আল বায়ান পাবলিকেশন্স,https://www.wafilife.com/cat/books/publisher/al-bayan-publications
আল বুশরা প্রকাশনী,https://www.wafilife.com/cat/books/publisher/al-bushra-prokashoni
আল মাকতাবা আল উসাইরিয়াহ,https://www.wafilife.com/cat/books/publisher/al-maktaba-al-usairiyah
আল মাকতাবাতুল হাক্কানিয়্যাহ (পাকিস্তান),https://www.wafilife.com/cat/books/publisher/al-maktabatul-haqqaniyyah-pakistan
আল মানার লাইব্রেরী,https://www.wafilife.com/cat/books/publisher/al-manar-library
আল মাহমুদ প্রকাশন,https://www.wafilife.com/cat/books/publisher/আল-মাহমুদ-প্রকাশন
আল মিসবাহ প্রকাশনী,https://www.wafilife.com/cat/books/publisher/al-misbah-publishing
আল মুয্যাম্মিল লাইব্রেরী,https://www.wafilife.com/cat/books/publisher/al-muzammil-library
আল হিকমাহ পাবলিকেশন্স,https://www.wafilife.com/cat/books/publisher/আল-হিকমাহ-পাবলিকেশন্স
আল হিকমাহ্ পাব‌লি‌কেশন্স(নীলক্ষেত),https://www.wafilife.com/cat/books/publisher/al-hikmah-publications-neelkhet
আল-আকসা লাইব্রেরী,https://www.wafilife.com/cat/books/publisher/আল-আকসা-লাইব্রেরী
আল-আমীন রিসার্চ পাবলিকেশন,https://www.wafilife.com/cat/books/publisher/al-amin-research-publication
আল-আযহার প্রকাশনী,https://www.wafilife.com/cat/books/publisher/al-azhar-prokashoni
আল-ইমান ইনস্টিটিউট,https://www.wafilife.com/cat/books/publisher/al-iman-institute
আল-এছহাক প্রকাশনী,https://www.wafilife.com/cat/books/publisher/al-ehchak-publication
আল-খাইর পাবলিকেশন্স,https://www.wafilife.com/cat/books/publisher/al-khayr-publications
আল-খিদমাহ প্রকাশনী,https://www.wafilife.com/cat/books/publisher/al-khidmah-prokashoni
আল-বায়ান ফাউন্ডেশন বাংলাদেশ,https://www.wafilife.com/cat/books/publisher/al-bayan-foundation-bangladesh-publisher
আল-বারাকা লাইব্রেরী,https://www.wafilife.com/cat/books/publisher/al-baraka-library
আল-মক্কা বুক হাউস,https://www.wafilife.com/cat/books/publisher/al-mokka-book-house
আল-মদিনা লাইব্রেরী,https://www.wafilife.com/cat/books/publisher/al-madina-library
আল-মানার ল্যাঙ্গুয়েজ একাডেমি,https://www.wafilife.com/cat/books/publisher/al-manar-language-academy
আল-মাহবুব ফাউন্ডেশন,https://www.wafilife.com/cat/books/publisher/আল-মাহবুব-ফাউন্ডেশন
আল-মিদাদ المداد,https://www.wafilife.com/cat/books/publisher/al-midad-magazine
আল-হাদী প্রকাশন,https://www.wafilife.com/cat/books/publisher/al-hadi-prokashoni
আল-হামরা প্রকাশনী,https://www.wafilife.com/cat/books/publisher/al-hamra-prokashoni
আল-হামরা প্রকাশনী,https://www.wafilife.com/cat/books/publisher/al-hamra-publishing-house
আল-হিদায়াহ,https://www.wafilife.com/cat/books/publisher/al-hidaayah
আল-হিবা পাবলিকেশন,https://www.wafilife.com/cat/books/publisher/al-hiba-publication
আল-হুদুল টিম,https://www.wafilife.com/cat/books/publisher/al-hudul-team
আলফা বুকশপ প্রকাশন,https://www.wafilife.com/cat/books/publisher/alfa-bookshop-prokashon
আলিফ বুকস,https://www.wafilife.com/cat/books/publisher/আলিফ-বুকস
আলিফ লাম মিম,https://www.wafilife.com/cat/books/publisher/alif-lam-mim
আলিবাবা পাবলিকেশন্স,https://www.wafilife.com/cat/books/publisher/alibaba-publications
আলিমিয়া,https://www.wafilife.com/cat/books/publisher/alimia
আলেখ্য প্রকাশন,https://www.wafilife.com/cat/books/publisher/alekhyo-prokashon
আলেয়া বুক ডিপো,https://www.wafilife.com/cat/books/publisher/aleya-book-dipo
আলোকধারা প্রকাশন,https://www.wafilife.com/cat/books/publisher/alokdhara-prokashon
আলোকায়ন,https://www.wafilife.com/cat/books/publisher/aalokayan
আলোকিত প্রকাশনী,https://www.wafilife.com/cat/books/publisher/আলোকিত-প্রকাশনী
আলোঘর প্রকাশনা,https://www.wafilife.com/cat/books/publisher/aloghar-prokashona
আলোর ঠিকানা প্রকাশনী,https://www.wafilife.com/cat/books/publisher/আলোর-ঠিকানা-প্রকাশনী
আলোর দিশারী পাবলিকেশন্স,https://www.wafilife.com/cat/books/publisher/alor-dishari-publications
আলোর মিছিল প্রকাশন,https://www.wafilife.com/cat/books/publisher/alor-michil-prokashon
আল্লামা রুহুল আমিন (রহ.) রিসার্চ সেন্টার,https://www.wafilife.com/cat/books/publisher/allama-ruhul-amin-r-a-research-center
আল্লাহর দান বুক ডিপো পাবলিকেশন,https://www.wafilife.com/cat/books/publisher/allahs-dhan-book-depo-publication
আশ-শিফা পাবলিকেশন,https://www.wafilife.com/cat/books/publisher/ash-shifa-publication
আশরাফ বুক ডিপো,https://www.wafilife.com/cat/books/publisher/আশরাফ-বুক-ডিপো
আশরাফিয়া বুক হাউস,https://www.wafilife.com/cat/books/publisher/asrafia-book-house
আশরাফী বুক ডিপো,https://www.wafilife.com/cat/books/publisher/ashrafi-book-dipo
আশরাফী লাইব্রেরী,https://www.wafilife.com/cat/books/publisher/আশরাফী-লাইব্রেরী
আশরাফুল মাখলুকাত প্রকাশন,https://www.wafilife.com/cat/books/publisher/ashraful-makhlukat-prokashon
আশশারিকাতুল আলামিইয়্যাত (মিশর),https://www.wafilife.com/cat/books/publisher/ashsharikatul-alamiyat-egypt
আশেক খান পাবলিকেশন্স,https://www.wafilife.com/cat/books/publisher/ashek-khan-publication
আষাঢ়,https://www.wafilife.com/cat/books/publisher/asharh
আস সুন্নাহ নিত্য প্রকাশন,https://www.wafilife.com/cat/books/publisher/as-sunnah-nitto-prokashon
আস সুন্নাহ ফাউন্ডেশন পাবলিকেশন্স,https://www.wafilife.com/cat/books/publisher/আস-সুন্নাহ-ফাউন্ডেশন-পাব
আস-সুন্নাতুল মোবারকাহ্ দাওয়াহ সেন্টার,https://www.wafilife.com/cat/books/publisher/as-sunnatul-mubarakah-dawah-center
আস-সুন্নাহ পাবলিকেশন্স,https://www.wafilife.com/cat/books/publisher/আস-সুন্নাহ-পাবলিকেশন্স
আস্থা প্রকাশন,https://www.wafilife.com/cat/books/publisher/astha-prokashon
আহনাফ পাবলিকেশন,https://www.wafilife.com/cat/books/publisher/আহনাফ-পাবলিকেশন
আহবান প্রকাশনী,https://www.wafilife.com/cat/books/publisher/ahoban-prokashoni
আহবাব পাবলিকেশন,https://www.wafilife.com/cat/books/publisher/ahbab-publication
আহমদ পাবলিশিং হাউজ,https://www.wafilife.com/cat/books/publisher/ahmad-publishing-house
আহলেদিকর পাবলিকেশনস,https://www.wafilife.com/cat/books/publisher/ahledhikr-publications
আহসান পাবলিকেশন,https://www.wafilife.com/cat/books/publisher/ahsan-publication
আয়াত পাবলিকেশন,https://www.wafilife.com/cat/books/publisher/ayat-publication
আয়াত প্রকাশন,https://www.wafilife.com/cat/books/publisher/ayat-prokashon
আয়ান প্রকাশন,https://www.wafilife.com/cat/books/publisher/আয়ান-প্রকাশন
ইংলিশ থেরাপী,https://www.wafilife.com/cat/books/publisher/english-therapy
ইংলিশ পাবলিকেশন্স,https://www.wafilife.com/cat/books/publisher/english-publications
ইউনিক ল বুক হাউস,https://www.wafilife.com/cat/books/publisher/unique-law-book-house
ইউনিটি পাবলিকেশন,https://www.wafilife.com/cat/books/publisher/unity-publication
ইউনিভার্স আফ্রাঈন,https://www.wafilife.com/cat/books/publisher/universe-afraain
ইউনিভার্সেল প্রেস,https://www.wafilife.com/cat/books/publisher/universal-press
ইকরা,https://www.wafilife.com/cat/books/publisher/ikra
ইকরা পাবলিকেশন্স,https://www.wafilife.com/cat/books/publisher/iqra-publications
ইকরি বিকরি প্রকাশনী,https://www.wafilife.com/cat/books/publisher/ikribikri-prokashoni
ইকামাহ পাবলিকেশন্স,https://www.wafilife.com/cat/books/publisher/iqamah-publications
ইখওয়াহ পাবলিকেশন,https://www.wafilife.com/cat/books/publisher/ikhwah-publication
ইঙ্কস্প্রিং পাবলিকেশন,https://www.wafilife.com/cat/books/publisher/inkspring-publication
ইচ্ছাশক্তি প্রকাশনী,https://www.wafilife.com/cat/books/publisher/iccchashokti-prokashoni
ইজরা পাবলিকেশন্স,https://www.wafilife.com/cat/books/publisher/izra-publications
ইজি পাবলিকেশন্স,https://www.wafilife.com/cat/books/publisher/ইজি-পাবলিকেশন্স
ইঞ্জিনিয়ার্স পাবলিকেশন্স,https://www.wafilife.com/cat/books/publisher/engineers-publications
ইতমিনান পাবলিকেশন্স,https://www.wafilife.com/cat/books/publisher/itminan-publications
ইতি প্রকাশন,https://www.wafilife.com/cat/books/publisher/ইতি-প্রকাশন
ইতিহাস ও ভূগোল প্রকাশন,https://www.wafilife.com/cat/books/publisher/itihas-o-vhugol-prokason
ইত্তিহাদ পাবলিকেশন,https://www.wafilife.com/cat/books/publisher/ইত্তিহাদ-পাবলিকেশন
ইত্যাদি গ্রন্থ প্রকাশ,https://www.wafilife.com/cat/books/publisher/ইত্যাদি-গ্রন্থ-প্রকাশ
ইদরীসিয়া ওয়েলফেয়ার ট্রাস্ট,https://www.wafilife.com/cat/books/publisher/idrisia-welfare-trust
ইদারাতুত তুরাসুল ইসলামি (বৈরুত),https://www.wafilife.com/cat/books/publisher/idaratut-turasul-islami-beirut
ইদারাতুল মানার প্রকাশনী,https://www.wafilife.com/cat/books/publisher/ইদারাতুল-মানার-প্রকাশনী
ইদারাহ প্রকাশন,https://www.wafilife.com/cat/books/publisher/idarah-prokashon
ইনকিলাব পাবলিকেশন,https://www.wafilife.com/cat/books/publisher/ইনকিলাব-পাবলিকেশন
ইনকিলাব মঞ্চ,https://www.wafilife.com/cat/books/publisher/inqilab-moncho
ইনফিনিটি পাবলিকেশন্স,https://www.wafilife.com/cat/books/publisher/infinity-publications
ইনবাত পাবলিকেশন,https://www.wafilife.com/cat/books/publisher/inbaat-publication
ইনভাইট পাবলিকেশন,https://www.wafilife.com/cat/books/publisher/invite-publication
ইনলাইটনিং পাবলিকেশন্স,https://www.wafilife.com/cat/books/publisher/enlightening-publications
ইনসাইট জোন পাবলিকেশন্স,https://www.wafilife.com/cat/books/publisher/insight-zone-publications
ইনসাইট পাবলিকেশন,https://www.wafilife.com/cat/books/publisher/insight-publication
ইনসাইট পাবলিকেশন্স,https://www.wafilife.com/cat/books/publisher/insight-publications
ইনসাফ পাবলিকেশন,https://www.wafilife.com/cat/books/publisher/insaf-publication
ইনসেপশন পাবলিকেশন্স,https://www.wafilife.com/cat/books/publisher/inception-publications
ইনস্টিটিউট অব ফ্যামিলি ডেভেলপমেন্ট,https://www.wafilife.com/cat/books/publisher/institute-of-family-development
ইনোভেটিভ পাবলিকেশন্স,https://www.wafilife.com/cat/books/publisher/innovative-publications
ইন্টারন্যাশনাল ইনস্টিটিউট অব ইসলামিক থট (আইআইআইটি),https://www.wafilife.com/cat/books/publisher/international-institute-of-islamic-thought-iiit
ইন্তিফাদা বুকস,https://www.wafilife.com/cat/books/publisher/intifada-books
ইফফাহ পাবলিকেশন্স,https://www.wafilife.com/cat/books/publisher/iffah-publication
ইবদা (মিশর),https://www.wafilife.com/cat/books/publisher/ibda-egypt
ইবরাত পাবলিকেশন,https://www.wafilife.com/cat/books/publisher/ibrat-publication
ইবাদাহ পাবলিকেশন,https://www.wafilife.com/cat/books/publisher/ibadah-publication
ইবানাহ পাবলিকেশন,https://www.wafilife.com/cat/books/publisher/ibanah-publications
ইমপ্রেস বুকস,https://www.wafilife.com/cat/books/publisher/impress-books
ইমাম পাবলিকেশন্স লিঃ,https://www.wafilife.com/cat/books/publisher/imampublication
ইমিন্যান্ট পাবলিকেশন্স,https://www.wafilife.com/cat/books/publisher/eminent-publications
ইমেজ ভোকাবুলারি,https://www.wafilife.com/cat/books/publisher/image-vocabulary
ইলম হাউজ পাবলিকেশন,https://www.wafilife.com/cat/books/publisher/ilmhouse-publication
ইলমওয়েব,https://www.wafilife.com/cat/books/publisher/ilmweb
ইলমিয়া ‍কুতুবখানা,https://www.wafilife.com/cat/books/publisher/ilmiya-kutubkhana
ইলহাম ILHAM,https://www.wafilife.com/cat/books/publisher/ইলহাম-ilham
ইলাননূর পাবলিকেশন,https://www.wafilife.com/cat/books/publisher/ilannoor-publication
ইশতেহার প্রকাশ,https://www.wafilife.com/cat/books/publisher/ishtehar-prkash
ইসলাম হাউজ পাবলিকেশন্স,https://www.wafilife.com/cat/books/publisher/ইসলাম-হাউজ-পাবলিকেশন্স
ইসলামিক একাডেমি বাংলাদেশ,https://www.wafilife.com/cat/books/publisher/islamic-academy-bangladesh
ইসলামিক এডুকেশন এন্ড রিসার্চ ফাউন্ডেশন (IERF),https://www.wafilife.com/cat/books/publisher/islamic-education-and-research-foundation
ইসলামিক দাওয়াহ পাবলিকেশন্স,https://www.wafilife.com/cat/books/publisher/ইসলামিক-দাওয়াহ-পাবলিকেশ
ইসলামিক ফাউন্ডেশন,https://www.wafilife.com/cat/books/publisher/islamic-foundation
ইসলামিক রেনেসাঁ পাবলিকেশন,https://www.wafilife.com/cat/books/publisher/islamic-renesa-publication
ইসলামিয়া কুতুবখানা,https://www.wafilife.com/cat/books/publisher/%e0%a6%87%e0%a6%b8%e0%a6%b2%e0%a6%be%e0%a6%ae%e0%a6%bf%e0%a6%af%e0%a6%bc%e0%a6%be-%e0%a6%95%e0%a7%81%e0%a6%a4%e0%a7%81%e0%a6%ac%e0%a6%96%e0%a6%be%e0%a6%a8%e0%a6%be
ইসলামিয়া কুতুবখানা,https://www.wafilife.com/cat/books/publisher/ইসলামিয়া-কুতুবখানা
ইসলামিয়া কুরআন মহল,https://www.wafilife.com/cat/books/publisher/islamia-quran-mohol
ইসলামী চিন্তা ও গবেষনা ইন্সটিটিউট,https://www.wafilife.com/cat/books/publisher/institute-of-islamic-thought-and-research
ইসলাহ প্রকাশনী,https://www.wafilife.com/cat/books/publisher/islah-prokashoni
ইহইয়া-উস সুন্নাহ ফাউন্ডেশন,https://www.wafilife.com/cat/books/publisher/ihiya-us-sunnah-foundation
ইহদা পাবলিকেশন,https://www.wafilife.com/cat/books/publisher/ihda-publication
ইহদিনা পাবলিকেশন,https://www.wafilife.com/cat/books/publisher/ihdina-publication
ইহসান পাবলিকেশন,https://www.wafilife.com/cat/books/publisher/ইহসান-পাবলিকেশন
ইয়োথ ওয়েভ,https://www.wafilife.com/cat/books/publisher/youth-wave
ঈমানিয়াত প্রকাশনী,https://www.wafilife.com/cat/books/publisher/ঈমানিয়াত-প্রকাশনী
ঈহা প্রকাশ,https://www.wafilife.com/cat/books/publisher/ঈহা-প্রকাশ
উইজডম পাবলিকেশন্স,https://www.wafilife.com/cat/books/publisher/wisdom-publications
উচ্ছ্বাস প্রকাশনী,https://www.wafilife.com/cat/books/publisher/ucchas-prokshoni
উজান প্রকাশন,https://www.wafilife.com/cat/books/publisher/ujan-prokasoni
উত্তরণ,https://www.wafilife.com/cat/books/publisher/uttoron
উদ্দীপন প্রকাশন,https://www.wafilife.com/cat/books/publisher/উদ্দীপন-প্রকাশন
উদয় পাবলিকেশন,https://www.wafilife.com/cat/books/publisher/uday-publication
উপকথা প্রকাশন,https://www.wafilife.com/cat/books/publisher/উপকথা-প্রকাশন
উপদেশ প্রকাশন,https://www.wafilife.com/cat/books/publisher/উপদেশ-প্রকাশন
উমেদ প্রকাশ,https://www.wafilife.com/cat/books/publisher/উমেদ-প্রকাশ
উম্ম উই কোরা পাবলিকেশন্স (সৌদি আরব),https://www.wafilife.com/cat/books/publisher/umm-ul-qura-publications-saudi-arabia
উম্মাহ পাবলিকেশন্স,https://www.wafilife.com/cat/books/publisher/ummah-publications
উম্মাহ্‌স বুকল্যান্ড,https://www.wafilife.com/cat/books/publisher/ummahs-bookland
উসওয়া প্রকাশনী,https://www.wafilife.com/cat/books/publisher/uswa-prokashoni
উৎকর্ষ,https://www.wafilife.com/cat/books/publisher/utakrsha
উৎকর্ষ সিরিজ পাবলিকেশন্স,https://www.wafilife.com/cat/books/publisher/utkarsho-series-publications
উৎস প্রকাশন,https://www.wafilife.com/cat/books/publisher/utso-prokashon
ঊষা প্রকাশন,https://www.wafilife.com/cat/books/publisher/ঊষা-প্রকাশন
ঋদ্ধ প্রকাশ,https://www.wafilife.com/cat/books/publisher/riddho-prokash
ঋদ্ধ প্রকাশন,https://www.wafilife.com/cat/books/publisher/riddho-prokashon
এ প্লাস প্রতিভা পাবলিকেশন্স,https://www.wafilife.com/cat/books/publisher/a-plus-pratibha-publications
এক শব্দে কুরআন শিক্ষা প্রকাশনী,https://www.wafilife.com/cat/books/publisher/ek-shobde-quran-shikkha-prokashoni
একটু শিখি,https://www.wafilife.com/cat/books/publisher/ektu-shikhi
একাডেমি অব কুরআন স্টাডিজ,https://www.wafilife.com/cat/books/publisher/academy-of-quran-studies
একাডেমিয়া পাবলিশিং হাউজ লি: (এপিএল),https://www.wafilife.com/cat/books/publisher/academia-publishing-house-ltd-apl
একুশ,https://www.wafilife.com/cat/books/publisher/ekush
এক্সসেপশন প্রকাশনী,https://www.wafilife.com/cat/books/publisher/acception-prokashoni
এক্সিলেন্ট পাবলিকেশন্স,https://www.wafilife.com/cat/books/publisher/এক্সিলেন্ট-পাবলিকেশন্স
এডুবিডি পাবলিকেশন্স,https://www.wafilife.com/cat/books/publisher/edubd-publications
এন এস পাবলিকেশনস,https://www.wafilife.com/cat/books/publisher/n-s-publication
এফ.এন.এফ পাবলিকেশন,https://www.wafilife.com/cat/books/publisher/f-n-f-publication
এফ.টি. পাবলিকেশন,https://www.wafilife.com/cat/books/publisher/ft-publication
এফোর্ট বিডি,https://www.wafilife.com/cat/books/publisher/effort-bd
এবনে গোলাম সামাদ গবেষণা কেন্দ্র,https://www.wafilife.com/cat/books/publisher/ebne-golam-samad-research-center
এবি পাবলিকেশন্স,https://www.wafilife.com/cat/books/publisher/ab-publications
এম.এ.এস.এন প্রকাশনী,https://www.wafilife.com/cat/books/publisher/masn-prokashoni
এমওএস পাবলিকেশন,https://www.wafilife.com/cat/books/publisher/mos-publications
"এমডি, আই.আর.এফ পাবলিকেশন্স",https://www.wafilife.com/cat/books/publisher/md-irf-publications
এমদাদিয়া পুস্তকালয় লিঃ,https://www.wafilife.com/cat/books/publisher/এমদাদিয়া-পুস্তকালয়-লিঃ
এমদাদিয়া লাইব্রেরী,https://www.wafilife.com/cat/books/publisher/emdadia-library
এমপি থ্রি পাবলিকেশন্স,https://www.wafilife.com/cat/books/publisher/mp3-publications
এশিয়া পাবলিকেশন্স,https://www.wafilife.com/cat/books/publisher/এশিয়া-পাবলিকেশন্স
এস. এ. প্রকাশনী,https://www.wafilife.com/cat/books/publisher/s-a-prokashani
এসএম-বন্ধু প্রকাশনী,https://www.wafilife.com/cat/books/publisher/sm-bondhu-publication
এসেনশিয়াল পাবলিকেশন,https://www.wafilife.com/cat/books/publisher/essential-publication
এ্যাবাকাস পাবলিকেশন্স,https://www.wafilife.com/cat/books/publisher/abacus-publications
ঐকতান প্রকাশন,https://www.wafilife.com/cat/books/publisher/eiktan-prakash
ঐতিহ্য,https://www.wafilife.com/cat/books/publisher/ঐতিহ্য
ও.আই.ই.পি,https://www.wafilife.com/cat/books/publisher/oiep
ওপেন পাবলিশিং হাউজ,https://www.wafilife.com/cat/books/publisher/open-publishing-house
ওমায়ের প্রকাশনী,https://www.wafilife.com/cat/books/publisher/omayer-prokashoni
ওরাকল পাবলিকেশন্স,https://www.wafilife.com/cat/books/publisher/oracle-publications
ওয়াটারমার্ক পাবলিকেশন,https://www.wafilife.com/cat/books/publisher/watermark-publications
ওয়ান পাবলিকেশন,https://www.wafilife.com/cat/books/publisher/one-publication
ওয়াফি পাবলিকেশন,https://www.wafilife.com/cat/books/publisher/wafi-publication
ওয়াফিলাইফ,https://www.wafilife.com/cat/books/publisher/wafilife
ওয়ারদাহ,https://www.wafilife.com/cat/books/publisher/wardah
ওয়ার্থী পাবলিকেশনস,https://www.wafilife.com/cat/books/publisher/worthy-publications
ওয়াহীদিয়া ইসলামিয়া লাইব্রেরী,https://www.wafilife.com/cat/books/publisher/wahidiya-islamiya-library
কওমি লাইব্রেরী,https://www.wafilife.com/cat/books/publisher/কওমি-লাইব্রেরী
কথন প্রকাশনী,https://www.wafilife.com/cat/books/publisher/kathon-prokashoni
কথাপ্রকাশ,https://www.wafilife.com/cat/books/publisher/kathaprokash
কথাবৃত্ত প্রকাশনী,https://www.wafilife.com/cat/books/publisher/kothabritto-publication
কথামেলা প্রকাশন,https://www.wafilife.com/cat/books/publisher/kothamela-prokashon
কনক পাবলিকেশনস,https://www.wafilife.com/cat/books/publisher/kanak-publications
কনজুমেট পাবলিকেশন্স,https://www.wafilife.com/cat/books/publisher/consummate-publication
কনফিডেন্ট পাবলিকেশন,https://www.wafilife.com/cat/books/publisher/কনফিডেন্ট-পাবলিকেশন
কবি প্রকাশনী,https://www.wafilife.com/cat/books/publisher/কবি-প্রকাশনী
কবির পাবলিকেশন্স,https://www.wafilife.com/cat/books/publisher/kabir-publications
কমল কুঁড়ি প্রকাশন,https://www.wafilife.com/cat/books/publisher/komol-kuri-prokason
কমার্স পাবলিকেশন্স,https://www.wafilife.com/cat/books/publisher/commerce-publications
কমিউনিটি ওয়েলফেয়ার ইনিশিয়েটিভ,https://www.wafilife.com/cat/books/publisher/community-welfare-initiative
কর্নিয়া পাবলিকেশন্স,https://www.wafilife.com/cat/books/publisher/cornea-publication
কলম একাডেমি,https://www.wafilife.com/cat/books/publisher/kolom-academy
কলম প্রকাশ,https://www.wafilife.com/cat/books/publisher/কলম-প্রকাশ
কলমালাপ সাহিত্য পরিষদ,https://www.wafilife.com/cat/books/publisher/kalamalap-sahitya-parishad
কলরব প্রকাশন,https://www.wafilife.com/cat/books/publisher/kolorob-prokashon
কলি প্রকাশনী,https://www.wafilife.com/cat/books/publisher/koli-prokashoni
কলেজিয়েট প্রকাশনী,https://www.wafilife.com/cat/books/publisher/collegiate-publications
কাকলী প্রকাশনী,https://www.wafilife.com/cat/books/publisher/kakali-prokashoni
কাকাতুয়া,https://www.wafilife.com/cat/books/publisher/kakatua
কাগজপত্র,https://www.wafilife.com/cat/books/publisher/kagojpotro
কাজল ব্রাদার্স লিমিটেড,https://www.wafilife.com/cat/books/publisher/kazal-brothers-limited
কাজী বুক হাউস,https://www.wafilife.com/cat/books/publisher/kazi-book-house
কাঠপেন্সিল,https://www.wafilife.com/cat/books/publisher/কাঠপেন্সিল
কাতেবিন প্রকাশন,https://www.wafilife.com/cat/books/publisher/katebeen-prokashon
কানন,https://www.wafilife.com/cat/books/publisher/কানন
কাব্যগ্রন্থ প্রকাশন,https://www.wafilife.com/cat/books/publisher/kabyogrontho-prokashon
কামিয়াব প্রকাশন লিমিটেড,https://www.wafilife.com/cat/books/publisher/kamiyab-proakshon-ltd
কারভান পাবলিকেশন,https://www.wafilife.com/cat/books/publisher/curvan-publication
কারিমাহ্‌ প্রকাশনী,https://www.wafilife.com/cat/books/publisher/karimah-prokashoni
কারিমুনি,https://www.wafilife.com/cat/books/publisher/karimuni
কারু প্রকাশ,https://www.wafilife.com/cat/books/publisher/karuprokash
কালান্তর পরিবেশিত,https://www.wafilife.com/cat/books/publisher/কালান্তর-পরিবেশিত
কালান্তর প্রকাশনী,https://www.wafilife.com/cat/books/publisher/কালান্তর-প্রকাশনী
কালার পেন্সিল,https://www.wafilife.com/cat/books/publisher/color-pencil
কালিকলম প্রকাশনা,https://www.wafilife.com/cat/books/publisher/kalikolom-prokashona
কালোহরফ,https://www.wafilife.com/cat/books/publisher/kalohorof
কাশফ প্রকাশনী,https://www.wafilife.com/cat/books/publisher/kashf-prokashoni
কাশফুল প্রকাশন,https://www.wafilife.com/cat/books/publisher/কাশফুল-প্রকাশন
কাশফুল প্রকাশনী,https://www.wafilife.com/cat/books/publisher/কাশফুল-প্রকাশনী
কাসাস পাবলিকেশন,https://www.wafilife.com/cat/books/publisher/kasas-publication
কাহফ বাংলাদেশ,https://www.wafilife.com/cat/books/publisher/kahf-bangladash
কাহরামান পাবলিকেশন,https://www.wafilife.com/cat/books/publisher/kahraman-publication
কিং ফাহাদ গ্লোরিয়াস,https://www.wafilife.com/cat/books/publisher/king-fahad-glorious
কিংবদন্তী পাবলিকেশন,https://www.wafilife.com/cat/books/publisher/kingbodonty-publication
কিউএনএ পাবলিকেশন্স,https://www.wafilife.com/cat/books/publisher/qna-publications
কিডো,https://www.wafilife.com/cat/books/publisher/kidoo
কিতাব কানন,https://www.wafilife.com/cat/books/publisher/কিতাব-কানন
কিতাব বাড়ি ডট কম,https://www.wafilife.com/cat/books/publisher/kitab-bari-dot-com
কিতাব ভবন,https://www.wafilife.com/cat/books/publisher/kitab-vhobon
কিতাবিস্তান,https://www.wafilife.com/cat/books/publisher/kitabistan
কিন্ডারবুকস,https://www.wafilife.com/cat/books/publisher/kinderbooks
কিরতাস প্রকাশ,https://www.wafilife.com/cat/books/publisher/kirtash-prokash
কিশোরকন্ঠ,https://www.wafilife.com/cat/books/publisher/kishorkontho
কুতুববিডি-KutubBD,https://www.wafilife.com/cat/books/publisher/kutubbd
কুতুবুল মাসলাম,https://www.wafilife.com/cat/books/publisher/kutubul-maslam
কুরআন এইজ পাবলিকেশন,https://www.wafilife.com/cat/books/publisher/quran-edge-publication
কুরআন ক্যাম্পাস,https://www.wafilife.com/cat/books/publisher/quran-campus
কুরআন মাজীদ একাডেমী,https://www.wafilife.com/cat/books/publisher/কুরআন-মাজীদ-একাডেমী
কুরআন রিসার্চ ফাউণ্ডেশন,https://www.wafilife.com/cat/books/publisher/quran-research-foundation
কুরআন সুন্নাহ প্রকাশনী,https://www.wafilife.com/cat/books/publisher/quran-sunnah-prokashoni
কুরআন হাদীস রিসার্চ একাডেমি,https://www.wafilife.com/cat/books/publisher/quran-hadis-research-academy
কুরআনিক বুকস পাবলিকেশন্স,https://www.wafilife.com/cat/books/publisher/quranic-books-publications
কুরআনে ভাষা আরবি শিখি,https://www.wafilife.com/cat/books/publisher/quraner-vasha-arbi-shikhi
কেন্দ্রবিন্দু,https://www.wafilife.com/cat/books/publisher/kendrobindu
কেমিয়াস পাবলিকেশন্স,https://www.wafilife.com/cat/books/publisher/chemius-publication
কৈশোর পাবলিকেশন,https://www.wafilife.com/cat/books/publisher/koishor-publication
কোরআন মহল প্রকাশনী,https://www.wafilife.com/cat/books/publisher/কোরআন-মহল-প্রকাশনী
কোহিনূর লাইব্রেরী,https://www.wafilife.com/cat/books/publisher/kohinoor-library
কোয়ালিটি পাবলিকেশন,https://www.wafilife.com/cat/books/publisher/quality-publication
ক্যামব্রিজ ইউনিভার্সিটি প্রেস,https://www.wafilife.com/cat/books/publisher/cambridge-university-press
ক্যারিয়ার পাবলিকেশন্স,https://www.wafilife.com/cat/books/publisher/career-publications
ক্যারিয়ার শেপার,https://www.wafilife.com/cat/books/publisher/career-shaper
ক্রাউন পাবলিকেশন্স লিমিটেড,https://www.wafilife.com/cat/books/publisher/crown-publications-ltd
ক‌ম্পেয়ার পাব‌লি‌কেশন্স,https://www.wafilife.com/cat/books/publisher/compare-publications
খতীবে মিল্লাত প্রকাশন,https://www.wafilife.com/cat/books/publisher/khotibe-millat-prokashon
খন্দকার প্রকাশনী,https://www.wafilife.com/cat/books/publisher/খন্দকার-প্রকাশনী
খাইরুলস পাবলিকেশন্স,https://www.wafilife.com/cat/books/publisher/খাইরুলস-পাবলিকেশন্স
খান প্রকাশনী,https://www.wafilife.com/cat/books/publisher/khan-publishing
খান প্রকাশনী,https://www.wafilife.com/cat/books/publisher/khan-publication
খান প্রোডাক্ট,https://www.wafilife.com/cat/books/publisher/khan-product
খান ব্রাদার্স অ্যান্ড কোম্পানি,https://www.wafilife.com/cat/books/publisher/খান-ব্রাদার্স-অ্যান্ড-কো
খানকায়ে শাইখ যাকারিয়া রহ. ও জামিয়া মাযাহেরে উলূম,https://www.wafilife.com/cat/books/publisher/khankaye-sheikh-zakaria-rah-and-jamia-majahere-uloom
খায়রুন প্রকাশনী,https://www.wafilife.com/cat/books/publisher/khairun-publication
খুশবু,https://www.wafilife.com/cat/books/publisher/খুশবু
খেয়া প্রকাশনী,https://www.wafilife.com/cat/books/publisher/khea-prokashoni
খোশরোজ কিতাব মহল,https://www.wafilife.com/cat/books/publisher/খোশরোজ-কিতাব-মহল
খোয়াব,https://www.wafilife.com/cat/books/publisher/khoyab
খড়িয়া প্রকাশন,https://www.wafilife.com/cat/books/publisher/khoria-prokashon
গতিধারা,https://www.wafilife.com/cat/books/publisher/gotidhara
গদ্যপদ্য,https://www.wafilife.com/cat/books/publisher/গদ্যপদ্য
গপ্পো-সপ্পো প্রকাশন,https://www.wafilife.com/cat/books/publisher/goppo-soppo-publication
গরীবের গরীবখানা,https://www.wafilife.com/cat/books/publisher/goriber-goribkhana
গলুই প্রকাশন,https://www.wafilife.com/cat/books/publisher/galui-publication
গাইডলাইন পাবলিকেশন,https://www.wafilife.com/cat/books/publisher/guideline-publication
গাইডেন্স পাবলিকেশন্স,https://www.wafilife.com/cat/books/publisher/guidance-publications
গাইডেন্স ভিশন,https://www.wafilife.com/cat/books/publisher/guidance-vision
গাউসিয়া পাবলিকেশন্স,https://www.wafilife.com/cat/books/publisher/গাউসিয়া-পাবলিকেশন্স
গাওসিয়া পাবলিকেশন্স,https://www.wafilife.com/cat/books/publisher/gaosiya-publications
গাজী প্রকাশনী,https://www.wafilife.com/cat/books/publisher/গাজী-প্রকাশনী
গার্ডিয়ান পাবলিকেশন্স,https://www.wafilife.com/cat/books/publisher/গার্ডিয়ান-পাবলিকেশন্স
গুড ওয়ার্ড,https://www.wafilife.com/cat/books/publisher/goodword
গ্রন্থ কুটির,https://www.wafilife.com/cat/books/publisher/grontho-kutir
গ্রন্থগ্রহ,https://www.wafilife.com/cat/books/publisher/gronthogroho
গ্রন্থরাজ্য,https://www.wafilife.com/cat/books/publisher/গ্রন্থরাজ্য
গ্রন্থশালা প্রকাশন,https://www.wafilife.com/cat/books/publisher/grontosala-publication
গ্রন্থাগার প্রকাশন,https://www.wafilife.com/cat/books/publisher/gronthagar-prokashon
গ্রন্থালয়,https://www.wafilife.com/cat/books/publisher/gronthaloy
গ্রন্থিক প্রকাশন,https://www.wafilife.com/cat/books/publisher/granthik-prokashon
গ্রাজুয়েট পাবলিকেশন্স,https://www.wafilife.com/cat/books/publisher/graduate-publications
গ্রিপার মার্ক পাবলিকেশন,https://www.wafilife.com/cat/books/publisher/gripper-mark-publications
গ্লোবাল পাবলিশিং নেটওয়ার্ক,https://www.wafilife.com/cat/books/publisher/global-publishing-network
ঘাসফুল,https://www.wafilife.com/cat/books/publisher/ghasful
চন্দ্রবিন্দু প্রকাশন (চট্টগ্রাম),https://www.wafilife.com/cat/books/publisher/chondeobindu-prokashon-chottogram
চমনপ্রকাশ,https://www.wafilife.com/cat/books/publisher/chomonprokash
চর্চা গ্রন্থ প্রকাশ,https://www.wafilife.com/cat/books/publisher/চর্চা-গ্রন্থ-প্রকাশ
চারুলতা প্রকাশন,https://www.wafilife.com/cat/books/publisher/charulata-prakason
চারুলিপি প্রকাশন,https://www.wafilife.com/cat/books/publisher/charulipi-prokashon
চিঠি প্রকাশন,https://www.wafilife.com/cat/books/publisher/চিঠি-প্রকাশন
চিন্তাচর্চা,https://www.wafilife.com/cat/books/publisher/chintachorcha
চিন্তাপত্র প্রকাশন,https://www.wafilife.com/cat/books/publisher/chintapatra-prokashon
চিরকুট,https://www.wafilife.com/cat/books/publisher/চিরকুট
চিরায়ত,https://www.wafilife.com/cat/books/publisher/cirayoto
চিলড্রেন বুকস সেন্টার,https://www.wafilife.com/cat/books/publisher/childrens-books-center
চিলেকোঠা পাবলিকেশন,https://www.wafilife.com/cat/books/publisher/chilekotha-publicaton
চেতনা প্রকাশন,https://www.wafilife.com/cat/books/publisher/chetona-prokashon
চেনা সুর প্রকাশনী,https://www.wafilife.com/cat/books/publisher/chena-shur-prokashoni
চৈতন্য,https://www.wafilife.com/cat/books/publisher/choitonno
চ্যান্সেলর,https://www.wafilife.com/cat/books/publisher/chancellor
চড়ুই পাবলিকেশন,https://www.wafilife.com/cat/books/publisher/চড়ুই-পাবলিকেশন
চয়ন প্রকাশন,https://www.wafilife.com/cat/books/publisher/chayan-publication
ছাপাখানা প্রকাশনী,https://www.wafilife.com/cat/books/publisher/chapakhana-prokashoni
ছায়া প্রকাশন,https://www.wafilife.com/cat/books/publisher/chaya-prokashon
ছায়াবীথি,https://www.wafilife.com/cat/books/publisher/chayabithi
ছায়ামঞ্চ পাবলিকেশন্স,https://www.wafilife.com/cat/books/publisher/chayamonch-publication
ছোটদের বই,https://www.wafilife.com/cat/books/publisher/ছোটদের-বই
জনতা প্রকাশ,https://www.wafilife.com/cat/books/publisher/জনতা-প্রকাশ
জনলেখ প্রকাশনী,https://www.wafilife.com/cat/books/publisher/জনলেখ-প্রকাশনী
জবগুরু,https://www.wafilife.com/cat/books/publisher/jobguru
জমজম কুতুবখানা,https://www.wafilife.com/cat/books/publisher/jamjam-kutubkhana
জলছবি প্রকাশন,https://www.wafilife.com/cat/books/publisher/jolchobi-prokashon
জলরঙ পাবলিকেশন,https://www.wafilife.com/cat/books/publisher/jolrong-publication
জাগরণ প্রকাশন,https://www.wafilife.com/cat/books/publisher/jagoron-prokashon
জাগৃতি প্রকাশনী,https://www.wafilife.com/cat/books/publisher/jagriti-prokashoni
জাতীয় সাহিত্য প্রকাশ,https://www.wafilife.com/cat/books/publisher/jatiya-sahitya-prakash
জাদীদ প্রকাশন,https://www.wafilife.com/cat/books/publisher/জাদীদ-প্রকাশন
জাদুঘর প্রকাশনী,https://www.wafilife.com/cat/books/publisher/jadughor-prokashoni
জান্নাত প্রকাশনী,https://www.wafilife.com/cat/books/publisher/jannat-prokashoni
জাব পাবলিকেশন,https://www.wafilife.com/cat/books/publisher/jab-publication
জামেয়া প্রকাশনী,https://www.wafilife.com/cat/books/publisher/jameya-prokashoni
জায়েদ লাইব্রেরী,https://www.wafilife.com/cat/books/publisher/jayed-library
জি.এম. কামরুল ইসলাম,https://www.wafilife.com/cat/books/publisher/gm-kamrul-islam
জিনিয়াস পাবলিকেশন্স,https://www.wafilife.com/cat/books/publisher/জিনিয়াস-পাবলিকেশন্স
জিহাদ একাডেমি,https://www.wafilife.com/cat/books/publisher/zihad-academy
জোনাকী প্রকাশনী,https://www.wafilife.com/cat/books/publisher/জোনাকী-প্রকাশনী
জ্ঞান কুটির,https://www.wafilife.com/cat/books/publisher/gyan-kutir
জ্ঞান বিতরণী,https://www.wafilife.com/cat/books/publisher/জ্ঞান-বিতরণী
জ্ঞান বিতান,https://www.wafilife.com/cat/books/publisher/জ্ঞান-বিতান
জ্ঞানকোষ প্রকাশনী,https://www.wafilife.com/cat/books/publisher/gankosh-prokashoni
জ্ঞানজ্যোতি প্রকাশনী,https://www.wafilife.com/cat/books/publisher/geyanjoti-prokashoni
জ্ঞানপিপাসু প্রকাশন,https://www.wafilife.com/cat/books/publisher/geyanpipasu-prokashon
জ্ঞানের আলো পাঠাগার,https://www.wafilife.com/cat/books/publisher/gyaner-alo-pathagar
জ্ঞানের আলো প্রকাশনী,https://www.wafilife.com/cat/books/publisher/gyaner-alo-prokashoni
জ্যোতি প্রকাশ,https://www.wafilife.com/cat/books/publisher/জ্যোতি-প্রকাশ
জয়কলি পাবলিকেশন্স লিঃ,https://www.wafilife.com/cat/books/publisher/জয়কলি-পাবলিকেশন্স-লিঃ
জয়যাত্রা পাবলিকেশন্স,https://www.wafilife.com/cat/books/publisher/joyzatra-publications
ঝিঙেফুল,https://www.wafilife.com/cat/books/publisher/jhingephul
ঝিনুক প্রকাশনী,https://www.wafilife.com/cat/books/publisher/jhinuk-prokason
টই টই প্রকাশন,https://www.wafilife.com/cat/books/publisher/toi-toi-prokashon
টাইমস পিআর পাবলিকেশন্স,https://www.wafilife.com/cat/books/publisher/times-pr-publications
টার্গেট প্রকাশন,https://www.wafilife.com/cat/books/publisher/target-prokashon
টি এ্যান্ড টি পাবলিশার্স এ্যান্ড প্রিন্টিং,https://www.wafilife.com/cat/books/publisher/tt-publishers-and-printing
টিউটর পাবলিকেশন্স,https://www.wafilife.com/cat/books/publisher/tutor-publications
টিফিন পাবলিকেশন্স,https://www.wafilife.com/cat/books/publisher/tiffin-publications
টিম দাওয়াহ,https://www.wafilife.com/cat/books/publisher/taim-dawah
টুইংকেল পাবলিশিং,https://www.wafilife.com/cat/books/publisher/twinkle-publishing
টুনটুন বুকস,https://www.wafilife.com/cat/books/publisher/toontoon-books
টেন মিনিট স্কুল,https://www.wafilife.com/cat/books/publisher/ten-minute-school-publisher
ট্যাক্সপার্ট পাবলিকেশন,https://www.wafilife.com/cat/books/publisher/taxpert-publication
ট্যালেন্ট পাবলিকেশন্স,https://www.wafilife.com/cat/books/publisher/talent-publication
ড. ফরিদউদ্দীন আহমাদ,https://www.wafilife.com/cat/books/publisher/dr-fariduddin-ahmad
ডক্টরস প্রকাশন,https://www.wafilife.com/cat/books/publisher/doctors-prokashon
ডটপেন পাবলিকেশন্স,https://www.wafilife.com/cat/books/publisher/ডটপেন-পাবলিকেশন্স
ডাইনামিক প্রকাশন,https://www.wafilife.com/cat/books/publisher/dynamic-publishing
ডাক,https://www.wafilife.com/cat/books/publisher/ডাক
ডায়নামিক পাবলিকেশন,https://www.wafilife.com/cat/books/publisher/dynamic-publication
ডিফেন্স প্রকাশনী,https://www.wafilife.com/cat/books/publisher/defense-prokashoni
ডেব্রেক পাবলিকেশন,https://www.wafilife.com/cat/books/publisher/daybreak-publication
ড্যাফোডিল ইন্টারন্যাশনাল ইউনিভার্সিটি প্রেস,https://www.wafilife.com/cat/books/publisher/daffodil-international-university-press
ড্রিম হাউস পাবলিকেশন্স,https://www.wafilife.com/cat/books/publisher/dream-house-publications
ঢাকা হলি সার্ভে ট্রেনিং সেন্টার,https://www.wafilife.com/cat/books/publisher/dhaka-holly-survey-training-centre
ঢাকেশ্বরী লাইব্রেরী,https://www.wafilife.com/cat/books/publisher/dhakeshwary-library
তবআতু জায়িজাহ দুবাই আদ দাউলিয়াহ লিল কুরআনুল কারিম (আরব আমিরাত),https://www.wafilife.com/cat/books/publisher/tabatu-zaijah-dubai-ad-dawliyyah-lil-quranul-kareem-united-arab-emirates
তমদ্দুন প্রকাশনী,https://www.wafilife.com/cat/books/publisher/tomuddun-prokashoni
তরফদার প্রকাশনী,https://www.wafilife.com/cat/books/publisher/torofdar-prokashoni
তাইবাহ একাডেমি,https://www.wafilife.com/cat/books/publisher/taibah-academy
তাওহীদ পাবলিকেশন্স,https://www.wafilife.com/cat/books/publisher/tawhid-publication
তাকওয়া পাবলিকেশন্স,https://www.wafilife.com/cat/books/publisher/taqwa-plublications
তাক্বিয়া বুক ডিপো,https://www.wafilife.com/cat/books/publisher/taqia-book-dipo
তাজকিয়া পাবলিকেশন,https://www.wafilife.com/cat/books/publisher/তাজকিয়া-পাবলিকেশন
তাজদিদ পাবলিকেশন,https://www.wafilife.com/cat/books/publisher/tajdid-publication
তাদাব্বুর পাবলিকেশন,https://www.wafilife.com/cat/books/publisher/tadabbur-publications
তানজিল প্রকাশন,https://www.wafilife.com/cat/books/publisher/tanzil-publications
তানযীম কুতুবখানা,https://www.wafilife.com/cat/books/publisher/তানযীম-কুতুবখানা
তানযীল পাবলিকেশন্স,https://www.wafilife.com/cat/books/publisher/tanzeel-publication
তানশির পাবলিকেশন,https://www.wafilife.com/cat/books/publisher/tansheer-publication
তাফসীর পাবলিকেশন কমিটি,https://www.wafilife.com/cat/books/publisher/তাফসীর-পাবলিকেশন-কমিটি
তাফহীম পাবলিকেশন,https://www.wafilife.com/cat/books/publisher/tafheem-publications
তাবলীগী কুতুবখানা,https://www.wafilife.com/cat/books/publisher/tableague-kutubkhana
তাবসিরাহ,https://www.wafilife.com/cat/books/publisher/tabsirah
তামাদ্দুন,https://www.wafilife.com/cat/books/publisher/tamaddun
তাম্রলিপি,https://www.wafilife.com/cat/books/publisher/তাম্রলিপি
তাযকির পাবলিকেশন,https://www.wafilife.com/cat/books/publisher/tazkir-publication
তাযকিয়া সেন্টার,https://www.wafilife.com/cat/books/publisher/tazkiya-centre
তারবিয়াহ,https://www.wafilife.com/cat/books/publisher/tarbiyah
তারান্নুম প্রকাশনী,https://www.wafilife.com/cat/books/publisher/tarannum-prokashoni
তারুণ্য প্রকাশন,https://www.wafilife.com/cat/books/publisher/tarunnya-prokashon
তারুণ্যের উচ্ছ্বাস প্রকাশন,https://www.wafilife.com/cat/books/publisher/tarunyer-ucchwash-prokashon
তালবিয়া প্রকাশন,https://www.wafilife.com/cat/books/publisher/talbiya-prokashon
তালিমুন নিসা,https://www.wafilife.com/cat/books/publisher/taleemun-nisa
তালীমী ফাউন্ডেশন বাংলাদেশ,https://www.wafilife.com/cat/books/publisher/talimi-foundation-bangladesh
তালীমুল উম্মাহ প্রকাশনী,https://www.wafilife.com/cat/books/publisher/তালীমুল-উম্মাহ-প্রকাশনী
তাসনিফ পাবলিকেশন,https://www.wafilife.com/cat/books/publisher/tasnif-publication
তাসনিফ প্রকাশনী,https://www.wafilife.com/cat/books/publisher/tasnif-prokashoni
তাসনিম পাবলিকেশন,https://www.wafilife.com/cat/books/publisher/তাসনিম-পাবলিকেশন
তাহফীযুল কুরআন পাবলিকেশন,https://www.wafilife.com/cat/books/publisher/tahfizul-quran-publication
তিতাস পাবলিকেশন্স,https://www.wafilife.com/cat/books/publisher/titas-publications
তুবা পাবলিকেশন,https://www.wafilife.com/cat/books/publisher/tuba-publication
তুরাস প্রকাশনী,https://www.wafilife.com/cat/books/publisher/turas-publication
তৃণলতা প্রকাশ,https://www.wafilife.com/cat/books/publisher/trinolota-prokash
তৃতীয় চোখ,https://www.wafilife.com/cat/books/publisher/tritiyo-chokh
তৌফিক প্রকাশন,https://www.wafilife.com/cat/books/publisher/taufiq-prokasan
থানভী লাইব্রেরী,https://www.wafilife.com/cat/books/publisher/থানভী-লাইব্রেরী
দরবারে কেতাব,https://www.wafilife.com/cat/books/publisher/darbare-ketab
দাঁড়িকমা প্রকাশনী,https://www.wafilife.com/cat/books/publisher/দাঁড়িকমা
দাওয়া পাবলিকেশন,https://www.wafilife.com/cat/books/publisher/dawah-publication
দারসুন,https://www.wafilife.com/cat/books/publisher/dursoon
দারিল ইলম লিল মালায়িন,https://www.wafilife.com/cat/books/publisher/dar-il-ilm-lil-malayin
দারু আরবাব আল ইলম (তুরষ্ক),https://www.wafilife.com/cat/books/publisher/daru-arbab-al-ilam-turkey
দারু ইহইয়া ইত তুরসুল আরবি (বৈরুত),https://www.wafilife.com/cat/books/publisher/daru-ihyait-tursul-arabi-beirut
দারু মাকতাবাতু আলামিয়া (মিশর),https://www.wafilife.com/cat/books/publisher/daru-maktabatu-alamia-egypt
দারু রিসালাতুল আলামিয়া (বৈরুত),https://www.wafilife.com/cat/books/publisher/daru-risalat-al-alamiya-beirut
দারুত তাওফিকিয়্যাহ (মিশর),https://www.wafilife.com/cat/books/publisher/darut-tawfiqiyah-egypt
দারুত তাকওয়া (সিরিয়া),https://www.wafilife.com/cat/books/publisher/darut-taqwa-syria
দারুত তাকবীর,https://www.wafilife.com/cat/books/publisher/darut-takbeer
দারুত তাজকিয়া,https://www.wafilife.com/cat/books/publisher/darut-tajkiya
দারুত তানফীয,https://www.wafilife.com/cat/books/publisher/দারুত-তানফীয
দারুত তানমিয়াহ,https://www.wafilife.com/cat/books/publisher/darut-tanmiyah
দারুত তাসনীফ,https://www.wafilife.com/cat/books/publisher/darut-tasnif
দারুত তাহলীল প্রকাশনী,https://www.wafilife.com/cat/books/publisher/দারুত-তাহলীল-প্রকাশনী
দারুত তিবইয়ান,https://www.wafilife.com/cat/books/publisher/daruttibyan
দারুত তোহফা,https://www.wafilife.com/cat/books/publisher/darut-tohfa
দারুত ত্বলাবা,https://www.wafilife.com/cat/books/publisher/darut-twalaba
দারুন নাজাত পাবলিকেশন্স,https://www.wafilife.com/cat/books/publisher/দারুন-নাজাত-পাবলিকেশন্স
দারুর রশিদ প্রকাশনী,https://www.wafilife.com/cat/books/publisher/darur-rashid-prokashoni
দারুল আরকাম,https://www.wafilife.com/cat/books/publisher/দারুল-আরকাম
দারুল আরাবিয়্যাহ,https://www.wafilife.com/cat/books/publisher/darul-arabiyah
"দারুল আলামিয়্যাহ (ইন্দোনেশিয়া, মিশর)",https://www.wafilife.com/cat/books/publisher/dar-ul-alamiyah-indonesia-egypt
দারুল আলামিয়া (ইন্দোনেশিয়া),https://www.wafilife.com/cat/books/publisher/dar-ul-alamia-indonesia
দারুল আসিমা (সৌদি আরব),https://www.wafilife.com/cat/books/publisher/dar-ul-asima-saudi-arabia
দারুল ইবতিকার,https://www.wafilife.com/cat/books/publisher/darul-ibtikar
দারুল ইমাম আল-আ'যম,https://www.wafilife.com/cat/books/publisher/darul-imam-al-azom
দারুল ইলম,https://www.wafilife.com/cat/books/publisher/দারুল-ইলম
দারুল ইলমি লিলমালাইন (বৈরুত),https://www.wafilife.com/cat/books/publisher/darul-ilmi-lilmalaine-beirut
দারুল ইসনাদ পাবলিকেশন্স,https://www.wafilife.com/cat/books/publisher/daarul-isnaad-publications
দারুল ইসলাম পাবলিকেশন ( ৫০ বাংলাবাজার ),https://www.wafilife.com/cat/books/publisher/দারুল-ইসলাম-পাবলিকেশন-৫০
দারুল ইহদা,https://www.wafilife.com/cat/books/publisher/দারুল-ইহদা
দারুল ইয়াসর লিননাশর (মিশর),https://www.wafilife.com/cat/books/publisher/dar-ul-yasar-linnashar-egypt
দারুল ঈমান,https://www.wafilife.com/cat/books/publisher/darul-iman
দারুল উলূম রামপুরা বনশ্রী মাদরাসা,https://www.wafilife.com/cat/books/publisher/darul-ulum-rampura-bonosri-madrasha
দারুল উলূম লাইব্রেরী,https://www.wafilife.com/cat/books/publisher/darul-uloom-library
দারুল ওয়াফা,https://www.wafilife.com/cat/books/publisher/দারুল-ওয়াফা
দারুল ওয়াফা (মিশর),https://www.wafilife.com/cat/books/publisher/darul-wafaa-egypt
দারুল কলম,https://www.wafilife.com/cat/books/publisher/দারুল-কলম
দারুল কলম (দামেস্ক),https://www.wafilife.com/cat/books/publisher/dar-ul-kalam-damascus
দারুল কারার পাবলিকেশন্স,https://www.wafilife.com/cat/books/publisher/darul-qarar-publications
দারুল কালিমাত,https://www.wafilife.com/cat/books/publisher/darul-kalimat
দারুল কিতাব,https://www.wafilife.com/cat/books/publisher/দারুল-কিতাব
"দারুল কিতাব আল আরাবিয়া (মিশর, বৈরুত)",https://www.wafilife.com/cat/books/publisher/darul-kitab-al-arabiya-egypt-beirut
দারুল কিতাবওয়াত্তাছনীফ (রাহনুমা পরিবেশিত),https://www.wafilife.com/cat/books/publisher/দারুল-কিতাবওয়াত্তাছনীফ
দারুল কুতুব,https://www.wafilife.com/cat/books/publisher/darul-qutb
দারুল কুতুব আল ইলমিয়া (বৈরুত),https://www.wafilife.com/cat/books/publisher/dar-ul-qutb-al-ilmia-beirut
দারুল কুরআন,https://www.wafilife.com/cat/books/publisher/দারুল-কুরআন
দারুল খায়ের (সৌদি আরব),https://www.wafilife.com/cat/books/publisher/dar-ul-khair-saudi-arabia
দারুল গাদ্দিল জাদিদ (মিশর),https://www.wafilife.com/cat/books/publisher/dar-ul-gaddil-jadid-egypt
দারুল জান্নাহ,https://www.wafilife.com/cat/books/publisher/darul-jannah
দারুল ফাতহ (জর্ডান),https://www.wafilife.com/cat/books/publisher/darul-fath-jordan
দারুল ফালাহ,https://www.wafilife.com/cat/books/publisher/darul-falah
দারুল ফিকর,https://www.wafilife.com/cat/books/publisher/darul-fikr
দারুল ফিকর (বৈরুত),https://www.wafilife.com/cat/books/publisher/dar-ul-fikr-beirut
দারুল ফুরকান,https://www.wafilife.com/cat/books/publisher/darul-furqan
দারুল মাআরিফ (মিশর),https://www.wafilife.com/cat/books/publisher/dar-ul-maarif-egypt
দারুল মাকতাবা (বৈরুত),https://www.wafilife.com/cat/books/publisher/dar-ul-maqtaba-beirut
দারুল মানহাজ,https://www.wafilife.com/cat/books/publisher/darul-manhaj
দারুল মিনহাজ (সৌদি আরব),https://www.wafilife.com/cat/books/publisher/dar-ul-minhaj-saudi-arabia
দারুল মিরাছ আন নববি,https://www.wafilife.com/cat/books/publisher/dar-ul-mirach-an-nabbi
দারুল মিরাজ (বৈরুত),https://www.wafilife.com/cat/books/publisher/darul-miraj-beirut
দারুল মুআল্লিফ,https://www.wafilife.com/cat/books/publisher/darul-muallif
দারুল লুগাতিল আরাবিয়া বাংলাদেশ,https://www.wafilife.com/cat/books/publisher/darul-lugatil-arabiya-bangladesh
দারুল লুবাব,https://www.wafilife.com/cat/books/publisher/darul-lubab
দারুল লুবাব (বৈরুত),https://www.wafilife.com/cat/books/publisher/dar-ul-lubab-beirut
দারুল লূউলুউ (মিশর),https://www.wafilife.com/cat/books/publisher/dar-ul-loulou-egypt
দারুল হাদারাত লিননাশর ওয়াততাউজিঈ (মিশর),https://www.wafilife.com/cat/books/publisher/darul-hadarat-linnashar-wattawzii-egypt
দারুল হাদীস (মিশর),https://www.wafilife.com/cat/books/publisher/dar-ul-hadith-egypt
দারুল হিকমাহ পাবলিকেশন্স লিমিটেড,https://www.wafilife.com/cat/books/publisher/darul-hikmah-bangladesh-ltd
দারুল হিলাল,https://www.wafilife.com/cat/books/publisher/দারুল-হিলাল
দারুল হুদা কুতুবখানা,https://www.wafilife.com/cat/books/publisher/দারুল-হুদা-কুতুবখানা
দারুস সাকাফা,https://www.wafilife.com/cat/books/publisher/darus-sakafa
দারুস সাবুনি,https://www.wafilife.com/cat/books/publisher/darus-sabuni
দারুস সালাম,https://www.wafilife.com/cat/books/publisher/darussalam
"দারুস সালাম (সৌদি আরব, মিশর)",https://www.wafilife.com/cat/books/publisher/darus-salaam-saudi-arabia-egypt
দারুস সালাম বাংলাদেশ,https://www.wafilife.com/cat/books/publisher/দারুস-সালাম-বাংলাদেশ
দারুস সালেহ (মিশর),https://www.wafilife.com/cat/books/publisher/darus-saleh-egypt
দারুস সুন্নাত পাবলিকেশন্স,https://www.wafilife.com/cat/books/publisher/darus-sunnat-publications
দারুস সুলতান (তুরস্ক),https://www.wafilife.com/cat/books/publisher/darus-sultan-turkiye
দারুসসুন্নাত ইসলামিক রিসার্চ সেন্টার,https://www.wafilife.com/cat/books/publisher/darussunnat-islamic-research-center
দারে ইবনে আব্বাস (মিশর),https://www.wafilife.com/cat/books/publisher/dar-ibn-abbas-egypt
দারে ইবনে কাসির (মিশর),https://www.wafilife.com/cat/books/publisher/dar-ibn-kasir-egypt
দারে ইবনে জাওযী (মিশর),https://www.wafilife.com/cat/books/publisher/dar-ibn-zawzi-egypt
দারে ইবনে রজব (মিশর),https://www.wafilife.com/cat/books/publisher/dar-ibn-rajab-egypt
দারে ইবনে হাজম (মিশর),https://www.wafilife.com/cat/books/publisher/dar-ibn-hazm-egypt
দারে কুনুয (জর্ডান),https://www.wafilife.com/cat/books/publisher/dar-kunuz-jordan
দারে মাক্কা,https://www.wafilife.com/cat/books/publisher/dar-makkah
দারে মানসুরাতুল ফাজরাত (বৈরুত),https://www.wafilife.com/cat/books/publisher/dar-mansuratul-fajrat-beirut
দি ইউনিভার্সিটি প্রেস লিমিটেড(ইউ পি এল),https://www.wafilife.com/cat/books/publisher/the-university-press-limited-upl
দি ইউনিভার্সেল একাডেমি,https://www.wafilife.com/cat/books/publisher/the-universal-academy
দি এ্যানজেল পাবলিকেশন্স,https://www.wafilife.com/cat/books/publisher/the-angel-publication
দি নেটওয়ার্ক রিসার্স এন্ড পাবলিকেশনস,https://www.wafilife.com/cat/books/publisher/the-network-research-and-publication
দি পাথফাইন্ডার পাবলিকেশন্স,https://www.wafilife.com/cat/books/publisher/the-path-finder-publication
দি ফার্মা ৩৬০,https://www.wafilife.com/cat/books/publisher/the-pharma-360
দি বুক সেন্টার,https://www.wafilife.com/cat/books/publisher/the-book-center
দি বেঙ্গল প্রেস,https://www.wafilife.com/cat/books/publisher/দি-বেঙ্গল-প্রেস
দি রয়েল সায়েন্টিফিক পাবলিকেশন্স,https://www.wafilife.com/cat/books/publisher/the-royal-scientific-publications
দি স্কাই পাবলিশার্স,https://www.wafilife.com/cat/books/publisher/the-sky-publishers
দিকদর্শন প্রকাশনী লিঃ,https://www.wafilife.com/cat/books/publisher/dikdarshon-prokashoni-ltd
দিব্য প্রকাশ,https://www.wafilife.com/cat/books/publisher/dibbya-prokash
দিলরুবা,https://www.wafilife.com/cat/books/publisher/দিলরুবা
দীনিয়াত শিক্ষার মেহনত,https://www.wafilife.com/cat/books/publisher/দীনিয়াত-শিক্ষার-মেহনত
দীপাধার প্রকাশন,https://www.wafilife.com/cat/books/publisher/দীপাধার-প্রকাশন
দীপ্তিমান প্রকাশনী,https://www.wafilife.com/cat/books/publisher/diptiman-prakashani
দুন্দুভি,https://www.wafilife.com/cat/books/publisher/dunduvi
দুরন্ত পাবলিকেশন্স,https://www.wafilife.com/cat/books/publisher/duranta-publications
দুরন্ত রিসার্চ ইনস্টিটিউট,https://www.wafilife.com/cat/books/publisher/duranta-research-institute
দুররানি প্রকাশন,https://www.wafilife.com/cat/books/publisher/durrani-prokashon
দুর্বার পাবলিকেশন্স,https://www.wafilife.com/cat/books/publisher/durbar-publication
দুয়ার প্রকাশনী,https://www.wafilife.com/cat/books/publisher/দুয়ার-প্রকাশনী
দূরবীণ,https://www.wafilife.com/cat/books/publisher/durbin
দেশ পাবলিকেশনস,https://www.wafilife.com/cat/books/publisher/দেশ-পাবলিকেশনস-publisher
দেশ বাংলা প্রকাশন,https://www.wafilife.com/cat/books/publisher/desh-bangla-prokashon
দ্বিমিক প্রকাশনী,https://www.wafilife.com/cat/books/publisher/দ্বিমিক-প্রকাশনী
দ্বীন পাবলিকেশন,https://www.wafilife.com/cat/books/publisher/deen-publication
দ্বীন প্রকাশন,https://www.wafilife.com/cat/books/publisher/deen-prokashon
দ্বীনিয়াত প্রকাশনী,https://www.wafilife.com/cat/books/publisher/deeniyat-publication
দ্য কুরাইশ ইন্টারন্যাশনাল লিমিটেড,https://www.wafilife.com/cat/books/publisher/the-quraish-international-limited
দ্য সুলতান,https://www.wafilife.com/cat/books/publisher/দ্য-সুলতান
দ্যু প্রকাশন,https://www.wafilife.com/cat/books/publisher/dyu-prokashon
ধরলা পাবলিকেশন্স,https://www.wafilife.com/cat/books/publisher/dharla-publications
ধ্রুবক প্রকাশনী,https://www.wafilife.com/cat/books/publisher/dhrubok-prokashoni
নওরোজ সাহিত্য সম্ভার,https://www.wafilife.com/cat/books/publisher/নওরোজ-সাহিত্য-সম্ভার
নটিলাস প্রকাশনী,https://www.wafilife.com/cat/books/publisher/নটিলাস-প্রকাশনী
নতুন ধারা,https://www.wafilife.com/cat/books/publisher/notun-dhara
নতুন বিন্যাস,https://www.wafilife.com/cat/books/publisher/notun-binyas
নন্দন,https://www.wafilife.com/cat/books/publisher/নন্দন
নন্দিতা প্রকাশ,https://www.wafilife.com/cat/books/publisher/nandita-prokash
নব সাহিত্য প্রকাশনী,https://www.wafilife.com/cat/books/publisher/nobo-shahityo-prokaskhoni
নবকথন প্রকাশনী,https://www.wafilife.com/cat/books/publisher/nobokothon-prokashoni
নবজাগরণ প্রকাশনী,https://www.wafilife.com/cat/books/publisher/nobojagoron-prokashoni
নবধারা প্রকাশন,https://www.wafilife.com/cat/books/publisher/nobodhara-prokashon
নবপথ প্রকাশনী,https://www.wafilife.com/cat/books/publisher/nobopoth-prokashoni
নবপ্রকাশ,https://www.wafilife.com/cat/books/publisher/নবপ্রকাশ
নবপ্রত্যুষ প্রকাশনী,https://www.wafilife.com/cat/books/publisher/noboprottush-prokashoni
নবযুগ প্রকাশনী,https://www.wafilife.com/cat/books/publisher/nobojug-prokashoni
নবারুণ পাবলিকেশন,https://www.wafilife.com/cat/books/publisher/nabarun-publication
নবারুণ প্রকাশন,https://www.wafilife.com/cat/books/publisher/nobarun-prokashon
নবায়ন প্রকাশন,https://www.wafilife.com/cat/books/publisher/nobayon-prokashon
নবীন প্রকাশন,https://www.wafilife.com/cat/books/publisher/নবীন-প্রকাশন
নযদিক প্রকাশন,https://www.wafilife.com/cat/books/publisher/nozdik-prokashon
নয়া প্রভাত প্রকাশন,https://www.wafilife.com/cat/books/publisher/নয়া-প্রভাত-প্রকাশন
নলেজ পাবলিশার্স,https://www.wafilife.com/cat/books/publisher/knowledge-publishers
নলেজ প্রোডাক্টস,https://www.wafilife.com/cat/books/publisher/knowledge-products
নলেজ মিডিয়া পাবলিকেশন,https://www.wafilife.com/cat/books/publisher/knowledge-media-publication
নহর প্রকাশন,https://www.wafilife.com/cat/books/publisher/nohor-prokashon
নাগরী,https://www.wafilife.com/cat/books/publisher/nagoree
নাজাত পাবলিকেশন,https://www.wafilife.com/cat/books/publisher/najat-publications
নাদওয়া পাবলিকেশন,https://www.wafilife.com/cat/books/publisher/nadwa-publication
নাদিয়া বুক কর্ণার,https://www.wafilife.com/cat/books/publisher/nadia-book-korner
নাদিয়াতুল কুরআন প্রকাশনী,https://www.wafilife.com/cat/books/publisher/nadiyatul-quran-prakashoni
নাদিয়াতুল কুরআন ফাউন্ডেশন,https://www.wafilife.com/cat/books/publisher/nadiatul-quran-foundation
নাদিয়াতুল কুরআন লাইব্রেরী,https://www.wafilife.com/cat/books/publisher/নাদিয়াতুল-কুরআন-লাইব্রের
নাবহান প্রকাশন,https://www.wafilife.com/cat/books/publisher/nabhan-prokashon
নাবা প্রকাশন,https://www.wafilife.com/cat/books/publisher/naba-prokashon
নালন্দা,https://www.wafilife.com/cat/books/publisher/নালন্দা
নাশাত পাবলিকেশন,https://www.wafilife.com/cat/books/publisher/নাশাত
নি পাবলিকেশন্স,https://www.wafilife.com/cat/books/publisher/ni-publication
নিউ ভয়েস,https://www.wafilife.com/cat/books/publisher/new-voice
নিউক্লিয়াস প্রকাশনী,https://www.wafilife.com/cat/books/publisher/nucleus-prokashoni
নিউরন পাবলিকেশন,https://www.wafilife.com/cat/books/publisher/নিউরন-পাবলিকেশন
নিনাদ প্রকাশ,https://www.wafilife.com/cat/books/publisher/নিনাদ-প্রকাশ
নিপুণ প্রকাশন,https://www.wafilife.com/cat/books/publisher/নিপুণ-প্রকাশন
নিবেদিতা প্রকাশন,https://www.wafilife.com/cat/books/publisher/nibedita-prokashon
নিমগ্ন,https://www.wafilife.com/cat/books/publisher/nimagna
নিমোনিক পাবলিকেশন্স,https://www.wafilife.com/cat/books/publisher/mnemonic-publications
নিরাপদ প্রকাশনী,https://www.wafilife.com/cat/books/publisher/nirapod-publishing
নির্ণয় প্রকাশন,https://www.wafilife.com/cat/books/publisher/nirnoy-prokashon
নিয়ন,https://www.wafilife.com/cat/books/publisher/neon
নিয়ন পাবলিকেশন,https://www.wafilife.com/cat/books/publisher/নিয়ন-পাবলিকেশন
নীলক্ষেত মর্ডান লাইব্রেরী,https://www.wafilife.com/cat/books/publisher/nilkhet-modern-library
নুর ফিজিক্স ক্রিয়েটিভ পাবলিশার্স,https://www.wafilife.com/cat/books/publisher/nur-physics-creative-publishers
নুরানি একাডেমি,https://www.wafilife.com/cat/books/publisher/nurani-academy
নুসান পাবলিকেশন,https://www.wafilife.com/cat/books/publisher/nusan-publication
নূর ডিজিটাল ল্যান্ড সার্ভে ট্রেনিং ইনস্টিটিউট,https://www.wafilife.com/cat/books/publisher/noor-digital-land-survey-training-institute
নূর পাবলিকেশন্স,https://www.wafilife.com/cat/books/publisher/nur-publication
নূরানী প্রকাশনী,https://www.wafilife.com/cat/books/publisher/নূরানী-প্রকাশনী
নূরুল কুরআন একাডেমী,https://www.wafilife.com/cat/books/publisher/nurul-quran-academy
নূরুল কুরআন প্রকাশনী,https://www.wafilife.com/cat/books/publisher/নূরুল-কুরআন-প্রকাশনী
নেক্সাস পাবলিকেশন্স লিমিটেড,https://www.wafilife.com/cat/books/publisher/nexus-publications-ltd
নেলরি পাবলিকেশন,https://www.wafilife.com/cat/books/publisher/nelri-publication
নৈঃশব্দ্য প্রকাশনী,https://www.wafilife.com/cat/books/publisher/noishobdo-prokashoni
নোঙর প্রকাশন,https://www.wafilife.com/cat/books/publisher/nongor-prokashon
নোবেল পাবলিকেশন্স,https://www.wafilife.com/cat/books/publisher/noble-publications
নোভা বুকস অ্যান্ড পাবলিশার্স,https://www.wafilife.com/cat/books/publisher/nova-books-and-publishers
ন্যাশনাল পাবলিকেশন,https://www.wafilife.com/cat/books/publisher/national-publication
নয়া উদ্যোগ,https://www.wafilife.com/cat/books/publisher/নয়া-উদ্যোগ
নয়া প্রভাত পাবলিকেশন,https://www.wafilife.com/cat/books/publisher/naya-provat-publication
পথিক প্রকাশন,https://www.wafilife.com/cat/books/publisher/pothik-prokashon
পরশমণি প্রকাশন,https://www.wafilife.com/cat/books/publisher/পরশমণি-প্রকাশন
পরিবর্তন প্রকাশন,https://www.wafilife.com/cat/books/publisher/poriborton-publisher
পরিলেখ প্রকাশনী,https://www.wafilife.com/cat/books/publisher/porilekh-prokasoni
পরিশুদ্ধি প্রকাশন,https://www.wafilife.com/cat/books/publisher/পরিশুদ্ধি-প্রকাশন
পরিসর,https://www.wafilife.com/cat/books/publisher/porisor
পলল প্রকাশনী,https://www.wafilife.com/cat/books/publisher/পলল-প্রকাশনী
পলাশ প্রকাশনী,https://www.wafilife.com/cat/books/publisher/polash-publication
পাইওনিয়ার পাবলিকেশন্স,https://www.wafilife.com/cat/books/publisher/pioneer-publications
পাওয়ার পাবলিকেশন,https://www.wafilife.com/cat/books/publisher/power-publications
পাঞ্জেরী ইসলামিক পাবলিকেশন্স,https://www.wafilife.com/cat/books/publisher/panjeree-islamic-publications
পাঞ্জেরী পাবলিকেশন্স,https://www.wafilife.com/cat/books/publisher/panjeree-publicaitons
পাঞ্জেরী পাবলিকেশন্স লিমিটেড,https://www.wafilife.com/cat/books/publisher/panjeree-publications-ltd
পাঠক সমাবেশ,https://www.wafilife.com/cat/books/publisher/pathak-shamabesh
পাঠাগার প্রকাশনী,https://www.wafilife.com/cat/books/publisher/pathagar-prokashoni
পাণ্ডুলিপি প্রকাশ,https://www.wafilife.com/cat/books/publisher/pandulipi-prokash
পাতাং প্রকাশন,https://www.wafilife.com/cat/books/publisher/patang-prokashon
পাথেয় পাবলিকেশন,https://www.wafilife.com/cat/books/publisher/patheo-publication-publisher
পাপড়ি,https://www.wafilife.com/cat/books/publisher/papri
পারফেক্ট প্রকাশনী,https://www.wafilife.com/cat/books/publisher/perfect-prokashoni
পারিজাত প্রকাশনী,https://www.wafilife.com/cat/books/publisher/parijat-prakashani
পার্ল পাবলিকেশন্স,https://www.wafilife.com/cat/books/publisher/pearl-publications
পার্সপেক্টিভ,https://www.wafilife.com/cat/books/publisher/perspective
পালক পাবলিশার্স,https://www.wafilife.com/cat/books/publisher/palok-publishers
পাললিক সৌরভ,https://www.wafilife.com/cat/books/publisher/palolik-shourov
পিস পাবলিকেশন,https://www.wafilife.com/cat/books/publisher/peace-publication
পিস প্রেস পাবলিকেশনস,https://www.wafilife.com/cat/books/publisher/পিস-প্রেস-পাবলিকেশনস
পুঁথি,https://www.wafilife.com/cat/books/publisher/puthi
পুণ্ড্র প্রকাশন,https://www.wafilife.com/cat/books/publisher/পুণ্ড্র-প্রকাশন
পুথি প্রকাশ,https://www.wafilife.com/cat/books/publisher/puthi-prakash
পুথিনিলয় প্রকাশনী,https://www.wafilife.com/cat/books/publisher/puthiniloy-prokashany
পুনরায় প্রকাশন,https://www.wafilife.com/cat/books/publisher/punoray-prokashon
পুনর্পাঠ,https://www.wafilife.com/cat/books/publisher/punorpath
পুনশ্চ পাবলিকেশন,https://www.wafilife.com/cat/books/publisher/punoscho-publication
পুষ্প প্রকাশন,https://www.wafilife.com/cat/books/publisher/pushpo-prokash
পুস্তক প্রকাশন,https://www.wafilife.com/cat/books/publisher/pustok-prokashon
পেনফিল্ড পাবলিকেশন,https://www.wafilife.com/cat/books/publisher/penfield-publication
পেন্ডুলাম পাবলিশার্স,https://www.wafilife.com/cat/books/publisher/pandulum-publishers
পেন্সিল পাবলিকেশনস,https://www.wafilife.com/cat/books/publisher/pencil-publications
পেপার ভয়েজার,https://www.wafilife.com/cat/books/publisher/paper-voyager
পেপারপ্রোক,https://www.wafilife.com/cat/books/publisher/paperproc
প্যান ইসলামিজম পাবলিশার্স,https://www.wafilife.com/cat/books/publisher/প্যান-ইসলামিজম-পাবলিশার্
প্যানাসিয়া পাবলিকেশনস,https://www.wafilife.com/cat/books/publisher/panacea-publications
প্যারাগন পাবলিকেশন্স,https://www.wafilife.com/cat/books/publisher/paragon-publications
প্যারামাউন্ট পাবলিকেশন,https://www.wafilife.com/cat/books/publisher/paramount-publication
প্যারেন্টস পাবলিকেশন্স,https://www.wafilife.com/cat/books/publisher/parents-publications
"প্রকাশনা বিভাগ, জামিয়া শারইয়্যাহ মালিবাগ",https://www.wafilife.com/cat/books/publisher/publication-department-jamia-shariah-malibagh
প্রগতি পাবলিশার্স,https://www.wafilife.com/cat/books/publisher/progoti-publishers
প্রগ্রেসিভ পাবলিশার্স,https://www.wafilife.com/cat/books/publisher/প্রগ্রেসিভ-পাবলিশার্স
প্রচলন প্রকাশন,https://www.wafilife.com/cat/books/publisher/প্রচলন-প্রকাশন
প্রচার প্রকাশনী,https://www.wafilife.com/cat/books/publisher/prochar-prokashoni
প্রচ্ছদ প্রকাশন,https://www.wafilife.com/cat/books/publisher/প্রচ্ছদ-প্রকাশন
প্রজন্ম পাবলিকেশন,https://www.wafilife.com/cat/books/publisher/প্রজন্ম-পাবলিকেশন
প্রজাপতি প্রকাশন,https://www.wafilife.com/cat/books/publisher/প্রজাপতি-প্রকাশন
প্রজ্ঞা প্রকাশ,https://www.wafilife.com/cat/books/publisher/progga-prokash
প্রতিচ্ছবি প্রকাশনী,https://www.wafilife.com/cat/books/publisher/প্রতিচ্ছবি-প্রকাশনী
প্রতিভা প্রকাশ,https://www.wafilife.com/cat/books/publisher/protiva-prokash
প্রতিভা প্রকাশন,https://www.wafilife.com/cat/books/publisher/protiva-prokashon
প্রতিভাষা প্রকাশন,https://www.wafilife.com/cat/books/publisher/protivasha-prokashon
প্রতিভূ প্রকাশ,https://www.wafilife.com/cat/books/publisher/protivu-prokash
প্রতীক প্রকাশনা সংস্থা,https://www.wafilife.com/cat/books/publisher/protik-prokashona-songstha
প্রত্যাশা প্রকাশ,https://www.wafilife.com/cat/books/publisher/prottasha-prokash
প্রত্যাশা প্রকাশন,https://www.wafilife.com/cat/books/publisher/protyasha-prokashon
প্রত্যয়,https://www.wafilife.com/cat/books/publisher/প্রত্যয়
প্রত্যয় পাবলিকেশন্স,https://www.wafilife.com/cat/books/publisher/prottoy-publications
প্রথমা প্রকাশন,https://www.wafilife.com/cat/books/publisher/prothoma-prokashon
প্রফেসর’স পাবলিকেশন্স,https://www.wafilife.com/cat/books/publisher/প্রফেসরস-পাবলিকেশন্স-publisher
প্রফেসর’স প্রকাশন,https://www.wafilife.com/cat/books/publisher/প্রফেসরস-প্রকাশন
প্রফেসর’স বুক কর্ণার,https://www.wafilife.com/cat/books/publisher/প্রফেসরস-বুক-কর্ণার-publisher
প্রসিদ্ধ পাবলিশার্স,https://www.wafilife.com/cat/books/publisher/prasiddha-publishers
প্রাইম পাবলিকেশনস্,https://www.wafilife.com/cat/books/publisher/prime-publications
প্রান্ত প্রকাশন,https://www.wafilife.com/cat/books/publisher/pranto-prokashon
প্রাপক প্রকাশন,https://www.wafilife.com/cat/books/publisher/prapok-prokashon
প্রিজম প্রকাশনী,https://www.wafilife.com/cat/books/publisher/prism-prokashoni
প্রিভিউ প্রকাশন,https://www.wafilife.com/cat/books/publisher/preview-prokashon
প্রিমিয়াম পাবলিকেশন্স,https://www.wafilife.com/cat/books/publisher/premium-publications
প্রিসেপটর্স পাবলিকেশন্স,https://www.wafilife.com/cat/books/publisher/preceptors-publication
প্রিয়মুখ,https://www.wafilife.com/cat/books/publisher/প্রিয়মুখ
প্রীতম প্রকাশ,https://www.wafilife.com/cat/books/publisher/pritom-prokash
প্রীতি প্রকাশন,https://www.wafilife.com/cat/books/publisher/প্রীতি-প্রকাশন
প্রেরণা পাবলিকেশন্স,https://www.wafilife.com/cat/books/publisher/prerona-publications
প্রেরণা প্রকাশন,https://www.wafilife.com/cat/books/publisher/prerona-prokashon
প্রোডাক্টিভ পাবলিকেশন,https://www.wafilife.com/cat/books/publisher/productive-publication
প্রয়াস প্রকাশন,https://www.wafilife.com/cat/books/publisher/proyas-prokashon
প্লাজমিড প্লাস পাবলিকেশন্স,https://www.wafilife.com/cat/books/publisher/plasmid-plus-publications
পড় প্রকাশ,https://www.wafilife.com/cat/books/publisher/পড়-প্রকাশ
পয়গাম প্রকাশনী,https://www.wafilife.com/cat/books/publisher/পয়গাম-প্রকাশনী
ফজর পাবলিকেশন,https://www.wafilife.com/cat/books/publisher/ফজর-পাবলিকেশন
ফজর লাইফস্টাইল ম্যাগাজিন,https://www.wafilife.com/cat/books/publisher/fajr-lifestyle-magazine
ফরিদ বুক ডিপো,https://www.wafilife.com/cat/books/publisher/ফরিদ-বুক-ডিপো
ফাইনাল টাচ পাবলিকেশন্স,https://www.wafilife.com/cat/books/publisher/final touch publications
ফাউন্টেন পাবলিকেশন্স,https://www.wafilife.com/cat/books/publisher/fountain-publications
ফাতিহ প্রকাশন,https://www.wafilife.com/cat/books/publisher/fatih-prokashon
ফাতেমা প্রকাশনী,https://www.wafilife.com/cat/books/publisher/fatema-prokashoni
ফাতেহ ২৪ পাবলিকেশন,https://www.wafilife.com/cat/books/publisher/fateh-24-publication
ফাহিম বুক ডিপো,https://www.wafilife.com/cat/books/publisher/ফাহিম-বুক-ডিপো
ফিউচার উম্মাহ বিডি,https://www.wafilife.com/cat/books/publisher/future-ummah-bd
ফিউচার রেডি পাবলিকেশন,https://www.wafilife.com/cat/books/publisher/future-ready-publication
ফিকরাহ পাবলিকেশন,https://www.wafilife.com/cat/books/publisher/fiqrah-publication
ফিকির পাবলিকেশন্স,https://www.wafilife.com/cat/books/publisher/fikir-publications
ফিট লাইফ পাবলিকেশন,https://www.wafilife.com/cat/books/publisher/fit-life-publications
ফিট লাইফ ফর উম্মাহ পাবলিকেশন্স,https://www.wafilife.com/cat/books/publisher/fit-life-for-ummah-publications
ফিটাস পাবলিকেশন্স,https://www.wafilife.com/cat/books/publisher/fetus-publication
ফিনফ্যাক্টস পাবলিকেশন্স,https://www.wafilife.com/cat/books/publisher/finfacts-publications
ফিলহাল প্রকাশন,https://www.wafilife.com/cat/books/publisher/filhal-prokashon
ফুরকান প্রকাশনী,https://www.wafilife.com/cat/books/publisher/ফুরকান-প্রকাশনী
ফুলদানী প্রকাশনী,https://www.wafilife.com/cat/books/publisher/fuldani-prokashoni
ফেইথ পাবলিকেশন্স,https://www.wafilife.com/cat/books/publisher/faith-publications
ফেরা প্রকাশন,https://www.wafilife.com/cat/books/publisher/fera-prokashon
ফোয়ারা,https://www.wafilife.com/cat/books/publisher/ফোয়ারা
ফ্যালকন পাবলিকেশন,https://www.wafilife.com/cat/books/publisher/falcon-publication
ফ্রেন্ডস্ বুক কর্ণার,https://www.wafilife.com/cat/books/publisher/friends-book-corner
ফ্রেশ প্রকাশনী,https://www.wafilife.com/cat/books/publisher/fresh-prokashoni
ফয়েজিয়া কুতুবখানা,https://www.wafilife.com/cat/books/publisher/foyezia-kutubkhana
বই অঙ্গন প্রকাশন,https://www.wafilife.com/cat/books/publisher/boi-ongon-prokashon
বই কারিগর,https://www.wafilife.com/cat/books/publisher/বই-কারিগর
বইকেন্দ্র,https://www.wafilife.com/cat/books/publisher/বইকেন্দ্র
বইঘর,https://www.wafilife.com/cat/books/publisher/বই-ঘর
বইঠা,https://www.wafilife.com/cat/books/publisher/boitha
বইপল্লি,https://www.wafilife.com/cat/books/publisher/বইপল্লি
বইপাঠ পাবলিকেশন,https://www.wafilife.com/cat/books/publisher/boipath-publication
বইপিয়ন প্রকাশনী,https://www.wafilife.com/cat/books/publisher/boipeon-prokashoni
বইপ্রকাশ,https://www.wafilife.com/cat/books/publisher/বইপ্রকাশ
বইপড়া,https://www.wafilife.com/cat/books/publisher/boipora
বইবাজার প্রকাশনী,https://www.wafilife.com/cat/books/publisher/boibazar-prokashoni
বইমই প্রকাশনী,https://www.wafilife.com/cat/books/publisher/boimoi-prokashoni
বঙ্গ প্রকাশ,https://www.wafilife.com/cat/books/publisher/bongo-prokash
বন্দি পাঠশালা পাবলিকেশন্স,https://www.wafilife.com/cat/books/publisher/bandi-pathshala-publications
বন্ধন প্রকাশন,https://www.wafilife.com/cat/books/publisher/bandhan-prokashon
বরেন্দ্র পাবলিকেশন,https://www.wafilife.com/cat/books/publisher/varendra-publication
বর্ণ প্রকাশ,https://www.wafilife.com/cat/books/publisher/borno-prokash
বর্ণঘর প্রকাশন,https://www.wafilife.com/cat/books/publisher/bornoghar-prokashon
বর্ণালি বুক সেন্টার-বিবিসি,https://www.wafilife.com/cat/books/publisher/bornali-book-center-bbc
বর্ণায়ন,https://www.wafilife.com/cat/books/publisher/বর্ণায়ন
বর্তমান প্রকাশনী,https://www.wafilife.com/cat/books/publisher/bortoman-prokashoni
বর্ষাদুপুর,https://www.wafilife.com/cat/books/publisher/borshadupur
বাঁধন পাবলিকেশন্স,https://www.wafilife.com/cat/books/publisher/badhon-publication
বাংলা একাডেমি,https://www.wafilife.com/cat/books/publisher/bangla-academy
বাংলা প্রকাশ,https://www.wafilife.com/cat/books/publisher/bangla-prokash
বাংলা সাহিত্য আন্দোলন,https://www.wafilife.com/cat/books/publisher/bangla-sahitto-andolon
বাংলা সাহিত্য পরিষদ,https://www.wafilife.com/cat/books/publisher/bangla-sahityo-prishod
বাংলাদেশ ইনস্টিটিউট অব ইসলামিক থট (বি.আই.আই.টি),https://www.wafilife.com/cat/books/publisher/bangladesh-institute-of-islamic-thought-biit
বাংলাদেশ ইনস্টিটিউট অব ইসলামিক ফাইন্যান্স (বিআইআইএফ),https://www.wafilife.com/cat/books/publisher/বাংলাদেশ-ইনস্টিটিউট-অব-ই
বাংলাদেশ ইসলামিক ল রিসার্চ এন্ড লিগ্যাল এইড সেন্টার,https://www.wafilife.com/cat/books/publisher/বাংলাদেশ-ইসলামিক-লরিসার
বাংলাদেশ ইসলামিক সেন্টার,https://www.wafilife.com/cat/books/publisher/bangladesh-islamic-center
বাংলাদেশ ইসলামী লেখক ফোরাম,https://www.wafilife.com/cat/books/publisher/bangladesh-islami-lekhok-forum
বাংলাদেশ কো-অপারেটিভ বুক সোসাইটি লিঃ,https://www.wafilife.com/cat/books/publisher/bangladesh-co-operative-book-society-ltd
বাংলাদেশ ট্রাভেল রাইটার্স এসোসিয়েশন,https://www.wafilife.com/cat/books/publisher/bangladesh-travel-writers-association
বাংলাদেশ তাজ কোম্পানী লিঃ,https://www.wafilife.com/cat/books/publisher/bangladesh-taj-company-ltd
বাংলাদেশ মুসলিম কাউন্সিল,https://www.wafilife.com/cat/books/publisher/bangladesh-muslim-council
বাংলাপ্রকাশ,https://www.wafilife.com/cat/books/publisher/banglaprakash
বাংলার প্রকাশন,https://www.wafilife.com/cat/books/publisher/banglar-prokashon
বাইতুত তাহকীক,https://www.wafilife.com/cat/books/publisher/baitut-tahkik
বাইতুল কিতাব,https://www.wafilife.com/cat/books/publisher/baitul-kitab
বাইয়্যিনাহ প্রকাশন,https://www.wafilife.com/cat/books/publisher/bayyinah-prokason
বাঙ্গালা গবেষণা,https://www.wafilife.com/cat/books/publisher/বাঙ্গালা-গবেষণা
বাছবিচার বুকস,https://www.wafilife.com/cat/books/publisher/bachbichar-books
বাড কম্প্রিন্ট এন্ড পাবলিকেশন্স,https://www.wafilife.com/cat/books/publisher/bird-komprit-and-publication
বাতায়ন পাবলিকেশন,https://www.wafilife.com/cat/books/publisher/batayon-publication
বাতিঘর,https://www.wafilife.com/cat/books/publisher/batighar
বাতিঘর প্রকাশনী,https://www.wafilife.com/cat/books/publisher/বাতিঘর-প্রকাশনী
বাবুই,https://www.wafilife.com/cat/books/publisher/babui
বায়ান্ন ’৫২,https://www.wafilife.com/cat/books/publisher/bayanno-52
বাহার বুক হাউস,https://www.wafilife.com/cat/books/publisher/bahar-book-house
বিআইআইটি পাবলিকেশন্স,https://www.wafilife.com/cat/books/publisher/biit-publications
বিকল্প পাবলিকেশন-(জিজ্ঞাসা সিরিজ),https://www.wafilife.com/cat/books/publisher/bikolpo-publication-jigghasa-series
বিগ ব্যাং এক্সাম কেয়ার,https://www.wafilife.com/cat/books/publisher/big-bang-exam-care
বিজিটিকেডি,https://www.wafilife.com/cat/books/publisher/bgtkd
বিজ্ঞানবিদ্যা পাবলিকেশন,https://www.wafilife.com/cat/books/publisher/bigganbidya-publication
বিডিয়ান পাবলিকেশনস,https://www.wafilife.com/cat/books/publisher/bdian-publications
বিদ্যাপ্রকাশ,https://www.wafilife.com/cat/books/publisher/বিদ্যাপ্রকাশ
বিদ্যাবাড়ি পাবলিকেশন্স,https://www.wafilife.com/cat/books/publisher/bidyabari-publications
বিদ্যামেলা প্রকাশনী,https://www.wafilife.com/cat/books/publisher/বিদ্যামেলা-প্রকাশনী
বিনির্মাণ পাবলিকেশন,https://www.wafilife.com/cat/books/publisher/binirman-publication
বিন্দু প্রকাশ,https://www.wafilife.com/cat/books/publisher/bindu-prokash-publisher
বিন্দুতে সিন্ধু,https://www.wafilife.com/cat/books/publisher/bindute-sindhu
বিবরণ প্রকাশন,https://www.wafilife.com/cat/books/publisher/biboron-prokashon
বিবর্তন প্রকাশন,https://www.wafilife.com/cat/books/publisher/biborton-prokashon
বিবলিওফাইল প্রকাশনী,https://www.wafilife.com/cat/books/publisher/বিবলিওফাইল-প্রকাশনী
বিবিধ প্রকাশন,https://www.wafilife.com/cat/books/publisher/bibidh-prokashon
বিভাস,https://www.wafilife.com/cat/books/publisher/bivas
বিলিভার্স ভিশন পাবলিকেশন্স,https://www.wafilife.com/cat/books/publisher/believers-vision-publication
বিশ্বকল্যাণ পাবলিকেশন্স,https://www.wafilife.com/cat/books/publisher/বিশ্বকল্যাণ-পাবলিকেশন্স
বিশ্বসাহিত্য কেন্দ্র,https://www.wafilife.com/cat/books/publisher/bishowsahitto-kendro
বিহান,https://www.wafilife.com/cat/books/publisher/bihan
বুক পয়েন্ট,https://www.wafilife.com/cat/books/publisher/book-point
বুক স্ট্রিট,https://www.wafilife.com/cat/books/publisher/বুক-স্ট্রিট
বুক হাউজ,https://www.wafilife.com/cat/books/publisher/book-house
বুকফ্লাই পাবলিকেশন,https://www.wafilife.com/cat/books/publisher/বুকফ্লাই-পাবলিকেশন
বুকমার্ক পাবলিকেশন,https://www.wafilife.com/cat/books/publisher/bookmark-publication
বুকস্‌ ফেয়ার,https://www.wafilife.com/cat/books/publisher/books-fair
বুকিশ পাবলিশার,https://www.wafilife.com/cat/books/publisher/bookish-publisher
বুনট,https://www.wafilife.com/cat/books/publisher/buknot
বুস্টার পাবলিকেশন্স,https://www.wafilife.com/cat/books/publisher/booster-publication
বেঙ্গল ল বুকস্‌,https://www.wafilife.com/cat/books/publisher/bengal-law-books
বেঙ্গলবুকস,https://www.wafilife.com/cat/books/publisher/বেঙ্গলবুকস
বেদুঈন প্রকাশনী,https://www.wafilife.com/cat/books/publisher/beduin-prokashoni
বেনজিন প্রকাশন,https://www.wafilife.com/cat/books/publisher/benjin-prokashon
বেফাকুল মাদারিসিল আরাবিয়া বাংলাদেশ,https://www.wafilife.com/cat/books/publisher/befakul-madarisil-arabiya-bangladesh
বেসিক নিয়োগ পাবলিকেশন্স,https://www.wafilife.com/cat/books/publisher/basic-niyog-publications
বেহুলাবাংলা,https://www.wafilife.com/cat/books/publisher/behulabangla
বৈচিত্র্য প্রকাশ,https://www.wafilife.com/cat/books/publisher/boichitro-prokash
বৈভব,https://www.wafilife.com/cat/books/publisher/বৈভব
বোখারা পাবলিকেশন,https://www.wafilife.com/cat/books/publisher/bokhara-publication
বোনা-ফাইড পাবলিকেশন্স,https://www.wafilife.com/cat/books/publisher/bona-fide-publications
বোরাক প্রকাশন,https://www.wafilife.com/cat/books/publisher/বোরাক-প্রকাশন
বোহো,https://www.wafilife.com/cat/books/publisher/boho
ব্যাপন,https://www.wafilife.com/cat/books/publisher/byapon
ব্রাইট ফিউচার পাবলিকেশন,https://www.wafilife.com/cat/books/publisher/bright-future-publication
ব্রাদার্স পাবলিকেশন,https://www.wafilife.com/cat/books/publisher/brothers-publications
ব্রেইনল্যান্ড,https://www.wafilife.com/cat/books/publisher/brainland
ব্রেইনারি পাবলিকেশন,https://www.wafilife.com/cat/books/publisher/brainery-publication
ব্রেনফিভার (চট্টগ্রাম),https://www.wafilife.com/cat/books/publisher/brainfever-chattogram
ভাষাচিত্র,https://www.wafilife.com/cat/books/publisher/vashachitro
ভাষাপ্রকাশ,https://www.wafilife.com/cat/books/publisher/vashaprokash
ভূঁইয়া প্রকাশনী,https://www.wafilife.com/cat/books/publisher/ভূঁইয়া-প্রকাশনী
ভূমিকা,https://www.wafilife.com/cat/books/publisher/ভূমিকা
ভূমিপ্রকাশ,https://www.wafilife.com/cat/books/publisher/ভূমিপ্রকাশ
মক্কা পাবলিকেশন্স,https://www.wafilife.com/cat/books/publisher/makka-publications
মক্কা প্রকাশন,https://www.wafilife.com/cat/books/publisher/mokka-prokashon
মক্তব প্রকাশন,https://www.wafilife.com/cat/books/publisher/maktab-prokashon
মজিদ পাবলিকেশন,https://www.wafilife.com/cat/books/publisher/majid-publication
মতলেবিয়া কুতুবখানা,https://www.wafilife.com/cat/books/publisher/motlebia-kutubkhana
মদিনা ভিলেজ,https://www.wafilife.com/cat/books/publisher/medina-village
মদীনা পাবলিকেশান্স,https://www.wafilife.com/cat/books/publisher/madina-publications
মধুপোক,https://www.wafilife.com/cat/books/publisher/modhupok
মনন প্রকাশ,https://www.wafilife.com/cat/books/publisher/মনন-প্রকাশ
মনোজ প্রকাশনী,https://www.wafilife.com/cat/books/publisher/মনোজ-প্রকাশনী
মম প্রকাশ,https://www.wafilife.com/cat/books/publisher/মম-প্রকাশ
মরিয়ম বুক হাউস,https://www.wafilife.com/cat/books/publisher/mariyam-book-house
মল্লিক ব্রাদার্স,https://www.wafilife.com/cat/books/publisher/মল্লিক-ব্রাদার্স
মহাকাল,https://www.wafilife.com/cat/books/publisher/mohakal
মহানগর পাবলিকেশন,https://www.wafilife.com/cat/books/publisher/mohanogor-publications
মা'হাদুল কুরআন ওয়াস সুন্নাহ,https://www.wafilife.com/cat/books/publisher/mahadul-quran-wassunnah
মাইমুনা প্রকাশনী,https://www.wafilife.com/cat/books/publisher/মাইমুনা-প্রকাশনী
মাওলা প্রকাশনী,https://www.wafilife.com/cat/books/publisher/mawla-prokashoni
মাওলা ব্রাদার্স,https://www.wafilife.com/cat/books/publisher/mowla-brothers
মাওলানা আনিসুর রহমান,https://www.wafilife.com/cat/books/publisher/mawlana-anisur-rahman
মাওলানা আব্দুল কাদির সিংকাপনী ফাউন্ডেশন,https://www.wafilife.com/cat/books/publisher/mawlana-abdul-kadir-sinkaponi-foundation
মাকতাব,https://www.wafilife.com/cat/books/publisher/maktab
মাকতাবা,https://www.wafilife.com/cat/books/publisher/maktaba
মাকতাবা দাঈরাতুল মাআরিফ (পাকিস্তান),https://www.wafilife.com/cat/books/publisher/maktaba-dairatul-maarif-pakistan
মাকতাবাত আলমুফলিহুন,https://www.wafilife.com/cat/books/publisher/maktabat-al-muflihun
মাকতাবাতু ইবরাহীম,https://www.wafilife.com/cat/books/publisher/মাকতাবাতু-ইবরাহীম
মাকতাবাতু দারুল উলুম (পাকিস্তান),https://www.wafilife.com/cat/books/publisher/maktabatu-dar-ul-uloom-pakistan
মাকতাবাতু দারুল হিজাজ (মিশর),https://www.wafilife.com/cat/books/publisher/maktabatu-dar-ul-hijaz-egypt
মাকতাবাতু মারকাযিত তা'লীম ওয়াত তা'য়াল্লুম,https://www.wafilife.com/cat/books/publisher/maktabatu-markazit-talim-wat-taallum
মাকতাবাতু মারিফুল কুরআন (পাকিস্তান),https://www.wafilife.com/cat/books/publisher/maktabatu-mariful-quran-pakistan
মাকতাবাতু রাইয়্যান,https://www.wafilife.com/cat/books/publisher/maktabatu-rayyan
মাকতাবাতু সাঈদ,https://www.wafilife.com/cat/books/publisher/maktabatu-sayed
মাকতাবাতুত তাওফিকহিয়্যা (মিশর),https://www.wafilife.com/cat/books/publisher/maktabatut-tawfiqhiya-egypt
মাকতাবাতুত তাকওয়া,https://www.wafilife.com/cat/books/publisher/মাকতাবাতুত-তাকওয়া
মাকতাবাতুত তাকওয়া (মিশর),https://www.wafilife.com/cat/books/publisher/maktabatut-taqwa-egypt
মাকতাবাতুত তাকী,https://www.wafilife.com/cat/books/publisher/মাকতাবাতুত-তাকী
মাকতাবাতুত তাসনীম,https://www.wafilife.com/cat/books/publisher/maktabatut-tasneem
মাকতাবাতুদ দাওয়াহ,https://www.wafilife.com/cat/books/publisher/মাকতাবাতুদ-দাওয়াহ
মাকতাবাতুন নূর,https://www.wafilife.com/cat/books/publisher/maktabatun-nur
মাকতাবাতুয যাকারিয়া,https://www.wafilife.com/cat/books/publisher/মাকতাবাতুয-যাকারিয়া
মাকতাবাতুয যুবায়ের,https://www.wafilife.com/cat/books/publisher/maktabatul-jubayer
মাকতাবাতুর রশীদ,https://www.wafilife.com/cat/books/publisher/maktabatur-rashid
মাকতাবাতুর রাইয়্যান,https://www.wafilife.com/cat/books/publisher/maktabatur-rayan
মাকতাবাতুর রিফাত,https://www.wafilife.com/cat/books/publisher/maktabatur-rifat
মাকতাবাতুল আকসা,https://www.wafilife.com/cat/books/publisher/maktabatul-aqsa
মাকতাবাতুল আখতার,https://www.wafilife.com/cat/books/publisher/মাকতাবাতুল-আখতার
মাকতাবাতুল আনোয়ার,https://www.wafilife.com/cat/books/publisher/maktabatul-anwar
মাকতাবাতুল আফকার,https://www.wafilife.com/cat/books/publisher/maktabatul-afkar
মাকতাবাতুল আফনান,https://www.wafilife.com/cat/books/publisher/maktabatul-afnan
মাকতাবাতুল আবরার,https://www.wafilife.com/cat/books/publisher/makbatul-abrar
মাকতাবাতুল আবরার (জামালপুর),https://www.wafilife.com/cat/books/publisher/maktabatul-abrar-jamalpur
মাকতাবাতুল আমজাদ,https://www.wafilife.com/cat/books/publisher/maktabatul-amjad
মাকতাবাতুল আমান,https://www.wafilife.com/cat/books/publisher/মাকতাবাতুল-আমান
মাকতাবাতুল আমীন,https://www.wafilife.com/cat/books/publisher/maktabatul-amin
মাকতাবাতুল আযহার,https://www.wafilife.com/cat/books/publisher/maktabatul-azhar
মাকতাবাতুল আযান,https://www.wafilife.com/cat/books/publisher/maktabatul-azan
মাকতাবাতুল আরাফ,https://www.wafilife.com/cat/books/publisher/maktabatul-araf
মাকতাবাতুল আরাবিয়া,https://www.wafilife.com/cat/books/publisher/maktabatul-arabiya
মাকতাবাতুল আশরাফ,https://www.wafilife.com/cat/books/publisher/maktabatul-ashraf
মাকতাবাতুল আসআদ,https://www.wafilife.com/cat/books/publisher/মাকতাবাতুল-আসআদ
মাকতাবাতুল আসলাফ,https://www.wafilife.com/cat/books/publisher/মাকতাবাতুল-আসলাফ
মাকতাবাতুল আহবাব,https://www.wafilife.com/cat/books/publisher/maktabatul-ahbab
মাকতাবাতুল ইখওয়ান,https://www.wafilife.com/cat/books/publisher/maktabatul-ikhwan
মাকতাবাতুল ইত্তিহাদ,https://www.wafilife.com/cat/books/publisher/মাকতাবাতুল-ইত্তিহাদ
মাকতাবাতুল ইলম,https://www.wafilife.com/cat/books/publisher/maktabatul-ilm
মাকতাবাতুল ইলম (যশোর),https://www.wafilife.com/cat/books/publisher/maktabatul-ilm-joshore
মাকতাবাতুল ইসলাম,https://www.wafilife.com/cat/books/publisher/মাকতাবাতুল-ইসলাম
মাকতাবাতুল ইসলাহ,https://www.wafilife.com/cat/books/publisher/maktabatul-islah
মাকতাবাতুল ঈমান,https://www.wafilife.com/cat/books/publisher/মাকতাবাতুল-ঈমান
মাকতাবাতুল ওয়াতান,https://www.wafilife.com/cat/books/publisher/maktabatu-watan
মাকতাবাতুল ওয়াজীহ,https://www.wafilife.com/cat/books/publisher/maktabatul-wazih
মাকতাবাতুল ওয়াতান,https://www.wafilife.com/cat/books/publisher/maktabatul-watan
মাকতাবাতুল কুরআন,https://www.wafilife.com/cat/books/publisher/মাকতাবাতুল-কুরআন
মাকতাবাতুল ক্বলব,https://www.wafilife.com/cat/books/publisher/maktabatul-kolb
মাকতাবাতুল খিদমাহ,https://www.wafilife.com/cat/books/publisher/maktabatul-khidmah
মাকতাবাতুল ফকীর,https://www.wafilife.com/cat/books/publisher/maktabatul-faqir
মাকতাবাতুল ফাতাহ বাংলাদেশ,https://www.wafilife.com/cat/books/publisher/মাকতাবাতুল-ফাতাহ-বাংলাদে
মাকতাবাতুল ফুনূন,https://www.wafilife.com/cat/books/publisher/maktabatul-funun
মাকতাবাতুল ফুরকান,https://www.wafilife.com/cat/books/publisher/maktabatul-furqan
মাকতাবাতুল বায়ান,https://www.wafilife.com/cat/books/publisher/maktabatul-bayan
মাকতাবাতুল বুশরা,https://www.wafilife.com/cat/books/publisher/মাকতাবাতুল-বুশরা
মাকতাবাতুল মদিনাহ,https://www.wafilife.com/cat/books/publisher/maktabatul-madinah
মাকতাবাতুল মা'আরিফ,https://www.wafilife.com/cat/books/publisher/maktabatul-maarif-publisher
মাকতাবাতুল মাআরিফ,https://www.wafilife.com/cat/books/publisher/maktabatul-maarif
মাকতাবাতুল মারিয়াম,https://www.wafilife.com/cat/books/publisher/maktabatul-mariam
মাকতাবাতুল মুয়াজ,https://www.wafilife.com/cat/books/publisher/maktabatul-muyaj-publisher
মাকতাবাতুল মুয়াজ,https://www.wafilife.com/cat/books/publisher/maktabatul-muyaj
মাকতাবাতুল হাকীম,https://www.wafilife.com/cat/books/publisher/maktabatul-hakim
মাকতাবাতুল হাদি আল মুহাম্মাদি (ইংল্যান্ড),https://www.wafilife.com/cat/books/publisher/maktabatul-hadi-al-muhammadi-england
মাকতাবাতুল হামীদ,https://www.wafilife.com/cat/books/publisher/মাকতাবাতুল-হামীদ
মাকতাবাতুল হারামাইন,https://www.wafilife.com/cat/books/publisher/মাকতাবাতুল-হারামাইন
মাকতাবাতুল হাসান,https://www.wafilife.com/cat/books/publisher/মাকতাবাতুল-হাসান
মাকতাবাতুল হিকমাহ,https://www.wafilife.com/cat/books/publisher/maktabatul-hikmah
মাকতাবাতুল হিজায,https://www.wafilife.com/cat/books/publisher/maktabatul-hijaz
মাকতাবাতুল হিদায়াহ,https://www.wafilife.com/cat/books/publisher/maktabatul-hidayah
মাকতাবাতুল হুদা আল ইসলামিয়া,https://www.wafilife.com/cat/books/publisher/মাকতাবাতুল-হুদা-আল-ইসলাম
মাকতাবাতুল হুসাইন,https://www.wafilife.com/cat/books/publisher/maktabatul-hussain
মাকতাবাতুল হেরা,https://www.wafilife.com/cat/books/publisher/মাকতাবাতুল-হেরা
মাকতাবাতুস শামস,https://www.wafilife.com/cat/books/publisher/মাকতাবাতুস-শামস
মাকতাবাতুস শেফা,https://www.wafilife.com/cat/books/publisher/maktabatus-shefa
মাকতাবাতুস সফা,https://www.wafilife.com/cat/books/publisher/maktabatus-sofa
মাকতাবাতুস সফা (মিশর),https://www.wafilife.com/cat/books/publisher/maktabatus-safa-egypt
মাকতাবাতুস সাইফ,https://www.wafilife.com/cat/books/publisher/maktabatus-saif
মাকতাবাতুস সালাফ,https://www.wafilife.com/cat/books/publisher/maktabatus-salaf
মাকতাবাতুস সালাম,https://www.wafilife.com/cat/books/publisher/মাকতাবাতুস-সালাম
মাকতাবাতুস সাহাবা,https://www.wafilife.com/cat/books/publisher/maktabatus-sahaba
মাকতাবাতুস সুন্নাহ,https://www.wafilife.com/cat/books/publisher/মাকতাবাতুস-সুন্নাহ
মাকতাবাতুস সুন্নাহ (বাংলাবাজার),https://www.wafilife.com/cat/books/publisher/মাকতাবাতুস-সুন্নাহ-বাংল
মাকতাবাতুস সুন্নাহ (মাদরাসা মার্কেট),https://www.wafilife.com/cat/books/publisher/মাকতাবাতুস-সুন্নাহ-মাদর
মাকতাবাতুস সুন্নাহ ঢাকা,https://www.wafilife.com/cat/books/publisher/maktabatus-sunnah-dhaka
মাকতাবায়ে ত্বহা,https://www.wafilife.com/cat/books/publisher/maktabaye-twaha
মাকতাবায়ে মারকাজুল হুদা,https://www.wafilife.com/cat/books/publisher/maktabaye-markajul-huda
মাকতূব পাবলিকেশন,https://www.wafilife.com/cat/books/publisher/maktub-publication
মাকাসিদ পাবলিকেশন্স,https://www.wafilife.com/cat/books/publisher/maqasid-publications
মাজলিশ মারকাজু হিযব (পাকিস্তান),https://www.wafilife.com/cat/books/publisher/majlish-markazu-hizb-pakistan
মাজলিসু হুকামা আল মুসলিমিন (আরব আমিরাত),https://www.wafilife.com/cat/books/publisher/majlisu-hukama-al-muslimin-united-arab-emirates
মাজলিসে দাওয়াতুল হক,https://www.wafilife.com/cat/books/publisher/মাজলিসে-দাওয়াতুল-হক
মাজহুল প্রকাশন,https://www.wafilife.com/cat/books/publisher/mazhul-prokashon
মাতৃভাষা প্রকাশ,https://www.wafilife.com/cat/books/publisher/matrivasa-prokash
মাত্রা পাবলিকেশন্স,https://www.wafilife.com/cat/books/publisher/matra-publications
মাত্রাপ্রকাশ,https://www.wafilife.com/cat/books/publisher/matraprokash
মাদরাসায়ে ইসলামিয়া দারুলউলুম সুধন্যপুর,https://www.wafilife.com/cat/books/publisher/madrasaye-islamia-darululoom-sudhanyapur
মাদানী কুতুবখানা,https://www.wafilife.com/cat/books/publisher/madani-kutubkhana
মাদানী মাকতাব প্রশিক্ষণকেন্দ্র,https://www.wafilife.com/cat/books/publisher/madani-maktab-proshikkhonkendro
মানচিত্র প্রকাশনী,https://www.wafilife.com/cat/books/publisher/manchitra-prokashoni
মানযিল ইনস্টিটিউট,https://www.wafilife.com/cat/books/publisher/manjil-institute
মানহাল পাবলিকেশন,https://www.wafilife.com/cat/books/publisher/manhal-publlication
মানাবি পাবলিকেশন্স,https://www.wafilife.com/cat/books/publisher/manabi-publications
মামুন পাবলিকেশন বিডি,https://www.wafilife.com/cat/books/publisher/mamun-publication-bd
মারকাজুত তাহফিজ ফাউন্ডেশন বাংলাদেশ,https://www.wafilife.com/cat/books/publisher/markazut-tahfiz-foundation-bangladesh
মারকাযু তাফসীর লি দিরাসাতিল কুরআনিয়া (সৌদি আরব),https://www.wafilife.com/cat/books/publisher/markazu-tafseer-li-dirasatil-quraniya-saudi-arabia
মারকাযু হারফ লিলবাহত ওয়ালতাতউয়ির আল ইলমি (তুরস্ক),https://www.wafilife.com/cat/books/publisher/markazu-harf-lilbahat-waltatuyir-al-ilmi-turkiye
মারকাযুদ দাওয়াহ আল ইসলামিয়া,https://www.wafilife.com/cat/books/publisher/markazud-dawah-alislamia-dhaka
মারকাযুল বুহুস আল ইলমিয়া,https://www.wafilife.com/cat/books/publisher/markazul-buhus-al-ilmiya
মারকাযুস শায়েখ আবুল হাসান আন নদভি (পাকিস্তান),https://www.wafilife.com/cat/books/publisher/markaz-shaikh-abul-hasan-an-nadvi-pakistan
মালাইকা পাবলিকেশনস,https://www.wafilife.com/cat/books/publisher/malaika-publications
মাসিক আলকাউসার,https://www.wafilife.com/cat/books/publisher/the-monthly-al-kawsar
মাসিক নকীব,https://www.wafilife.com/cat/books/publisher/mashik-nokib
মাসিক নেয়ামত,https://www.wafilife.com/cat/books/publisher/monthly-niamat
মাসিক মদীনা পাবলিকেশান্স,https://www.wafilife.com/cat/books/publisher/mashik-madina-publications
মাস্টার পাবলিকেশন,https://www.wafilife.com/cat/books/publisher/master-publication
মাস্তুল পাবলিকেশন,https://www.wafilife.com/cat/books/publisher/mastul-publication
মাহফিল,https://www.wafilife.com/cat/books/publisher/মাহফিল
মাহমুদ পাবলিকেশন্স,https://www.wafilife.com/cat/books/publisher/মাহমুদ-পাবলিকেশন্স
মাহমুদিয়া লাইব্রেরী,https://www.wafilife.com/cat/books/publisher/মাহমুদিয়া-লাইব্রেরী
মাহাদুল কুরআন ওয়াস সুন্নাহ,https://www.wafilife.com/cat/books/publisher/mahdul-quran-oyas-sunnah
মিজান পাবলিশার্স,https://www.wafilife.com/cat/books/publisher/মিজান-পাবলিশার্স
মিতা ট্রেডার্স,https://www.wafilife.com/cat/books/publisher/mita-traders
মিনারাহ পাবলিকেশন্স,https://www.wafilife.com/cat/books/publisher/মিনারাহ-পাবলিকেশন্স
মিফতাহ প্রকাশনী,https://www.wafilife.com/cat/books/publisher/miftah-prokashoni
মিরর পাবলিকেশন্স,https://www.wafilife.com/cat/books/publisher/mirror-pulications
মিরাজীয়ান পাবলিকেশন্স,https://www.wafilife.com/cat/books/publisher/mirajian-publications
মিসবাহ প্রকাশন,https://www.wafilife.com/cat/books/publisher/misbah-prokashoni
মিহির’স পাবলিকেশন,https://www.wafilife.com/cat/books/publisher/mihirs-publication
মীনা বুক হাউস,https://www.wafilife.com/cat/books/publisher/meena-book-house
মীরাছ,https://www.wafilife.com/cat/books/publisher/mirash
মুআসসাতু আল ফুরকান লি তুরাছিল ইসলামি (বৈরুত),https://www.wafilife.com/cat/books/publisher/muassatu-al-furqan-li-turasil-islami-beirut
মুআসসাসা ইলমিয়্যাহ বাংলাদেশ,https://www.wafilife.com/cat/books/publisher/muassasa-ilmiyah-bangladesh
মুআসসাসাতুদ দাওয়াহ,https://www.wafilife.com/cat/books/publisher/muassatud-dawah
মুআসসাসাতুল ইহদা আল ইসলামিয়াহ,https://www.wafilife.com/cat/books/publisher/muassasatul-ihda-al-islamiyah
মুআসসাসাতুল মাওয়াহিব বাংলাদেশ,https://www.wafilife.com/cat/books/publisher/muassatul-mawahib-bangladesh
মুআসসাসাতুল হিকমাহ,https://www.wafilife.com/cat/books/publisher/muassasatul-hikmah
মুআসসাসাহ আরাবিয়্যাহ বাংলাদেশ,https://www.wafilife.com/cat/books/publisher/muassasa-arabiyah-bangladesh
মুক্ত পাঠশালা,https://www.wafilife.com/cat/books/publisher/mukto-pathshala
মুক্তচিন্তা,https://www.wafilife.com/cat/books/publisher/muktocinta
মুক্তদেশ প্রকাশন,https://www.wafilife.com/cat/books/publisher/muktadesh-publication
মুদ্রণশিল্প,https://www.wafilife.com/cat/books/publisher/mudraṇsilpo
মুনলাইট পাবলিকেশন,https://www.wafilife.com/cat/books/publisher/moonlight-publication
মুন্তাখাব প্রকাশনী,https://www.wafilife.com/cat/books/publisher/মুন্তাখাব-প্রকাশনী
মুন্নি পাবলিকেশন,https://www.wafilife.com/cat/books/publisher/munni-publication
মুযদালিফা প্রকাশন,https://www.wafilife.com/cat/books/publisher/muzdalifah-publication
মুয়াসসাতু রিসালাতি নাশিরুন (বৈরুত),https://www.wafilife.com/cat/books/publisher/muassatu-risalati-nashirun-beirut
মুয়াসসাতুস শায়েখ সালেহ আল উসাইমিন (বৈরুত),https://www.wafilife.com/cat/books/publisher/muassatus-shaykh-saleh-al-uthaymeen-beirut
মুয়াসসাসাতুল ফুরসান (বৈরুত),https://www.wafilife.com/cat/books/publisher/muassasatul-fursan-beirut
মুসতাকিম প্রকাশন,https://www.wafilife.com/cat/books/publisher/mustakim-prokashon
মুসলিম বাংলা ফাউন্ডেশন,https://www.wafilife.com/cat/books/publisher/muslim-bangla-foundation
মুসলিম ভিলেজ,https://www.wafilife.com/cat/books/publisher/মুসলিম-ভিলেজ
মুসাফির,https://www.wafilife.com/cat/books/publisher/musafir
মুহাম্মদ পাবলিকেশন,https://www.wafilife.com/cat/books/publisher/muhammod-publication
মুহাম্মদী বুক হাউজ,https://www.wafilife.com/cat/books/publisher/muhammadi-book-house
মুহাম্মাদ ব্রাদার্স,https://www.wafilife.com/cat/books/publisher/মুহাম্মাদ-ব্রাদার্স
মুহিউস সুন্নাহ প্রকাশনী,https://www.wafilife.com/cat/books/publisher/মুহিউস-সুন্নাহ-প্রকাশনী
মুহিউসসুন্নাহ প্রকাশন,https://www.wafilife.com/cat/books/publisher/mohiusunnah-prokashon
মুয়াসসাতুর রিসালাহ (বৈরুত),https://www.wafilife.com/cat/books/publisher/muassatur-risalah-beirut
মুয়াসাসাতুল উলুমুল কুরআন,https://www.wafilife.com/cat/books/publisher/muasasatul-ulumul-quran
মেঘ প্রকাশ,https://www.wafilife.com/cat/books/publisher/megh-prokash
মেঘনা পাবলিকেশন্স,https://www.wafilife.com/cat/books/publisher/মেঘনা-পাবলিকেশন্স
মেট্রো পাবলিকেশন্স,https://www.wafilife.com/cat/books/publisher/মেট্রো-পাবলিকেশন্স
মেডিকো,https://www.wafilife.com/cat/books/publisher/medico
মেডিসাকসেস পাবলিকেশন্স,https://www.wafilife.com/cat/books/publisher/medisuccess-publications
মেধা অন্বেষন প্রকাশ,https://www.wafilife.com/cat/books/publisher/medha-onyason-prokash
মেধা পাবলিকেশন্স,https://www.wafilife.com/cat/books/publisher/medha-publications
মেধা বিকাশ প্রকাশন,https://www.wafilife.com/cat/books/publisher/medha-bikash-prokashon
মেরিট ফেয়ার প্রকাশন,https://www.wafilife.com/cat/books/publisher/merit-fair-prokashon
মেশক প্রকাশন,https://www.wafilife.com/cat/books/publisher/meshk-prokashon
মেহরাব পাবলিকেশন,https://www.wafilife.com/cat/books/publisher/mehrab-publication
মোঃ আজিজুর রহমান মোল্লা,https://www.wafilife.com/cat/books/publisher/md-ajijur-rahman-molla
মোহাম্মদী কুতুবখানা,https://www.wafilife.com/cat/books/publisher/মোহাম্মদী-কুতুবখানা
মোহাম্মদী বুক হাউস,https://www.wafilife.com/cat/books/publisher/মোহাম্মদী-বুক-হাউস
মোহাম্মদী লাইব্রেরী,https://www.wafilife.com/cat/books/publisher/muhammadi-library
ম্যাগনেট পাবলিকেশন,https://www.wafilife.com/cat/books/publisher/magnet-publication
ম্যাট্রিক্স পাবলিকেশন,https://www.wafilife.com/cat/books/publisher/matrix-publication
ম্যানুভার,https://www.wafilife.com/cat/books/publisher/manoeuvre
ম্যানুয়াল প্রকাশন,https://www.wafilife.com/cat/books/publisher/manual-prokasoni
ম্যানুয়াল পাবলিকেশন,https://www.wafilife.com/cat/books/publisher/manual-publication
যমযম পাবলিকেশন,https://www.wafilife.com/cat/books/publisher/যমযম-পাবলিকেশন
যাইতুন পাবলিকেশন,https://www.wafilife.com/cat/books/publisher/jaitun-publication
যাহরাহ প্রকাশনী,https://www.wafilife.com/cat/books/publisher/zaharat-prokashoni
যিকরাহ পাবলিকেশন,https://www.wafilife.com/cat/books/publisher/zikra-publication
যিয়ান পাবলিকেশন,https://www.wafilife.com/cat/books/publisher/jian-publication
যুমার পাবলিকেশন,https://www.wafilife.com/cat/books/publisher/jumar-publication
রংতুলি প্রকাশন,https://www.wafilife.com/cat/books/publisher/rongtuli-prokashon
রংধনু পাবলিকেশন্স,https://www.wafilife.com/cat/books/publisher/রংধনু-পাবলিকেশন্স
রচনা প্রকাশ,https://www.wafilife.com/cat/books/publisher/rochona-prokash
রফরফ বুক পয়েন্ট,https://www.wafilife.com/cat/books/publisher/rofrof-book-point
রশিদ বুক হাউস,https://www.wafilife.com/cat/books/publisher/রশিদ-বুক-হাউস
রশিদীয়া কুতুবখানা,https://www.wafilife.com/cat/books/publisher/rashidiya-kutubkhana
রশীদ বুক হাউজ,https://www.wafilife.com/cat/books/publisher/রশীদ-বুক-হাউজ
রসায়ন দরবার পাবলিকেশন,https://www.wafilife.com/cat/books/publisher/rosayon-dorbar-publication
রহমত প্রকাশনী,https://www.wafilife.com/cat/books/publisher/rahmat-prakashani
রাইজ পাবলিকেশনস,https://www.wafilife.com/cat/books/publisher/রাইজ-পাবলিকেশনস
রাইয়ান প্রকাশন,https://www.wafilife.com/cat/books/publisher/raiyan-prokashon
রাওয়া পাবলিকেশনস,https://www.wafilife.com/cat/books/publisher/raowa-publications
রাজ পাবলিকেশন,https://www.wafilife.com/cat/books/publisher/raz-publication
রাজিয়া মোল্লা পাবলিকেশন,https://www.wafilife.com/cat/books/publisher/রাজিয়া-মোল্লা-পাবলিকেশন
রাত্রি প্রকাশনী,https://www.wafilife.com/cat/books/publisher/ratri-prokashoni
রাহনুমা পরিবেশিত,https://www.wafilife.com/cat/books/publisher/rahnuma-poribeshito
রাহনুমা প্রকাশনী,https://www.wafilife.com/cat/books/publisher/রাহনুমা-প্রকাশনী
রাহবার পাবলিকেশন্স,https://www.wafilife.com/cat/books/publisher/rahbar-publications
রাহবার প্রকাশন,https://www.wafilife.com/cat/books/publisher/rahbar-prokashon
রাহবার প্রকাশনী,https://www.wafilife.com/cat/books/publisher/rahabar-prokasoni
রাহমাহ পাবলিকেশন,https://www.wafilife.com/cat/books/publisher/rahmah-publication
রাহাত'স ইংলিশ কেয়ার,https://www.wafilife.com/cat/books/publisher/রাহাতস-ইংলিশ-কেয়ার
রাহাবার পাবলিকেশন্স,https://www.wafilife.com/cat/books/publisher/রাহাবার-পাবলিকেশন্স
রাহে জান্নাত কুতুবখানা,https://www.wafilife.com/cat/books/publisher/rahe-jannat-kutubkhana
রিজকুন কারীম প্রকাশন,https://www.wafilife.com/cat/books/publisher/rijkun-kareem-prokashoni
রিডার্স পাবলিশার্স,https://www.wafilife.com/cat/books/publisher/readers-publishers
রিফাইন পাবলিকেশন,https://www.wafilife.com/cat/books/publisher/রিফাইন-পাবলিকেশন
রিভাইভ পাবলিকেশন্স,https://www.wafilife.com/cat/books/publisher/revive-publications
রিভার্স পাবলিকেশন,https://www.wafilife.com/cat/books/publisher/reverse-publication
রিমঝিম প্রকাশনী,https://www.wafilife.com/cat/books/publisher/rimjhim-publishing
রিলায়েন্স পাবলিকেশন,https://www.wafilife.com/cat/books/publisher/reliance-publication
রিলে পাবলিকেশন,https://www.wafilife.com/cat/books/publisher/rely-publication
রিশতা প্রকাশন,https://www.wafilife.com/cat/books/publisher/rista-prokashon
রিশাহ্ পাবলিকেশন্স,https://www.wafilife.com/cat/books/publisher/risah-publications
রিসালাহ পাবলিকেশন্স,https://www.wafilife.com/cat/books/publisher/risalah-publications
রিসেন্ট পাবলিকেশন,https://www.wafilife.com/cat/books/publisher/recent-pabolication
রিস্টার্ট ইয়োরসেলফ,https://www.wafilife.com/cat/books/publisher/restart-yourself
রিহলাহ পাবলিকেশন,https://www.wafilife.com/cat/books/publisher/rihlah-publication
রিয়াদ প্রকাশনী,https://www.wafilife.com/cat/books/publisher/রিয়াদ-প্রকাশনী
রুদ্র প্রকাশ,https://www.wafilife.com/cat/books/publisher/rudro-prokash
রুশদা প্রকাশ,https://www.wafilife.com/cat/books/publisher/rushda-prokash
রুহামা পাবলিকেশন,https://www.wafilife.com/cat/books/publisher/রুহামা-পাবলিকেশন
রূপসী বাংলা,https://www.wafilife.com/cat/books/publisher/ruposi-bangla
রেইনড্রপস,https://www.wafilife.com/cat/books/publisher/raindrops
রেইনফল পাবলিকেশন,https://www.wafilife.com/cat/books/publisher/রেইনফল-পাবলিকেশন
রেজায়ী সেন্টার,https://www.wafilife.com/cat/books/publisher/rejayee-center
রেটিনা মেডিকেল এন্ড ডেন্টাল এ্যাডমিশন কোচিং,https://www.wafilife.com/cat/books/publisher/retina-medical-dental-admission-coaching
রেড পাবলিকেশন,https://www.wafilife.com/cat/books/publisher/red-publication
রেডিয়েন্ট পাবলিশিং,https://www.wafilife.com/cat/books/publisher/radiant-publishing
রেডিয়েন্ট লিফ,https://www.wafilife.com/cat/books/publisher/radiant-leaf
রেহাল প্রকাশন,https://www.wafilife.com/cat/books/publisher/rehal-publications
রোদেলা প্রকাশনী,https://www.wafilife.com/cat/books/publisher/রোদেলা-প্রকাশনী
রোহেল পাবলিকেশনস্,https://www.wafilife.com/cat/books/publisher/rohel-publications
রয়েল পাবলিকেশন,https://www.wafilife.com/cat/books/publisher/royal-publication
র‍্যাকস পাবলিকেশন্স,https://www.wafilife.com/cat/books/publisher/raqs-publications
লাজনা প্রকাশনা ও গবেষণা কেন্দ্র,https://www.wafilife.com/cat/books/publisher/lajna-prokashona-o-gobeshona-kendro
লাজনাতুল উলামা বাংলাদেশ,https://www.wafilife.com/cat/books/publisher/lajnatul-ulama-bangladesh
লামাআন প্রকাশনী,https://www.wafilife.com/cat/books/publisher/lama-an-prokashoni
লার্নিং কুরআন পাবলিকেশন্স,https://www.wafilife.com/cat/books/publisher/learning-quran-publications
লার্নিং স্কুল পাবলিকেশন্স,https://www.wafilife.com/cat/books/publisher/learning-school-publications
লিগ্যাম পাবলিকেশন্স,https://www.wafilife.com/cat/books/publisher/legum-publications
লিজেন্ড পাবলিকেশন্স,https://www.wafilife.com/cat/books/publisher/legend-publications
লিটন পাবলিকেশন্স,https://www.wafilife.com/cat/books/publisher/liton-publications
লিটল উম্মাহ,https://www.wafilife.com/cat/books/publisher/little-ummah
লিডার্স স্কুল এন্ড কলেজ চট্টগ্রাম,https://www.wafilife.com/cat/books/publisher/leaders-school-and-college-chittagong
লিপিকলা টাইপ ফাউন্ড্রী,https://www.wafilife.com/cat/books/publisher/lipikola-type-foundry
লিপির আলো,https://www.wafilife.com/cat/books/publisher/lipir-alo
লিয়াকত'স ইংলিশ,https://www.wafilife.com/cat/books/publisher/liakats-english-publication
লেকচার পাবলিকেশন্স লি.,https://www.wafilife.com/cat/books/publisher/lecture-publications-ltd
লেকচার পাবলিকেশন্স লি. (মাদ্রাসা),https://www.wafilife.com/cat/books/publisher/lecture-publications-ltd-madrasa
লেজার প্রিন্ট,https://www.wafilife.com/cat/books/publisher/laser-print
লেভেল আপ পাবলিশিং,https://www.wafilife.com/cat/books/publisher/level-up-publishing
লোকমান প্রকাশনী,https://www.wafilife.com/cat/books/publisher/lokman-prokashoni
ল্যান্ড ল' প্রকাশনী,https://www.wafilife.com/cat/books/publisher/land-law-prokashoni
ল্যাব বাংলা,https://www.wafilife.com/cat/books/publisher/lab-bangla
শতাব্দী প্রকাশনী,https://www.wafilife.com/cat/books/publisher/শতাব্দী-প্রকাশনী
শব্দ সাগর,https://www.wafilife.com/cat/books/publisher/shabdo-sagor
শব্দ সিঁড়ি প্রকাশন,https://www.wafilife.com/cat/books/publisher/sobdho-siri-publishing
শব্দকথা প্রকাশন,https://www.wafilife.com/cat/books/publisher/sobdokotha-prakason
শব্দকোলাজ প্রকাশনী,https://www.wafilife.com/cat/books/publisher/শব্দকোলাজ-প্রকাশনী
শব্দতরু,https://www.wafilife.com/cat/books/publisher/shobdotoru
শব্দশিল্প,https://www.wafilife.com/cat/books/publisher/শব্দশিল্প
শব্দশৈলী,https://www.wafilife.com/cat/books/publisher/শব্দশৈলী
শব্দসিঁড়ি,https://www.wafilife.com/cat/books/publisher/shobdosiri
শব্দাঙ্গণ,https://www.wafilife.com/cat/books/publisher/shobdanggn
শব্দাবলি প্রকাশন,https://www.wafilife.com/cat/books/publisher/shobdaboli-prokashon
শাওন প্রকাশনী,https://www.wafilife.com/cat/books/publisher/shawon-publishing
শাপলা প্রকাশন,https://www.wafilife.com/cat/books/publisher/shapla-publications
শামস টি প্রকাশনী,https://www.wafilife.com/cat/books/publisher/shams-t-prokashoni
শামসুল উলূম লাইব্রেরী,https://www.wafilife.com/cat/books/publisher/shamsul-ullum-library
শামীম পাবলিকেশন,https://www.wafilife.com/cat/books/publisher/shamims-publication
শায়েখ আব্দুল্লাহ আল মুনীর,https://www.wafilife.com/cat/books/publisher/shaykh-abdullah-al-munir
শায়খুল ইসলাম প্রকাশন,https://www.wafilife.com/cat/books/publisher/shaikhul-islam-prokashon
শায়েখ শফিকুল ইসলাম ইমদাদি একাডেমি,https://www.wafilife.com/cat/books/publisher/shaikh-shafiqul-islam-imdadi-academy
শিউলিমালা প্রকাশন,https://www.wafilife.com/cat/books/publisher/shiulimala-publications
শিক্ষা কোষ,https://www.wafilife.com/cat/books/publisher/shikkha-kosh
শিক্ষাকোষ,https://www.wafilife.com/cat/books/publisher/shikkhakosh
শিকড়,https://www.wafilife.com/cat/books/publisher/shikor
শিখা পাবলিকেশন,https://www.wafilife.com/cat/books/publisher/shikha-publication
শিখা প্রকাশনী,https://www.wafilife.com/cat/books/publisher/শিখা-প্রকাশনী
শিবলী প্রকাশনী,https://www.wafilife.com/cat/books/publisher/shibly-prokashony
শিরোনাম প্রকাশন,https://www.wafilife.com/cat/books/publisher/shironam-prokashon
শিরোপা প্রকাশনী,https://www.wafilife.com/cat/books/publisher/shiropa-prokashoni
শিলা প্রকাশনী,https://www.wafilife.com/cat/books/publisher/shila-prokashoni
শিলালিপি (ঢাকা),https://www.wafilife.com/cat/books/publisher/shilalipi-dhaka
শিশু কানন,https://www.wafilife.com/cat/books/publisher/শিশু-কানন
শিশু গ্রন্থ কুটির,https://www.wafilife.com/cat/books/publisher/শিশু-গ্রন্থ-কুটির
শিশুতোষ প্রকাশন,https://www.wafilife.com/cat/books/publisher/shishutosh-prokashon
শিশুরাজ্য প্রকাশন,https://www.wafilife.com/cat/books/publisher/শিশুরাজ্য-প্রকাশন
শুদ্ধি,https://www.wafilife.com/cat/books/publisher/শুদ্ধি-publisher
শোভা প্রকাশ,https://www.wafilife.com/cat/books/publisher/শোভা-প্রকাশ
শ্রাবণ প্রকাশনী,https://www.wafilife.com/cat/books/publisher/shrabon-prokashani
শ্রীহট্ট প্রকাশ,https://www.wafilife.com/cat/books/publisher/shrihotto-prokash
সংকল্প প্রকাশন,https://www.wafilife.com/cat/books/publisher/সংকল্প-প্রকাশন
সংবেদ,https://www.wafilife.com/cat/books/publisher/shongbed
সংহতি প্রকাশন,https://www.wafilife.com/cat/books/publisher/samhati-prokashon
সওগাত প্রকাশন,https://www.wafilife.com/cat/books/publisher/sowgat-prokashon
সকাল টিভি,https://www.wafilife.com/cat/books/publisher/sokal-tv
সঞ্চারী প্রকাশনী,https://www.wafilife.com/cat/books/publisher/সঞ্চারী-প্রকাশনী
সঞ্চালন প্রকাশনী,https://www.wafilife.com/cat/books/publisher/sanchalan-prokashoni
সঞ্জীবন প্রকাশন,https://www.wafilife.com/cat/books/publisher/sonjibon-prokashon
সতীর্থ প্রকাশনা,https://www.wafilife.com/cat/books/publisher/sotirtho-prokashona
সত্যকথা প্রকাশ,https://www.wafilife.com/cat/books/publisher/sattokotha-prokash
সত্যমনা প্রকাশনী,https://www.wafilife.com/cat/books/publisher/sottomona-prokashon
সত্যালোক প্রকাশন,https://www.wafilife.com/cat/books/publisher/sottalok-prokashon
সত্যায়ন প্রকাশন,https://www.wafilife.com/cat/books/publisher/sottayon-prokashon
সত্যের আলো প্রকাশন,https://www.wafilife.com/cat/books/publisher/shotter-alo-prokashon
সত্যের আলো প্রকাশনী,https://www.wafilife.com/cat/books/publisher/sotter-alo-prokashoni
সন্দীপন প্রকাশন,https://www.wafilife.com/cat/books/publisher/সন্দীপন-প্রকাশন
সন্দেশ,https://www.wafilife.com/cat/books/publisher/sandesh
সন্ধান পাবলিকেশন্স,https://www.wafilife.com/cat/books/publisher/shondan-publications
সপ্তশীষ প্রকাশন,https://www.wafilife.com/cat/books/publisher/shoptoshis-prokashon
সফা প্রকাশনী,https://www.wafilife.com/cat/books/publisher/সফা-প্রকাশনী
সবুজ উদ্যোগ প্রকাশনী,https://www.wafilife.com/cat/books/publisher/সবুজ-উদ্যোগ-প্রকাশনী
সবুজপত্র পাবলিকেশন্স,https://www.wafilife.com/cat/books/publisher/সবুজপত্র-পাবলিকেশন্স
সমকাল প্রকাশন,https://www.wafilife.com/cat/books/publisher/samakal-prokashon
সমকালীন প্রকাশন,https://www.wafilife.com/cat/books/publisher/somokalin-prokashon
সমগ্র প্রকাশন,https://www.wafilife.com/cat/books/publisher/somogro-prokashon
সমতট,https://www.wafilife.com/cat/books/publisher/সমতট
সমন্বয় প্রকাশনী,https://www.wafilife.com/cat/books/publisher/samannoy-prokashoni
সমর্পণ প্রকাশন,https://www.wafilife.com/cat/books/publisher/somorpon-prokashon
সমাচার,https://www.wafilife.com/cat/books/publisher/সমাচার
সমারোহ প্রকাশন,https://www.wafilife.com/cat/books/publisher/সমারোহ-প্রকাশন
সমাহার বইকেন্দ্র,https://www.wafilife.com/cat/books/publisher/shamahar-boikendro
সম্প্রীতি প্রকাশ,https://www.wafilife.com/cat/books/publisher/sompriti-prokash
সময় প্রকাশন,https://www.wafilife.com/cat/books/publisher/somoy-prokashon
সরলপথ পাবলিকেশন,https://www.wafilife.com/cat/books/publisher/sorolpoth-publication
সরলরেখা প্রকাশন,https://www.wafilife.com/cat/books/publisher/সরলরেখা-প্রকাশন
সরোবর,https://www.wafilife.com/cat/books/publisher/shorobor
সরোবর,https://www.wafilife.com/cat/books/publisher/sorobor
সহজ পাবলিকেশন,https://www.wafilife.com/cat/books/publisher/sohoj-publication
সহজ প্রকাশ,https://www.wafilife.com/cat/books/publisher/sohoj-prokash
সহীহ ইন্টারন্যাশনাল,https://www.wafilife.com/cat/books/publisher/saheeh-intl
সাইকা পাবলিকেশন্স,https://www.wafilife.com/cat/books/publisher/saika-publications
সাইন্সভার্স পাবলিকেশন,https://www.wafilife.com/cat/books/publisher/scienceverse-publication
সাইফুর'স,https://www.wafilife.com/cat/books/publisher/saifurs
সাজিদ বুকশপ,https://www.wafilife.com/cat/books/publisher/sajid-bookshop
সাতভাই চম্পা প্রকাশনী,https://www.wafilife.com/cat/books/publisher/satvai-chompa-prokashoni
সাথী প্রকাশন,https://www.wafilife.com/cat/books/publisher/sathi-publication
সাফওয়ান প্রকাশনী,https://www.wafilife.com/cat/books/publisher/safwan-prokashoni
সাফল্য প্রকাশনী,https://www.wafilife.com/cat/books/publisher/saphollo-prokashoni
সাবাহ পাবলিকেশন,https://www.wafilife.com/cat/books/publisher/sabah-publication
সাবিল পাবলিকেশন,https://www.wafilife.com/cat/books/publisher/sabil-publication
সাবিহা প্রিন্টার্স এন্ড এক্সেসরিজ,https://www.wafilife.com/cat/books/publisher/sabiha-printers-and-accessories
সামারাহ প্রকাশন,https://www.wafilife.com/cat/books/publisher/samarah-prokashon
সায়েন্স এন্ড ইঞ্জিনিয়ারিং টিউটর,https://www.wafilife.com/cat/books/publisher/self-publication
সায়েন্স ভিউ পাবলিকেশন্স,https://www.wafilife.com/cat/books/publisher/science-view-publications
সারস প্রকাশন,https://www.wafilife.com/cat/books/publisher/saras-publications
সার্কেল অব কুরআন,https://www.wafilife.com/cat/books/publisher/circle-of-quran
সালমা বুক ডিপো,https://www.wafilife.com/cat/books/publisher/সালমা-বুক-ডিপো
সালমান প্রকাশনী,https://www.wafilife.com/cat/books/publisher/salman-prokashoni
সালাউদ্দিন বইঘর,https://www.wafilife.com/cat/books/publisher/সালাউদ্দিন-বইঘর
সালাফি দাওয়াহ প্রকাশনী,https://www.wafilife.com/cat/books/publisher/salafi-dawah-prokashoni
সাস পাবলিকেশন,https://www.wafilife.com/cat/books/publisher/sas-publication
সাহস পাবলিকেশন্স,https://www.wafilife.com/cat/books/publisher/sasos-publication
সাহিত্য ও গবেষণা কেন্দ্র,https://www.wafilife.com/cat/books/publisher/সাহিত্য-ও-গবেষণা-কেন্দ্র
সাহিত্য কুটির,https://www.wafilife.com/cat/books/publisher/sahitto-kutir
সাহিত্য চর্চা,https://www.wafilife.com/cat/books/publisher/sahithy-charcha
সাহিত্য প্রকাশ,https://www.wafilife.com/cat/books/publisher/সাহিত্য-প্রকাশ
সাহিত্য প্রকাশনী,https://www.wafilife.com/cat/books/publisher/sahityo-prokashoni
সাহিত্যদেশ,https://www.wafilife.com/cat/books/publisher/sahityodesh
সিজদাহ পাবলিকেশন,https://www.wafilife.com/cat/books/publisher/sijdah-publication
সিতারা পাবলিকেশন,https://www.wafilife.com/cat/books/publisher/sitara-publication-publisher
সিতারা প্রকাশ,https://www.wafilife.com/cat/books/publisher/sitara-publication
সিদ্দিকীয়া পাবলিকেশন্স,https://www.wafilife.com/cat/books/publisher/siddikia-publications
সিদ্দীকিয়া প্রকাশনী,https://www.wafilife.com/cat/books/publisher/siddiqia-prokashoni
সিনক্রোনাস বই পাবলিকেশন,https://www.wafilife.com/cat/books/publisher/synchronusboi-publication
সিবাওয়াই ইনস্টিটিউট,https://www.wafilife.com/cat/books/publisher/sibawayh-institute
সিম্পোজিয়াম পাবলিকেশন্স,https://www.wafilife.com/cat/books/publisher/symposium-publications
সিরাজাম মুনীরা প্রকাশন,https://www.wafilife.com/cat/books/publisher/sirajam-munira-prokashon
সিলসিলাহ প্রকাশন,https://www.wafilife.com/cat/books/publisher/silsilah-prokashon
সিসটেক পাবলিকেশন্স,https://www.wafilife.com/cat/books/publisher/সিসটেক-পাবলিকেশন্স
সিসটেক পাবলিকেশন্স লিমিটেড,https://www.wafilife.com/cat/books/publisher/systech-publications-limited
সিয়ান পাবলিকেশন,https://www.wafilife.com/cat/books/publisher/sean-publication
সিয়ানাহ ট্রাস্ট,https://www.wafilife.com/cat/books/publisher/seanah_trust
সিয়ানাহ ট্রাস্ট,https://www.wafilife.com/cat/books/publisher/seanah-trust
সীরাত একাডেমি,https://www.wafilife.com/cat/books/publisher/seerat-academy
সীরাত পাবলিকেশন,https://www.wafilife.com/cat/books/publisher/সীরাত-পাবলিকেশন
সীরাহ প্রকাশ,https://www.wafilife.com/cat/books/publisher/sirah-prokash
সুকুন কিডস,https://www.wafilife.com/cat/books/publisher/sukun-kids
সুকুন পাবলিশিং,https://www.wafilife.com/cat/books/publisher/sukun-publishing
সুকূন পাবলিকেশন,https://www.wafilife.com/cat/books/publisher/sukoon-publication
সুচয়নী পাবলিশার্স,https://www.wafilife.com/cat/books/publisher/suchayani-publishers
সুজুদ পাবলিশিং,https://www.wafilife.com/cat/books/publisher/sujud-publishing
সুবর্ণ,https://www.wafilife.com/cat/books/publisher/suborno
সুবহে সাদিক প্রকাশনী,https://www.wafilife.com/cat/books/publisher/সুবহে-সাদিক-প্রকাশনী
সুবুত,https://www.wafilife.com/cat/books/publisher/সুবুত
সুলতান আহমেদ সাগর,https://www.wafilife.com/cat/books/publisher/sultan-ahmed-sagor
সুলতানস,https://www.wafilife.com/cat/books/publisher/sultans
সুসুকস পাবলিকেশনস,https://www.wafilife.com/cat/books/publisher/susuks-publications
সুহেল পাবলিকেশন্স,https://www.wafilife.com/cat/books/publisher/suhel-publications
সূচীপত্র,https://www.wafilife.com/cat/books/publisher/suchipotro
সূরা,https://www.wafilife.com/cat/books/publisher/sura
সূর্যোদয় প্রকাশন,https://www.wafilife.com/cat/books/publisher/shurjodoy-prokashon
সৃজনী,https://www.wafilife.com/cat/books/publisher/srijony
সেঞ্চুরি প্রকাশনী,https://www.wafilife.com/cat/books/publisher/century-publishing
সেন্টার ফর এডুকেশন রিসার্চ এন্ড ট্রেনিং (সিইআরটি),https://www.wafilife.com/cat/books/publisher/center-for-information-education-and-research-cier
সেন্টার ফর বেঙ্গল স্টাডিজ (সিবিএস),https://www.wafilife.com/cat/books/publisher/centre-for-bengal-studies
সেন্টার ফর রিসার্চ এন্ড পাবলিকেশন - আইআইইউসি,https://www.wafilife.com/cat/books/publisher/center-for-research-and-publication-iiuc
সেবা প্রকাশনী,https://www.wafilife.com/cat/books/publisher/সেবা-প্রকাশনী
সেরা পাবলিকেশন,https://www.wafilife.com/cat/books/publisher/sera-publication
সেলফ-সাজেশন পাবলিকেশন,https://www.wafilife.com/cat/books/publisher/self-suggestion-publication
সোজলার পাবলিকেশন লিঃ,https://www.wafilife.com/cat/books/publisher/সোজলার-পাবলিকেশন-লিঃ
সোনালী সোপান প্রকাশনী,https://www.wafilife.com/cat/books/publisher/সোনালী-সোপান-প্রকাশনী
সোলেমানিয়া বুক হাউস,https://www.wafilife.com/cat/books/publisher/solemaniya-book-house
সৌরভ বর্ণালী প্রকাশনী,https://www.wafilife.com/cat/books/publisher/সৌরভ-বর্ণালী-প্রকাশনী
স্কলার'স পাবলিকেশন,https://www.wafilife.com/cat/books/publisher/scholars-publication
স্কিল অন অ্যাডভান্সড ম্যানেজমেন্ট স্টাডিস (সামস),https://www.wafilife.com/cat/books/publisher/স্কিল-অন-অ্যাডভান্সড-ম্য
স্টুডেন্ট ওয়েজ,https://www.wafilife.com/cat/books/publisher/student-ways
স্ট্যাক আই টি পাবলিকেশন,https://www.wafilife.com/cat/books/publisher/stack-it-publication
স্পন্দন,https://www.wafilife.com/cat/books/publisher/spondon
স্প্রাই পাবলিকেশন,https://www.wafilife.com/cat/books/publisher/spry-publications
স্ব উদ্যোগে প্রকাশিত,https://www.wafilife.com/cat/books/publisher/so-uddog-prkasit
স্বদেশ পাবলিকেশন্স,https://www.wafilife.com/cat/books/publisher/swadesh-publications
স্বদেশ শৈলী,https://www.wafilife.com/cat/books/publisher/shodesh-shoili
স্বপ্ন প্রকাশ,https://www.wafilife.com/cat/books/publisher/shopno-prokash
স্বপ্ন ৭১ প্রকাশন,https://www.wafilife.com/cat/books/publisher/swapno71-prakashan
স্বপ্নসিঁড়ি প্রকাশন,https://www.wafilife.com/cat/books/publisher/shopno-siri-prokashon
স্বরবর্ণ প্রকাশন,https://www.wafilife.com/cat/books/publisher/shorborno
স্বরবর্ণ প্রকাশনী,https://www.wafilife.com/cat/books/publisher/shorborno-publication
স্বরবিন্দু প্রকাশন,https://www.wafilife.com/cat/books/publisher/shorbindhu-prokashon
স্বরবৃত্ত প্রকাশন,https://www.wafilife.com/cat/books/publisher/sarobritto-prokashon
স্বরলিপি প্রকাশন,https://www.wafilife.com/cat/books/publisher/shorolipi-prokashon
স্বরে অ,https://www.wafilife.com/cat/books/publisher/স্বরে-অ
স্বাধীন বাংলা,https://www.wafilife.com/cat/books/publisher/shadhin-bangla
স্মার্ট ভিশন পাবলিকেশন্স,https://www.wafilife.com/cat/books/publisher/smart-vision-publications
স্যার ওয়ান পাবলিকেশন (র‍্যাডিকেল),https://www.wafilife.com/cat/books/publisher/sir-one-publication-radical
হক একাডেমি,https://www.wafilife.com/cat/books/publisher/hoque-academy
হকপ্রকাশ,https://www.wafilife.com/cat/books/publisher/haque-prokash
হঠাৎ আয়োজন প্রকাশনী,https://www.wafilife.com/cat/books/publisher/hotat-aiojon-prokasoni
হলি সার্ভে এন্ড টেকনিক্যাল ইনস্টিটিউট বাংলাদেশ,https://www.wafilife.com/cat/books/publisher/holy-survey-and-technical-institute-bangladesh
হসন্ত প্রকাশন,https://www.wafilife.com/cat/books/publisher/hosonto-prokashon
হাউস অফ হারমনি,https://www.wafilife.com/cat/books/publisher/house-of-harmony
হাওলাদার প্রকাশনী,https://www.wafilife.com/cat/books/publisher/howlader-prokashani
হাকীম মোঃ রুহুল আমিন (মিলন),https://www.wafilife.com/cat/books/publisher/hakim-md-ruhul-amin-milon
হাকীমুল উম্মত প্রকাশনী,https://www.wafilife.com/cat/books/publisher/হাকীমুল-উম্মত-প্রকাশনী
হাক্কানী পাবলিশার্স,https://www.wafilife.com/cat/books/publisher/hakkany-publishers
হাটবাজার ৩৬৫.কম,https://www.wafilife.com/cat/books/publisher/hatbazar365
হাতেখড়ি,https://www.wafilife.com/cat/books/publisher/হাতেখড়ি
হাদীছ ফাউণ্ডেশন বাংলাদেশ,https://www.wafilife.com/cat/books/publisher/hadish-foundation-bangladesh
হাদীস একাডেমী,https://www.wafilife.com/cat/books/publisher/হাদীস-একাডেমী
হাদীস পাবলিকেশন (তাওহীদ পাবলিকেশন পরিবেশিত),https://www.wafilife.com/cat/books/publisher/হাদীস-পাবলিকেশন-তাওহীদ-প
হাদীস রিসার্চ ফাউন্ডেশন,https://www.wafilife.com/cat/books/publisher/hadith-research-foundation
হাদীস সোসাইটি পাবলিকেশন্স,https://www.wafilife.com/cat/books/publisher/hadith-society-publications
হামদান প্রকাশন,https://www.wafilife.com/cat/books/publisher/hamdan-prokashon
হামামাহ পাবলিকেশন,https://www.wafilife.com/cat/books/publisher/hamamah-publication
হামিদিয়া লাইব্রেরী লিঃ,https://www.wafilife.com/cat/books/publisher/hamidia-library
হাম্মাদ প্রকাশন,https://www.wafilife.com/cat/books/publisher/hammad-prokashon
হালচাল,https://www.wafilife.com/cat/books/publisher/halchal
হালদা পাবলিকেশন্স,https://www.wafilife.com/cat/books/publisher/halda-publications
হালাকাতু তাহফিযিল কুরআনিল কারীম,https://www.wafilife.com/cat/books/publisher/halakatu-tahfijil-quranil-karim
হাসান বুক হাউজ,https://www.wafilife.com/cat/books/publisher/hassan-book-house
হাসানাহ পাবলিকেশন,https://www.wafilife.com/cat/books/publisher/hasanah-publication
হাসেমী পাবলিকেশন,https://www.wafilife.com/cat/books/publisher/হাসেমী-পাবলিকেশন
হিকমাহ একাডেমি,https://www.wafilife.com/cat/books/publisher/hikmah-academy
হিকমাহ পাবলিকেশন,https://www.wafilife.com/cat/books/publisher/hikmah-publication
হিজাজ প্রকাশনী,https://www.wafilife.com/cat/books/publisher/হিজাজ-প্রকাশনী
হিদায়াহ পাবলিকেশন,https://www.wafilife.com/cat/books/publisher/hidayah-publications
হিমালয় প্রকাশনী,https://www.wafilife.com/cat/books/publisher/himaloy-prokasoni
হিমেল পাবলিকেশন,https://www.wafilife.com/cat/books/publisher/himel-publication
হিস্টোরিয়ান পাবলিকেশন্স,https://www.wafilife.com/cat/books/publisher/historian-publication
হিয়া প্রকাশনা,https://www.wafilife.com/cat/books/publisher/hia-prokashona
হুদহুদ প্রকাশন,https://www.wafilife.com/cat/books/publisher/হুদহুদ-প্রকাশন
হুফফাজুল কুরআন ফাউন্ডেশন বাংলাদেশ,https://www.wafilife.com/cat/books/publisher/huffazul-quran-foundation-bangladesh
হুমায়রা প্রকাশ,https://www.wafilife.com/cat/books/publisher/humaira-prakash
হুসাইন আল-মাদানী প্রকাশনী,https://www.wafilife.com/cat/books/publisher/হুসাইন-আল-মাদানী-প্রকাশন
হেক্সাস এডুকেশন,https://www.wafilife.com/cat/books/publisher/hexas-education
হেরার জ্যোতি প্রকাশন,https://www.wafilife.com/cat/books/publisher/হেরার-জ্যোতি-প্রকাশন
হোসাইনিয়া লাইব্রেরী,https://www.wafilife.com/cat/books/publisher/hoshainiya-library
হোসেন পাবলিকেশন্স,https://www.wafilife.com/cat/books/publisher/hossain-publications
হ্যাপি টেইলার্স,https://www.wafilife.com/cat/books/publisher/হ্যাপি-টেইলার্স
হ্যালো ওয়ার্ল্ড প্রকাশনী,https://www.wafilife.com/cat/books/publisher/hello-world-prokashoni
২৪ প্রকাশনী,https://www.wafilife.com/cat/books/publisher/24-prokashoni
৩৬শে জুলাই থিঙ্কট্যাঙ্ক গ্রুপ,https://www.wafilife.com/cat/books/publisher/36-july-thinktank-group
