publisher_id,Publisher_Name,Profile_Link
2,ABC Toys,https://www.wafilife.com/cat/books/publisher/abc-toys
3,Acron,https://www.wafilife.com/cat/books/publisher/acron
4,Afdal,https://www.wafilife.com/cat/books/publisher/afdal
5,Akhorbirtto,https://www.wafilife.com/cat/books/publisher/akhorbirtto
6,Amazfit,https://www.wafilife.com/cat/books/publisher/amazfit
7,An Nazat,https://www.wafilife.com/cat/books/publisher/an-nazat
8,Anasup Publication,https://www.wafilife.com/cat/books/publisher/annasup-publication
9,Anker,https://www.wafilife.com/cat/books/publisher/anker
10,Apple,https://www.wafilife.com/cat/books/publisher/apple
11,Asol Food,https://www.wafilife.com/cat/books/publisher/asol-food
12,Atfaal,https://www.wafilife.com/cat/books/publisher/atfaal
13,BCS Plus Publications,https://www.wafilife.com/cat/books/publisher/bcs-plus-publications
14,BEARDBROS,https://www.wafilife.com/cat/books/publisher/beardbros
15,Baseus,https://www.wafilife.com/cat/books/publisher/baseus
16,Believer’s Sign,https://www.wafilife.com/cat/books/publisher/believers-sign
17,Best Time,https://www.wafilife.com/cat/books/publisher/best-time
18,Binirman Academy,https://www.wafilife.com/cat/books/publisher/binirman-academy
19,Bonobhumi,https://www.wafilife.com/cat/books/publisher/bonobhumi
20,Boya,https://www.wafilife.com/cat/books/publisher/boya
21,Career Publications,https://www.wafilife.com/cat/books/publisher/career-publication
22,Clear Concept Publication,https://www.wafilife.com/cat/books/publisher/clear-concept-publication
23,Colmi,https://www.wafilife.com/cat/books/publisher/colmi
24,Deen Land,https://www.wafilife.com/cat/books/publisher/deen-land
25,Deli,https://www.wafilife.com/cat/books/publisher/deli
26,Destination Publications,https://www.wafilife.com/cat/books/publisher/destination-publications
27,Doms,https://www.wafilife.com/cat/books/publisher/doms
28,Duckey,https://www.wafilife.com/cat/books/publisher/duckey
29,DyuBOOKISH,https://www.wafilife.com/cat/books/publisher/dyubookish
30,Ekota Stationary,https://www.wafilife.com/cat/books/publisher/ekota-stationary
31,El Publication,https://www.wafilife.com/cat/books/publisher/el-publication
32,Endeavor Publications,https://www.wafilife.com/cat/books/publisher/endeavor-publications
33,FONENG,https://www.wafilife.com/cat/books/publisher/foneng
34,Falaq Food,https://www.wafilife.com/cat/books/publisher/falaq-food
35,Fastrack,https://www.wafilife.com/cat/books/publisher/fastrack
36,Fevicol,https://www.wafilife.com/cat/books/publisher/fevicol
37,Fevicryl,https://www.wafilife.com/cat/books/publisher/fevicryl
38,Foldscope : Paper Microscope,https://www.wafilife.com/cat/books/publisher/foldscope-paper-microscope
39,G-Tide,https://www.wafilife.com/cat/books/publisher/g-tide
40,GXIN,https://www.wafilife.com/cat/books/publisher/gxin
41,Geeoo,https://www.wafilife.com/cat/books/publisher/geeoo
42,Gen-Z Publishers,https://www.wafilife.com/cat/books/publisher/Gen-Z Publishers
43,Ghorer Bazar,https://www.wafilife.com/cat/books/publisher/ghorer-bazar
44,Good luck,https://www.wafilife.com/cat/books/publisher/good-luck
45,Goodman,https://www.wafilife.com/cat/books/publisher/goodman
46,Grihostho,https://www.wafilife.com/cat/books/publisher/grihostho
47,HTC,https://www.wafilife.com/cat/books/publisher/htc
48,Hair Food,https://www.wafilife.com/cat/books/publisher/hair-food
49,Hajj Mart,https://www.wafilife.com/cat/books/publisher/hajj-mart
50,Halda Valley,https://www.wafilife.com/cat/books/publisher/halda-valley
51,Hamnah,https://www.wafilife.com/cat/books/publisher/hamnah
52,Havit,https://www.wafilife.com/cat/books/publisher/havit
53,Haylou,https://www.wafilife.com/cat/books/publisher/haylou
54,Hoco,https://www.wafilife.com/cat/books/publisher/hoco
55,HoneyGo,https://www.wafilife.com/cat/books/publisher/honeygo
56,IMIKI,https://www.wafilife.com/cat/books/publisher/imiki
57,Ibadat,https://www.wafilife.com/cat/books/publisher/ibadat
58,Ibra Business Research and Advisory ltd.,https://www.wafilife.com/cat/books/publisher/ibra-business-research-and-advisory-ltd
59,Iconic Sourcing,https://www.wafilife.com/cat/books/publisher/iconic-sourcing-brands
60,Imilab,https://www.wafilife.com/cat/books/publisher/imilab
61,Index-সূচিপত্র,https://www.wafilife.com/cat/books/publisher/index-shucipatra
62,Innovate Electro Corporation,https://www.wafilife.com/cat/books/publisher/innovate-electro-corporation
63,Innovation Kit - ইনোভেশন কিট,https://www.wafilife.com/cat/books/publisher/innovation-kit
64,Insaf Shop,https://www.wafilife.com/cat/books/publisher/insaf-shop
65,JBL,https://www.wafilife.com/cat/books/publisher/jbl
66,JY Super,https://www.wafilife.com/cat/books/publisher/jy-super
67,Join English,https://www.wafilife.com/cat/books/publisher/join-english
68,Joyroom,https://www.wafilife.com/cat/books/publisher/joyroom
69,Kaloc,https://www.wafilife.com/cat/books/publisher/kaloc
70,Karkuma,https://www.wafilife.com/cat/books/publisher/karkuma
71,Keep Smiling,https://www.wafilife.com/cat/books/publisher/keep-smiling
72,Kemei,https://www.wafilife.com/cat/books/publisher/kemei
73,Khaas Food,https://www.wafilife.com/cat/books/publisher/khaas-food
74,Kieslect,https://www.wafilife.com/cat/books/publisher/kieslect
75,Kingshan,https://www.wafilife.com/cat/books/publisher/kingshan
76,Kirtas,https://www.wafilife.com/cat/books/publisher/kirtas
77,Kospet,https://www.wafilife.com/cat/books/publisher/kospet
78,LDNIO,https://www.wafilife.com/cat/books/publisher/ldnio
79,Legend Kids,https://www.wafilife.com/cat/books/publisher/legend-kids
80,Lenovo,https://www.wafilife.com/cat/books/publisher/lenovo
81,MabiY Shop,https://www.wafilife.com/cat/books/publisher/mabiy-shop
82,Mastoorah,https://www.wafilife.com/cat/books/publisher/mastoorah
83,Memoir & Morrow (M&M),https://www.wafilife.com/cat/books/publisher/memoir-morrow-mm
84,Mibro,https://www.wafilife.com/cat/books/publisher/mibro
85,Mindspark,https://www.wafilife.com/cat/books/publisher/mindspark
86,Montex,https://www.wafilife.com/cat/books/publisher/montex
87,Muslim Day Planner,https://www.wafilife.com/cat/books/publisher/muslim-day-planner
88,Nabab,https://www.wafilife.com/cat/books/publisher/nabab
89,Natraz,https://www.wafilife.com/cat/books/publisher/natraz
90,Natu Get,https://www.wafilife.com/cat/books/publisher/natu-get
91,Naviforce,https://www.wafilife.com/cat/books/publisher/naviforce
92,Nirodhi,https://www.wafilife.com/cat/books/publisher/nirodhi
93,Noise,https://www.wafilife.com/cat/books/publisher/noise
94,Non Brand,https://www.wafilife.com/cat/books/publisher/non-brand
95,Novara Ventures,https://www.wafilife.com/cat/books/publisher/novara-ventures
96,Old Street,https://www.wafilife.com/cat/books/publisher/old-street
97,Olevs,https://www.wafilife.com/cat/books/publisher/olevs
98,One Ummah BD,https://www.wafilife.com/cat/books/publisher/one-ummah-bd
99,Oneplus,https://www.wafilife.com/cat/books/publisher/oneplus
100,Oraimo,https://www.wafilife.com/cat/books/publisher/oraimo
101,Orientica,https://www.wafilife.com/cat/books/publisher/orientica
102,PARTHIB BOOKS,https://www.wafilife.com/cat/books/publisher/parthib-books
103,Papersoft,https://www.wafilife.com/cat/books/publisher/papersoft
104,Perfumance BD,https://www.wafilife.com/cat/books/publisher/perfumance-bd
105,Petra,https://www.wafilife.com/cat/books/publisher/petra
106,Phoenix Education,https://www.wafilife.com/cat/books/publisher/phoenix-education
107,QCY,https://www.wafilife.com/cat/books/publisher/qcy
108,RealMe,https://www.wafilife.com/cat/books/publisher/realme
109,Remax,https://www.wafilife.com/cat/books/publisher/remax
110,Rongdhonu,https://www.wafilife.com/cat/books/publisher/rongdhonu
111,Rutbah,https://www.wafilife.com/cat/books/publisher/rutbah
112,SKMEI,https://www.wafilife.com/cat/books/publisher/skmei
113,Sabuj Udyog,https://www.wafilife.com/cat/books/publisher/sabuj-udyog
114,Samsung,https://www.wafilife.com/cat/books/publisher/samsung
115,Sankar,https://www.wafilife.com/cat/books/publisher/sankar
116,Seasonfresh,https://www.wafilife.com/cat/books/publisher/seasonfresh
117,Sevendays Notes,https://www.wafilife.com/cat/books/publisher/sevendays-notes
118,Soldiersbd,https://www.wafilife.com/cat/books/publisher/soldiersbd
119,Sreezon,https://www.wafilife.com/cat/books/publisher/sreezon
120,Syed Hammadul Karim,https://www.wafilife.com/cat/books/publisher/syed-hammadul-karim
121,Synapse Sprout Press,https://www.wafilife.com/cat/books/publisher/synapse-sprout-press
122,Talent Stationary,https://www.wafilife.com/cat/books/publisher/talent-stationary
123,Tech Den,https://www.wafilife.com/cat/books/publisher/techden
124,TicWatch,https://www.wafilife.com/cat/books/publisher/ticwatch
125,Tiny Online Shop,https://www.wafilife.com/cat/books/publisher/tiny-online-shop
126,Titan,https://www.wafilife.com/cat/books/publisher/titan
127,Toaseen,https://www.wafilife.com/cat/books/publisher/toaseen
128,TownStore,https://www.wafilife.com/cat/books/publisher/townstore
129,UGO,https://www.wafilife.com/cat/books/publisher/ugo
130,Unlocking Publication,https://www.wafilife.com/cat/books/publisher/unlocking-publication
131,VBAND,https://www.wafilife.com/cat/books/publisher/vband
132,VesojE Agro,https://www.wafilife.com/cat/books/publisher/vesoje
133,Vintage,https://www.wafilife.com/cat/books/publisher/vintage
134,Weidasi,https://www.wafilife.com/cat/books/publisher/weidasi
135,WiWU,https://www.wafilife.com/cat/books/publisher/wiwu
136,Witzman,https://www.wafilife.com/cat/books/publisher/witzman
137,Words and Pages,https://www.wafilife.com/cat/books/publisher/words-and-pages
138,Writer Publication,https://www.wafilife.com/cat/books/publisher/writer-publication
139,XINJI,https://www.wafilife.com/cat/books/publisher/xinji
140,Xiaomi,https://www.wafilife.com/cat/books/publisher/xiaomi
141,Xtra,https://www.wafilife.com/cat/books/publisher/xtra
142,YES,https://www.wafilife.com/cat/books/publisher/yes
143,Zubair Edu Aid,https://www.wafilife.com/cat/books/publisher/zubair-edu-aid
144,Zulfiqar BD,https://www.wafilife.com/cat/books/publisher/zulfiqar-bd
145,eMadrasaah,https://www.wafilife.com/cat/books/publisher/emadrasaah
146,purnota fashion house,https://www.wafilife.com/cat/books/publisher/purnota-fashion-house
147,অক্ষরপত্র প্রকাশনী,https://www.wafilife.com/cat/books/publisher/akkharpatra-prokashoni
148,অক্ষরবৃত্ত,https://www.wafilife.com/cat/books/publisher/অক্ষরবৃত্ত
149,অক্সক্যাম পাবলিকেশন,https://www.wafilife.com/cat/books/publisher/oxcam-publication
150,অগ্নি পাবলিকেশনস,https://www.wafilife.com/cat/books/publisher/agni-publications
151,অগ্নিশিখা,https://www.wafilife.com/cat/books/publisher/ognishikha
152,অঙ্কুর প্রকাশনী,https://www.wafilife.com/cat/books/publisher/ankur-prakashani
153,অথেন্টিক পাবলিকেশন্স,https://www.wafilife.com/cat/books/publisher/authentic-publications
154,অদম্য প্রকাশ,https://www.wafilife.com/cat/books/publisher/odommo-prokash
155,অধ্যায় প্রকাশনী,https://www.wafilife.com/cat/books/publisher/oddhay-prokashoni
156,অধ্যয়ন,https://www.wafilife.com/cat/books/publisher/অধ্যয়ন
157,অনন্য প্রকাশন,https://www.wafilife.com/cat/books/publisher/ananya-publication
158,অনন্যা,https://www.wafilife.com/cat/books/publisher/anannya
159,অনিন্দ্য প্রকাশ,https://www.wafilife.com/cat/books/publisher/anindya-prokash
160,অনির্বাণ পাবলিকেশন,https://www.wafilife.com/cat/books/publisher/anirban-publication
161,অনির্বাণ প্রকাশনী,https://www.wafilife.com/cat/books/publisher/অনির্বাণ-প্রকাশনী
162,অনুজ প্রকাশন,https://www.wafilife.com/cat/books/publisher/anuj-prokashon
163,অনুপম প্রকাশনী,https://www.wafilife.com/cat/books/publisher/অনুপম-প্রকাশনী
164,অনুপ্রাণন প্রকাশন,https://www.wafilife.com/cat/books/publisher/onupranon-prokashon
165,অনুভূতি প্রকাশনী,https://www.wafilife.com/cat/books/publisher/onuvhuti-prokasoni
166,অনুশীলন প্রকাশনী,https://www.wafilife.com/cat/books/publisher/onusilon-prokashoni
167,অন্ত্যমিল প্রকাশন,https://www.wafilife.com/cat/books/publisher/antomin prokasoni
168,অন্বেষণ ক্যাডেট একাডেমী,https://www.wafilife.com/cat/books/publisher/onneson -cadet -academy
169,অন্বেষা প্রকাশন,https://www.wafilife.com/cat/books/publisher/onnesha-publication
170,অন্যধারা,https://www.wafilife.com/cat/books/publisher/anyadhara
171,অন্যপ্রকাশ,https://www.wafilife.com/cat/books/publisher/অন্যপ্রকাশ
172,অন্যরকম ইলেক্ট্রনিক্স কোং লিঃ,https://www.wafilife.com/cat/books/publisher/onnorokom-electronics-co-ltd
173,অপেরা পাবলিকেশন,https://www.wafilife.com/cat/books/publisher/অপেরা-পাবলিকেশন
174,অবসর প্রকাশনা সংস্থা,https://www.wafilife.com/cat/books/publisher/abosar-prokashana-sangstha
175,অভিযাত্রিক,https://www.wafilife.com/cat/books/publisher/ovijatrik
176,অভিযাত্রী পাবলিকেশন্স,https://www.wafilife.com/cat/books/publisher/ovizatri-publications
177,অর্ক প্রকাশনী,https://www.wafilife.com/cat/books/publisher/অর্ক-প্রকাশনী
178,অর্কিড পাবলিকেশন্স,https://www.wafilife.com/cat/books/publisher/অর্কিড-পাবলিকেশন্স
179,অর্থনীতি প্রকাশনী,https://www.wafilife.com/cat/books/publisher/economics-publications
180,অর্থনীতি প্রকাশনী (চট্টগ্রাম),https://www.wafilife.com/cat/books/publisher/orthoniti-prokashoni-chottogram
181,অর্পণ প্রকাশন,https://www.wafilife.com/cat/books/publisher/orpon-prokashon
182,অশ্রু প্রকাশন,https://www.wafilife.com/cat/books/publisher/oshru-prokashon
183,অ্যাডভান্সড পাবলিকেশন্স,https://www.wafilife.com/cat/books/publisher/advanced-publications
184,অ্যাডর্ন পাবলিকেশন,https://www.wafilife.com/cat/books/publisher/adorn-publication
185,অ্যাডর্ন বুক্‌স ফর চিলড্রেন (এবিসি),https://www.wafilife.com/cat/books/publisher/adorn-books-for-children-abc
186,অ্যাসিওরেন্স পাবলিকেশন্স,https://www.wafilife.com/cat/books/publisher/assurance-publications
187,অয়ন প্রকাশন,https://www.wafilife.com/cat/books/publisher/অয়ন-প্রকাশন
188,আই আই পি এইচ,https://www.wafilife.com/cat/books/publisher/iiph
189,আই.আর.এফ পাবলিকেশন্স,https://www.wafilife.com/cat/books/publisher/irf-publications
190,আইআরডি,https://www.wafilife.com/cat/books/publisher/ird
191,আইএফএ কনসালটেন্সি লি.,https://www.wafilife.com/cat/books/publisher/ifa-consultancy-ltd
192,আইওএম,https://www.wafilife.com/cat/books/publisher/iom
193,আইডিয়া প্রকাশন,https://www.wafilife.com/cat/books/publisher/idea-prokashon
194,আইডিয়াল বুকস,https://www.wafilife.com/cat/books/publisher/ideal-books
195,আইপিডিয়া পাবলিকেশন,https://www.wafilife.com/cat/books/publisher/ipaedia-publication
196,আইমান পাবলিকেশন,https://www.wafilife.com/cat/books/publisher/Aiman ​​Publication
197,আইরিশ পাবলিকেশন্স,https://www.wafilife.com/cat/books/publisher/iris-publications
198,আইসিএস পাবলিকেশন্স,https://www.wafilife.com/cat/books/publisher/ics-publication
199,আইসিক্‌ল পাবলিকেশন লিমিটেড,https://www.wafilife.com/cat/books/publisher/icicle-publication-ltd
200,আইসিটি পাবলিকেশন্স,https://www.wafilife.com/cat/books/publisher/আইসিটি-পাবলিকেশন্স
201,আওয়ার ক্যানভাস পাবলিকেশন,https://www.wafilife.com/cat/books/publisher/our-canvass-publication
202,আওয়ার পাবলিকেশন্স,https://www.wafilife.com/cat/books/publisher/hour-publications
203,আকাশ,https://www.wafilife.com/cat/books/publisher/akash
204,আকিক পাবলিকেশন্স,https://www.wafilife.com/cat/books/publisher/আকিক-পাবলিকেশন্স
205,আকিজ-মনোয়ারা প্রকাশনী,https://www.wafilife.com/cat/books/publisher/akij-monowara-prokashoni
206,আকীল পাবলিকেশন,https://www.wafilife.com/cat/books/publisher/akil-publication
207,আক্বসা কাগজ ঘর,https://www.wafilife.com/cat/books/publisher/aqsa-kagoj-ghor
208,আগামী প্রকাশনী,https://www.wafilife.com/cat/books/publisher/agami-prokashoni
209,আছ-ছিরাত প্রকাশনী,https://www.wafilife.com/cat/books/publisher/আছ-ছিরাত-প্রকাশনী
210,আজকাল প্রকাশনী,https://www.wafilife.com/cat/books/publisher/আজকাল-প্রকাশনী
211,আজব প্রকাশ,https://www.wafilife.com/cat/books/publisher/aajob-prokash
212,আজমাইন পাবলিকেশন,https://www.wafilife.com/cat/books/publisher/azmaine-publications
213,আজিজিয়া বুক ডিপো,https://www.wafilife.com/cat/books/publisher/আজিজিয়া-বুক-ডিপো
214,আজিন পাবলিকেশন,https://www.wafilife.com/cat/books/publisher/azeen-publication
215,আত তাওফীক প্রকাশন,https://www.wafilife.com/cat/books/publisher/at-tawfik-prokashon
216,আত তাওহীদ প্রকাশনী,https://www.wafilife.com/cat/books/publisher/at-tawhid-prokashoni
217,আতফাল,https://www.wafilife.com/cat/books/publisher/atfal
218,আতিফা পাবলিকেশন,https://www.wafilife.com/cat/books/publisher/atifa-publication
219,আদ দাঈ ফাউন্ডেশন,https://www.wafilife.com/cat/books/publisher/ad-daei-foundation
220,আদ-দোহা পাবলিকেশন্স,https://www.wafilife.com/cat/books/publisher/ad-doha-publication
221,আদ-দ্বীন প্রকাশন,https://www.wafilife.com/cat/books/publisher/ad-deen-prokashon
222,আদর্শ,https://www.wafilife.com/cat/books/publisher/আদর্শ
223,আদর্শ হিফজখানার প্রশিক্ষণ কেন্দ্র,https://www.wafilife.com/cat/books/publisher/adarsha-hifzkhanar-proshikkhon-kendra
224,আদর্শলিপি,https://www.wafilife.com/cat/books/publisher/adorsholipi-prokashon
225,আদিত্য অনীক প্রকাশনী,https://www.wafilife.com/cat/books/publisher/আদিত্য-অনীক-প্রকাশনী
226,আদিত্য প্রকাশ,https://www.wafilife.com/cat/books/publisher/adityo-prokash
227,আদিবা পাবলিকেশন্স,https://www.wafilife.com/cat/books/publisher/adiba-publications
228,আদিয়াত প্রকাশনী,https://www.wafilife.com/cat/books/publisher/আদিয়াত-প্রকাশনী
229,আদী প্রকাশন,https://www.wafilife.com/cat/books/publisher/আদী-প্রকাশন
230,আদ্ব দ্বোহা প্রকাশনী,https://www.wafilife.com/cat/books/publisher/addoha-prokashoni
231,আধুনিক প্রকাশনী,https://www.wafilife.com/cat/books/publisher/adhunik-publication
232,আধুনিক বই পাবলিকেশন,https://www.wafilife.com/cat/books/publisher/adhunik-boi-publication
233,আন নাজাহাহ একাডেমি-এএনএ,https://www.wafilife.com/cat/books/publisher/an-najahah-academy-ana
234,আন নাফে একাডেমি,https://www.wafilife.com/cat/books/publisher/an-nafe-academy
235,আন নাবা প্রকাশনী,https://www.wafilife.com/cat/books/publisher/an-naba-publication
236,আন নাশিরুল মুতমায়িন্না (সৌদি আরব),https://www.wafilife.com/cat/books/publisher/an-nashirul-mutmayinna-saudi-arabia
237,আন নাহদা,https://www.wafilife.com/cat/books/publisher/an-nahda
238,আন নুর ইনস্টিটিউট ফর আল আযহার এডুকেশন,https://www.wafilife.com/cat/books/publisher/an-nur-institute-for-al-azhar-education
239,আন-নাহদাহ ফাউন্ডেশন,https://www.wafilife.com/cat/books/publisher/an-nahda-faundation
240,আন-নূর পাবলিকেশন্স,https://www.wafilife.com/cat/books/publisher/an-noor-publications
241,আন-নূর লাইব্রেরী,https://www.wafilife.com/cat/books/publisher/an-nur-library
242,আন-নেওয়াজ পাবলিকেশন,https://www.wafilife.com/cat/books/publisher/an-neoyaj-publication
243,আনন্দ প্রকাশন,https://www.wafilife.com/cat/books/publisher/ananda-prokashon
244,আনুগত্য প্রকাশনী,https://www.wafilife.com/cat/books/publisher/anugotto-prokashoni
245,আনোয়ার লাইব্রেরী,https://www.wafilife.com/cat/books/publisher/আনোয়ার-লাইব্রেরী
246,আন্দালুস পাবলিকেশন,https://www.wafilife.com/cat/books/publisher/andalus-publication
247,আফতাবীয়া লাইব্রেরী,https://www.wafilife.com/cat/books/publisher/আফতাবীয়া-লাইব্রেরী
248,আফসার ব্রাদার্স,https://www.wafilife.com/cat/books/publisher/%e0%a6%86%e0%a6%ab%e0%a6%b8%e0%a6%be%e0%a6%b0-%e0%a6%ac%e0%a7%8d%e0%a6%b0%e0%a6%be%e0%a6%a6%e0%a6%be%e0%a6%b0%e0%a7%8d%e0%a6%b8
249,আফসার ব্রাদার্স,https://www.wafilife.com/cat/books/publisher/afser-brothers
250,আবরণ প্রকাশন,https://www.wafilife.com/cat/books/publisher/aboron-prokashon
251,আবাদিলা প্রকাশনী,https://www.wafilife.com/cat/books/publisher/abadila-prokashoni
252,আবাবিল প্রকাশন,https://www.wafilife.com/cat/books/publisher/ababil-prokashon
253,আবির প্রকাশনী,https://www.wafilife.com/cat/books/publisher/abir-prokashoni
254,আবিষ্কার পাবলিকেশন,https://www.wafilife.com/cat/books/publisher/আবিষ্কার-পাবলিকেশন
255,আবীর পাবলিকেশন্স,https://www.wafilife.com/cat/books/publisher/abir-publications
256,আবীর প্রকাশনী,https://www.wafilife.com/cat/books/publisher/abir-prokashoni-publisher
257,আবু লাইস,https://www.wafilife.com/cat/books/publisher/abu-layis
258,আবুল কাসিম পাবলিশিং হাউজ,https://www.wafilife.com/cat/books/publisher/abul-qasim-publishing-house
259,আভাস,https://www.wafilife.com/cat/books/publisher/aavas
260,আমন্ত্রণ প্রকাশন,https://www.wafilife.com/cat/books/publisher/আমন্ত্রণ-প্রকাশন
261,আমানত পাবলিকেশন,https://www.wafilife.com/cat/books/publisher/amanot-publication
262,আমানত প্রকাশন,https://www.wafilife.com/cat/books/publisher/amanat-prokashon
263,আমিনাহ,https://www.wafilife.com/cat/books/publisher/aminah
264,আমুদ প্রকাশনী,https://www.wafilife.com/cat/books/publisher/আমুদ-প্রকাশনী
265,আয-যিহান পাবলিকেশন,https://www.wafilife.com/cat/books/publisher/az-zihan-publication
266,আয়েশা ছিদ্দিকা (রা.) হাফেজিয়া মহিলা মাদ্রাসা নোয়াখালী,https://www.wafilife.com/cat/books/publisher/ayesha-siddiqa-r-a-hafezia-mohila-madrasa-noakhali
267,আযাদ প্রকাশন,https://www.wafilife.com/cat/books/publisher/azad-prokashon
268,আযান প্রকাশনী,https://www.wafilife.com/cat/books/publisher/azan-prokashoni
269,আর রাশাদ পাবলিকেশন্স,https://www.wafilife.com/cat/books/publisher/ar-rashad-publication
270,আর রিসালাতুল আলামিয়া (মিশর),https://www.wafilife.com/cat/books/publisher/ar-risalat-al-alamiya-egypt
271,আর রিহাব পাবলিকেশন,https://www.wafilife.com/cat/books/publisher/ar-rihab-publication
272,আর.আই.বিডি পাবলিকেশন,https://www.wafilife.com/cat/books/publisher/ribd-publication
273,আরমান হোসেন,https://www.wafilife.com/cat/books/publisher/arman-hossain
274,আরশ প্রকাশন,https://www.wafilife.com/cat/books/publisher/arosh-prokashon
275,আরাফাত বুকস এন্ড বুকস,https://www.wafilife.com/cat/books/publisher/arafath-books-and-books
276,আরিফা প্রকাশনী,https://www.wafilife.com/cat/books/publisher/arifa-prokashoni
277,আরিশ প্রকাশন,https://www.wafilife.com/cat/books/publisher/arish-prokashon
278,আর্টস পাবলিকেশন্স,https://www.wafilife.com/cat/books/publisher/আর্টস-পাবলিকেশন্স
279,আল আজহার প্রকাশনী,https://www.wafilife.com/cat/books/publisher/al-azhar-prokasoni
280,আল আনসার প্রকাশনী,https://www.wafilife.com/cat/books/publisher/al-ansar-prokashoni
281,আল আমান পাবলিকেশন্স,https://www.wafilife.com/cat/books/publisher/al-aman-publications
282,আল আমান প্রকাশনী,https://www.wafilife.com/cat/books/publisher/al-aman-publishing
283,আল আমীন পাবলিকেশন,https://www.wafilife.com/cat/books/publisher/al-amin-publication
284,আল আরাবিয়া অনলাইন একাডেমি,https://www.wafilife.com/cat/books/publisher/al-arabiya-online-academy
285,আল ইখলাছ পাবলিকেশন্স,https://www.wafilife.com/cat/books/publisher/আল-ইখলাছ-পাবলিকেশন্স
286,আল ইরফান পাবলিকেশন,https://www.wafilife.com/cat/books/publisher/আল-ইরফান-পাবলিকেশন
287,আল ইয়ানা পাবলিকেশন,https://www.wafilife.com/cat/books/publisher/al-yeana-publication
288,আল কাউসার প্রকাশনী,https://www.wafilife.com/cat/books/publisher/আল-কাউসার-প্রকাশনী
289,আল কিতাবাহ প্রকাশনী,https://www.wafilife.com/cat/books/publisher/al-kitabah-prokashini
290,আল কুরআন ওয়াস সুন্নাহ ফাউন্ডেশন,https://www.wafilife.com/cat/books/publisher/al-quran-was-sunnah-foundation
291,আল কুরআনের ভাষা ইনস্টিটিউট,https://www.wafilife.com/cat/books/publisher/al-quraner-vasha-institute
292,আল কোরআন একাডেমী পাবলিকেশন্স,https://www.wafilife.com/cat/books/publisher/al-quran-publication-london
293,আল খালেদ প্রকাশন,https://www.wafilife.com/cat/books/publisher/আল-খালেদ-প্রকাশন
294,আল ফাতাহ পাবলিকেশন্স,https://www.wafilife.com/cat/books/publisher/al-fatah-publications
295,আল ফারুক আল হাদিসাতু লিততিবাআত ওয়াননাশর (মিশর),https://www.wafilife.com/cat/books/publisher/al-farooq-al-hadisatu-littibaat-wannashar-egypt
296,আল বালুগুল মুবিন,https://www.wafilife.com/cat/books/publisher/al-balagul-mubin
297,আল বায়ান পাবলিকেশন্স,https://www.wafilife.com/cat/books/publisher/al-bayan-publications
298,আল বুশরা প্রকাশনী,https://www.wafilife.com/cat/books/publisher/al-bushra-prokashoni
299,আল মাকতাবা আল উসাইরিয়াহ,https://www.wafilife.com/cat/books/publisher/al-maktaba-al-usairiyah
300,আল মাকতাবাতুল হাক্কানিয়্যাহ (পাকিস্তান),https://www.wafilife.com/cat/books/publisher/al-maktabatul-haqqaniyyah-pakistan
301,আল মানার লাইব্রেরী,https://www.wafilife.com/cat/books/publisher/al-manar-library
302,আল মাহমুদ প্রকাশন,https://www.wafilife.com/cat/books/publisher/আল-মাহমুদ-প্রকাশন
303,আল মিসবাহ প্রকাশনী,https://www.wafilife.com/cat/books/publisher/al-misbah-publishing
304,আল মুয্যাম্মিল লাইব্রেরী,https://www.wafilife.com/cat/books/publisher/al-muzammil-library
305,আল হিকমাহ পাবলিকেশন্স,https://www.wafilife.com/cat/books/publisher/আল-হিকমাহ-পাবলিকেশন্স
306,আল হিকমাহ্ পাব‌লি‌কেশন্স(নীলক্ষেত),https://www.wafilife.com/cat/books/publisher/al-hikmah-publications-neelkhet
307,আল-আকসা লাইব্রেরী,https://www.wafilife.com/cat/books/publisher/আল-আকসা-লাইব্রেরী
308,আল-আমীন রিসার্চ পাবলিকেশন,https://www.wafilife.com/cat/books/publisher/al-amin-research-publication
309,আল-আযহার প্রকাশনী,https://www.wafilife.com/cat/books/publisher/al-azhar-prokashoni
310,আল-ইমান ইনস্টিটিউট,https://www.wafilife.com/cat/books/publisher/al-iman-institute
311,আল-এছহাক প্রকাশনী,https://www.wafilife.com/cat/books/publisher/al-ehchak-publication
312,আল-খাইর পাবলিকেশন্স,https://www.wafilife.com/cat/books/publisher/al-khayr-publications
313,আল-খিদমাহ প্রকাশনী,https://www.wafilife.com/cat/books/publisher/al-khidmah-prokashoni
314,আল-বায়ান ফাউন্ডেশন বাংলাদেশ,https://www.wafilife.com/cat/books/publisher/al-bayan-foundation-bangladesh-publisher
315,আল-বারাকা লাইব্রেরী,https://www.wafilife.com/cat/books/publisher/al-baraka-library
316,আল-মক্কা বুক হাউস,https://www.wafilife.com/cat/books/publisher/al-mokka-book-house
317,আল-মদিনা লাইব্রেরী,https://www.wafilife.com/cat/books/publisher/al-madina-library
318,আল-মানার ল্যাঙ্গুয়েজ একাডেমি,https://www.wafilife.com/cat/books/publisher/al-manar-language-academy
319,আল-মাহবুব ফাউন্ডেশন,https://www.wafilife.com/cat/books/publisher/আল-মাহবুব-ফাউন্ডেশন
320,আল-মিদাদ المداد,https://www.wafilife.com/cat/books/publisher/al-midad-magazine
321,আল-হাদী প্রকাশন,https://www.wafilife.com/cat/books/publisher/al-hadi-prokashoni
322,আল-হামরা প্রকাশনী,https://www.wafilife.com/cat/books/publisher/al-hamra-prokashoni
323,আল-হামরা প্রকাশনী,https://www.wafilife.com/cat/books/publisher/al-hamra-publishing-house
324,আল-হিদায়াহ,https://www.wafilife.com/cat/books/publisher/al-hidaayah
325,আল-হিবা পাবলিকেশন,https://www.wafilife.com/cat/books/publisher/al-hiba-publication
326,আল-হুদুল টিম,https://www.wafilife.com/cat/books/publisher/al-hudul-team
327,আলফা বুকশপ প্রকাশন,https://www.wafilife.com/cat/books/publisher/alfa-bookshop-prokashon
328,আলিফ বুকস,https://www.wafilife.com/cat/books/publisher/আলিফ-বুকস
329,আলিফ লাম মিম,https://www.wafilife.com/cat/books/publisher/alif-lam-mim
330,আলিবাবা পাবলিকেশন্স,https://www.wafilife.com/cat/books/publisher/alibaba-publications
331,আলিমিয়া,https://www.wafilife.com/cat/books/publisher/alimia
332,আলেখ্য প্রকাশন,https://www.wafilife.com/cat/books/publisher/alekhyo-prokashon
333,আলেয়া বুক ডিপো,https://www.wafilife.com/cat/books/publisher/aleya-book-dipo
334,আলোকধারা প্রকাশন,https://www.wafilife.com/cat/books/publisher/alokdhara-prokashon
335,আলোকায়ন,https://www.wafilife.com/cat/books/publisher/aalokayan
336,আলোকিত প্রকাশনী,https://www.wafilife.com/cat/books/publisher/আলোকিত-প্রকাশনী
337,আলোঘর প্রকাশনা,https://www.wafilife.com/cat/books/publisher/aloghar-prokashona
338,আলোর ঠিকানা প্রকাশনী,https://www.wafilife.com/cat/books/publisher/আলোর-ঠিকানা-প্রকাশনী
339,আলোর দিশারী পাবলিকেশন্স,https://www.wafilife.com/cat/books/publisher/alor-dishari-publications
340,আলোর মিছিল প্রকাশন,https://www.wafilife.com/cat/books/publisher/alor-michil-prokashon
341,আল্লামা রুহুল আমিন (রহ.) রিসার্চ সেন্টার,https://www.wafilife.com/cat/books/publisher/allama-ruhul-amin-r-a-research-center
342,আল্লাহর দান বুক ডিপো পাবলিকেশন,https://www.wafilife.com/cat/books/publisher/allahs-dhan-book-depo-publication
343,আশ-শিফা পাবলিকেশন,https://www.wafilife.com/cat/books/publisher/ash-shifa-publication
344,আশরাফ বুক ডিপো,https://www.wafilife.com/cat/books/publisher/আশরাফ-বুক-ডিপো
345,আশরাফিয়া বুক হাউস,https://www.wafilife.com/cat/books/publisher/asrafia-book-house
346,আশরাফী বুক ডিপো,https://www.wafilife.com/cat/books/publisher/ashrafi-book-dipo
347,আশরাফী লাইব্রেরী,https://www.wafilife.com/cat/books/publisher/আশরাফী-লাইব্রেরী
348,আশরাফুল মাখলুকাত প্রকাশন,https://www.wafilife.com/cat/books/publisher/ashraful-makhlukat-prokashon
349,আশশারিকাতুল আলামিইয়্যাত (মিশর),https://www.wafilife.com/cat/books/publisher/ashsharikatul-alamiyat-egypt
350,আশেক খান পাবলিকেশন্স,https://www.wafilife.com/cat/books/publisher/ashek-khan-publication
351,আষাঢ়,https://www.wafilife.com/cat/books/publisher/asharh
352,আস সুন্নাহ নিত্য প্রকাশন,https://www.wafilife.com/cat/books/publisher/as-sunnah-nitto-prokashon
353,আস সুন্নাহ ফাউন্ডেশন পাবলিকেশন্স,https://www.wafilife.com/cat/books/publisher/আস-সুন্নাহ-ফাউন্ডেশন-পাব
354,আস-সুন্নাতুল মোবারকাহ্ দাওয়াহ সেন্টার,https://www.wafilife.com/cat/books/publisher/as-sunnatul-mubarakah-dawah-center
355,আস-সুন্নাহ পাবলিকেশন্স,https://www.wafilife.com/cat/books/publisher/আস-সুন্নাহ-পাবলিকেশন্স
356,আস্থা প্রকাশন,https://www.wafilife.com/cat/books/publisher/astha-prokashon
357,আহনাফ পাবলিকেশন,https://www.wafilife.com/cat/books/publisher/আহনাফ-পাবলিকেশন
358,আহবান প্রকাশনী,https://www.wafilife.com/cat/books/publisher/ahoban-prokashoni
359,আহবাব পাবলিকেশন,https://www.wafilife.com/cat/books/publisher/ahbab-publication
360,আহমদ পাবলিশিং হাউজ,https://www.wafilife.com/cat/books/publisher/ahmad-publishing-house
361,আহলেদিকর পাবলিকেশনস,https://www.wafilife.com/cat/books/publisher/ahledhikr-publications
362,আহসান পাবলিকেশন,https://www.wafilife.com/cat/books/publisher/ahsan-publication
363,আয়াত পাবলিকেশন,https://www.wafilife.com/cat/books/publisher/ayat-publication
364,আয়াত প্রকাশন,https://www.wafilife.com/cat/books/publisher/ayat-prokashon
365,আয়ান প্রকাশন,https://www.wafilife.com/cat/books/publisher/আয়ান-প্রকাশন
366,ইংলিশ থেরাপী,https://www.wafilife.com/cat/books/publisher/english-therapy
367,ইংলিশ পাবলিকেশন্স,https://www.wafilife.com/cat/books/publisher/english-publications
368,ইউনিক ল বুক হাউস,https://www.wafilife.com/cat/books/publisher/unique-law-book-house
369,ইউনিটি পাবলিকেশন,https://www.wafilife.com/cat/books/publisher/unity-publication
370,ইউনিভার্স আফ্রাঈন,https://www.wafilife.com/cat/books/publisher/universe-afraain
371,ইউনিভার্সেল প্রেস,https://www.wafilife.com/cat/books/publisher/universal-press
372,ইকরা,https://www.wafilife.com/cat/books/publisher/ikra
373,ইকরা পাবলিকেশন্স,https://www.wafilife.com/cat/books/publisher/iqra-publications
374,ইকরি বিকরি প্রকাশনী,https://www.wafilife.com/cat/books/publisher/ikribikri-prokashoni
375,ইকামাহ পাবলিকেশন্স,https://www.wafilife.com/cat/books/publisher/iqamah-publications
376,ইখওয়াহ পাবলিকেশন,https://www.wafilife.com/cat/books/publisher/ikhwah-publication
377,ইঙ্কস্প্রিং পাবলিকেশন,https://www.wafilife.com/cat/books/publisher/inkspring-publication
378,ইচ্ছাশক্তি প্রকাশনী,https://www.wafilife.com/cat/books/publisher/iccchashokti-prokashoni
379,ইজরা পাবলিকেশন্স,https://www.wafilife.com/cat/books/publisher/izra-publications
380,ইজি পাবলিকেশন্স,https://www.wafilife.com/cat/books/publisher/ইজি-পাবলিকেশন্স
381,ইঞ্জিনিয়ার্স পাবলিকেশন্স,https://www.wafilife.com/cat/books/publisher/engineers-publications
382,ইতমিনান পাবলিকেশন্স,https://www.wafilife.com/cat/books/publisher/itminan-publications
383,ইতি প্রকাশন,https://www.wafilife.com/cat/books/publisher/ইতি-প্রকাশন
384,ইতিহাস ও ভূগোল প্রকাশন,https://www.wafilife.com/cat/books/publisher/itihas-o-vhugol-prokason
385,ইত্তিহাদ পাবলিকেশন,https://www.wafilife.com/cat/books/publisher/ইত্তিহাদ-পাবলিকেশন
386,ইত্যাদি গ্রন্থ প্রকাশ,https://www.wafilife.com/cat/books/publisher/ইত্যাদি-গ্রন্থ-প্রকাশ
387,ইদরীসিয়া ওয়েলফেয়ার ট্রাস্ট,https://www.wafilife.com/cat/books/publisher/idrisia-welfare-trust
388,ইদারাতুত তুরাসুল ইসলামি (বৈরুত),https://www.wafilife.com/cat/books/publisher/idaratut-turasul-islami-beirut
389,ইদারাতুল মানার প্রকাশনী,https://www.wafilife.com/cat/books/publisher/ইদারাতুল-মানার-প্রকাশনী
390,ইদারাহ প্রকাশন,https://www.wafilife.com/cat/books/publisher/idarah-prokashon
391,ইনকিলাব পাবলিকেশন,https://www.wafilife.com/cat/books/publisher/ইনকিলাব-পাবলিকেশন
392,ইনকিলাব মঞ্চ,https://www.wafilife.com/cat/books/publisher/inqilab-moncho
393,ইনফিনিটি পাবলিকেশন্স,https://www.wafilife.com/cat/books/publisher/infinity-publications
394,ইনবাত পাবলিকেশন,https://www.wafilife.com/cat/books/publisher/inbaat-publication
395,ইনভাইট পাবলিকেশন,https://www.wafilife.com/cat/books/publisher/invite-publication
396,ইনলাইটনিং পাবলিকেশন্স,https://www.wafilife.com/cat/books/publisher/enlightening-publications
397,ইনসাইট জোন পাবলিকেশন্স,https://www.wafilife.com/cat/books/publisher/insight-zone-publications
398,ইনসাইট পাবলিকেশন,https://www.wafilife.com/cat/books/publisher/insight-publication
399,ইনসাইট পাবলিকেশন্স,https://www.wafilife.com/cat/books/publisher/insight-publications
400,ইনসাফ পাবলিকেশন,https://www.wafilife.com/cat/books/publisher/insaf-publication
401,ইনসেপশন পাবলিকেশন্স,https://www.wafilife.com/cat/books/publisher/inception-publications
402,ইনস্টিটিউট অব ফ্যামিলি ডেভেলপমেন্ট,https://www.wafilife.com/cat/books/publisher/institute-of-family-development
403,ইনোভেটিভ পাবলিকেশন্স,https://www.wafilife.com/cat/books/publisher/innovative-publications
404,ইন্টারন্যাশনাল ইনস্টিটিউট অব ইসলামিক থট (আইআইআইটি),https://www.wafilife.com/cat/books/publisher/international-institute-of-islamic-thought-iiit
405,ইন্তিফাদা বুকস,https://www.wafilife.com/cat/books/publisher/intifada-books
406,ইফফাহ পাবলিকেশন্স,https://www.wafilife.com/cat/books/publisher/iffah-publication
407,ইবদা (মিশর),https://www.wafilife.com/cat/books/publisher/ibda-egypt
408,ইবরাত পাবলিকেশন,https://www.wafilife.com/cat/books/publisher/ibrat-publication
409,ইবাদাহ পাবলিকেশন,https://www.wafilife.com/cat/books/publisher/ibadah-publication
410,ইবানাহ পাবলিকেশন,https://www.wafilife.com/cat/books/publisher/ibanah-publications
411,ইমপ্রেস বুকস,https://www.wafilife.com/cat/books/publisher/impress-books
412,ইমাম পাবলিকেশন্স লিঃ,https://www.wafilife.com/cat/books/publisher/imampublication
413,ইমিন্যান্ট পাবলিকেশন্স,https://www.wafilife.com/cat/books/publisher/eminent-publications
414,ইমেজ ভোকাবুলারি,https://www.wafilife.com/cat/books/publisher/image-vocabulary
415,ইলম হাউজ পাবলিকেশন,https://www.wafilife.com/cat/books/publisher/ilmhouse-publication
416,ইলমওয়েব,https://www.wafilife.com/cat/books/publisher/ilmweb
417,ইলমিয়া ‍কুতুবখানা,https://www.wafilife.com/cat/books/publisher/ilmiya-kutubkhana
418,ইলহাম ILHAM,https://www.wafilife.com/cat/books/publisher/ইলহাম-ilham
419,ইলাননূর পাবলিকেশন,https://www.wafilife.com/cat/books/publisher/ilannoor-publication
420,ইশতেহার প্রকাশ,https://www.wafilife.com/cat/books/publisher/ishtehar-prkash
421,ইসলাম হাউজ পাবলিকেশন্স,https://www.wafilife.com/cat/books/publisher/ইসলাম-হাউজ-পাবলিকেশন্স
422,ইসলামিক একাডেমি বাংলাদেশ,https://www.wafilife.com/cat/books/publisher/islamic-academy-bangladesh
423,ইসলামিক এডুকেশন এন্ড রিসার্চ ফাউন্ডেশন (IERF),https://www.wafilife.com/cat/books/publisher/islamic-education-and-research-foundation
424,ইসলামিক দাওয়াহ পাবলিকেশন্স,https://www.wafilife.com/cat/books/publisher/ইসলামিক-দাওয়াহ-পাবলিকেশ
425,ইসলামিক ফাউন্ডেশন,https://www.wafilife.com/cat/books/publisher/islamic-foundation
426,ইসলামিক রেনেসাঁ পাবলিকেশন,https://www.wafilife.com/cat/books/publisher/islamic-renesa-publication
427,ইসলামিয়া কুতুবখানা,https://www.wafilife.com/cat/books/publisher/%e0%a6%87%e0%a6%b8%e0%a6%b2%e0%a6%be%e0%a6%ae%e0%a6%bf%e0%a6%af%e0%a6%bc%e0%a6%be-%e0%a6%95%e0%a7%81%e0%a6%a4%e0%a7%81%e0%a6%ac%e0%a6%96%e0%a6%be%e0%a6%a8%e0%a6%be
428,ইসলামিয়া কুতুবখানা,https://www.wafilife.com/cat/books/publisher/ইসলামিয়া-কুতুবখানা
429,ইসলামিয়া কুরআন মহল,https://www.wafilife.com/cat/books/publisher/islamia-quran-mohol
430,ইসলামী চিন্তা ও গবেষনা ইন্সটিটিউট,https://www.wafilife.com/cat/books/publisher/institute-of-islamic-thought-and-research
431,ইসলাহ প্রকাশনী,https://www.wafilife.com/cat/books/publisher/islah-prokashoni
432,ইহইয়া-উস সুন্নাহ ফাউন্ডেশন,https://www.wafilife.com/cat/books/publisher/ihiya-us-sunnah-foundation
433,ইহদা পাবলিকেশন,https://www.wafilife.com/cat/books/publisher/ihda-publication
434,ইহদিনা পাবলিকেশন,https://www.wafilife.com/cat/books/publisher/ihdina-publication
435,ইহসান পাবলিকেশন,https://www.wafilife.com/cat/books/publisher/ইহসান-পাবলিকেশন
436,ইয়োথ ওয়েভ,https://www.wafilife.com/cat/books/publisher/youth-wave
437,ঈমানিয়াত প্রকাশনী,https://www.wafilife.com/cat/books/publisher/ঈমানিয়াত-প্রকাশনী
438,ঈহা প্রকাশ,https://www.wafilife.com/cat/books/publisher/ঈহা-প্রকাশ
439,উইজডম পাবলিকেশন্স,https://www.wafilife.com/cat/books/publisher/wisdom-publications
440,উচ্ছ্বাস প্রকাশনী,https://www.wafilife.com/cat/books/publisher/ucchas-prokshoni
441,উজান প্রকাশন,https://www.wafilife.com/cat/books/publisher/ujan-prokasoni
442,উত্তরণ,https://www.wafilife.com/cat/books/publisher/uttoron
443,উদ্দীপন প্রকাশন,https://www.wafilife.com/cat/books/publisher/উদ্দীপন-প্রকাশন
444,উদয় পাবলিকেশন,https://www.wafilife.com/cat/books/publisher/uday-publication
445,উপকথা প্রকাশন,https://www.wafilife.com/cat/books/publisher/উপকথা-প্রকাশন
446,উপদেশ প্রকাশন,https://www.wafilife.com/cat/books/publisher/উপদেশ-প্রকাশন
447,উমেদ প্রকাশ,https://www.wafilife.com/cat/books/publisher/উমেদ-প্রকাশ
448,উম্ম উই কোরা পাবলিকেশন্স (সৌদি আরব),https://www.wafilife.com/cat/books/publisher/umm-ul-qura-publications-saudi-arabia
449,উম্মাহ পাবলিকেশন্স,https://www.wafilife.com/cat/books/publisher/ummah-publications
450,উম্মাহ্‌স বুকল্যান্ড,https://www.wafilife.com/cat/books/publisher/ummahs-bookland
451,উসওয়া প্রকাশনী,https://www.wafilife.com/cat/books/publisher/uswa-prokashoni
452,উৎকর্ষ,https://www.wafilife.com/cat/books/publisher/utakrsha
453,উৎকর্ষ সিরিজ পাবলিকেশন্স,https://www.wafilife.com/cat/books/publisher/utkarsho-series-publications
454,উৎস প্রকাশন,https://www.wafilife.com/cat/books/publisher/utso-prokashon
455,ঊষা প্রকাশন,https://www.wafilife.com/cat/books/publisher/ঊষা-প্রকাশন
456,ঋদ্ধ প্রকাশ,https://www.wafilife.com/cat/books/publisher/riddho-prokash
457,ঋদ্ধ প্রকাশন,https://www.wafilife.com/cat/books/publisher/riddho-prokashon
458,এ প্লাস প্রতিভা পাবলিকেশন্স,https://www.wafilife.com/cat/books/publisher/a-plus-pratibha-publications
459,এক শব্দে কুরআন শিক্ষা প্রকাশনী,https://www.wafilife.com/cat/books/publisher/ek-shobde-quran-shikkha-prokashoni
460,একটু শিখি,https://www.wafilife.com/cat/books/publisher/ektu-shikhi
461,একাডেমি অব কুরআন স্টাডিজ,https://www.wafilife.com/cat/books/publisher/academy-of-quran-studies
462,একাডেমিয়া পাবলিশিং হাউজ লি: (এপিএল),https://www.wafilife.com/cat/books/publisher/academia-publishing-house-ltd-apl
463,একুশ,https://www.wafilife.com/cat/books/publisher/ekush
464,এক্সসেপশন প্রকাশনী,https://www.wafilife.com/cat/books/publisher/acception-prokashoni
465,এক্সিলেন্ট পাবলিকেশন্স,https://www.wafilife.com/cat/books/publisher/এক্সিলেন্ট-পাবলিকেশন্স
466,এডুবিডি পাবলিকেশন্স,https://www.wafilife.com/cat/books/publisher/edubd-publications
467,এন এস পাবলিকেশনস,https://www.wafilife.com/cat/books/publisher/n-s-publication
468,এফ.এন.এফ পাবলিকেশন,https://www.wafilife.com/cat/books/publisher/f-n-f-publication
469,এফ.টি. পাবলিকেশন,https://www.wafilife.com/cat/books/publisher/ft-publication
470,এফোর্ট বিডি,https://www.wafilife.com/cat/books/publisher/effort-bd
471,এবনে গোলাম সামাদ গবেষণা কেন্দ্র,https://www.wafilife.com/cat/books/publisher/ebne-golam-samad-research-center
472,এবি পাবলিকেশন্স,https://www.wafilife.com/cat/books/publisher/ab-publications
473,এম.এ.এস.এন প্রকাশনী,https://www.wafilife.com/cat/books/publisher/masn-prokashoni
474,এমওএস পাবলিকেশন,https://www.wafilife.com/cat/books/publisher/mos-publications
475,"এমডি, আই.আর.এফ পাবলিকেশন্স",https://www.wafilife.com/cat/books/publisher/md-irf-publications
476,এমদাদিয়া পুস্তকালয় লিঃ,https://www.wafilife.com/cat/books/publisher/এমদাদিয়া-পুস্তকালয়-লিঃ
477,এমদাদিয়া লাইব্রেরী,https://www.wafilife.com/cat/books/publisher/emdadia-library
478,এমপি থ্রি পাবলিকেশন্স,https://www.wafilife.com/cat/books/publisher/mp3-publications
479,এশিয়া পাবলিকেশন্স,https://www.wafilife.com/cat/books/publisher/এশিয়া-পাবলিকেশন্স
480,এস. এ. প্রকাশনী,https://www.wafilife.com/cat/books/publisher/s-a-prokashani
481,এসএম-বন্ধু প্রকাশনী,https://www.wafilife.com/cat/books/publisher/sm-bondhu-publication
482,এসেনশিয়াল পাবলিকেশন,https://www.wafilife.com/cat/books/publisher/essential-publication
483,এ্যাবাকাস পাবলিকেশন্স,https://www.wafilife.com/cat/books/publisher/abacus-publications
484,ঐকতান প্রকাশন,https://www.wafilife.com/cat/books/publisher/eiktan-prakash
485,ঐতিহ্য,https://www.wafilife.com/cat/books/publisher/ঐতিহ্য
486,ও.আই.ই.পি,https://www.wafilife.com/cat/books/publisher/oiep
487,ওপেন পাবলিশিং হাউজ,https://www.wafilife.com/cat/books/publisher/open-publishing-house
488,ওমায়ের প্রকাশনী,https://www.wafilife.com/cat/books/publisher/omayer-prokashoni
489,ওরাকল পাবলিকেশন্স,https://www.wafilife.com/cat/books/publisher/oracle-publications
490,ওয়াটারমার্ক পাবলিকেশন,https://www.wafilife.com/cat/books/publisher/watermark-publications
491,ওয়ান পাবলিকেশন,https://www.wafilife.com/cat/books/publisher/one-publication
492,ওয়াফি পাবলিকেশন,https://www.wafilife.com/cat/books/publisher/wafi-publication
493,ওয়াফিলাইফ,https://www.wafilife.com/cat/books/publisher/wafilife
494,ওয়ারদাহ,https://www.wafilife.com/cat/books/publisher/wardah
495,ওয়ার্থী পাবলিকেশনস,https://www.wafilife.com/cat/books/publisher/worthy-publications
496,ওয়াহীদিয়া ইসলামিয়া লাইব্রেরী,https://www.wafilife.com/cat/books/publisher/wahidiya-islamiya-library
497,কওমি লাইব্রেরী,https://www.wafilife.com/cat/books/publisher/কওমি-লাইব্রেরী
498,কথন প্রকাশনী,https://www.wafilife.com/cat/books/publisher/kathon-prokashoni
499,কথাপ্রকাশ,https://www.wafilife.com/cat/books/publisher/kathaprokash
500,কথাবৃত্ত প্রকাশনী,https://www.wafilife.com/cat/books/publisher/kothabritto-publication
501,কথামেলা প্রকাশন,https://www.wafilife.com/cat/books/publisher/kothamela-prokashon
502,কনক পাবলিকেশনস,https://www.wafilife.com/cat/books/publisher/kanak-publications
503,কনজুমেট পাবলিকেশন্স,https://www.wafilife.com/cat/books/publisher/consummate-publication
504,কনফিডেন্ট পাবলিকেশন,https://www.wafilife.com/cat/books/publisher/কনফিডেন্ট-পাবলিকেশন
505,কবি প্রকাশনী,https://www.wafilife.com/cat/books/publisher/কবি-প্রকাশনী
506,কবির পাবলিকেশন্স,https://www.wafilife.com/cat/books/publisher/kabir-publications
507,কমল কুঁড়ি প্রকাশন,https://www.wafilife.com/cat/books/publisher/komol-kuri-prokason
508,কমার্স পাবলিকেশন্স,https://www.wafilife.com/cat/books/publisher/commerce-publications
509,কমিউনিটি ওয়েলফেয়ার ইনিশিয়েটিভ,https://www.wafilife.com/cat/books/publisher/community-welfare-initiative
510,কর্নিয়া পাবলিকেশন্স,https://www.wafilife.com/cat/books/publisher/cornea-publication
511,কলম একাডেমি,https://www.wafilife.com/cat/books/publisher/kolom-academy
512,কলম প্রকাশ,https://www.wafilife.com/cat/books/publisher/কলম-প্রকাশ
513,কলমালাপ সাহিত্য পরিষদ,https://www.wafilife.com/cat/books/publisher/kalamalap-sahitya-parishad
514,কলরব প্রকাশন,https://www.wafilife.com/cat/books/publisher/kolorob-prokashon
515,কলি প্রকাশনী,https://www.wafilife.com/cat/books/publisher/koli-prokashoni
516,কলেজিয়েট প্রকাশনী,https://www.wafilife.com/cat/books/publisher/collegiate-publications
517,কাকলী প্রকাশনী,https://www.wafilife.com/cat/books/publisher/kakali-prokashoni
518,কাকাতুয়া,https://www.wafilife.com/cat/books/publisher/kakatua
519,কাগজপত্র,https://www.wafilife.com/cat/books/publisher/kagojpotro
520,কাজল ব্রাদার্স লিমিটেড,https://www.wafilife.com/cat/books/publisher/kazal-brothers-limited
521,কাজী বুক হাউস,https://www.wafilife.com/cat/books/publisher/kazi-book-house
522,কাঠপেন্সিল,https://www.wafilife.com/cat/books/publisher/কাঠপেন্সিল
523,কাতেবিন প্রকাশন,https://www.wafilife.com/cat/books/publisher/katebeen-prokashon
524,কানন,https://www.wafilife.com/cat/books/publisher/কানন
525,কাব্যগ্রন্থ প্রকাশন,https://www.wafilife.com/cat/books/publisher/kabyogrontho-prokashon
526,কামিয়াব প্রকাশন লিমিটেড,https://www.wafilife.com/cat/books/publisher/kamiyab-proakshon-ltd
527,কারভান পাবলিকেশন,https://www.wafilife.com/cat/books/publisher/curvan-publication
528,কারিমাহ্‌ প্রকাশনী,https://www.wafilife.com/cat/books/publisher/karimah-prokashoni
529,কারিমুনি,https://www.wafilife.com/cat/books/publisher/karimuni
530,কারু প্রকাশ,https://www.wafilife.com/cat/books/publisher/karuprokash
531,কালান্তর পরিবেশিত,https://www.wafilife.com/cat/books/publisher/কালান্তর-পরিবেশিত
532,কালান্তর প্রকাশনী,https://www.wafilife.com/cat/books/publisher/কালান্তর-প্রকাশনী
533,কালার পেন্সিল,https://www.wafilife.com/cat/books/publisher/color-pencil
534,কালিকলম প্রকাশনা,https://www.wafilife.com/cat/books/publisher/kalikolom-prokashona
535,কালোহরফ,https://www.wafilife.com/cat/books/publisher/kalohorof
536,কাশফ প্রকাশনী,https://www.wafilife.com/cat/books/publisher/kashf-prokashoni
537,কাশফুল প্রকাশন,https://www.wafilife.com/cat/books/publisher/কাশফুল-প্রকাশন
538,কাশফুল প্রকাশনী,https://www.wafilife.com/cat/books/publisher/কাশফুল-প্রকাশনী
539,কাসাস পাবলিকেশন,https://www.wafilife.com/cat/books/publisher/kasas-publication
540,কাহফ বাংলাদেশ,https://www.wafilife.com/cat/books/publisher/kahf-bangladash
541,কাহরামান পাবলিকেশন,https://www.wafilife.com/cat/books/publisher/kahraman-publication
542,কিং ফাহাদ গ্লোরিয়াস,https://www.wafilife.com/cat/books/publisher/king-fahad-glorious
543,কিংবদন্তী পাবলিকেশন,https://www.wafilife.com/cat/books/publisher/kingbodonty-publication
544,কিউএনএ পাবলিকেশন্স,https://www.wafilife.com/cat/books/publisher/qna-publications
545,কিডো,https://www.wafilife.com/cat/books/publisher/kidoo
546,কিতাব কানন,https://www.wafilife.com/cat/books/publisher/কিতাব-কানন
547,কিতাব বাড়ি ডট কম,https://www.wafilife.com/cat/books/publisher/kitab-bari-dot-com
548,কিতাব ভবন,https://www.wafilife.com/cat/books/publisher/kitab-vhobon
549,কিতাবিস্তান,https://www.wafilife.com/cat/books/publisher/kitabistan
550,কিন্ডারবুকস,https://www.wafilife.com/cat/books/publisher/kinderbooks
551,কিরতাস প্রকাশ,https://www.wafilife.com/cat/books/publisher/kirtash-prokash
552,কিশোরকন্ঠ,https://www.wafilife.com/cat/books/publisher/kishorkontho
553,কুতুববিডি-KutubBD,https://www.wafilife.com/cat/books/publisher/kutubbd
554,কুতুবুল মাসলাম,https://www.wafilife.com/cat/books/publisher/kutubul-maslam
555,কুরআন এইজ পাবলিকেশন,https://www.wafilife.com/cat/books/publisher/quran-edge-publication
556,কুরআন ক্যাম্পাস,https://www.wafilife.com/cat/books/publisher/quran-campus
557,কুরআন মাজীদ একাডেমী,https://www.wafilife.com/cat/books/publisher/কুরআন-মাজীদ-একাডেমী
558,কুরআন রিসার্চ ফাউণ্ডেশন,https://www.wafilife.com/cat/books/publisher/quran-research-foundation
559,কুরআন সুন্নাহ প্রকাশনী,https://www.wafilife.com/cat/books/publisher/quran-sunnah-prokashoni
560,কুরআন হাদীস রিসার্চ একাডেমি,https://www.wafilife.com/cat/books/publisher/quran-hadis-research-academy
561,কুরআনিক বুকস পাবলিকেশন্স,https://www.wafilife.com/cat/books/publisher/quranic-books-publications
562,কুরআনে ভাষা আরবি শিখি,https://www.wafilife.com/cat/books/publisher/quraner-vasha-arbi-shikhi
563,কেন্দ্রবিন্দু,https://www.wafilife.com/cat/books/publisher/kendrobindu
564,কেমিয়াস পাবলিকেশন্স,https://www.wafilife.com/cat/books/publisher/chemius-publication
565,কৈশোর পাবলিকেশন,https://www.wafilife.com/cat/books/publisher/koishor-publication
566,কোরআন মহল প্রকাশনী,https://www.wafilife.com/cat/books/publisher/কোরআন-মহল-প্রকাশনী
567,কোহিনূর লাইব্রেরী,https://www.wafilife.com/cat/books/publisher/kohinoor-library
568,কোয়ালিটি পাবলিকেশন,https://www.wafilife.com/cat/books/publisher/quality-publication
569,ক্যামব্রিজ ইউনিভার্সিটি প্রেস,https://www.wafilife.com/cat/books/publisher/cambridge-university-press
570,ক্যারিয়ার পাবলিকেশন্স,https://www.wafilife.com/cat/books/publisher/career-publications
571,ক্যারিয়ার শেপার,https://www.wafilife.com/cat/books/publisher/career-shaper
572,ক্রাউন পাবলিকেশন্স লিমিটেড,https://www.wafilife.com/cat/books/publisher/crown-publications-ltd
573,ক‌ম্পেয়ার পাব‌লি‌কেশন্স,https://www.wafilife.com/cat/books/publisher/compare-publications
574,খতীবে মিল্লাত প্রকাশন,https://www.wafilife.com/cat/books/publisher/khotibe-millat-prokashon
575,খন্দকার প্রকাশনী,https://www.wafilife.com/cat/books/publisher/খন্দকার-প্রকাশনী
576,খাইরুলস পাবলিকেশন্স,https://www.wafilife.com/cat/books/publisher/খাইরুলস-পাবলিকেশন্স
577,খান প্রকাশনী,https://www.wafilife.com/cat/books/publisher/khan-publishing
578,খান প্রকাশনী,https://www.wafilife.com/cat/books/publisher/khan-publication
579,খান প্রোডাক্ট,https://www.wafilife.com/cat/books/publisher/khan-product
580,খান ব্রাদার্স অ্যান্ড কোম্পানি,https://www.wafilife.com/cat/books/publisher/খান-ব্রাদার্স-অ্যান্ড-কো
581,খানকায়ে শাইখ যাকারিয়া রহ. ও জামিয়া মাযাহেরে উলূম,https://www.wafilife.com/cat/books/publisher/khankaye-sheikh-zakaria-rah-and-jamia-majahere-uloom
582,খায়রুন প্রকাশনী,https://www.wafilife.com/cat/books/publisher/khairun-publication
583,খুশবু,https://www.wafilife.com/cat/books/publisher/খুশবু
584,খেয়া প্রকাশনী,https://www.wafilife.com/cat/books/publisher/khea-prokashoni
585,খোশরোজ কিতাব মহল,https://www.wafilife.com/cat/books/publisher/খোশরোজ-কিতাব-মহল
586,খোয়াব,https://www.wafilife.com/cat/books/publisher/khoyab
587,খড়িয়া প্রকাশন,https://www.wafilife.com/cat/books/publisher/khoria-prokashon
588,গতিধারা,https://www.wafilife.com/cat/books/publisher/gotidhara
589,গদ্যপদ্য,https://www.wafilife.com/cat/books/publisher/গদ্যপদ্য
590,গপ্পো-সপ্পো প্রকাশন,https://www.wafilife.com/cat/books/publisher/goppo-soppo-publication
591,গরীবের গরীবখানা,https://www.wafilife.com/cat/books/publisher/goriber-goribkhana
592,গলুই প্রকাশন,https://www.wafilife.com/cat/books/publisher/galui-publication
593,গাইডলাইন পাবলিকেশন,https://www.wafilife.com/cat/books/publisher/guideline-publication
594,গাইডেন্স পাবলিকেশন্স,https://www.wafilife.com/cat/books/publisher/guidance-publications
595,গাইডেন্স ভিশন,https://www.wafilife.com/cat/books/publisher/guidance-vision
596,গাউসিয়া পাবলিকেশন্স,https://www.wafilife.com/cat/books/publisher/গাউসিয়া-পাবলিকেশন্স
597,গাওসিয়া পাবলিকেশন্স,https://www.wafilife.com/cat/books/publisher/gaosiya-publications
598,গাজী প্রকাশনী,https://www.wafilife.com/cat/books/publisher/গাজী-প্রকাশনী
599,গার্ডিয়ান পাবলিকেশন্স,https://www.wafilife.com/cat/books/publisher/গার্ডিয়ান-পাবলিকেশন্স
600,গুড ওয়ার্ড,https://www.wafilife.com/cat/books/publisher/goodword
601,গ্রন্থ কুটির,https://www.wafilife.com/cat/books/publisher/grontho-kutir
602,গ্রন্থগ্রহ,https://www.wafilife.com/cat/books/publisher/gronthogroho
603,গ্রন্থরাজ্য,https://www.wafilife.com/cat/books/publisher/গ্রন্থরাজ্য
604,গ্রন্থশালা প্রকাশন,https://www.wafilife.com/cat/books/publisher/grontosala-publication
605,গ্রন্থাগার প্রকাশন,https://www.wafilife.com/cat/books/publisher/gronthagar-prokashon
606,গ্রন্থালয়,https://www.wafilife.com/cat/books/publisher/gronthaloy
607,গ্রন্থিক প্রকাশন,https://www.wafilife.com/cat/books/publisher/granthik-prokashon
608,গ্রাজুয়েট পাবলিকেশন্স,https://www.wafilife.com/cat/books/publisher/graduate-publications
609,গ্রিপার মার্ক পাবলিকেশন,https://www.wafilife.com/cat/books/publisher/gripper-mark-publications
610,গ্লোবাল পাবলিশিং নেটওয়ার্ক,https://www.wafilife.com/cat/books/publisher/global-publishing-network
611,ঘাসফুল,https://www.wafilife.com/cat/books/publisher/ghasful
612,চন্দ্রবিন্দু প্রকাশন (চট্টগ্রাম),https://www.wafilife.com/cat/books/publisher/chondeobindu-prokashon-chottogram
613,চমনপ্রকাশ,https://www.wafilife.com/cat/books/publisher/chomonprokash
614,চর্চা গ্রন্থ প্রকাশ,https://www.wafilife.com/cat/books/publisher/চর্চা-গ্রন্থ-প্রকাশ
615,চারুলতা প্রকাশন,https://www.wafilife.com/cat/books/publisher/charulata-prakason
616,চারুলিপি প্রকাশন,https://www.wafilife.com/cat/books/publisher/charulipi-prokashon
617,চিঠি প্রকাশন,https://www.wafilife.com/cat/books/publisher/চিঠি-প্রকাশন
618,চিন্তাচর্চা,https://www.wafilife.com/cat/books/publisher/chintachorcha
619,চিন্তাপত্র প্রকাশন,https://www.wafilife.com/cat/books/publisher/chintapatra-prokashon
620,চিরকুট,https://www.wafilife.com/cat/books/publisher/চিরকুট
621,চিরায়ত,https://www.wafilife.com/cat/books/publisher/cirayoto
622,চিলড্রেন বুকস সেন্টার,https://www.wafilife.com/cat/books/publisher/childrens-books-center
623,চিলেকোঠা পাবলিকেশন,https://www.wafilife.com/cat/books/publisher/chilekotha-publicaton
624,চেতনা প্রকাশন,https://www.wafilife.com/cat/books/publisher/chetona-prokashon
625,চেনা সুর প্রকাশনী,https://www.wafilife.com/cat/books/publisher/chena-shur-prokashoni
626,চৈতন্য,https://www.wafilife.com/cat/books/publisher/choitonno
627,চ্যান্সেলর,https://www.wafilife.com/cat/books/publisher/chancellor
628,চড়ুই পাবলিকেশন,https://www.wafilife.com/cat/books/publisher/চড়ুই-পাবলিকেশন
629,চয়ন প্রকাশন,https://www.wafilife.com/cat/books/publisher/chayan-publication
630,ছাপাখানা প্রকাশনী,https://www.wafilife.com/cat/books/publisher/chapakhana-prokashoni
631,ছায়া প্রকাশন,https://www.wafilife.com/cat/books/publisher/chaya-prokashon
632,ছায়াবীথি,https://www.wafilife.com/cat/books/publisher/chayabithi
633,ছায়ামঞ্চ পাবলিকেশন্স,https://www.wafilife.com/cat/books/publisher/chayamonch-publication
634,ছোটদের বই,https://www.wafilife.com/cat/books/publisher/ছোটদের-বই
635,জনতা প্রকাশ,https://www.wafilife.com/cat/books/publisher/জনতা-প্রকাশ
636,জনলেখ প্রকাশনী,https://www.wafilife.com/cat/books/publisher/জনলেখ-প্রকাশনী
637,জবগুরু,https://www.wafilife.com/cat/books/publisher/jobguru
638,জমজম কুতুবখানা,https://www.wafilife.com/cat/books/publisher/jamjam-kutubkhana
639,জলছবি প্রকাশন,https://www.wafilife.com/cat/books/publisher/jolchobi-prokashon
640,জলরঙ পাবলিকেশন,https://www.wafilife.com/cat/books/publisher/jolrong-publication
641,জাগরণ প্রকাশন,https://www.wafilife.com/cat/books/publisher/jagoron-prokashon
642,জাগৃতি প্রকাশনী,https://www.wafilife.com/cat/books/publisher/jagriti-prokashoni
643,জাতীয় সাহিত্য প্রকাশ,https://www.wafilife.com/cat/books/publisher/jatiya-sahitya-prakash
644,জাদীদ প্রকাশন,https://www.wafilife.com/cat/books/publisher/জাদীদ-প্রকাশন
645,জাদুঘর প্রকাশনী,https://www.wafilife.com/cat/books/publisher/jadughor-prokashoni
646,জান্নাত প্রকাশনী,https://www.wafilife.com/cat/books/publisher/jannat-prokashoni
647,জাব পাবলিকেশন,https://www.wafilife.com/cat/books/publisher/jab-publication
648,জামেয়া প্রকাশনী,https://www.wafilife.com/cat/books/publisher/jameya-prokashoni
649,জায়েদ লাইব্রেরী,https://www.wafilife.com/cat/books/publisher/jayed-library
650,জি.এম. কামরুল ইসলাম,https://www.wafilife.com/cat/books/publisher/gm-kamrul-islam
651,জিনিয়াস পাবলিকেশন্স,https://www.wafilife.com/cat/books/publisher/জিনিয়াস-পাবলিকেশন্স
652,জিহাদ একাডেমি,https://www.wafilife.com/cat/books/publisher/zihad-academy
653,জোনাকী প্রকাশনী,https://www.wafilife.com/cat/books/publisher/জোনাকী-প্রকাশনী
654,জ্ঞান কুটির,https://www.wafilife.com/cat/books/publisher/gyan-kutir
655,জ্ঞান বিতরণী,https://www.wafilife.com/cat/books/publisher/জ্ঞান-বিতরণী
656,জ্ঞান বিতান,https://www.wafilife.com/cat/books/publisher/জ্ঞান-বিতান
657,জ্ঞানকোষ প্রকাশনী,https://www.wafilife.com/cat/books/publisher/gankosh-prokashoni
658,জ্ঞানজ্যোতি প্রকাশনী,https://www.wafilife.com/cat/books/publisher/geyanjoti-prokashoni
659,জ্ঞানপিপাসু প্রকাশন,https://www.wafilife.com/cat/books/publisher/geyanpipasu-prokashon
660,জ্ঞানের আলো পাঠাগার,https://www.wafilife.com/cat/books/publisher/gyaner-alo-pathagar
661,জ্ঞানের আলো প্রকাশনী,https://www.wafilife.com/cat/books/publisher/gyaner-alo-prokashoni
662,জ্যোতি প্রকাশ,https://www.wafilife.com/cat/books/publisher/জ্যোতি-প্রকাশ
663,জয়কলি পাবলিকেশন্স লিঃ,https://www.wafilife.com/cat/books/publisher/জয়কলি-পাবলিকেশন্স-লিঃ
664,জয়যাত্রা পাবলিকেশন্স,https://www.wafilife.com/cat/books/publisher/joyzatra-publications
665,ঝিঙেফুল,https://www.wafilife.com/cat/books/publisher/jhingephul
666,ঝিনুক প্রকাশনী,https://www.wafilife.com/cat/books/publisher/jhinuk-prokason
667,টই টই প্রকাশন,https://www.wafilife.com/cat/books/publisher/toi-toi-prokashon
668,টাইমস পিআর পাবলিকেশন্স,https://www.wafilife.com/cat/books/publisher/times-pr-publications
669,টার্গেট প্রকাশন,https://www.wafilife.com/cat/books/publisher/target-prokashon
670,টি এ্যান্ড টি পাবলিশার্স এ্যান্ড প্রিন্টিং,https://www.wafilife.com/cat/books/publisher/tt-publishers-and-printing
671,টিউটর পাবলিকেশন্স,https://www.wafilife.com/cat/books/publisher/tutor-publications
672,টিফিন পাবলিকেশন্স,https://www.wafilife.com/cat/books/publisher/tiffin-publications
673,টিম দাওয়াহ,https://www.wafilife.com/cat/books/publisher/taim-dawah
674,টুইংকেল পাবলিশিং,https://www.wafilife.com/cat/books/publisher/twinkle-publishing
675,টুনটুন বুকস,https://www.wafilife.com/cat/books/publisher/toontoon-books
676,টেন মিনিট স্কুল,https://www.wafilife.com/cat/books/publisher/ten-minute-school-publisher
677,ট্যাক্সপার্ট পাবলিকেশন,https://www.wafilife.com/cat/books/publisher/taxpert-publication
678,ট্যালেন্ট পাবলিকেশন্স,https://www.wafilife.com/cat/books/publisher/talent-publication
679,ড. ফরিদউদ্দীন আহমাদ,https://www.wafilife.com/cat/books/publisher/dr-fariduddin-ahmad
680,ডক্টরস প্রকাশন,https://www.wafilife.com/cat/books/publisher/doctors-prokashon
681,ডটপেন পাবলিকেশন্স,https://www.wafilife.com/cat/books/publisher/ডটপেন-পাবলিকেশন্স
682,ডাইনামিক প্রকাশন,https://www.wafilife.com/cat/books/publisher/dynamic-publishing
683,ডাক,https://www.wafilife.com/cat/books/publisher/ডাক
684,ডায়নামিক পাবলিকেশন,https://www.wafilife.com/cat/books/publisher/dynamic-publication
685,ডিফেন্স প্রকাশনী,https://www.wafilife.com/cat/books/publisher/defense-prokashoni
686,ডেব্রেক পাবলিকেশন,https://www.wafilife.com/cat/books/publisher/daybreak-publication
687,ড্যাফোডিল ইন্টারন্যাশনাল ইউনিভার্সিটি প্রেস,https://www.wafilife.com/cat/books/publisher/daffodil-international-university-press
688,ড্রিম হাউস পাবলিকেশন্স,https://www.wafilife.com/cat/books/publisher/dream-house-publications
689,ঢাকা হলি সার্ভে ট্রেনিং সেন্টার,https://www.wafilife.com/cat/books/publisher/dhaka-holly-survey-training-centre
690,ঢাকেশ্বরী লাইব্রেরী,https://www.wafilife.com/cat/books/publisher/dhakeshwary-library
691,তবআতু জায়িজাহ দুবাই আদ দাউলিয়াহ লিল কুরআনুল কারিম (আরব আমিরাত),https://www.wafilife.com/cat/books/publisher/tabatu-zaijah-dubai-ad-dawliyyah-lil-quranul-kareem-united-arab-emirates
692,তমদ্দুন প্রকাশনী,https://www.wafilife.com/cat/books/publisher/tomuddun-prokashoni
693,তরফদার প্রকাশনী,https://www.wafilife.com/cat/books/publisher/torofdar-prokashoni
694,তাইবাহ একাডেমি,https://www.wafilife.com/cat/books/publisher/taibah-academy
695,তাওহীদ পাবলিকেশন্স,https://www.wafilife.com/cat/books/publisher/tawhid-publication
696,তাকওয়া পাবলিকেশন্স,https://www.wafilife.com/cat/books/publisher/taqwa-plublications
697,তাক্বিয়া বুক ডিপো,https://www.wafilife.com/cat/books/publisher/taqia-book-dipo
698,তাজকিয়া পাবলিকেশন,https://www.wafilife.com/cat/books/publisher/তাজকিয়া-পাবলিকেশন
699,তাজদিদ পাবলিকেশন,https://www.wafilife.com/cat/books/publisher/tajdid-publication
700,তাদাব্বুর পাবলিকেশন,https://www.wafilife.com/cat/books/publisher/tadabbur-publications
701,তানজিল প্রকাশন,https://www.wafilife.com/cat/books/publisher/tanzil-publications
702,তানযীম কুতুবখানা,https://www.wafilife.com/cat/books/publisher/তানযীম-কুতুবখানা
703,তানযীল পাবলিকেশন্স,https://www.wafilife.com/cat/books/publisher/tanzeel-publication
704,তানশির পাবলিকেশন,https://www.wafilife.com/cat/books/publisher/tansheer-publication
705,তাফসীর পাবলিকেশন কমিটি,https://www.wafilife.com/cat/books/publisher/তাফসীর-পাবলিকেশন-কমিটি
706,তাফহীম পাবলিকেশন,https://www.wafilife.com/cat/books/publisher/tafheem-publications
707,তাবলীগী কুতুবখানা,https://www.wafilife.com/cat/books/publisher/tableague-kutubkhana
708,তাবসিরাহ,https://www.wafilife.com/cat/books/publisher/tabsirah
709,তামাদ্দুন,https://www.wafilife.com/cat/books/publisher/tamaddun
710,তাম্রলিপি,https://www.wafilife.com/cat/books/publisher/তাম্রলিপি
711,তাযকির পাবলিকেশন,https://www.wafilife.com/cat/books/publisher/tazkir-publication
712,তাযকিয়া সেন্টার,https://www.wafilife.com/cat/books/publisher/tazkiya-centre
713,তারবিয়াহ,https://www.wafilife.com/cat/books/publisher/tarbiyah
714,তারান্নুম প্রকাশনী,https://www.wafilife.com/cat/books/publisher/tarannum-prokashoni
715,তারুণ্য প্রকাশন,https://www.wafilife.com/cat/books/publisher/tarunnya-prokashon
716,তারুণ্যের উচ্ছ্বাস প্রকাশন,https://www.wafilife.com/cat/books/publisher/tarunyer-ucchwash-prokashon
717,তালবিয়া প্রকাশন,https://www.wafilife.com/cat/books/publisher/talbiya-prokashon
718,তালিমুন নিসা,https://www.wafilife.com/cat/books/publisher/taleemun-nisa
719,তালীমী ফাউন্ডেশন বাংলাদেশ,https://www.wafilife.com/cat/books/publisher/talimi-foundation-bangladesh
720,তালীমুল উম্মাহ প্রকাশনী,https://www.wafilife.com/cat/books/publisher/তালীমুল-উম্মাহ-প্রকাশনী
721,তাসনিফ পাবলিকেশন,https://www.wafilife.com/cat/books/publisher/tasnif-publication
722,তাসনিফ প্রকাশনী,https://www.wafilife.com/cat/books/publisher/tasnif-prokashoni
723,তাসনিম পাবলিকেশন,https://www.wafilife.com/cat/books/publisher/তাসনিম-পাবলিকেশন
724,তাহফীযুল কুরআন পাবলিকেশন,https://www.wafilife.com/cat/books/publisher/tahfizul-quran-publication
725,তিতাস পাবলিকেশন্স,https://www.wafilife.com/cat/books/publisher/titas-publications
726,তুবা পাবলিকেশন,https://www.wafilife.com/cat/books/publisher/tuba-publication
727,তুরাস প্রকাশনী,https://www.wafilife.com/cat/books/publisher/turas-publication
728,তৃণলতা প্রকাশ,https://www.wafilife.com/cat/books/publisher/trinolota-prokash
729,তৃতীয় চোখ,https://www.wafilife.com/cat/books/publisher/tritiyo-chokh
730,তৌফিক প্রকাশন,https://www.wafilife.com/cat/books/publisher/taufiq-prokasan
731,থানভী লাইব্রেরী,https://www.wafilife.com/cat/books/publisher/থানভী-লাইব্রেরী
732,দরবারে কেতাব,https://www.wafilife.com/cat/books/publisher/darbare-ketab
733,দাঁড়িকমা প্রকাশনী,https://www.wafilife.com/cat/books/publisher/দাঁড়িকমা
734,দাওয়া পাবলিকেশন,https://www.wafilife.com/cat/books/publisher/dawah-publication
735,দারসুন,https://www.wafilife.com/cat/books/publisher/dursoon
736,দারিল ইলম লিল মালায়িন,https://www.wafilife.com/cat/books/publisher/dar-il-ilm-lil-malayin
737,দারু আরবাব আল ইলম (তুরষ্ক),https://www.wafilife.com/cat/books/publisher/daru-arbab-al-ilam-turkey
738,দারু ইহইয়া ইত তুরসুল আরবি (বৈরুত),https://www.wafilife.com/cat/books/publisher/daru-ihyait-tursul-arabi-beirut
739,দারু মাকতাবাতু আলামিয়া (মিশর),https://www.wafilife.com/cat/books/publisher/daru-maktabatu-alamia-egypt
740,দারু রিসালাতুল আলামিয়া (বৈরুত),https://www.wafilife.com/cat/books/publisher/daru-risalat-al-alamiya-beirut
741,দারুত তাওফিকিয়্যাহ (মিশর),https://www.wafilife.com/cat/books/publisher/darut-tawfiqiyah-egypt
742,দারুত তাকওয়া (সিরিয়া),https://www.wafilife.com/cat/books/publisher/darut-taqwa-syria
743,দারুত তাকবীর,https://www.wafilife.com/cat/books/publisher/darut-takbeer
744,দারুত তাজকিয়া,https://www.wafilife.com/cat/books/publisher/darut-tajkiya
745,দারুত তানফীয,https://www.wafilife.com/cat/books/publisher/দারুত-তানফীয
746,দারুত তানমিয়াহ,https://www.wafilife.com/cat/books/publisher/darut-tanmiyah
747,দারুত তাসনীফ,https://www.wafilife.com/cat/books/publisher/darut-tasnif
748,দারুত তাহলীল প্রকাশনী,https://www.wafilife.com/cat/books/publisher/দারুত-তাহলীল-প্রকাশনী
749,দারুত তিবইয়ান,https://www.wafilife.com/cat/books/publisher/daruttibyan
750,দারুত তোহফা,https://www.wafilife.com/cat/books/publisher/darut-tohfa
751,দারুত ত্বলাবা,https://www.wafilife.com/cat/books/publisher/darut-twalaba
752,দারুন নাজাত পাবলিকেশন্স,https://www.wafilife.com/cat/books/publisher/দারুন-নাজাত-পাবলিকেশন্স
753,দারুর রশিদ প্রকাশনী,https://www.wafilife.com/cat/books/publisher/darur-rashid-prokashoni
754,দারুল আরকাম,https://www.wafilife.com/cat/books/publisher/দারুল-আরকাম
755,দারুল আরাবিয়্যাহ,https://www.wafilife.com/cat/books/publisher/darul-arabiyah
756,"দারুল আলামিয়্যাহ (ইন্দোনেশিয়া, মিশর)",https://www.wafilife.com/cat/books/publisher/dar-ul-alamiyah-indonesia-egypt
757,দারুল আলামিয়া (ইন্দোনেশিয়া),https://www.wafilife.com/cat/books/publisher/dar-ul-alamia-indonesia
758,দারুল আসিমা (সৌদি আরব),https://www.wafilife.com/cat/books/publisher/dar-ul-asima-saudi-arabia
759,দারুল ইবতিকার,https://www.wafilife.com/cat/books/publisher/darul-ibtikar
760,দারুল ইমাম আল-আযম,https://www.wafilife.com/cat/books/publisher/darul-imam-al-azom
761,দারুল ইলম,https://www.wafilife.com/cat/books/publisher/দারুল-ইলম
762,দারুল ইলমি লিলমালাইন (বৈরুত),https://www.wafilife.com/cat/books/publisher/darul-ilmi-lilmalaine-beirut
763,দারুল ইসনাদ পাবলিকেশন্স,https://www.wafilife.com/cat/books/publisher/daarul-isnaad-publications
764,দারুল ইসলাম পাবলিকেশন ( ৫০ বাংলাবাজার ),https://www.wafilife.com/cat/books/publisher/দারুল-ইসলাম-পাবলিকেশন-৫০
765,দারুল ইহদা,https://www.wafilife.com/cat/books/publisher/দারুল-ইহদা
766,দারুল ইয়াসর লিননাশর (মিশর),https://www.wafilife.com/cat/books/publisher/dar-ul-yasar-linnashar-egypt
767,দারুল ঈমান,https://www.wafilife.com/cat/books/publisher/darul-iman
768,দারুল উলূম রামপুরা বনশ্রী মাদরাসা,https://www.wafilife.com/cat/books/publisher/darul-ulum-rampura-bonosri-madrasha
769,দারুল উলূম লাইব্রেরী,https://www.wafilife.com/cat/books/publisher/darul-uloom-library
770,দারুল ওয়াফা,https://www.wafilife.com/cat/books/publisher/দারুল-ওয়াফা
771,দারুল ওয়াফা (মিশর),https://www.wafilife.com/cat/books/publisher/darul-wafaa-egypt
772,দারুল কলম,https://www.wafilife.com/cat/books/publisher/দারুল-কলম
773,দারুল কলম (দামেস্ক),https://www.wafilife.com/cat/books/publisher/dar-ul-kalam-damascus
774,দারুল কারার পাবলিকেশন্স,https://www.wafilife.com/cat/books/publisher/darul-qarar-publications
775,দারুল কালিমাত,https://www.wafilife.com/cat/books/publisher/darul-kalimat
776,দারুল কিতাব,https://www.wafilife.com/cat/books/publisher/দারুল-কিতাব
777,"দারুল কিতাব আল আরাবিয়া (মিশর, বৈরুত)",https://www.wafilife.com/cat/books/publisher/darul-kitab-al-arabiya-egypt-beirut
778,দারুল কিতাবওয়াত্তাছনীফ (রাহনুমা পরিবেশিত),https://www.wafilife.com/cat/books/publisher/দারুল-কিতাবওয়াত্তাছনীফ
779,দারুল কুতুব,https://www.wafilife.com/cat/books/publisher/darul-qutb
780,দারুল কুতুব আল ইলমিয়া (বৈরুত),https://www.wafilife.com/cat/books/publisher/dar-ul-qutb-al-ilmia-beirut
781,দারুল কুরআন,https://www.wafilife.com/cat/books/publisher/দারুল-কুরআন
782,দারুল খায়ের (সৌদি আরব),https://www.wafilife.com/cat/books/publisher/dar-ul-khair-saudi-arabia
783,দারুল গাদ্দিল জাদিদ (মিশর),https://www.wafilife.com/cat/books/publisher/dar-ul-gaddil-jadid-egypt
784,দারুল জান্নাহ,https://www.wafilife.com/cat/books/publisher/darul-jannah
785,দারুল ফাতহ (জর্ডান),https://www.wafilife.com/cat/books/publisher/darul-fath-jordan
786,দারুল ফালাহ,https://www.wafilife.com/cat/books/publisher/darul-falah
787,দারুল ফিকর,https://www.wafilife.com/cat/books/publisher/darul-fikr
788,দারুল ফিকর (বৈরুত),https://www.wafilife.com/cat/books/publisher/dar-ul-fikr-beirut
789,দারুল ফুরকান,https://www.wafilife.com/cat/books/publisher/darul-furqan
790,দারুল মাআরিফ (মিশর),https://www.wafilife.com/cat/books/publisher/dar-ul-maarif-egypt
791,দারুল মাকতাবা (বৈরুত),https://www.wafilife.com/cat/books/publisher/dar-ul-maqtaba-beirut
792,দারুল মানহাজ,https://www.wafilife.com/cat/books/publisher/darul-manhaj
793,দারুল মিনহাজ (সৌদি আরব),https://www.wafilife.com/cat/books/publisher/dar-ul-minhaj-saudi-arabia
794,দারুল মিরাছ আন নববি,https://www.wafilife.com/cat/books/publisher/dar-ul-mirach-an-nabbi
795,দারুল মিরাজ (বৈরুত),https://www.wafilife.com/cat/books/publisher/darul-miraj-beirut
796,দারুল মুআল্লিফ,https://www.wafilife.com/cat/books/publisher/darul-muallif
797,দারুল লুগাতিল আরাবিয়া বাংলাদেশ,https://www.wafilife.com/cat/books/publisher/darul-lugatil-arabiya-bangladesh
798,দারুল লুবাব,https://www.wafilife.com/cat/books/publisher/darul-lubab
799,দারুল লুবাব (বৈরুত),https://www.wafilife.com/cat/books/publisher/dar-ul-lubab-beirut
800,দারুল লূউলুউ (মিশর),https://www.wafilife.com/cat/books/publisher/dar-ul-loulou-egypt
801,দারুল হাদারাত লিননাশর ওয়াততাউজিঈ (মিশর),https://www.wafilife.com/cat/books/publisher/darul-hadarat-linnashar-wattawzii-egypt
802,দারুল হাদীস (মিশর),https://www.wafilife.com/cat/books/publisher/dar-ul-hadith-egypt
803,দারুল হিকমাহ পাবলিকেশন্স লিমিটেড,https://www.wafilife.com/cat/books/publisher/darul-hikmah-bangladesh-ltd
804,দারুল হিলাল,https://www.wafilife.com/cat/books/publisher/দারুল-হিলাল
805,দারুল হুদা কুতুবখানা,https://www.wafilife.com/cat/books/publisher/দারুল-হুদা-কুতুবখানা
806,দারুস সাকাফা,https://www.wafilife.com/cat/books/publisher/darus-sakafa
807,দারুস সাবুনি,https://www.wafilife.com/cat/books/publisher/darus-sabuni
808,দারুস সালাম,https://www.wafilife.com/cat/books/publisher/darussalam
809,"দারুস সালাম (সৌদি আরব, মিশর)",https://www.wafilife.com/cat/books/publisher/darus-salaam-saudi-arabia-egypt
810,দারুস সালাম বাংলাদেশ,https://www.wafilife.com/cat/books/publisher/দারুস-সালাম-বাংলাদেশ
811,দারুস সালেহ (মিশর),https://www.wafilife.com/cat/books/publisher/darus-saleh-egypt
812,দারুস সুন্নাত পাবলিকেশন্স,https://www.wafilife.com/cat/books/publisher/darus-sunnat-publications
813,দারুস সুলতান (তুরস্ক),https://www.wafilife.com/cat/books/publisher/darus-sultan-turkiye
814,দারুসসুন্নাত ইসলামিক রিসার্চ সেন্টার,https://www.wafilife.com/cat/books/publisher/darussunnat-islamic-research-center
815,দারে ইবনে আব্বাস (মিশর),https://www.wafilife.com/cat/books/publisher/dar-ibn-abbas-egypt
816,দারে ইবনে কাসির (মিশর),https://www.wafilife.com/cat/books/publisher/dar-ibn-kasir-egypt
817,দারে ইবনে জাওযী (মিশর),https://www.wafilife.com/cat/books/publisher/dar-ibn-zawzi-egypt
818,দারে ইবনে রজব (মিশর),https://www.wafilife.com/cat/books/publisher/dar-ibn-rajab-egypt
819,দারে ইবনে হাজম (মিশর),https://www.wafilife.com/cat/books/publisher/dar-ibn-hazm-egypt
820,দারে কুনুয (জর্ডান),https://www.wafilife.com/cat/books/publisher/dar-kunuz-jordan
821,দারে মাক্কা,https://www.wafilife.com/cat/books/publisher/dar-makkah
822,দারে মানসুরাতুল ফাজরাত (বৈরুত),https://www.wafilife.com/cat/books/publisher/dar-mansuratul-fajrat-beirut
823,দি ইউনিভার্সিটি প্রেস লিমিটেড(ইউ পি এল),https://www.wafilife.com/cat/books/publisher/the-university-press-limited-upl
824,দি ইউনিভার্সেল একাডেমি,https://www.wafilife.com/cat/books/publisher/the-universal-academy
825,দি এ্যানজেল পাবলিকেশন্স,https://www.wafilife.com/cat/books/publisher/the-angel-publication
826,দি নেটওয়ার্ক রিসার্স এন্ড পাবলিকেশনস,https://www.wafilife.com/cat/books/publisher/the-network-research-and-publication
827,দি পাথফাইন্ডার পাবলিকেশন্স,https://www.wafilife.com/cat/books/publisher/the-path-finder-publication
828,দি ফার্মা ৩৬০,https://www.wafilife.com/cat/books/publisher/the-pharma-360
829,দি বুক সেন্টার,https://www.wafilife.com/cat/books/publisher/the-book-center
830,দি বেঙ্গল প্রেস,https://www.wafilife.com/cat/books/publisher/দি-বেঙ্গল-প্রেস
831,দি রয়েল সায়েন্টিফিক পাবলিকেশন্স,https://www.wafilife.com/cat/books/publisher/the-royal-scientific-publications
832,দি স্কাই পাবলিশার্স,https://www.wafilife.com/cat/books/publisher/the-sky-publishers
833,দিকদর্শন প্রকাশনী লিঃ,https://www.wafilife.com/cat/books/publisher/dikdarshon-prokashoni-ltd
834,দিব্য প্রকাশ,https://www.wafilife.com/cat/books/publisher/dibbya-prokash
835,দিলরুবা,https://www.wafilife.com/cat/books/publisher/দিলরুবা
836,দীনিয়াত শিক্ষার মেহনত,https://www.wafilife.com/cat/books/publisher/দীনিয়াত-শিক্ষার-মেহনত
837,দীপাধার প্রকাশন,https://www.wafilife.com/cat/books/publisher/দীপাধার-প্রকাশন
838,দীপ্তিমান প্রকাশনী,https://www.wafilife.com/cat/books/publisher/diptiman-prakashani
839,দুন্দুভি,https://www.wafilife.com/cat/books/publisher/dunduvi
840,দুরন্ত পাবলিকেশন্স,https://www.wafilife.com/cat/books/publisher/duranta-publications
841,দুরন্ত রিসার্চ ইনস্টিটিউট,https://www.wafilife.com/cat/books/publisher/duranta-research-institute
842,দুররানি প্রকাশন,https://www.wafilife.com/cat/books/publisher/durrani-prokashon
843,দুর্বার পাবলিকেশন্স,https://www.wafilife.com/cat/books/publisher/durbar-publication
844,দুয়ার প্রকাশনী,https://www.wafilife.com/cat/books/publisher/দুয়ার-প্রকাশনী
845,দূরবীণ,https://www.wafilife.com/cat/books/publisher/durbin
846,দেশ পাবলিকেশনস,https://www.wafilife.com/cat/books/publisher/দেশ-পাবলিকেশনস-publisher
847,দেশ বাংলা প্রকাশন,https://www.wafilife.com/cat/books/publisher/desh-bangla-prokashon
848,দ্বিমিক প্রকাশনী,https://www.wafilife.com/cat/books/publisher/দ্বিমিক-প্রকাশনী
849,দ্বীন পাবলিকেশন,https://www.wafilife.com/cat/books/publisher/deen-publication
850,দ্বীন প্রকাশন,https://www.wafilife.com/cat/books/publisher/deen-prokashon
851,দ্বীনিয়াত প্রকাশনী,https://www.wafilife.com/cat/books/publisher/deeniyat-publication
852,দ্য কুরাইশ ইন্টারন্যাশনাল লিমিটেড,https://www.wafilife.com/cat/books/publisher/the-quraish-international-limited
853,দ্য সুলতান,https://www.wafilife.com/cat/books/publisher/দ্য-সুলতান
854,দ্যু প্রকাশন,https://www.wafilife.com/cat/books/publisher/dyu-prokashon
855,ধরলা পাবলিকেশন্স,https://www.wafilife.com/cat/books/publisher/dharla-publications
856,ধ্রুবক প্রকাশনী,https://www.wafilife.com/cat/books/publisher/dhrubok-prokashoni
857,নওরোজ সাহিত্য সম্ভার,https://www.wafilife.com/cat/books/publisher/নওরোজ-সাহিত্য-সম্ভার
858,নটিলাস প্রকাশনী,https://www.wafilife.com/cat/books/publisher/নটিলাস-প্রকাশনী
859,নতুন ধারা,https://www.wafilife.com/cat/books/publisher/notun-dhara
860,নতুন বিন্যাস,https://www.wafilife.com/cat/books/publisher/notun-binyas
861,নন্দন,https://www.wafilife.com/cat/books/publisher/নন্দন
862,নন্দিতা প্রকাশ,https://www.wafilife.com/cat/books/publisher/nandita-prokash
863,নব সাহিত্য প্রকাশনী,https://www.wafilife.com/cat/books/publisher/nobo-shahityo-prokaskhoni
864,নবকথন প্রকাশনী,https://www.wafilife.com/cat/books/publisher/nobokothon-prokashoni
865,নবজাগরণ প্রকাশনী,https://www.wafilife.com/cat/books/publisher/nobojagoron-prokashoni
866,নবধারা প্রকাশন,https://www.wafilife.com/cat/books/publisher/nobodhara-prokashon
867,নবপথ প্রকাশনী,https://www.wafilife.com/cat/books/publisher/nobopoth-prokashoni
868,নবপ্রকাশ,https://www.wafilife.com/cat/books/publisher/নবপ্রকাশ
869,নবপ্রত্যুষ প্রকাশনী,https://www.wafilife.com/cat/books/publisher/noboprottush-prokashoni
870,নবযুগ প্রকাশনী,https://www.wafilife.com/cat/books/publisher/nobojug-prokashoni
871,নবারুণ পাবলিকেশন,https://www.wafilife.com/cat/books/publisher/nabarun-publication
872,নবারুণ প্রকাশন,https://www.wafilife.com/cat/books/publisher/nobarun-prokashon
873,নবায়ন প্রকাশন,https://www.wafilife.com/cat/books/publisher/nobayon-prokashon
874,নবীন প্রকাশন,https://www.wafilife.com/cat/books/publisher/নবীন-প্রকাশন
875,নযদিক প্রকাশন,https://www.wafilife.com/cat/books/publisher/nozdik-prokashon
876,নয়া প্রভাত প্রকাশন,https://www.wafilife.com/cat/books/publisher/নয়া-প্রভাত-প্রকাশন
877,নলেজ পাবলিশার্স,https://www.wafilife.com/cat/books/publisher/knowledge-publishers
878,নলেজ প্রোডাক্টস,https://www.wafilife.com/cat/books/publisher/knowledge-products
879,নলেজ মিডিয়া পাবলিকেশন,https://www.wafilife.com/cat/books/publisher/knowledge-media-publication
880,নহর প্রকাশন,https://www.wafilife.com/cat/books/publisher/nohor-prokashon
881,নাগরী,https://www.wafilife.com/cat/books/publisher/nagoree
882,নাজাত পাবলিকেশন,https://www.wafilife.com/cat/books/publisher/najat-publications
883,নাদওয়া পাবলিকেশন,https://www.wafilife.com/cat/books/publisher/nadwa-publication
884,নাদিয়া বুক কর্ণার,https://www.wafilife.com/cat/books/publisher/nadia-book-korner
885,নাদিয়াতুল কুরআন প্রকাশনী,https://www.wafilife.com/cat/books/publisher/nadiyatul-quran-prakashoni
886,নাদিয়াতুল কুরআন ফাউন্ডেশন,https://www.wafilife.com/cat/books/publisher/nadiatul-quran-foundation
887,নাদিয়াতুল কুরআন লাইব্রেরী,https://www.wafilife.com/cat/books/publisher/নাদিয়াতুল-কুরআন-লাইব্রের
888,নাবহান প্রকাশন,https://www.wafilife.com/cat/books/publisher/nabhan-prokashon
889,নাবা প্রকাশন,https://www.wafilife.com/cat/books/publisher/naba-prokashon
890,নালন্দা,https://www.wafilife.com/cat/books/publisher/নালন্দা
891,নাশাত পাবলিকেশন,https://www.wafilife.com/cat/books/publisher/নাশাত
892,নি পাবলিকেশন্স,https://www.wafilife.com/cat/books/publisher/ni-publication
893,নিউ ভয়েস,https://www.wafilife.com/cat/books/publisher/new-voice
894,নিউক্লিয়াস প্রকাশনী,https://www.wafilife.com/cat/books/publisher/nucleus-prokashoni
895,নিউরন পাবলিকেশন,https://www.wafilife.com/cat/books/publisher/নিউরন-পাবলিকেশন
896,নিনাদ প্রকাশ,https://www.wafilife.com/cat/books/publisher/নিনাদ-প্রকাশ
897,নিপুণ প্রকাশন,https://www.wafilife.com/cat/books/publisher/নিপুণ-প্রকাশন
898,নিবেদিতা প্রকাশন,https://www.wafilife.com/cat/books/publisher/nibedita-prokashon
899,নিমগ্ন,https://www.wafilife.com/cat/books/publisher/nimagna
900,নিমোনিক পাবলিকেশন্স,https://www.wafilife.com/cat/books/publisher/mnemonic-publications
901,নিরাপদ প্রকাশনী,https://www.wafilife.com/cat/books/publisher/nirapod-publishing
902,নির্ণয় প্রকাশন,https://www.wafilife.com/cat/books/publisher/nirnoy-prokashon
903,নিয়ন,https://www.wafilife.com/cat/books/publisher/neon
904,নিয়ন পাবলিকেশন,https://www.wafilife.com/cat/books/publisher/নিয়ন-পাবলিকেশন
905,নীলক্ষেত মর্ডান লাইব্রেরী,https://www.wafilife.com/cat/books/publisher/nilkhet-modern-library
906,নুর ফিজিক্স ক্রিয়েটিভ পাবলিশার্স,https://www.wafilife.com/cat/books/publisher/nur-physics-creative-publishers
907,নুরানি একাডেমি,https://www.wafilife.com/cat/books/publisher/nurani-academy
908,নুসান পাবলিকেশন,https://www.wafilife.com/cat/books/publisher/nusan-publication
909,নূর ডিজিটাল ল্যান্ড সার্ভে ট্রেনিং ইনস্টিটিউট,https://www.wafilife.com/cat/books/publisher/noor-digital-land-survey-training-institute
910,নূর পাবলিকেশন্স,https://www.wafilife.com/cat/books/publisher/nur-publication
911,নূরানী প্রকাশনী,https://www.wafilife.com/cat/books/publisher/নূরানী-প্রকাশনী
912,নূরুল কুরআন একাডেমী,https://www.wafilife.com/cat/books/publisher/nurul-quran-academy
913,নূরুল কুরআন প্রকাশনী,https://www.wafilife.com/cat/books/publisher/নূরুল-কুরআন-প্রকাশনী
914,নেক্সাস পাবলিকেশন্স লিমিটেড,https://www.wafilife.com/cat/books/publisher/nexus-publications-ltd
915,নেলরি পাবলিকেশন,https://www.wafilife.com/cat/books/publisher/nelri-publication
916,নৈঃশব্দ্য প্রকাশনী,https://www.wafilife.com/cat/books/publisher/noishobdo-prokashoni
917,নোঙর প্রকাশন,https://www.wafilife.com/cat/books/publisher/nongor-prokashon
918,নোবেল পাবলিকেশন্স,https://www.wafilife.com/cat/books/publisher/noble-publications
919,নোভা বুকস অ্যান্ড পাবলিশার্স,https://www.wafilife.com/cat/books/publisher/nova-books-and-publishers
920,ন্যাশনাল পাবলিকেশন,https://www.wafilife.com/cat/books/publisher/national-publication
921,নয়া উদ্যোগ,https://www.wafilife.com/cat/books/publisher/নয়া-উদ্যোগ
922,নয়া প্রভাত পাবলিকেশন,https://www.wafilife.com/cat/books/publisher/naya-provat-publication
923,পথিক প্রকাশন,https://www.wafilife.com/cat/books/publisher/pothik-prokashon
924,পরশমণি প্রকাশন,https://www.wafilife.com/cat/books/publisher/পরশমণি-প্রকাশন
925,পরিবর্তন প্রকাশন,https://www.wafilife.com/cat/books/publisher/poriborton-publisher
926,পরিলেখ প্রকাশনী,https://www.wafilife.com/cat/books/publisher/porilekh-prokasoni
927,পরিশুদ্ধি প্রকাশন,https://www.wafilife.com/cat/books/publisher/পরিশুদ্ধি-প্রকাশন
928,পরিসর,https://www.wafilife.com/cat/books/publisher/porisor
929,পলল প্রকাশনী,https://www.wafilife.com/cat/books/publisher/পলল-প্রকাশনী
930,পলাশ প্রকাশনী,https://www.wafilife.com/cat/books/publisher/polash-publication
931,পাইওনিয়ার পাবলিকেশন্স,https://www.wafilife.com/cat/books/publisher/pioneer-publications
932,পাওয়ার পাবলিকেশন,https://www.wafilife.com/cat/books/publisher/power-publications
933,পাঞ্জেরী ইসলামিক পাবলিকেশন্স,https://www.wafilife.com/cat/books/publisher/panjeree-islamic-publications
934,পাঞ্জেরী পাবলিকেশন্স,https://www.wafilife.com/cat/books/publisher/panjeree-publicaitons
935,পাঞ্জেরী পাবলিকেশন্স লিমিটেড,https://www.wafilife.com/cat/books/publisher/panjeree-publications-ltd
936,পাঠক সমাবেশ,https://www.wafilife.com/cat/books/publisher/pathak-shamabesh
937,পাঠাগার প্রকাশনী,https://www.wafilife.com/cat/books/publisher/pathagar-prokashoni
938,পাণ্ডুলিপি প্রকাশ,https://www.wafilife.com/cat/books/publisher/pandulipi-prokash
939,পাতাং প্রকাশন,https://www.wafilife.com/cat/books/publisher/patang-prokashon
940,পাথেয় পাবলিকেশন,https://www.wafilife.com/cat/books/publisher/patheo-publication-publisher
941,পাপড়ি,https://www.wafilife.com/cat/books/publisher/papri
942,পারফেক্ট প্রকাশনী,https://www.wafilife.com/cat/books/publisher/perfect-prokashoni
943,পারিজাত প্রকাশনী,https://www.wafilife.com/cat/books/publisher/parijat-prakashani
944,পার্ল পাবলিকেশন্স,https://www.wafilife.com/cat/books/publisher/pearl-publications
945,পার্সপেক্টিভ,https://www.wafilife.com/cat/books/publisher/perspective
946,পালক পাবলিশার্স,https://www.wafilife.com/cat/books/publisher/palok-publishers
947,পাললিক সৌরভ,https://www.wafilife.com/cat/books/publisher/palolik-shourov
948,পিস পাবলিকেশন,https://www.wafilife.com/cat/books/publisher/peace-publication
949,পিস প্রেস পাবলিকেশনস,https://www.wafilife.com/cat/books/publisher/পিস-প্রেস-পাবলিকেশনস
950,পুঁথি,https://www.wafilife.com/cat/books/publisher/puthi
951,পুণ্ড্র প্রকাশন,https://www.wafilife.com/cat/books/publisher/পুণ্ড্র-প্রকাশন
952,পুথি প্রকাশ,https://www.wafilife.com/cat/books/publisher/puthi-prakash
953,পুথিনিলয় প্রকাশনী,https://www.wafilife.com/cat/books/publisher/puthiniloy-prokashany
954,পুনরায় প্রকাশন,https://www.wafilife.com/cat/books/publisher/punoray-prokashon
955,পুনর্পাঠ,https://www.wafilife.com/cat/books/publisher/punorpath
956,পুনশ্চ পাবলিকেশন,https://www.wafilife.com/cat/books/publisher/punoscho-publication
957,পুষ্প প্রকাশন,https://www.wafilife.com/cat/books/publisher/pushpo-prokash
958,পুস্তক প্রকাশন,https://www.wafilife.com/cat/books/publisher/pustok-prokashon
959,পেনফিল্ড পাবলিকেশন,https://www.wafilife.com/cat/books/publisher/penfield-publication
960,পেন্ডুলাম পাবলিশার্স,https://www.wafilife.com/cat/books/publisher/pandulum-publishers
961,পেন্সিল পাবলিকেশনস,https://www.wafilife.com/cat/books/publisher/pencil-publications
962,পেপার ভয়েজার,https://www.wafilife.com/cat/books/publisher/paper-voyager
963,পেপারপ্রোক,https://www.wafilife.com/cat/books/publisher/paperproc
964,প্যান ইসলামিজম পাবলিশার্স,https://www.wafilife.com/cat/books/publisher/প্যান-ইসলামিজম-পাবলিশার্
965,প্যানাসিয়া পাবলিকেশনস,https://www.wafilife.com/cat/books/publisher/panacea-publications
966,প্যারাগন পাবলিকেশন্স,https://www.wafilife.com/cat/books/publisher/paragon-publications
967,প্যারামাউন্ট পাবলিকেশন,https://www.wafilife.com/cat/books/publisher/paramount-publication
968,প্যারেন্টস পাবলিকেশন্স,https://www.wafilife.com/cat/books/publisher/parents-publications
969,"প্রকাশনা বিভাগ, জামিয়া শারইয়্যাহ মালিবাগ",https://www.wafilife.com/cat/books/publisher/publication-department-jamia-shariah-malibagh
970,প্রগতি পাবলিশার্স,https://www.wafilife.com/cat/books/publisher/progoti-publishers
971,প্রগ্রেসিভ পাবলিশার্স,https://www.wafilife.com/cat/books/publisher/প্রগ্রেসিভ-পাবলিশার্স
972,প্রচলন প্রকাশন,https://www.wafilife.com/cat/books/publisher/প্রচলন-প্রকাশন
973,প্রচার প্রকাশনী,https://www.wafilife.com/cat/books/publisher/prochar-prokashoni
974,প্রচ্ছদ প্রকাশন,https://www.wafilife.com/cat/books/publisher/প্রচ্ছদ-প্রকাশন
975,প্রজন্ম পাবলিকেশন,https://www.wafilife.com/cat/books/publisher/প্রজন্ম-পাবলিকেশন
976,প্রজাপতি প্রকাশন,https://www.wafilife.com/cat/books/publisher/প্রজাপতি-প্রকাশন
977,প্রজ্ঞা প্রকাশ,https://www.wafilife.com/cat/books/publisher/progga-prokash
978,প্রতিচ্ছবি প্রকাশনী,https://www.wafilife.com/cat/books/publisher/প্রতিচ্ছবি-প্রকাশনী
979,প্রতিভা প্রকাশ,https://www.wafilife.com/cat/books/publisher/protiva-prokash
980,প্রতিভা প্রকাশন,https://www.wafilife.com/cat/books/publisher/protiva-prokashon
981,প্রতিভাষা প্রকাশন,https://www.wafilife.com/cat/books/publisher/protivasha-prokashon
982,প্রতিভূ প্রকাশ,https://www.wafilife.com/cat/books/publisher/protivu-prokash
983,প্রতীক প্রকাশনা সংস্থা,https://www.wafilife.com/cat/books/publisher/protik-prokashona-songstha
984,প্রত্যাশা প্রকাশ,https://www.wafilife.com/cat/books/publisher/prottasha-prokash
985,প্রত্যাশা প্রকাশন,https://www.wafilife.com/cat/books/publisher/protyasha-prokashon
986,প্রত্যয়,https://www.wafilife.com/cat/books/publisher/প্রত্যয়
987,প্রত্যয় পাবলিকেশন্স,https://www.wafilife.com/cat/books/publisher/prottoy-publications
988,প্রথমা প্রকাশন,https://www.wafilife.com/cat/books/publisher/prothoma-prokashon
989,প্রফেসর’স পাবলিকেশন্স,https://www.wafilife.com/cat/books/publisher/প্রফেসরস-পাবলিকেশন্স-publisher
990,প্রফেসর’স প্রকাশন,https://www.wafilife.com/cat/books/publisher/প্রফেসরস-প্রকাশন
991,প্রফেসর’স বুক কর্ণার,https://www.wafilife.com/cat/books/publisher/প্রফেসরস-বুক-কর্ণার-publisher
992,প্রসিদ্ধ পাবলিশার্স,https://www.wafilife.com/cat/books/publisher/prasiddha-publishers
993,প্রাইম পাবলিকেশনস্,https://www.wafilife.com/cat/books/publisher/prime-publications
994,প্রান্ত প্রকাশন,https://www.wafilife.com/cat/books/publisher/pranto-prokashon
995,প্রাপক প্রকাশন,https://www.wafilife.com/cat/books/publisher/prapok-prokashon
996,প্রিজম প্রকাশনী,https://www.wafilife.com/cat/books/publisher/prism-prokashoni
997,প্রিভিউ প্রকাশন,https://www.wafilife.com/cat/books/publisher/preview-prokashon
998,প্রিমিয়াম পাবলিকেশন্স,https://www.wafilife.com/cat/books/publisher/premium-publications
999,প্রিসেপটর্স পাবলিকেশন্স,https://www.wafilife.com/cat/books/publisher/preceptors-publication
1000,প্রিয়মুখ,https://www.wafilife.com/cat/books/publisher/প্রিয়মুখ
1001,প্রীতম প্রকাশ,https://www.wafilife.com/cat/books/publisher/pritom-prokash
1002,প্রীতি প্রকাশন,https://www.wafilife.com/cat/books/publisher/প্রীতি-প্রকাশন
1003,প্রেরণা পাবলিকেশন্স,https://www.wafilife.com/cat/books/publisher/prerona-publications
1004,প্রেরণা প্রকাশন,https://www.wafilife.com/cat/books/publisher/prerona-prokashon
1005,প্রোডাক্টিভ পাবলিকেশন,https://www.wafilife.com/cat/books/publisher/productive-publication
1006,প্রয়াস প্রকাশন,https://www.wafilife.com/cat/books/publisher/proyas-prokashon
1007,প্লাজমিড প্লাস পাবলিকেশন্স,https://www.wafilife.com/cat/books/publisher/plasmid-plus-publications
1008,পড় প্রকাশ,https://www.wafilife.com/cat/books/publisher/পড়-প্রকাশ
1009,পয়গাম প্রকাশনী,https://www.wafilife.com/cat/books/publisher/পয়গাম-প্রকাশনী
1010,ফজর পাবলিকেশন,https://www.wafilife.com/cat/books/publisher/ফজর-পাবলিকেশন
1011,ফজর লাইফস্টাইল ম্যাগাজিন,https://www.wafilife.com/cat/books/publisher/fajr-lifestyle-magazine
1012,ফরিদ বুক ডিপো,https://www.wafilife.com/cat/books/publisher/ফরিদ-বুক-ডিপো
1013,ফাইনাল টাচ পাবলিকেশন্স,https://www.wafilife.com/cat/books/publisher/final touch publications
1014,ফাউন্টেন পাবলিকেশন্স,https://www.wafilife.com/cat/books/publisher/fountain-publications
1015,ফাতিহ প্রকাশন,https://www.wafilife.com/cat/books/publisher/fatih-prokashon
1016,ফাতেমা প্রকাশনী,https://www.wafilife.com/cat/books/publisher/fatema-prokashoni
1017,ফাতেহ ২৪ পাবলিকেশন,https://www.wafilife.com/cat/books/publisher/fateh-24-publication
1018,ফাহিম বুক ডিপো,https://www.wafilife.com/cat/books/publisher/ফাহিম-বুক-ডিপো
1019,ফিউচার উম্মাহ বিডি,https://www.wafilife.com/cat/books/publisher/future-ummah-bd
1020,ফিউচার রেডি পাবলিকেশন,https://www.wafilife.com/cat/books/publisher/future-ready-publication
1021,ফিকরাহ পাবলিকেশন,https://www.wafilife.com/cat/books/publisher/fiqrah-publication
1022,ফিকির পাবলিকেশন্স,https://www.wafilife.com/cat/books/publisher/fikir-publications
1023,ফিট লাইফ পাবলিকেশন,https://www.wafilife.com/cat/books/publisher/fit-life-publications
1024,ফিট লাইফ ফর উম্মাহ পাবলিকেশন্স,https://www.wafilife.com/cat/books/publisher/fit-life-for-ummah-publications
1025,ফিটাস পাবলিকেশন্স,https://www.wafilife.com/cat/books/publisher/fetus-publication
1026,ফিনফ্যাক্টস পাবলিকেশন্স,https://www.wafilife.com/cat/books/publisher/finfacts-publications
1027,ফিলহাল প্রকাশন,https://www.wafilife.com/cat/books/publisher/filhal-prokashon
1028,ফুরকান প্রকাশনী,https://www.wafilife.com/cat/books/publisher/ফুরকান-প্রকাশনী
1029,ফুলদানী প্রকাশনী,https://www.wafilife.com/cat/books/publisher/fuldani-prokashoni
1030,ফেইথ পাবলিকেশন্স,https://www.wafilife.com/cat/books/publisher/faith-publications
1031,ফেরা প্রকাশন,https://www.wafilife.com/cat/books/publisher/fera-prokashon
1032,ফোয়ারা,https://www.wafilife.com/cat/books/publisher/ফোয়ারা
1033,ফ্যালকন পাবলিকেশন,https://www.wafilife.com/cat/books/publisher/falcon-publication
1034,ফ্রেন্ডস্ বুক কর্ণার,https://www.wafilife.com/cat/books/publisher/friends-book-corner
1035,ফ্রেশ প্রকাশনী,https://www.wafilife.com/cat/books/publisher/fresh-prokashoni
1036,ফয়েজিয়া কুতুবখানা,https://www.wafilife.com/cat/books/publisher/foyezia-kutubkhana
1037,বই অঙ্গন প্রকাশন,https://www.wafilife.com/cat/books/publisher/boi-ongon-prokashon
1038,বই কারিগর,https://www.wafilife.com/cat/books/publisher/বই-কারিগর
1039,বইকেন্দ্র,https://www.wafilife.com/cat/books/publisher/বইকেন্দ্র
1040,বইঘর,https://www.wafilife.com/cat/books/publisher/বই-ঘর
1041,বইঠা,https://www.wafilife.com/cat/books/publisher/boitha
1042,বইপল্লি,https://www.wafilife.com/cat/books/publisher/বইপল্লি
1043,বইপাঠ পাবলিকেশন,https://www.wafilife.com/cat/books/publisher/boipath-publication
1044,বইপিয়ন প্রকাশনী,https://www.wafilife.com/cat/books/publisher/boipeon-prokashoni
1045,বইপ্রকাশ,https://www.wafilife.com/cat/books/publisher/বইপ্রকাশ
1046,বইপড়া,https://www.wafilife.com/cat/books/publisher/boipora
1047,বইবাজার প্রকাশনী,https://www.wafilife.com/cat/books/publisher/boibazar-prokashoni
1048,বইমই প্রকাশনী,https://www.wafilife.com/cat/books/publisher/boimoi-prokashoni
1049,বঙ্গ প্রকাশ,https://www.wafilife.com/cat/books/publisher/bongo-prokash
1050,বন্দি পাঠশালা পাবলিকেশন্স,https://www.wafilife.com/cat/books/publisher/bandi-pathshala-publications
1051,বন্ধন প্রকাশন,https://www.wafilife.com/cat/books/publisher/bandhan-prokashon
1052,বরেন্দ্র পাবলিকেশন,https://www.wafilife.com/cat/books/publisher/varendra-publication
1053,বর্ণ প্রকাশ,https://www.wafilife.com/cat/books/publisher/borno-prokash
1054,বর্ণঘর প্রকাশন,https://www.wafilife.com/cat/books/publisher/bornoghar-prokashon
1055,বর্ণালি বুক সেন্টার-বিবিসি,https://www.wafilife.com/cat/books/publisher/bornali-book-center-bbc
1056,বর্ণায়ন,https://www.wafilife.com/cat/books/publisher/বর্ণায়ন
1057,বর্তমান প্রকাশনী,https://www.wafilife.com/cat/books/publisher/bortoman-prokashoni
1058,বর্ষাদুপুর,https://www.wafilife.com/cat/books/publisher/borshadupur
1059,বাঁধন পাবলিকেশন্স,https://www.wafilife.com/cat/books/publisher/badhon-publication
1060,বাংলা একাডেমি,https://www.wafilife.com/cat/books/publisher/bangla-academy
1061,বাংলা প্রকাশ,https://www.wafilife.com/cat/books/publisher/bangla-prokash
1062,বাংলা সাহিত্য আন্দোলন,https://www.wafilife.com/cat/books/publisher/bangla-sahitto-andolon
1063,বাংলা সাহিত্য পরিষদ,https://www.wafilife.com/cat/books/publisher/bangla-sahityo-prishod
1064,বাংলাদেশ ইনস্টিটিউট অব ইসলামিক থট (বি.আই.আই.টি),https://www.wafilife.com/cat/books/publisher/bangladesh-institute-of-islamic-thought-biit
1065,বাংলাদেশ ইনস্টিটিউট অব ইসলামিক ফাইন্যান্স (বিআইআইএফ),https://www.wafilife.com/cat/books/publisher/বাংলাদেশ-ইনস্টিটিউট-অব-ই
1066,বাংলাদেশ ইসলামিক ল রিসার্চ এন্ড লিগ্যাল এইড সেন্টার,https://www.wafilife.com/cat/books/publisher/বাংলাদেশ-ইসলামিক-লরিসার
1067,বাংলাদেশ ইসলামিক সেন্টার,https://www.wafilife.com/cat/books/publisher/bangladesh-islamic-center
1068,বাংলাদেশ ইসলামী লেখক ফোরাম,https://www.wafilife.com/cat/books/publisher/bangladesh-islami-lekhok-forum
1069,বাংলাদেশ কো-অপারেটিভ বুক সোসাইটি লিঃ,https://www.wafilife.com/cat/books/publisher/bangladesh-co-operative-book-society-ltd
1070,বাংলাদেশ ট্রাভেল রাইটার্স এসোসিয়েশন,https://www.wafilife.com/cat/books/publisher/bangladesh-travel-writers-association
1071,বাংলাদেশ তাজ কোম্পানী লিঃ,https://www.wafilife.com/cat/books/publisher/bangladesh-taj-company-ltd
1072,বাংলাদেশ মুসলিম কাউন্সিল,https://www.wafilife.com/cat/books/publisher/bangladesh-muslim-council
1073,বাংলাপ্রকাশ,https://www.wafilife.com/cat/books/publisher/banglaprakash
1074,বাংলার প্রকাশন,https://www.wafilife.com/cat/books/publisher/banglar-prokashon
1075,বাইতুত তাহকীক,https://www.wafilife.com/cat/books/publisher/baitut-tahkik
1076,বাইতুল কিতাব,https://www.wafilife.com/cat/books/publisher/baitul-kitab
1077,বাইয়্যিনাহ প্রকাশন,https://www.wafilife.com/cat/books/publisher/bayyinah-prokason
1078,বাঙ্গালা গবেষণা,https://www.wafilife.com/cat/books/publisher/বাঙ্গালা-গবেষণা
1079,বাছবিচার বুকস,https://www.wafilife.com/cat/books/publisher/bachbichar-books
1080,বাড কম্প্রিন্ট এন্ড পাবলিকেশন্স,https://www.wafilife.com/cat/books/publisher/bird-komprit-and-publication
1081,বাতায়ন পাবলিকেশন,https://www.wafilife.com/cat/books/publisher/batayon-publication
1082,বাতিঘর,https://www.wafilife.com/cat/books/publisher/batighar
1083,বাতিঘর প্রকাশনী,https://www.wafilife.com/cat/books/publisher/বাতিঘর-প্রকাশনী
1084,বাবুই,https://www.wafilife.com/cat/books/publisher/babui
1085,বায়ান্ন ’৫২,https://www.wafilife.com/cat/books/publisher/bayanno-52
1086,বাহার বুক হাউস,https://www.wafilife.com/cat/books/publisher/bahar-book-house
1087,বিআইআইটি পাবলিকেশন্স,https://www.wafilife.com/cat/books/publisher/biit-publications
1088,বিকল্প পাবলিকেশন-(জিজ্ঞাসা সিরিজ),https://www.wafilife.com/cat/books/publisher/bikolpo-publication-jigghasa-series
1089,বিগ ব্যাং এক্সাম কেয়ার,https://www.wafilife.com/cat/books/publisher/big-bang-exam-care
1090,বিজিটিকেডি,https://www.wafilife.com/cat/books/publisher/bgtkd
1091,বিজ্ঞানবিদ্যা পাবলিকেশন,https://www.wafilife.com/cat/books/publisher/bigganbidya-publication
1092,বিডিয়ান পাবলিকেশনস,https://www.wafilife.com/cat/books/publisher/bdian-publications
1093,বিদ্যাপ্রকাশ,https://www.wafilife.com/cat/books/publisher/বিদ্যাপ্রকাশ
1094,বিদ্যাবাড়ি পাবলিকেশন্স,https://www.wafilife.com/cat/books/publisher/bidyabari-publications
1095,বিদ্যামেলা প্রকাশনী,https://www.wafilife.com/cat/books/publisher/বিদ্যামেলা-প্রকাশনী
1096,বিনির্মাণ পাবলিকেশন,https://www.wafilife.com/cat/books/publisher/binirman-publication
1097,বিন্দু প্রকাশ,https://www.wafilife.com/cat/books/publisher/bindu-prokash-publisher
1098,বিন্দুতে সিন্ধু,https://www.wafilife.com/cat/books/publisher/bindute-sindhu
1099,বিবরণ প্রকাশন,https://www.wafilife.com/cat/books/publisher/biboron-prokashon
1100,বিবর্তন প্রকাশন,https://www.wafilife.com/cat/books/publisher/biborton-prokashon
1101,বিবলিওফাইল প্রকাশনী,https://www.wafilife.com/cat/books/publisher/বিবলিওফাইল-প্রকাশনী
1102,বিবিধ প্রকাশন,https://www.wafilife.com/cat/books/publisher/bibidh-prokashon
1103,বিভাস,https://www.wafilife.com/cat/books/publisher/bivas
1104,বিলিভার্স ভিশন পাবলিকেশন্স,https://www.wafilife.com/cat/books/publisher/believers-vision-publication
1105,বিশ্বকল্যাণ পাবলিকেশন্স,https://www.wafilife.com/cat/books/publisher/বিশ্বকল্যাণ-পাবলিকেশন্স
1106,বিশ্বসাহিত্য কেন্দ্র,https://www.wafilife.com/cat/books/publisher/bishowsahitto-kendro
1107,বিহান,https://www.wafilife.com/cat/books/publisher/bihan
1108,বুক পয়েন্ট,https://www.wafilife.com/cat/books/publisher/book-point
1109,বুক স্ট্রিট,https://www.wafilife.com/cat/books/publisher/বুক-স্ট্রিট
1110,বুক হাউজ,https://www.wafilife.com/cat/books/publisher/book-house
1111,বুকফ্লাই পাবলিকেশন,https://www.wafilife.com/cat/books/publisher/বুকফ্লাই-পাবলিকেশন
1112,বুকমার্ক পাবলিকেশন,https://www.wafilife.com/cat/books/publisher/bookmark-publication
1113,বুকস্‌ ফেয়ার,https://www.wafilife.com/cat/books/publisher/books-fair
1114,বুকিশ পাবলিশার,https://www.wafilife.com/cat/books/publisher/bookish-publisher
1115,বুনট,https://www.wafilife.com/cat/books/publisher/buknot
1116,বুস্টার পাবলিকেশন্স,https://www.wafilife.com/cat/books/publisher/booster-publication
1117,বেঙ্গল ল বুকস্‌,https://www.wafilife.com/cat/books/publisher/bengal-law-books
1118,বেঙ্গলবুকস,https://www.wafilife.com/cat/books/publisher/বেঙ্গলবুকস
1119,বেদুঈন প্রকাশনী,https://www.wafilife.com/cat/books/publisher/beduin-prokashoni
1120,বেনজিন প্রকাশন,https://www.wafilife.com/cat/books/publisher/benjin-prokashon
1121,বেফাকুল মাদারিসিল আরাবিয়া বাংলাদেশ,https://www.wafilife.com/cat/books/publisher/befakul-madarisil-arabiya-bangladesh
1122,বেসিক নিয়োগ পাবলিকেশন্স,https://www.wafilife.com/cat/books/publisher/basic-niyog-publications
1123,বেহুলাবাংলা,https://www.wafilife.com/cat/books/publisher/behulabangla
1124,বৈচিত্র্য প্রকাশ,https://www.wafilife.com/cat/books/publisher/boichitro-prokash
1125,বৈভব,https://www.wafilife.com/cat/books/publisher/বৈভব
1126,বোখারা পাবলিকেশন,https://www.wafilife.com/cat/books/publisher/bokhara-publication
1127,বোনা-ফাইড পাবলিকেশন্স,https://www.wafilife.com/cat/books/publisher/bona-fide-publications
1128,বোরাক প্রকাশন,https://www.wafilife.com/cat/books/publisher/বোরাক-প্রকাশন
1129,বোহো,https://www.wafilife.com/cat/books/publisher/boho
1130,ব্যাপন,https://www.wafilife.com/cat/books/publisher/byapon
1131,ব্রাইট ফিউচার পাবলিকেশন,https://www.wafilife.com/cat/books/publisher/bright-future-publication
1132,ব্রাদার্স পাবলিকেশন,https://www.wafilife.com/cat/books/publisher/brothers-publications
1133,ব্রেইনল্যান্ড,https://www.wafilife.com/cat/books/publisher/brainland
1134,ব্রেইনারি পাবলিকেশন,https://www.wafilife.com/cat/books/publisher/brainery-publication
1135,ব্রেনফিভার (চট্টগ্রাম),https://www.wafilife.com/cat/books/publisher/brainfever-chattogram
1136,ভাষাচিত্র,https://www.wafilife.com/cat/books/publisher/vashachitro
1137,ভাষাপ্রকাশ,https://www.wafilife.com/cat/books/publisher/vashaprokash
1138,ভূঁইয়া প্রকাশনী,https://www.wafilife.com/cat/books/publisher/ভূঁইয়া-প্রকাশনী
1139,ভূমিকা,https://www.wafilife.com/cat/books/publisher/ভূমিকা
1140,ভূমিপ্রকাশ,https://www.wafilife.com/cat/books/publisher/ভূমিপ্রকাশ
1141,মক্কা পাবলিকেশন্স,https://www.wafilife.com/cat/books/publisher/makka-publications
1142,মক্কা প্রকাশন,https://www.wafilife.com/cat/books/publisher/mokka-prokashon
1143,মক্তব প্রকাশন,https://www.wafilife.com/cat/books/publisher/maktab-prokashon
1144,মজিদ পাবলিকেশন,https://www.wafilife.com/cat/books/publisher/majid-publication
1145,মতলেবিয়া কুতুবখানা,https://www.wafilife.com/cat/books/publisher/motlebia-kutubkhana
1146,মদিনা ভিলেজ,https://www.wafilife.com/cat/books/publisher/medina-village
1147,মদীনা পাবলিকেশান্স,https://www.wafilife.com/cat/books/publisher/madina-publications
1148,মধুপোক,https://www.wafilife.com/cat/books/publisher/modhupok
1149,মনন প্রকাশ,https://www.wafilife.com/cat/books/publisher/মনন-প্রকাশ
1150,মনোজ প্রকাশনী,https://www.wafilife.com/cat/books/publisher/মনোজ-প্রকাশনী
1151,মম প্রকাশ,https://www.wafilife.com/cat/books/publisher/মম-প্রকাশ
1152,মরিয়ম বুক হাউস,https://www.wafilife.com/cat/books/publisher/mariyam-book-house
1153,মল্লিক ব্রাদার্স,https://www.wafilife.com/cat/books/publisher/মল্লিক-ব্রাদার্স
1154,মহাকাল,https://www.wafilife.com/cat/books/publisher/mohakal
1155,মহানগর পাবলিকেশন,https://www.wafilife.com/cat/books/publisher/mohanogor-publications
1156,মাহাদুল কুরআন ওয়াস সুন্নাহ,https://www.wafilife.com/cat/books/publisher/mahadul-quran-wassunnah
1157,মাইমুনা প্রকাশনী,https://www.wafilife.com/cat/books/publisher/মাইমুনা-প্রকাশনী
1158,মাওলা প্রকাশনী,https://www.wafilife.com/cat/books/publisher/mawla-prokashoni
1159,মাওলা ব্রাদার্স,https://www.wafilife.com/cat/books/publisher/mowla-brothers
1160,মাওলানা আনিসুর রহমান,https://www.wafilife.com/cat/books/publisher/mawlana-anisur-rahman
1161,মাওলানা আব্দুল কাদির সিংকাপনী ফাউন্ডেশন,https://www.wafilife.com/cat/books/publisher/mawlana-abdul-kadir-sinkaponi-foundation
1162,মাকতাব,https://www.wafilife.com/cat/books/publisher/maktab
1163,মাকতাবা,https://www.wafilife.com/cat/books/publisher/maktaba
1164,মাকতাবা দাঈরাতুল মাআরিফ (পাকিস্তান),https://www.wafilife.com/cat/books/publisher/maktaba-dairatul-maarif-pakistan
1165,মাকতাবাত আলমুফলিহুন,https://www.wafilife.com/cat/books/publisher/maktabat-al-muflihun
1166,মাকতাবাতু ইবরাহীম,https://www.wafilife.com/cat/books/publisher/মাকতাবাতু-ইবরাহীম
1167,মাকতাবাতু দারুল উলুম (পাকিস্তান),https://www.wafilife.com/cat/books/publisher/maktabatu-dar-ul-uloom-pakistan
1168,মাকতাবাতু দারুল হিজাজ (মিশর),https://www.wafilife.com/cat/books/publisher/maktabatu-dar-ul-hijaz-egypt
1169,মাকতাবাতু মারকাযিত তালীম ওয়াত তায়াল্লুম,https://www.wafilife.com/cat/books/publisher/maktabatu-markazit-talim-wat-taallum
1170,মাকতাবাতু মারিফুল কুরআন (পাকিস্তান),https://www.wafilife.com/cat/books/publisher/maktabatu-mariful-quran-pakistan
1171,মাকতাবাতু রাইয়্যান,https://www.wafilife.com/cat/books/publisher/maktabatu-rayyan
1172,মাকতাবাতু সাঈদ,https://www.wafilife.com/cat/books/publisher/maktabatu-sayed
1173,মাকতাবাতুত তাওফিকহিয়্যা (মিশর),https://www.wafilife.com/cat/books/publisher/maktabatut-tawfiqhiya-egypt
1174,মাকতাবাতুত তাকওয়া,https://www.wafilife.com/cat/books/publisher/মাকতাবাতুত-তাকওয়া
1175,মাকতাবাতুত তাকওয়া (মিশর),https://www.wafilife.com/cat/books/publisher/maktabatut-taqwa-egypt
1176,মাকতাবাতুত তাকী,https://www.wafilife.com/cat/books/publisher/মাকতাবাতুত-তাকী
1177,মাকতাবাতুত তাসনীম,https://www.wafilife.com/cat/books/publisher/maktabatut-tasneem
1178,মাকতাবাতুদ দাওয়াহ,https://www.wafilife.com/cat/books/publisher/মাকতাবাতুদ-দাওয়াহ
1179,মাকতাবাতুন নূর,https://www.wafilife.com/cat/books/publisher/maktabatun-nur
1180,মাকতাবাতুয যাকারিয়া,https://www.wafilife.com/cat/books/publisher/মাকতাবাতুয-যাকারিয়া
1181,মাকতাবাতুয যুবায়ের,https://www.wafilife.com/cat/books/publisher/maktabatul-jubayer
1182,মাকতাবাতুর রশীদ,https://www.wafilife.com/cat/books/publisher/maktabatur-rashid
1183,মাকতাবাতুর রাইয়্যান,https://www.wafilife.com/cat/books/publisher/maktabatur-rayan
1184,মাকতাবাতুর রিফাত,https://www.wafilife.com/cat/books/publisher/maktabatur-rifat
1185,মাকতাবাতুল আকসা,https://www.wafilife.com/cat/books/publisher/maktabatul-aqsa
1186,মাকতাবাতুল আখতার,https://www.wafilife.com/cat/books/publisher/মাকতাবাতুল-আখতার
1187,মাকতাবাতুল আনোয়ার,https://www.wafilife.com/cat/books/publisher/maktabatul-anwar
1188,মাকতাবাতুল আফকার,https://www.wafilife.com/cat/books/publisher/maktabatul-afkar
1189,মাকতাবাতুল আফনান,https://www.wafilife.com/cat/books/publisher/maktabatul-afnan
1190,মাকতাবাতুল আবরার,https://www.wafilife.com/cat/books/publisher/makbatul-abrar
1191,মাকতাবাতুল আবরার (জামালপুর),https://www.wafilife.com/cat/books/publisher/maktabatul-abrar-jamalpur
1192,মাকতাবাতুল আমজাদ,https://www.wafilife.com/cat/books/publisher/maktabatul-amjad
1193,মাকতাবাতুল আমান,https://www.wafilife.com/cat/books/publisher/মাকতাবাতুল-আমান
1194,মাকতাবাতুল আমীন,https://www.wafilife.com/cat/books/publisher/maktabatul-amin
1195,মাকতাবাতুল আযহার,https://www.wafilife.com/cat/books/publisher/maktabatul-azhar
1196,মাকতাবাতুল আযান,https://www.wafilife.com/cat/books/publisher/maktabatul-azan
1197,মাকতাবাতুল আরাফ,https://www.wafilife.com/cat/books/publisher/maktabatul-araf
1198,মাকতাবাতুল আরাবিয়া,https://www.wafilife.com/cat/books/publisher/maktabatul-arabiya
1199,মাকতাবাতুল আশরাফ,https://www.wafilife.com/cat/books/publisher/maktabatul-ashraf
1200,মাকতাবাতুল আসআদ,https://www.wafilife.com/cat/books/publisher/মাকতাবাতুল-আসআদ
1201,মাকতাবাতুল আসলাফ,https://www.wafilife.com/cat/books/publisher/মাকতাবাতুল-আসলাফ
1202,মাকতাবাতুল আহবাব,https://www.wafilife.com/cat/books/publisher/maktabatul-ahbab
1203,মাকতাবাতুল ইখওয়ান,https://www.wafilife.com/cat/books/publisher/maktabatul-ikhwan
1204,মাকতাবাতুল ইত্তিহাদ,https://www.wafilife.com/cat/books/publisher/মাকতাবাতুল-ইত্তিহাদ
1205,মাকতাবাতুল ইলম,https://www.wafilife.com/cat/books/publisher/maktabatul-ilm
1206,মাকতাবাতুল ইলম (যশোর),https://www.wafilife.com/cat/books/publisher/maktabatul-ilm-joshore
1207,মাকতাবাতুল ইসলাম,https://www.wafilife.com/cat/books/publisher/মাকতাবাতুল-ইসলাম
1208,মাকতাবাতুল ইসলাহ,https://www.wafilife.com/cat/books/publisher/maktabatul-islah
1209,মাকতাবাতুল ঈমান,https://www.wafilife.com/cat/books/publisher/মাকতাবাতুল-ঈমান
1210,মাকতাবাতুল ওয়াতান,https://www.wafilife.com/cat/books/publisher/maktabatu-watan
1211,মাকতাবাতুল ওয়াজীহ,https://www.wafilife.com/cat/books/publisher/maktabatul-wazih
1212,মাকতাবাতুল ওয়াতান,https://www.wafilife.com/cat/books/publisher/maktabatul-watan
1213,মাকতাবাতুল কুরআন,https://www.wafilife.com/cat/books/publisher/মাকতাবাতুল-কুরআন
1214,মাকতাবাতুল ক্বলব,https://www.wafilife.com/cat/books/publisher/maktabatul-kolb
1215,মাকতাবাতুল খিদমাহ,https://www.wafilife.com/cat/books/publisher/maktabatul-khidmah
1216,মাকতাবাতুল ফকীর,https://www.wafilife.com/cat/books/publisher/maktabatul-faqir
1217,মাকতাবাতুল ফাতাহ বাংলাদেশ,https://www.wafilife.com/cat/books/publisher/মাকতাবাতুল-ফাতাহ-বাংলাদে
1218,মাকতাবাতুল ফুনূন,https://www.wafilife.com/cat/books/publisher/maktabatul-funun
1219,মাকতাবাতুল ফুরকান,https://www.wafilife.com/cat/books/publisher/maktabatul-furqan
1220,মাকতাবাতুল বায়ান,https://www.wafilife.com/cat/books/publisher/maktabatul-bayan
1221,মাকতাবাতুল বুশরা,https://www.wafilife.com/cat/books/publisher/মাকতাবাতুল-বুশরা
1222,মাকতাবাতুল মদিনাহ,https://www.wafilife.com/cat/books/publisher/maktabatul-madinah
1223,মাকতাবাতুল মাআরিফ,https://www.wafilife.com/cat/books/publisher/maktabatul-maarif-publisher
1224,মাকতাবাতুল মাআরিফ,https://www.wafilife.com/cat/books/publisher/maktabatul-maarif
1225,মাকতাবাতুল মারিয়াম,https://www.wafilife.com/cat/books/publisher/maktabatul-mariam
1226,মাকতাবাতুল মুয়াজ,https://www.wafilife.com/cat/books/publisher/maktabatul-muyaj-publisher
1227,মাকতাবাতুল মুয়াজ,https://www.wafilife.com/cat/books/publisher/maktabatul-muyaj
1228,মাকতাবাতুল হাকীম,https://www.wafilife.com/cat/books/publisher/maktabatul-hakim
1229,মাকতাবাতুল হাদি আল মুহাম্মাদি (ইংল্যান্ড),https://www.wafilife.com/cat/books/publisher/maktabatul-hadi-al-muhammadi-england
1230,মাকতাবাতুল হামীদ,https://www.wafilife.com/cat/books/publisher/মাকতাবাতুল-হামীদ
1231,মাকতাবাতুল হারামাইন,https://www.wafilife.com/cat/books/publisher/মাকতাবাতুল-হারামাইন
1232,মাকতাবাতুল হাসান,https://www.wafilife.com/cat/books/publisher/মাকতাবাতুল-হাসান
1233,মাকতাবাতুল হিকমাহ,https://www.wafilife.com/cat/books/publisher/maktabatul-hikmah
1234,মাকতাবাতুল হিজায,https://www.wafilife.com/cat/books/publisher/maktabatul-hijaz
1235,মাকতাবাতুল হিদায়াহ,https://www.wafilife.com/cat/books/publisher/maktabatul-hidayah
1236,মাকতাবাতুল হুদা আল ইসলামিয়া,https://www.wafilife.com/cat/books/publisher/মাকতাবাতুল-হুদা-আল-ইসলাম
1237,মাকতাবাতুল হুসাইন,https://www.wafilife.com/cat/books/publisher/maktabatul-hussain
1238,মাকতাবাতুল হেরা,https://www.wafilife.com/cat/books/publisher/মাকতাবাতুল-হেরা
1239,মাকতাবাতুস শামস,https://www.wafilife.com/cat/books/publisher/মাকতাবাতুস-শামস
1240,মাকতাবাতুস শেফা,https://www.wafilife.com/cat/books/publisher/maktabatus-shefa
1241,মাকতাবাতুস সফা,https://www.wafilife.com/cat/books/publisher/maktabatus-sofa
1242,মাকতাবাতুস সফা (মিশর),https://www.wafilife.com/cat/books/publisher/maktabatus-safa-egypt
1243,মাকতাবাতুস সাইফ,https://www.wafilife.com/cat/books/publisher/maktabatus-saif
1244,মাকতাবাতুস সালাফ,https://www.wafilife.com/cat/books/publisher/maktabatus-salaf
1245,মাকতাবাতুস সালাম,https://www.wafilife.com/cat/books/publisher/মাকতাবাতুস-সালাম
1246,মাকতাবাতুস সাহাবা,https://www.wafilife.com/cat/books/publisher/maktabatus-sahaba
1247,মাকতাবাতুস সুন্নাহ,https://www.wafilife.com/cat/books/publisher/মাকতাবাতুস-সুন্নাহ
1248,মাকতাবাতুস সুন্নাহ (বাংলাবাজার),https://www.wafilife.com/cat/books/publisher/মাকতাবাতুস-সুন্নাহ-বাংল
1249,মাকতাবাতুস সুন্নাহ (মাদরাসা মার্কেট),https://www.wafilife.com/cat/books/publisher/মাকতাবাতুস-সুন্নাহ-মাদর
1250,মাকতাবাতুস সুন্নাহ ঢাকা,https://www.wafilife.com/cat/books/publisher/maktabatus-sunnah-dhaka
1251,মাকতাবায়ে ত্বহা,https://www.wafilife.com/cat/books/publisher/maktabaye-twaha
1252,মাকতাবায়ে মারকাজুল হুদা,https://www.wafilife.com/cat/books/publisher/maktabaye-markajul-huda
1253,মাকতূব পাবলিকেশন,https://www.wafilife.com/cat/books/publisher/maktub-publication
1254,মাকাসিদ পাবলিকেশন্স,https://www.wafilife.com/cat/books/publisher/maqasid-publications
1255,মাজলিশ মারকাজু হিযব (পাকিস্তান),https://www.wafilife.com/cat/books/publisher/majlish-markazu-hizb-pakistan
1256,মাজলিসু হুকামা আল মুসলিমিন (আরব আমিরাত),https://www.wafilife.com/cat/books/publisher/majlisu-hukama-al-muslimin-united-arab-emirates
1257,মাজলিসে দাওয়াতুল হক,https://www.wafilife.com/cat/books/publisher/মাজলিসে-দাওয়াতুল-হক
1258,মাজহুল প্রকাশন,https://www.wafilife.com/cat/books/publisher/mazhul-prokashon
1259,মাতৃভাষা প্রকাশ,https://www.wafilife.com/cat/books/publisher/matrivasa-prokash
1260,মাত্রা পাবলিকেশন্স,https://www.wafilife.com/cat/books/publisher/matra-publications
1261,মাত্রাপ্রকাশ,https://www.wafilife.com/cat/books/publisher/matraprokash
1262,মাদরাসায়ে ইসলামিয়া দারুলউলুম সুধন্যপুর,https://www.wafilife.com/cat/books/publisher/madrasaye-islamia-darululoom-sudhanyapur
1263,মাদানী কুতুবখানা,https://www.wafilife.com/cat/books/publisher/madani-kutubkhana
1264,মাদানী মাকতাব প্রশিক্ষণকেন্দ্র,https://www.wafilife.com/cat/books/publisher/madani-maktab-proshikkhonkendro
1265,মানচিত্র প্রকাশনী,https://www.wafilife.com/cat/books/publisher/manchitra-prokashoni
1266,মানযিল ইনস্টিটিউট,https://www.wafilife.com/cat/books/publisher/manjil-institute
1267,মানহাল পাবলিকেশন,https://www.wafilife.com/cat/books/publisher/manhal-publlication
1268,মানাবি পাবলিকেশন্স,https://www.wafilife.com/cat/books/publisher/manabi-publications
1269,মামুন পাবলিকেশন বিডি,https://www.wafilife.com/cat/books/publisher/mamun-publication-bd
1270,মারকাজুত তাহফিজ ফাউন্ডেশন বাংলাদেশ,https://www.wafilife.com/cat/books/publisher/markazut-tahfiz-foundation-bangladesh
1271,মারকাযু তাফসীর লি দিরাসাতিল কুরআনিয়া (সৌদি আরব),https://www.wafilife.com/cat/books/publisher/markazu-tafseer-li-dirasatil-quraniya-saudi-arabia
1272,মারকাযু হারফ লিলবাহত ওয়ালতাতউয়ির আল ইলমি (তুরস্ক),https://www.wafilife.com/cat/books/publisher/markazu-harf-lilbahat-waltatuyir-al-ilmi-turkiye
1273,মারকাযুদ দাওয়াহ আল ইসলামিয়া,https://www.wafilife.com/cat/books/publisher/markazud-dawah-alislamia-dhaka
1274,মারকাযুল বুহুস আল ইলমিয়া,https://www.wafilife.com/cat/books/publisher/markazul-buhus-al-ilmiya
1275,মারকাযুস শায়েখ আবুল হাসান আন নদভি (পাকিস্তান),https://www.wafilife.com/cat/books/publisher/markaz-shaikh-abul-hasan-an-nadvi-pakistan
1276,মালাইকা পাবলিকেশনস,https://www.wafilife.com/cat/books/publisher/malaika-publications
1277,মাসিক আলকাউসার,https://www.wafilife.com/cat/books/publisher/the-monthly-al-kawsar
1278,মাসিক নকীব,https://www.wafilife.com/cat/books/publisher/mashik-nokib
1279,মাসিক নেয়ামত,https://www.wafilife.com/cat/books/publisher/monthly-niamat
1280,মাসিক মদীনা পাবলিকেশান্স,https://www.wafilife.com/cat/books/publisher/mashik-madina-publications
1281,মাস্টার পাবলিকেশন,https://www.wafilife.com/cat/books/publisher/master-publication
1282,মাস্তুল পাবলিকেশন,https://www.wafilife.com/cat/books/publisher/mastul-publication
1283,মাহফিল,https://www.wafilife.com/cat/books/publisher/মাহফিল
1284,মাহমুদ পাবলিকেশন্স,https://www.wafilife.com/cat/books/publisher/মাহমুদ-পাবলিকেশন্স
1285,মাহমুদিয়া লাইব্রেরী,https://www.wafilife.com/cat/books/publisher/মাহমুদিয়া-লাইব্রেরী
1286,মাহাদুল কুরআন ওয়াস সুন্নাহ,https://www.wafilife.com/cat/books/publisher/mahdul-quran-oyas-sunnah
1287,মিজান পাবলিশার্স,https://www.wafilife.com/cat/books/publisher/মিজান-পাবলিশার্স
1288,মিতা ট্রেডার্স,https://www.wafilife.com/cat/books/publisher/mita-traders
1289,মিনারাহ পাবলিকেশন্স,https://www.wafilife.com/cat/books/publisher/মিনারাহ-পাবলিকেশন্স
1290,মিফতাহ প্রকাশনী,https://www.wafilife.com/cat/books/publisher/miftah-prokashoni
1291,মিরর পাবলিকেশন্স,https://www.wafilife.com/cat/books/publisher/mirror-pulications
1292,মিরাজীয়ান পাবলিকেশন্স,https://www.wafilife.com/cat/books/publisher/mirajian-publications
1293,মিসবাহ প্রকাশন,https://www.wafilife.com/cat/books/publisher/misbah-prokashoni
1294,মিহির’স পাবলিকেশন,https://www.wafilife.com/cat/books/publisher/mihirs-publication
1295,মীনা বুক হাউস,https://www.wafilife.com/cat/books/publisher/meena-book-house
1296,মীরাছ,https://www.wafilife.com/cat/books/publisher/mirash
1297,মুআসসাতু আল ফুরকান লি তুরাছিল ইসলামি (বৈরুত),https://www.wafilife.com/cat/books/publisher/muassatu-al-furqan-li-turasil-islami-beirut
1298,মুআসসাসা ইলমিয়্যাহ বাংলাদেশ,https://www.wafilife.com/cat/books/publisher/muassasa-ilmiyah-bangladesh
1299,মুআসসাসাতুদ দাওয়াহ,https://www.wafilife.com/cat/books/publisher/muassatud-dawah
1300,মুআসসাসাতুল ইহদা আল ইসলামিয়াহ,https://www.wafilife.com/cat/books/publisher/muassasatul-ihda-al-islamiyah
1301,মুআসসাসাতুল মাওয়াহিব বাংলাদেশ,https://www.wafilife.com/cat/books/publisher/muassatul-mawahib-bangladesh
1302,মুআসসাসাতুল হিকমাহ,https://www.wafilife.com/cat/books/publisher/muassasatul-hikmah
1303,মুআসসাসাহ আরাবিয়্যাহ বাংলাদেশ,https://www.wafilife.com/cat/books/publisher/muassasa-arabiyah-bangladesh
1304,মুক্ত পাঠশালা,https://www.wafilife.com/cat/books/publisher/mukto-pathshala
1305,মুক্তচিন্তা,https://www.wafilife.com/cat/books/publisher/muktocinta
1306,মুক্তদেশ প্রকাশন,https://www.wafilife.com/cat/books/publisher/muktadesh-publication
1307,মুদ্রণশিল্প,https://www.wafilife.com/cat/books/publisher/mudraṇsilpo
1308,মুনলাইট পাবলিকেশন,https://www.wafilife.com/cat/books/publisher/moonlight-publication
1309,মুন্তাখাব প্রকাশনী,https://www.wafilife.com/cat/books/publisher/মুন্তাখাব-প্রকাশনী
1310,মুন্নি পাবলিকেশন,https://www.wafilife.com/cat/books/publisher/munni-publication
1311,মুযদালিফা প্রকাশন,https://www.wafilife.com/cat/books/publisher/muzdalifah-publication
1312,মুয়াসসাতু রিসালাতি নাশিরুন (বৈরুত),https://www.wafilife.com/cat/books/publisher/muassatu-risalati-nashirun-beirut
1313,মুয়াসসাতুস শায়েখ সালেহ আল উসাইমিন (বৈরুত),https://www.wafilife.com/cat/books/publisher/muassatus-shaykh-saleh-al-uthaymeen-beirut
1314,মুয়াসসাসাতুল ফুরসান (বৈরুত),https://www.wafilife.com/cat/books/publisher/muassasatul-fursan-beirut
1315,মুসতাকিম প্রকাশন,https://www.wafilife.com/cat/books/publisher/mustakim-prokashon
1316,মুসলিম বাংলা ফাউন্ডেশন,https://www.wafilife.com/cat/books/publisher/muslim-bangla-foundation
1317,মুসলিম ভিলেজ,https://www.wafilife.com/cat/books/publisher/মুসলিম-ভিলেজ
1318,মুসাফির,https://www.wafilife.com/cat/books/publisher/musafir
1319,মুহাম্মদ পাবলিকেশন,https://www.wafilife.com/cat/books/publisher/muhammod-publication
1320,মুহাম্মদী বুক হাউজ,https://www.wafilife.com/cat/books/publisher/muhammadi-book-house
1321,মুহাম্মাদ ব্রাদার্স,https://www.wafilife.com/cat/books/publisher/মুহাম্মাদ-ব্রাদার্স
1322,মুহিউস সুন্নাহ প্রকাশনী,https://www.wafilife.com/cat/books/publisher/মুহিউস-সুন্নাহ-প্রকাশনী
1323,মুহিউসসুন্নাহ প্রকাশন,https://www.wafilife.com/cat/books/publisher/mohiusunnah-prokashon
1324,মুয়াসসাতুর রিসালাহ (বৈরুত),https://www.wafilife.com/cat/books/publisher/muassatur-risalah-beirut
1325,মুয়াসাসাতুল উলুমুল কুরআন,https://www.wafilife.com/cat/books/publisher/muasasatul-ulumul-quran
1326,মেঘ প্রকাশ,https://www.wafilife.com/cat/books/publisher/megh-prokash
1327,মেঘনা পাবলিকেশন্স,https://www.wafilife.com/cat/books/publisher/মেঘনা-পাবলিকেশন্স
1328,মেট্রো পাবলিকেশন্স,https://www.wafilife.com/cat/books/publisher/মেট্রো-পাবলিকেশন্স
1329,মেডিকো,https://www.wafilife.com/cat/books/publisher/medico
1330,মেডিসাকসেস পাবলিকেশন্স,https://www.wafilife.com/cat/books/publisher/medisuccess-publications
1331,মেধা অন্বেষন প্রকাশ,https://www.wafilife.com/cat/books/publisher/medha-onyason-prokash
1332,মেধা পাবলিকেশন্স,https://www.wafilife.com/cat/books/publisher/medha-publications
1333,মেধা বিকাশ প্রকাশন,https://www.wafilife.com/cat/books/publisher/medha-bikash-prokashon
1334,মেরিট ফেয়ার প্রকাশন,https://www.wafilife.com/cat/books/publisher/merit-fair-prokashon
1335,মেশক প্রকাশন,https://www.wafilife.com/cat/books/publisher/meshk-prokashon
1336,মেহরাব পাবলিকেশন,https://www.wafilife.com/cat/books/publisher/mehrab-publication
1337,মোঃ আজিজুর রহমান মোল্লা,https://www.wafilife.com/cat/books/publisher/md-ajijur-rahman-molla
1338,মোহাম্মদী কুতুবখানা,https://www.wafilife.com/cat/books/publisher/মোহাম্মদী-কুতুবখানা
1339,মোহাম্মদী বুক হাউস,https://www.wafilife.com/cat/books/publisher/মোহাম্মদী-বুক-হাউস
1340,মোহাম্মদী লাইব্রেরী,https://www.wafilife.com/cat/books/publisher/muhammadi-library
1341,ম্যাগনেট পাবলিকেশন,https://www.wafilife.com/cat/books/publisher/magnet-publication
1342,ম্যাট্রিক্স পাবলিকেশন,https://www.wafilife.com/cat/books/publisher/matrix-publication
1343,ম্যানুভার,https://www.wafilife.com/cat/books/publisher/manoeuvre
1344,ম্যানুয়াল প্রকাশন,https://www.wafilife.com/cat/books/publisher/manual-prokasoni
1345,ম্যানুয়াল পাবলিকেশন,https://www.wafilife.com/cat/books/publisher/manual-publication
1346,যমযম পাবলিকেশন,https://www.wafilife.com/cat/books/publisher/যমযম-পাবলিকেশন
1347,যাইতুন পাবলিকেশন,https://www.wafilife.com/cat/books/publisher/jaitun-publication
1348,যাহরাহ প্রকাশনী,https://www.wafilife.com/cat/books/publisher/zaharat-prokashoni
1349,যিকরাহ পাবলিকেশন,https://www.wafilife.com/cat/books/publisher/zikra-publication
1350,যিয়ান পাবলিকেশন,https://www.wafilife.com/cat/books/publisher/jian-publication
1351,যুমার পাবলিকেশন,https://www.wafilife.com/cat/books/publisher/jumar-publication
1352,রংতুলি প্রকাশন,https://www.wafilife.com/cat/books/publisher/rongtuli-prokashon
1353,রংধনু পাবলিকেশন্স,https://www.wafilife.com/cat/books/publisher/রংধনু-পাবলিকেশন্স
1354,রচনা প্রকাশ,https://www.wafilife.com/cat/books/publisher/rochona-prokash
1355,রফরফ বুক পয়েন্ট,https://www.wafilife.com/cat/books/publisher/rofrof-book-point
1356,রশিদ বুক হাউস,https://www.wafilife.com/cat/books/publisher/রশিদ-বুক-হাউস
1357,রশিদীয়া কুতুবখানা,https://www.wafilife.com/cat/books/publisher/rashidiya-kutubkhana
1358,রশীদ বুক হাউজ,https://www.wafilife.com/cat/books/publisher/রশীদ-বুক-হাউজ
1359,রসায়ন দরবার পাবলিকেশন,https://www.wafilife.com/cat/books/publisher/rosayon-dorbar-publication
1360,রহমত প্রকাশনী,https://www.wafilife.com/cat/books/publisher/rahmat-prakashani
1361,রাইজ পাবলিকেশনস,https://www.wafilife.com/cat/books/publisher/রাইজ-পাবলিকেশনস
1362,রাইয়ান প্রকাশন,https://www.wafilife.com/cat/books/publisher/raiyan-prokashon
1363,রাওয়া পাবলিকেশনস,https://www.wafilife.com/cat/books/publisher/raowa-publications
1364,রাজ পাবলিকেশন,https://www.wafilife.com/cat/books/publisher/raz-publication
1365,রাজিয়া মোল্লা পাবলিকেশন,https://www.wafilife.com/cat/books/publisher/রাজিয়া-মোল্লা-পাবলিকেশন
1366,রাত্রি প্রকাশনী,https://www.wafilife.com/cat/books/publisher/ratri-prokashoni
1367,রাহনুমা পরিবেশিত,https://www.wafilife.com/cat/books/publisher/rahnuma-poribeshito
1368,রাহনুমা প্রকাশনী,https://www.wafilife.com/cat/books/publisher/রাহনুমা-প্রকাশনী
1369,রাহবার পাবলিকেশন্স,https://www.wafilife.com/cat/books/publisher/rahbar-publications
1370,রাহবার প্রকাশন,https://www.wafilife.com/cat/books/publisher/rahbar-prokashon
1371,রাহবার প্রকাশনী,https://www.wafilife.com/cat/books/publisher/rahabar-prokasoni
1372,রাহমাহ পাবলিকেশন,https://www.wafilife.com/cat/books/publisher/rahmah-publication
1373,রাহাতস ইংলিশ কেয়ার,https://www.wafilife.com/cat/books/publisher/রাহাতস-ইংলিশ-কেয়ার
1374,রাহাবার পাবলিকেশন্স,https://www.wafilife.com/cat/books/publisher/রাহাবার-পাবলিকেশন্স
1375,রাহে জান্নাত কুতুবখানা,https://www.wafilife.com/cat/books/publisher/rahe-jannat-kutubkhana
1376,রিজকুন কারীম প্রকাশন,https://www.wafilife.com/cat/books/publisher/rijkun-kareem-prokashoni
1377,রিডার্স পাবলিশার্স,https://www.wafilife.com/cat/books/publisher/readers-publishers
1378,রিফাইন পাবলিকেশন,https://www.wafilife.com/cat/books/publisher/রিফাইন-পাবলিকেশন
1379,রিভাইভ পাবলিকেশন্স,https://www.wafilife.com/cat/books/publisher/revive-publications
1380,রিভার্স পাবলিকেশন,https://www.wafilife.com/cat/books/publisher/reverse-publication
1381,রিমঝিম প্রকাশনী,https://www.wafilife.com/cat/books/publisher/rimjhim-publishing
1382,রিলায়েন্স পাবলিকেশন,https://www.wafilife.com/cat/books/publisher/reliance-publication
1383,রিলে পাবলিকেশন,https://www.wafilife.com/cat/books/publisher/rely-publication
1384,রিশতা প্রকাশন,https://www.wafilife.com/cat/books/publisher/rista-prokashon
1385,রিশাহ্ পাবলিকেশন্স,https://www.wafilife.com/cat/books/publisher/risah-publications
1386,রিসালাহ পাবলিকেশন্স,https://www.wafilife.com/cat/books/publisher/risalah-publications
1387,রিসেন্ট পাবলিকেশন,https://www.wafilife.com/cat/books/publisher/recent-pabolication
1388,রিস্টার্ট ইয়োরসেলফ,https://www.wafilife.com/cat/books/publisher/restart-yourself
1389,রিহলাহ পাবলিকেশন,https://www.wafilife.com/cat/books/publisher/rihlah-publication
1390,রিয়াদ প্রকাশনী,https://www.wafilife.com/cat/books/publisher/রিয়াদ-প্রকাশনী
1391,রুদ্র প্রকাশ,https://www.wafilife.com/cat/books/publisher/rudro-prokash
1392,রুশদা প্রকাশ,https://www.wafilife.com/cat/books/publisher/rushda-prokash
1393,রুহামা পাবলিকেশন,https://www.wafilife.com/cat/books/publisher/রুহামা-পাবলিকেশন
1394,রূপসী বাংলা,https://www.wafilife.com/cat/books/publisher/ruposi-bangla
1395,রেইনড্রপস,https://www.wafilife.com/cat/books/publisher/raindrops
1396,রেইনফল পাবলিকেশন,https://www.wafilife.com/cat/books/publisher/রেইনফল-পাবলিকেশন
1397,রেজায়ী সেন্টার,https://www.wafilife.com/cat/books/publisher/rejayee-center
1398,রেটিনা মেডিকেল এন্ড ডেন্টাল এ্যাডমিশন কোচিং,https://www.wafilife.com/cat/books/publisher/retina-medical-dental-admission-coaching
1399,রেড পাবলিকেশন,https://www.wafilife.com/cat/books/publisher/red-publication
1400,রেডিয়েন্ট পাবলিশিং,https://www.wafilife.com/cat/books/publisher/radiant-publishing
1401,রেডিয়েন্ট লিফ,https://www.wafilife.com/cat/books/publisher/radiant-leaf
1402,রেহাল প্রকাশন,https://www.wafilife.com/cat/books/publisher/rehal-publications
1403,রোদেলা প্রকাশনী,https://www.wafilife.com/cat/books/publisher/রোদেলা-প্রকাশনী
1404,রোহেল পাবলিকেশনস্,https://www.wafilife.com/cat/books/publisher/rohel-publications
1405,রয়েল পাবলিকেশন,https://www.wafilife.com/cat/books/publisher/royal-publication
1406,র‍্যাকস পাবলিকেশন্স,https://www.wafilife.com/cat/books/publisher/raqs-publications
1407,লাজনা প্রকাশনা ও গবেষণা কেন্দ্র,https://www.wafilife.com/cat/books/publisher/lajna-prokashona-o-gobeshona-kendro
1408,লাজনাতুল উলামা বাংলাদেশ,https://www.wafilife.com/cat/books/publisher/lajnatul-ulama-bangladesh
1409,লামাআন প্রকাশনী,https://www.wafilife.com/cat/books/publisher/lama-an-prokashoni
1410,লার্নিং কুরআন পাবলিকেশন্স,https://www.wafilife.com/cat/books/publisher/learning-quran-publications
1411,লার্নিং স্কুল পাবলিকেশন্স,https://www.wafilife.com/cat/books/publisher/learning-school-publications
1412,লিগ্যাম পাবলিকেশন্স,https://www.wafilife.com/cat/books/publisher/legum-publications
1413,লিজেন্ড পাবলিকেশন্স,https://www.wafilife.com/cat/books/publisher/legend-publications
1414,লিটন পাবলিকেশন্স,https://www.wafilife.com/cat/books/publisher/liton-publications
1415,লিটল উম্মাহ,https://www.wafilife.com/cat/books/publisher/little-ummah
1416,লিডার্স স্কুল এন্ড কলেজ চট্টগ্রাম,https://www.wafilife.com/cat/books/publisher/leaders-school-and-college-chittagong
1417,লিপিকলা টাইপ ফাউন্ড্রী,https://www.wafilife.com/cat/books/publisher/lipikola-type-foundry
1418,লিপির আলো,https://www.wafilife.com/cat/books/publisher/lipir-alo
1419,লিয়াকতস ইংলিশ,https://www.wafilife.com/cat/books/publisher/liakats-english-publication
1420,লেকচার পাবলিকেশন্স লি.,https://www.wafilife.com/cat/books/publisher/lecture-publications-ltd
1421,লেকচার পাবলিকেশন্স লি. (মাদ্রাসা),https://www.wafilife.com/cat/books/publisher/lecture-publications-ltd-madrasa
1422,লেজার প্রিন্ট,https://www.wafilife.com/cat/books/publisher/laser-print
1423,লেভেল আপ পাবলিশিং,https://www.wafilife.com/cat/books/publisher/level-up-publishing
1424,লোকমান প্রকাশনী,https://www.wafilife.com/cat/books/publisher/lokman-prokashoni
1425,ল্যান্ড ল প্রকাশনী,https://www.wafilife.com/cat/books/publisher/land-law-prokashoni
1426,ল্যাব বাংলা,https://www.wafilife.com/cat/books/publisher/lab-bangla
1427,শতাব্দী প্রকাশনী,https://www.wafilife.com/cat/books/publisher/শতাব্দী-প্রকাশনী
1428,শব্দ সাগর,https://www.wafilife.com/cat/books/publisher/shabdo-sagor
1429,শব্দ সিঁড়ি প্রকাশন,https://www.wafilife.com/cat/books/publisher/sobdho-siri-publishing
1430,শব্দকথা প্রকাশন,https://www.wafilife.com/cat/books/publisher/sobdokotha-prakason
1431,শব্দকোলাজ প্রকাশনী,https://www.wafilife.com/cat/books/publisher/শব্দকোলাজ-প্রকাশনী
1432,শব্দতরু,https://www.wafilife.com/cat/books/publisher/shobdotoru
1433,শব্দশিল্প,https://www.wafilife.com/cat/books/publisher/শব্দশিল্প
1434,শব্দশৈলী,https://www.wafilife.com/cat/books/publisher/শব্দশৈলী
1435,শব্দসিঁড়ি,https://www.wafilife.com/cat/books/publisher/shobdosiri
1436,শব্দাঙ্গণ,https://www.wafilife.com/cat/books/publisher/shobdanggn
1437,শব্দাবলি প্রকাশন,https://www.wafilife.com/cat/books/publisher/shobdaboli-prokashon
1438,শাওন প্রকাশনী,https://www.wafilife.com/cat/books/publisher/shawon-publishing
1439,শাপলা প্রকাশন,https://www.wafilife.com/cat/books/publisher/shapla-publications
1440,শামস টি প্রকাশনী,https://www.wafilife.com/cat/books/publisher/shams-t-prokashoni
1441,শামসুল উলূম লাইব্রেরী,https://www.wafilife.com/cat/books/publisher/shamsul-ullum-library
1442,শামীম পাবলিকেশন,https://www.wafilife.com/cat/books/publisher/shamims-publication
1443,শায়েখ আব্দুল্লাহ আল মুনীর,https://www.wafilife.com/cat/books/publisher/shaykh-abdullah-al-munir
1444,শায়খুল ইসলাম প্রকাশন,https://www.wafilife.com/cat/books/publisher/shaikhul-islam-prokashon
1445,শায়েখ শফিকুল ইসলাম ইমদাদি একাডেমি,https://www.wafilife.com/cat/books/publisher/shaikh-shafiqul-islam-imdadi-academy
1446,শিউলিমালা প্রকাশন,https://www.wafilife.com/cat/books/publisher/shiulimala-publications
1447,শিক্ষা কোষ,https://www.wafilife.com/cat/books/publisher/shikkha-kosh
1448,শিক্ষাকোষ,https://www.wafilife.com/cat/books/publisher/shikkhakosh
1449,শিকড়,https://www.wafilife.com/cat/books/publisher/shikor
1450,শিখা পাবলিকেশন,https://www.wafilife.com/cat/books/publisher/shikha-publication
1451,শিখা প্রকাশনী,https://www.wafilife.com/cat/books/publisher/শিখা-প্রকাশনী
1452,শিবলী প্রকাশনী,https://www.wafilife.com/cat/books/publisher/shibly-prokashony
1453,শিরোনাম প্রকাশন,https://www.wafilife.com/cat/books/publisher/shironam-prokashon
1454,শিরোপা প্রকাশনী,https://www.wafilife.com/cat/books/publisher/shiropa-prokashoni
1455,শিলা প্রকাশনী,https://www.wafilife.com/cat/books/publisher/shila-prokashoni
1456,শিলালিপি (ঢাকা),https://www.wafilife.com/cat/books/publisher/shilalipi-dhaka
1457,শিশু কানন,https://www.wafilife.com/cat/books/publisher/শিশু-কানন
1458,শিশু গ্রন্থ কুটির,https://www.wafilife.com/cat/books/publisher/শিশু-গ্রন্থ-কুটির
1459,শিশুতোষ প্রকাশন,https://www.wafilife.com/cat/books/publisher/shishutosh-prokashon
1460,শিশুরাজ্য প্রকাশন,https://www.wafilife.com/cat/books/publisher/শিশুরাজ্য-প্রকাশন
1461,শুদ্ধি,https://www.wafilife.com/cat/books/publisher/শুদ্ধি-publisher
1462,শোভা প্রকাশ,https://www.wafilife.com/cat/books/publisher/শোভা-প্রকাশ
1463,শ্রাবণ প্রকাশনী,https://www.wafilife.com/cat/books/publisher/shrabon-prokashani
1464,শ্রীহট্ট প্রকাশ,https://www.wafilife.com/cat/books/publisher/shrihotto-prokash
1465,সংকল্প প্রকাশন,https://www.wafilife.com/cat/books/publisher/সংকল্প-প্রকাশন
1466,সংবেদ,https://www.wafilife.com/cat/books/publisher/shongbed
1467,সংহতি প্রকাশন,https://www.wafilife.com/cat/books/publisher/samhati-prokashon
1468,সওগাত প্রকাশন,https://www.wafilife.com/cat/books/publisher/sowgat-prokashon
1469,সকাল টিভি,https://www.wafilife.com/cat/books/publisher/sokal-tv
1470,সঞ্চারী প্রকাশনী,https://www.wafilife.com/cat/books/publisher/সঞ্চারী-প্রকাশনী
1471,সঞ্চালন প্রকাশনী,https://www.wafilife.com/cat/books/publisher/sanchalan-prokashoni
1472,সঞ্জীবন প্রকাশন,https://www.wafilife.com/cat/books/publisher/sonjibon-prokashon
1473,সতীর্থ প্রকাশনা,https://www.wafilife.com/cat/books/publisher/sotirtho-prokashona
1474,সত্যকথা প্রকাশ,https://www.wafilife.com/cat/books/publisher/sattokotha-prokash
1475,সত্যমনা প্রকাশনী,https://www.wafilife.com/cat/books/publisher/sottomona-prokashon
1476,সত্যালোক প্রকাশন,https://www.wafilife.com/cat/books/publisher/sottalok-prokashon
1477,সত্যায়ন প্রকাশন,https://www.wafilife.com/cat/books/publisher/sottayon-prokashon
1478,সত্যের আলো প্রকাশন,https://www.wafilife.com/cat/books/publisher/shotter-alo-prokashon
1479,সত্যের আলো প্রকাশনী,https://www.wafilife.com/cat/books/publisher/sotter-alo-prokashoni
1480,সন্দীপন প্রকাশন,https://www.wafilife.com/cat/books/publisher/সন্দীপন-প্রকাশন
1481,সন্দেশ,https://www.wafilife.com/cat/books/publisher/sandesh
1482,সন্ধান পাবলিকেশন্স,https://www.wafilife.com/cat/books/publisher/shondan-publications
1483,সপ্তশীষ প্রকাশন,https://www.wafilife.com/cat/books/publisher/shoptoshis-prokashon
1484,সফা প্রকাশনী,https://www.wafilife.com/cat/books/publisher/সফা-প্রকাশনী
1485,সবুজ উদ্যোগ প্রকাশনী,https://www.wafilife.com/cat/books/publisher/সবুজ-উদ্যোগ-প্রকাশনী
1486,সবুজপত্র পাবলিকেশন্স,https://www.wafilife.com/cat/books/publisher/সবুজপত্র-পাবলিকেশন্স
1487,সমকাল প্রকাশন,https://www.wafilife.com/cat/books/publisher/samakal-prokashon
1488,সমকালীন প্রকাশন,https://www.wafilife.com/cat/books/publisher/somokalin-prokashon
1489,সমগ্র প্রকাশন,https://www.wafilife.com/cat/books/publisher/somogro-prokashon
1490,সমতট,https://www.wafilife.com/cat/books/publisher/সমতট
1491,সমন্বয় প্রকাশনী,https://www.wafilife.com/cat/books/publisher/samannoy-prokashoni
1492,সমর্পণ প্রকাশন,https://www.wafilife.com/cat/books/publisher/somorpon-prokashon
1493,সমাচার,https://www.wafilife.com/cat/books/publisher/সমাচার
1494,সমারোহ প্রকাশন,https://www.wafilife.com/cat/books/publisher/সমারোহ-প্রকাশন
1495,সমাহার বইকেন্দ্র,https://www.wafilife.com/cat/books/publisher/shamahar-boikendro
1496,সম্প্রীতি প্রকাশ,https://www.wafilife.com/cat/books/publisher/sompriti-prokash
1497,সময় প্রকাশন,https://www.wafilife.com/cat/books/publisher/somoy-prokashon
1498,সরলপথ পাবলিকেশন,https://www.wafilife.com/cat/books/publisher/sorolpoth-publication
1499,সরলরেখা প্রকাশন,https://www.wafilife.com/cat/books/publisher/সরলরেখা-প্রকাশন
1500,সরোবর,https://www.wafilife.com/cat/books/publisher/shorobor
1501,সরোবর,https://www.wafilife.com/cat/books/publisher/sorobor
1502,সহজ পাবলিকেশন,https://www.wafilife.com/cat/books/publisher/sohoj-publication
1503,সহজ প্রকাশ,https://www.wafilife.com/cat/books/publisher/sohoj-prokash
1504,সহীহ ইন্টারন্যাশনাল,https://www.wafilife.com/cat/books/publisher/saheeh-intl
1505,সাইকা পাবলিকেশন্স,https://www.wafilife.com/cat/books/publisher/saika-publications
1506,সাইন্সভার্স পাবলিকেশন,https://www.wafilife.com/cat/books/publisher/scienceverse-publication
1507,সাইফুরস,https://www.wafilife.com/cat/books/publisher/saifurs
1508,সাজিদ বুকশপ,https://www.wafilife.com/cat/books/publisher/sajid-bookshop
1509,সাতভাই চম্পা প্রকাশনী,https://www.wafilife.com/cat/books/publisher/satvai-chompa-prokashoni
1510,সাথী প্রকাশন,https://www.wafilife.com/cat/books/publisher/sathi-publication
1511,সাফওয়ান প্রকাশনী,https://www.wafilife.com/cat/books/publisher/safwan-prokashoni
1512,সাফল্য প্রকাশনী,https://www.wafilife.com/cat/books/publisher/saphollo-prokashoni
1513,সাবাহ পাবলিকেশন,https://www.wafilife.com/cat/books/publisher/sabah-publication
1514,সাবিল পাবলিকেশন,https://www.wafilife.com/cat/books/publisher/sabil-publication
1515,সাবিহা প্রিন্টার্স এন্ড এক্সেসরিজ,https://www.wafilife.com/cat/books/publisher/sabiha-printers-and-accessories
1516,সামারাহ প্রকাশন,https://www.wafilife.com/cat/books/publisher/samarah-prokashon
1517,সায়েন্স এন্ড ইঞ্জিনিয়ারিং টিউটর,https://www.wafilife.com/cat/books/publisher/self-publication
1518,সায়েন্স ভিউ পাবলিকেশন্স,https://www.wafilife.com/cat/books/publisher/science-view-publications
1519,সারস প্রকাশন,https://www.wafilife.com/cat/books/publisher/saras-publications
1520,সার্কেল অব কুরআন,https://www.wafilife.com/cat/books/publisher/circle-of-quran
1521,সালমা বুক ডিপো,https://www.wafilife.com/cat/books/publisher/সালমা-বুক-ডিপো
1522,সালমান প্রকাশনী,https://www.wafilife.com/cat/books/publisher/salman-prokashoni
1523,সালাউদ্দিন বইঘর,https://www.wafilife.com/cat/books/publisher/সালাউদ্দিন-বইঘর
1524,সালাফি দাওয়াহ প্রকাশনী,https://www.wafilife.com/cat/books/publisher/salafi-dawah-prokashoni
1525,সাস পাবলিকেশন,https://www.wafilife.com/cat/books/publisher/sas-publication
1526,সাহস পাবলিকেশন্স,https://www.wafilife.com/cat/books/publisher/sasos-publication
1527,সাহিত্য ও গবেষণা কেন্দ্র,https://www.wafilife.com/cat/books/publisher/সাহিত্য-ও-গবেষণা-কেন্দ্র
1528,সাহিত্য কুটির,https://www.wafilife.com/cat/books/publisher/sahitto-kutir
1529,সাহিত্য চর্চা,https://www.wafilife.com/cat/books/publisher/sahithy-charcha
1530,সাহিত্য প্রকাশ,https://www.wafilife.com/cat/books/publisher/সাহিত্য-প্রকাশ
1531,সাহিত্য প্রকাশনী,https://www.wafilife.com/cat/books/publisher/sahityo-prokashoni
1532,সাহিত্যদেশ,https://www.wafilife.com/cat/books/publisher/sahityodesh
1533,সিজদাহ পাবলিকেশন,https://www.wafilife.com/cat/books/publisher/sijdah-publication
1534,সিতারা পাবলিকেশন,https://www.wafilife.com/cat/books/publisher/sitara-publication-publisher
1535,সিতারা প্রকাশ,https://www.wafilife.com/cat/books/publisher/sitara-publication
1536,সিদ্দিকীয়া পাবলিকেশন্স,https://www.wafilife.com/cat/books/publisher/siddikia-publications
1537,সিদ্দীকিয়া প্রকাশনী,https://www.wafilife.com/cat/books/publisher/siddiqia-prokashoni
1538,সিনক্রোনাস বই পাবলিকেশন,https://www.wafilife.com/cat/books/publisher/synchronusboi-publication
1539,সিবাওয়াই ইনস্টিটিউট,https://www.wafilife.com/cat/books/publisher/sibawayh-institute
1540,সিম্পোজিয়াম পাবলিকেশন্স,https://www.wafilife.com/cat/books/publisher/symposium-publications
1541,সিরাজাম মুনীরা প্রকাশন,https://www.wafilife.com/cat/books/publisher/sirajam-munira-prokashon
1542,সিলসিলাহ প্রকাশন,https://www.wafilife.com/cat/books/publisher/silsilah-prokashon
1543,সিসটেক পাবলিকেশন্স,https://www.wafilife.com/cat/books/publisher/সিসটেক-পাবলিকেশন্স
1544,সিসটেক পাবলিকেশন্স লিমিটেড,https://www.wafilife.com/cat/books/publisher/systech-publications-limited
1545,সিয়ান পাবলিকেশন,https://www.wafilife.com/cat/books/publisher/sean-publication
1546,সিয়ানাহ ট্রাস্ট,https://www.wafilife.com/cat/books/publisher/seanah_trust
1547,সিয়ানাহ ট্রাস্ট,https://www.wafilife.com/cat/books/publisher/seanah-trust
1548,সীরাত একাডেমি,https://www.wafilife.com/cat/books/publisher/seerat-academy
1549,সীরাত পাবলিকেশন,https://www.wafilife.com/cat/books/publisher/সীরাত-পাবলিকেশন
1550,সীরাহ প্রকাশ,https://www.wafilife.com/cat/books/publisher/sirah-prokash
1551,সুকুন কিডস,https://www.wafilife.com/cat/books/publisher/sukun-kids
1552,সুকুন পাবলিশিং,https://www.wafilife.com/cat/books/publisher/sukun-publishing
1553,সুকূন পাবলিকেশন,https://www.wafilife.com/cat/books/publisher/sukoon-publication
1554,সুচয়নী পাবলিশার্স,https://www.wafilife.com/cat/books/publisher/suchayani-publishers
1555,সুজুদ পাবলিশিং,https://www.wafilife.com/cat/books/publisher/sujud-publishing
1556,সুবর্ণ,https://www.wafilife.com/cat/books/publisher/suborno
1557,সুবহে সাদিক প্রকাশনী,https://www.wafilife.com/cat/books/publisher/সুবহে-সাদিক-প্রকাশনী
1558,সুবুত,https://www.wafilife.com/cat/books/publisher/সুবুত
1559,সুলতান আহমেদ সাগর,https://www.wafilife.com/cat/books/publisher/sultan-ahmed-sagor
1560,সুলতানস,https://www.wafilife.com/cat/books/publisher/sultans
1561,সুসুকস পাবলিকেশনস,https://www.wafilife.com/cat/books/publisher/susuks-publications
1562,সুহেল পাবলিকেশন্স,https://www.wafilife.com/cat/books/publisher/suhel-publications
1563,সূচীপত্র,https://www.wafilife.com/cat/books/publisher/suchipotro
1564,সূরা,https://www.wafilife.com/cat/books/publisher/sura
1565,সূর্যোদয় প্রকাশন,https://www.wafilife.com/cat/books/publisher/shurjodoy-prokashon
1566,সৃজনী,https://www.wafilife.com/cat/books/publisher/srijony
1567,সেঞ্চুরি প্রকাশনী,https://www.wafilife.com/cat/books/publisher/century-publishing
1568,সেন্টার ফর এডুকেশন রিসার্চ এন্ড ট্রেনিং (সিইআরটি),https://www.wafilife.com/cat/books/publisher/center-for-information-education-and-research-cier
1569,সেন্টার ফর বেঙ্গল স্টাডিজ (সিবিএস),https://www.wafilife.com/cat/books/publisher/centre-for-bengal-studies
1570,সেন্টার ফর রিসার্চ এন্ড পাবলিকেশন - আইআইইউসি,https://www.wafilife.com/cat/books/publisher/center-for-research-and-publication-iiuc
1571,সেবা প্রকাশনী,https://www.wafilife.com/cat/books/publisher/সেবা-প্রকাশনী
1572,সেরা পাবলিকেশন,https://www.wafilife.com/cat/books/publisher/sera-publication
1573,সেলফ-সাজেশন পাবলিকেশন,https://www.wafilife.com/cat/books/publisher/self-suggestion-publication
1574,সোজলার পাবলিকেশন লিঃ,https://www.wafilife.com/cat/books/publisher/সোজলার-পাবলিকেশন-লিঃ
1575,সোনালী সোপান প্রকাশনী,https://www.wafilife.com/cat/books/publisher/সোনালী-সোপান-প্রকাশনী
1576,সোলেমানিয়া বুক হাউস,https://www.wafilife.com/cat/books/publisher/solemaniya-book-house
1577,সৌরভ বর্ণালী প্রকাশনী,https://www.wafilife.com/cat/books/publisher/সৌরভ-বর্ণালী-প্রকাশনী
1578,স্কলারস পাবলিকেশন,https://www.wafilife.com/cat/books/publisher/scholars-publication
1579,স্কিল অন অ্যাডভান্সড ম্যানেজমেন্ট স্টাডিস (সামস),https://www.wafilife.com/cat/books/publisher/স্কিল-অন-অ্যাডভান্সড-ম্য
1580,স্টুডেন্ট ওয়েজ,https://www.wafilife.com/cat/books/publisher/student-ways
1581,স্ট্যাক আই টি পাবলিকেশন,https://www.wafilife.com/cat/books/publisher/stack-it-publication
1582,স্পন্দন,https://www.wafilife.com/cat/books/publisher/spondon
1583,স্প্রাই পাবলিকেশন,https://www.wafilife.com/cat/books/publisher/spry-publications
1584,স্ব উদ্যোগে প্রকাশিত,https://www.wafilife.com/cat/books/publisher/so-uddog-prkasit
1585,স্বদেশ পাবলিকেশন্স,https://www.wafilife.com/cat/books/publisher/swadesh-publications
1586,স্বদেশ শৈলী,https://www.wafilife.com/cat/books/publisher/shodesh-shoili
1587,স্বপ্ন প্রকাশ,https://www.wafilife.com/cat/books/publisher/shopno-prokash
1588,স্বপ্ন ৭১ প্রকাশন,https://www.wafilife.com/cat/books/publisher/swapno71-prakashan
1589,স্বপ্নসিঁড়ি প্রকাশন,https://www.wafilife.com/cat/books/publisher/shopno-siri-prokashon
1590,স্বরবর্ণ প্রকাশন,https://www.wafilife.com/cat/books/publisher/shorborno
1591,স্বরবর্ণ প্রকাশনী,https://www.wafilife.com/cat/books/publisher/shorborno-publication
1592,স্বরবিন্দু প্রকাশন,https://www.wafilife.com/cat/books/publisher/shorbindhu-prokashon
1593,স্বরবৃত্ত প্রকাশন,https://www.wafilife.com/cat/books/publisher/sarobritto-prokashon
1594,স্বরলিপি প্রকাশন,https://www.wafilife.com/cat/books/publisher/shorolipi-prokashon
1595,স্বরে অ,https://www.wafilife.com/cat/books/publisher/স্বরে-অ
1596,স্বাধীন বাংলা,https://www.wafilife.com/cat/books/publisher/shadhin-bangla
1597,স্মার্ট ভিশন পাবলিকেশন্স,https://www.wafilife.com/cat/books/publisher/smart-vision-publications
1598,স্যার ওয়ান পাবলিকেশন (র‍্যাডিকেল),https://www.wafilife.com/cat/books/publisher/sir-one-publication-radical
1599,হক একাডেমি,https://www.wafilife.com/cat/books/publisher/hoque-academy
1600,হকপ্রকাশ,https://www.wafilife.com/cat/books/publisher/haque-prokash
1601,হঠাৎ আয়োজন প্রকাশনী,https://www.wafilife.com/cat/books/publisher/hotat-aiojon-prokasoni
1602,হলি সার্ভে এন্ড টেকনিক্যাল ইনস্টিটিউট বাংলাদেশ,https://www.wafilife.com/cat/books/publisher/holy-survey-and-technical-institute-bangladesh
1603,হসন্ত প্রকাশন,https://www.wafilife.com/cat/books/publisher/hosonto-prokashon
1604,হাউস অফ হারমনি,https://www.wafilife.com/cat/books/publisher/house-of-harmony
1605,হাওলাদার প্রকাশনী,https://www.wafilife.com/cat/books/publisher/howlader-prokashani
1606,হাকীম মোঃ রুহুল আমিন (মিলন),https://www.wafilife.com/cat/books/publisher/hakim-md-ruhul-amin-milon
1607,হাকীমুল উম্মত প্রকাশনী,https://www.wafilife.com/cat/books/publisher/হাকীমুল-উম্মত-প্রকাশনী
1608,হাক্কানী পাবলিশার্স,https://www.wafilife.com/cat/books/publisher/hakkany-publishers
1609,হাটবাজার ৩৬৫.কম,https://www.wafilife.com/cat/books/publisher/hatbazar365
1610,হাতেখড়ি,https://www.wafilife.com/cat/books/publisher/হাতেখড়ি
1611,হাদীছ ফাউণ্ডেশন বাংলাদেশ,https://www.wafilife.com/cat/books/publisher/hadish-foundation-bangladesh
1612,হাদীস একাডেমী,https://www.wafilife.com/cat/books/publisher/হাদীস-একাডেমী
1613,হাদীস পাবলিকেশন (তাওহীদ পাবলিকেশন পরিবেশিত),https://www.wafilife.com/cat/books/publisher/হাদীস-পাবলিকেশন-তাওহীদ-প
1614,হাদীস রিসার্চ ফাউন্ডেশন,https://www.wafilife.com/cat/books/publisher/hadith-research-foundation
1615,হাদীস সোসাইটি পাবলিকেশন্স,https://www.wafilife.com/cat/books/publisher/hadith-society-publications
1616,হামদান প্রকাশন,https://www.wafilife.com/cat/books/publisher/hamdan-prokashon
1617,হামামাহ পাবলিকেশন,https://www.wafilife.com/cat/books/publisher/hamamah-publication
1618,হামিদিয়া লাইব্রেরী লিঃ,https://www.wafilife.com/cat/books/publisher/hamidia-library
1619,হাম্মাদ প্রকাশন,https://www.wafilife.com/cat/books/publisher/hammad-prokashon
1620,হালচাল,https://www.wafilife.com/cat/books/publisher/halchal
1621,হালদা পাবলিকেশন্স,https://www.wafilife.com/cat/books/publisher/halda-publications
1622,হালাকাতু তাহফিযিল কুরআনিল কারীম,https://www.wafilife.com/cat/books/publisher/halakatu-tahfijil-quranil-karim
1623,হাসান বুক হাউজ,https://www.wafilife.com/cat/books/publisher/hassan-book-house
1624,হাসানাহ পাবলিকেশন,https://www.wafilife.com/cat/books/publisher/hasanah-publication
1625,হাসেমী পাবলিকেশন,https://www.wafilife.com/cat/books/publisher/হাসেমী-পাবলিকেশন
1626,হিকমাহ একাডেমি,https://www.wafilife.com/cat/books/publisher/hikmah-academy
1627,হিকমাহ পাবলিকেশন,https://www.wafilife.com/cat/books/publisher/hikmah-publication
1628,হিজাজ প্রকাশনী,https://www.wafilife.com/cat/books/publisher/হিজাজ-প্রকাশনী
1629,হিদায়াহ পাবলিকেশন,https://www.wafilife.com/cat/books/publisher/hidayah-publications
1630,হিমালয় প্রকাশনী,https://www.wafilife.com/cat/books/publisher/himaloy-prokasoni
1631,হিমেল পাবলিকেশন,https://www.wafilife.com/cat/books/publisher/himel-publication
1632,হিস্টোরিয়ান পাবলিকেশন্স,https://www.wafilife.com/cat/books/publisher/historian-publication
1633,হিয়া প্রকাশনা,https://www.wafilife.com/cat/books/publisher/hia-prokashona
1634,হুদহুদ প্রকাশন,https://www.wafilife.com/cat/books/publisher/হুদহুদ-প্রকাশন
1635,হুফফাজুল কুরআন ফাউন্ডেশন বাংলাদেশ,https://www.wafilife.com/cat/books/publisher/huffazul-quran-foundation-bangladesh
1636,হুমায়রা প্রকাশ,https://www.wafilife.com/cat/books/publisher/humaira-prakash
1637,হুসাইন আল-মাদানী প্রকাশনী,https://www.wafilife.com/cat/books/publisher/হুসাইন-আল-মাদানী-প্রকাশন
1638,হেক্সাস এডুকেশন,https://www.wafilife.com/cat/books/publisher/hexas-education
1639,হেরার জ্যোতি প্রকাশন,https://www.wafilife.com/cat/books/publisher/হেরার-জ্যোতি-প্রকাশন
1640,হোসাইনিয়া লাইব্রেরী,https://www.wafilife.com/cat/books/publisher/hoshainiya-library
1641,হোসেন পাবলিকেশন্স,https://www.wafilife.com/cat/books/publisher/hossain-publications
1642,হ্যাপি টেইলার্স,https://www.wafilife.com/cat/books/publisher/হ্যাপি-টেইলার্স
1643,হ্যালো ওয়ার্ল্ড প্রকাশনী,https://www.wafilife.com/cat/books/publisher/hello-world-prokashoni
1644,২৪ প্রকাশনী,https://www.wafilife.com/cat/books/publisher/24-prokashoni
1645,৩৬শে জুলাই থিঙ্কট্যাঙ্ক গ্রুপ,https://www.wafilife.com/cat/books/publisher/36-july-thinktank-group
