publisher_id,Publisher_Name,Profile_Link
2,Rahman,https://www.wafilife.com/cat/books/publisher/rahman
3,ABC Toys,https://www.wafilife.com/cat/books/publisher/abc-toys
4,Absar,https://www.wafilife.com/cat/books/publisher/absar
5,Acron,https://www.wafilife.com/cat/books/publisher/acron
6,Afdal,https://www.wafilife.com/cat/books/publisher/afdal
7,Akhorbirtto,https://www.wafilife.com/cat/books/publisher/akhorbirtto
8,Amazfit,https://www.wafilife.com/cat/books/publisher/amazfit
9,An Nazat,https://www.wafilife.com/cat/books/publisher/an-nazat
10,Anasup Publication,https://www.wafilife.com/cat/books/publisher/annasup-publication
11,Anker,https://www.wafilife.com/cat/books/publisher/anker
12,Anwer,https://www.wafilife.com/cat/books/publisher/anwer
13,Apple,https://www.wafilife.com/cat/books/publisher/apple
14,Asol Food,https://www.wafilife.com/cat/books/publisher/asol-food
15,BCS Plus Publications,https://www.wafilife.com/cat/books/publisher/bcs-plus-publications
16,BEARDBROS,https://www.wafilife.com/cat/books/publisher/beardbros
17,BMW,https://www.wafilife.com/cat/books/publisher/bmw
18,Baseus,https://www.wafilife.com/cat/books/publisher/baseus
19,Believer’s Sign,https://www.wafilife.com/cat/books/publisher/believers-sign
20,Best Time,https://www.wafilife.com/cat/books/publisher/best-time
21,Binirman Academy,https://www.wafilife.com/cat/books/publisher/binirman-academy
22,Bonobhumi,https://www.wafilife.com/cat/books/publisher/bonobhumi
23,Boya,https://www.wafilife.com/cat/books/publisher/boya
24,Career Publications,https://www.wafilife.com/cat/books/publisher/career-publication
25,Clear Concept Publication,https://www.wafilife.com/cat/books/publisher/clear-concept-publication
26,Deen Land,https://www.wafilife.com/cat/books/publisher/deen-land
27,Deli,https://www.wafilife.com/cat/books/publisher/deli
28,Destination Publications,https://www.wafilife.com/cat/books/publisher/destination-publications
29,Doms,https://www.wafilife.com/cat/books/publisher/doms
30,Duckey,https://www.wafilife.com/cat/books/publisher/duckey
31,DyuBOOKISH,https://www.wafilife.com/cat/books/publisher/dyubookish
32,Ekota Stationary,https://www.wafilife.com/cat/books/publisher/ekota-stationary
33,El Publication,https://www.wafilife.com/cat/books/publisher/el-publication
34,Endeavor Publications,https://www.wafilife.com/cat/books/publisher/endeavor-publications
35,FONENG,https://www.wafilife.com/cat/books/publisher/foneng
36,Falaq Food,https://www.wafilife.com/cat/books/publisher/falaq-food
37,Fevicol,https://www.wafilife.com/cat/books/publisher/fevicol
38,Fevicryl,https://www.wafilife.com/cat/books/publisher/fevicryl
39,Foldscope : Paper Microscope,https://www.wafilife.com/cat/books/publisher/foldscope-paper-microscope
40,G-Tide,https://www.wafilife.com/cat/books/publisher/g-tide
41,GDS & Air Ticketing Training Academy,https://www.wafilife.com/cat/books/publisher/gds-air-ticketing-training-academy
42,GXIN,https://www.wafilife.com/cat/books/publisher/gxin
43,Geeoo,https://www.wafilife.com/cat/books/publisher/geeoo
44,Gen-Z Publishers,https://www.wafilife.com/cat/books/publisher/Gen-Z Publishers
45,Ghorer Bazar,https://www.wafilife.com/cat/books/publisher/ghorer-bazar
46,Good luck,https://www.wafilife.com/cat/books/publisher/good-luck
47,Grihostho,https://www.wafilife.com/cat/books/publisher/grihostho
48,HTC,https://www.wafilife.com/cat/books/publisher/htc
49,Hair Food,https://www.wafilife.com/cat/books/publisher/hair-food
50,Hajj Mart,https://www.wafilife.com/cat/books/publisher/hajj-mart
51,Halda Valley,https://www.wafilife.com/cat/books/publisher/halda-valley
52,Hamnah,https://www.wafilife.com/cat/books/publisher/hamnah
53,Havit,https://www.wafilife.com/cat/books/publisher/havit
54,Haylou,https://www.wafilife.com/cat/books/publisher/haylou
55,Hoco,https://www.wafilife.com/cat/books/publisher/hoco
56,HoneyGo,https://www.wafilife.com/cat/books/publisher/honeygo
57,IMIKI,https://www.wafilife.com/cat/books/publisher/imiki
58,Ibadat,https://www.wafilife.com/cat/books/publisher/ibadat
59,Ibra Business Research and Advisory ltd.,https://www.wafilife.com/cat/books/publisher/ibra-business-research-and-advisory-ltd
60,Iconic Sourcing,https://www.wafilife.com/cat/books/publisher/iconic-sourcing-brands
61,Imilab,https://www.wafilife.com/cat/books/publisher/imilab
62,Index-সূচিপত্র,https://www.wafilife.com/cat/books/publisher/index-shucipatra
63,Innovate Electro Corporation,https://www.wafilife.com/cat/books/publisher/innovate-electro-corporation
64,Innovation Kit - ইনোভেশন কিট,https://www.wafilife.com/cat/books/publisher/innovation-kit
65,Insaf Shop,https://www.wafilife.com/cat/books/publisher/insaf-shop
66,JBL,https://www.wafilife.com/cat/books/publisher/jbl
67,JY Super,https://www.wafilife.com/cat/books/publisher/jy-super
68,Join English,https://www.wafilife.com/cat/books/publisher/join-english
69,Joyroom,https://www.wafilife.com/cat/books/publisher/joyroom
70,Kaloc,https://www.wafilife.com/cat/books/publisher/kaloc
71,Karkuma,https://www.wafilife.com/cat/books/publisher/karkuma
72,Keep Smiling,https://www.wafilife.com/cat/books/publisher/keep-smiling
73,Kemei,https://www.wafilife.com/cat/books/publisher/kemei
74,Khaas Food,https://www.wafilife.com/cat/books/publisher/khaas-food
75,Kieslect,https://www.wafilife.com/cat/books/publisher/kieslect
76,Kingshan,https://www.wafilife.com/cat/books/publisher/kingshan
77,Kirtas,https://www.wafilife.com/cat/books/publisher/kirtas
78,Kospet,https://www.wafilife.com/cat/books/publisher/kospet
79,LDNIO,https://www.wafilife.com/cat/books/publisher/ldnio
80,Legend Kids,https://www.wafilife.com/cat/books/publisher/legend-kids
81,Lenovo,https://www.wafilife.com/cat/books/publisher/lenovo
82,MabiY Shop,https://www.wafilife.com/cat/books/publisher/mabiy-shop
83,Mastoorah,https://www.wafilife.com/cat/books/publisher/mastoorah
84,Memoir & Morrow (M&M),https://www.wafilife.com/cat/books/publisher/memoir-morrow-mm
85,Mibro,https://www.wafilife.com/cat/books/publisher/mibro
86,Mindspark,https://www.wafilife.com/cat/books/publisher/mindspark
87,Montex,https://www.wafilife.com/cat/books/publisher/montex
88,Muslim Day Planner,https://www.wafilife.com/cat/books/publisher/muslim-day-planner
89,Nabab,https://www.wafilife.com/cat/books/publisher/nabab
90,Natraz,https://www.wafilife.com/cat/books/publisher/natraz
91,Natu Get,https://www.wafilife.com/cat/books/publisher/natu-get
92,Naviforce,https://www.wafilife.com/cat/books/publisher/naviforce
93,Nirodhi,https://www.wafilife.com/cat/books/publisher/nirodhi
94,Noise,https://www.wafilife.com/cat/books/publisher/noise
95,Non Brand,https://www.wafilife.com/cat/books/publisher/non-brand
96,Novara Ventures,https://www.wafilife.com/cat/books/publisher/novara-ventures
97,Old Street,https://www.wafilife.com/cat/books/publisher/old-street
98,Olevs,https://www.wafilife.com/cat/books/publisher/olevs
99,One Ummah BD,https://www.wafilife.com/cat/books/publisher/one-ummah-bd
100,Oneplus,https://www.wafilife.com/cat/books/publisher/oneplus
101,Orientica,https://www.wafilife.com/cat/books/publisher/orientica
102,PARTHIB BOOKS,https://www.wafilife.com/cat/books/publisher/parthib-books
103,Perfumance BD,https://www.wafilife.com/cat/books/publisher/perfumance-bd
104,Petra,https://www.wafilife.com/cat/books/publisher/petra
105,Phoenix Education,https://www.wafilife.com/cat/books/publisher/phoenix-education
106,QCY,https://www.wafilife.com/cat/books/publisher/qcy
107,RealMe,https://www.wafilife.com/cat/books/publisher/realme
108,Remax,https://www.wafilife.com/cat/books/publisher/remax
109,Rongdhonu,https://www.wafilife.com/cat/books/publisher/rongdhonu
110,Rutbah,https://www.wafilife.com/cat/books/publisher/rutbah
111,SKMEI,https://www.wafilife.com/cat/books/publisher/skmei
112,Sabuj Udyog,https://www.wafilife.com/cat/books/publisher/sabuj-udyog
113,Samsung,https://www.wafilife.com/cat/books/publisher/samsung
114,Sankar,https://www.wafilife.com/cat/books/publisher/sankar
115,Seasonfresh,https://www.wafilife.com/cat/books/publisher/seasonfresh
116,Sevendays Notes,https://www.wafilife.com/cat/books/publisher/sevendays-notes
117,Soldiersbd,https://www.wafilife.com/cat/books/publisher/soldiersbd
118,Sreezon,https://www.wafilife.com/cat/books/publisher/sreezon
119,Syed Hammadul Karim,https://www.wafilife.com/cat/books/publisher/syed-hammadul-karim
120,Synapse Sprout Press,https://www.wafilife.com/cat/books/publisher/synapse-sprout-press
121,Talent Stationary,https://www.wafilife.com/cat/books/publisher/talent-stationary
122,TicWatch,https://www.wafilife.com/cat/books/publisher/ticwatch
123,Tiny Online Shop,https://www.wafilife.com/cat/books/publisher/tiny-online-shop
124,Toaseen,https://www.wafilife.com/cat/books/publisher/toaseen
125,TownStore,https://www.wafilife.com/cat/books/publisher/townstore
126,UGO,https://www.wafilife.com/cat/books/publisher/ugo
127,Unlocking Publication,https://www.wafilife.com/cat/books/publisher/unlocking-publication
128,VesojE Agro,https://www.wafilife.com/cat/books/publisher/vesoje
129,Vintage,https://www.wafilife.com/cat/books/publisher/vintage
130,Weidasi,https://www.wafilife.com/cat/books/publisher/weidasi
131,WiWU,https://www.wafilife.com/cat/books/publisher/wiwu
132,Witzman,https://www.wafilife.com/cat/books/publisher/witzman
133,Words and Pages,https://www.wafilife.com/cat/books/publisher/words-and-pages
134,Writer Publication,https://www.wafilife.com/cat/books/publisher/writer-publication
135,XINJI,https://www.wafilife.com/cat/books/publisher/xinji
136,Xiaomi,https://www.wafilife.com/cat/books/publisher/xiaomi
137,Xtra,https://www.wafilife.com/cat/books/publisher/xtra
138,YES,https://www.wafilife.com/cat/books/publisher/yes
139,Zubair Edu Aid,https://www.wafilife.com/cat/books/publisher/zubair-edu-aid
140,Zulfiqar BD,https://www.wafilife.com/cat/books/publisher/zulfiqar-bd
141,eMadrasaah,https://www.wafilife.com/cat/books/publisher/emadrasaah
142,purnota fashion house,https://www.wafilife.com/cat/books/publisher/purnota-fashion-house
143,অক্ষর বুনন,https://www.wafilife.com/cat/books/publisher/aksar-bunan
144,অক্ষরপত্র প্রকাশনী,https://www.wafilife.com/cat/books/publisher/akkharpatra-prokashoni
145,অক্ষরবৃত্ত,https://www.wafilife.com/cat/books/publisher/অক্ষরবৃত্ত
146,অক্সক্যাম পাবলিকেশন,https://www.wafilife.com/cat/books/publisher/oxcam-publication
147,অগ্নি পাবলিকেশনস,https://www.wafilife.com/cat/books/publisher/agni-publications
148,অগ্নিশিখা,https://www.wafilife.com/cat/books/publisher/ognishikha
149,অঙ্কুর প্রকাশনী,https://www.wafilife.com/cat/books/publisher/ankur-prakashani
150,অথেন্টিক পাবলিকেশন্স,https://www.wafilife.com/cat/books/publisher/authentic-publications
151,অদম্য প্রকাশ,https://www.wafilife.com/cat/books/publisher/odommo-prokash
152,অধ্যায় প্রকাশনী,https://www.wafilife.com/cat/books/publisher/oddhay-prokashoni
153,অধ্যয়ন,https://www.wafilife.com/cat/books/publisher/অধ্যয়ন
154,অনন্য প্রকাশন,https://www.wafilife.com/cat/books/publisher/ananya-publication
155,অনন্যা,https://www.wafilife.com/cat/books/publisher/anannya
156,অনার্য পাবলিকেশন্স,https://www.wafilife.com/cat/books/publisher/anarjo-publication
157,অনিন্দ্য প্রকাশ,https://www.wafilife.com/cat/books/publisher/anindya-prokash
158,অনির্বাণ পাবলিকেশন,https://www.wafilife.com/cat/books/publisher/anirban-publication
159,অনির্বাণ প্রকাশনী,https://www.wafilife.com/cat/books/publisher/অনির্বাণ-প্রকাশনী
160,অনুজ প্রকাশন,https://www.wafilife.com/cat/books/publisher/anuj-prokashon
161,অনুপম প্রকাশনী,https://www.wafilife.com/cat/books/publisher/অনুপম-প্রকাশনী
162,অনুপ্রাণন প্রকাশন,https://www.wafilife.com/cat/books/publisher/onupranon-prokashon
163,অনুভূতি প্রকাশনী,https://www.wafilife.com/cat/books/publisher/onuvhuti-prokasoni
164,অনুশীলন প্রকাশনী,https://www.wafilife.com/cat/books/publisher/onusilon-prokashoni
165,অন্ত্যমিল প্রকাশনী,https://www.wafilife.com/cat/books/publisher/ontymil prokashon
166,অন্বেষণ ক্যাডেট একাডেমী,https://www.wafilife.com/cat/books/publisher/onneson -cadet -academy
167,অন্বেষা প্রকাশন,https://www.wafilife.com/cat/books/publisher/onnesha-publication
168,অন্যধারা,https://www.wafilife.com/cat/books/publisher/anyadhara
169,অন্যপ্রকাশ,https://www.wafilife.com/cat/books/publisher/অন্যপ্রকাশ
170,অন্যরকম ইলেক্ট্রনিক্স কোং লিঃ,https://www.wafilife.com/cat/books/publisher/onnorokom-electronics-co-ltd
171,অপেরা পাবলিকেশন,https://www.wafilife.com/cat/books/publisher/অপেরা-পাবলিকেশন
172,অবসর প্রকাশনা সংস্থা,https://www.wafilife.com/cat/books/publisher/abosar-prokashana-sangstha
173,অভিযাত্রিক,https://www.wafilife.com/cat/books/publisher/ovijatrik
174,অভিযাত্রী পাবলিকেশন্স,https://www.wafilife.com/cat/books/publisher/ovizatri-publications
175,অর্ক প্রকাশনী,https://www.wafilife.com/cat/books/publisher/অর্ক-প্রকাশনী
176,অর্কিড পাবলিকেশন্স,https://www.wafilife.com/cat/books/publisher/অর্কিড-পাবলিকেশন্স
177,অর্ণবস ক্লাস রুম পাবলিকেশনস,https://www.wafilife.com/cat/books/publisher/ornobs-classroom-publications
178,অর্থনীতি প্রকাশনী,https://www.wafilife.com/cat/books/publisher/economics-publications
179,অর্থনীতি প্রকাশনী,https://www.wafilife.com/cat/books/publisher/orrthoniti-prokashon
180,অর্থনীতি প্রকাশনী (চট্টগ্রাম),https://www.wafilife.com/cat/books/publisher/orthoniti-prokashoni-chottogram
181,অর্পণ প্রকাশন,https://www.wafilife.com/cat/books/publisher/orpon-prokashon
182,অশ্রু প্রকাশন,https://www.wafilife.com/cat/books/publisher/oshru-prokashon
183,অ্যাডভান্সড পাবলিকেশন্স,https://www.wafilife.com/cat/books/publisher/advanced-publications
184,অ্যাডর্ন পাবলিকেশন,https://www.wafilife.com/cat/books/publisher/adorn-publication
185,অ্যাডর্ন বুক্‌স ফর চিলড্রেন (এবিসি),https://www.wafilife.com/cat/books/publisher/adorn-books-for-children-abc
186,অ্যাসিওরেন্স পাবলিকেশন্স,https://www.wafilife.com/cat/books/publisher/assurance-publications
187,অয়ন প্রকাশন,https://www.wafilife.com/cat/books/publisher/অয়ন-প্রকাশন
188,আই আই পি এইচ,https://www.wafilife.com/cat/books/publisher/iiph
189,আই.আর.এফ পাবলিকেশন্স,https://www.wafilife.com/cat/books/publisher/irf-publications
190,আইআরডি,https://www.wafilife.com/cat/books/publisher/ird
191,আইএফএ কনসালটেন্সি লি.,https://www.wafilife.com/cat/books/publisher/ifa-consultancy-ltd
192,আইওএম,https://www.wafilife.com/cat/books/publisher/iom
193,আইডিয়া প্রকাশন,https://www.wafilife.com/cat/books/publisher/idea-prokashon
194,আইডিয়াল বুকস,https://www.wafilife.com/cat/books/publisher/ideal-books
195,আইপিডিয়া পাবলিকেশন,https://www.wafilife.com/cat/books/publisher/ipaedia-publication
196,আইমান পাবলিকেশন,https://www.wafilife.com/cat/books/publisher/Aiman ​​Publication
197,আইরিশ পাবলিকেশন্স,https://www.wafilife.com/cat/books/publisher/iris-publications
198,আইসিএস পাবলিকেশন্স,https://www.wafilife.com/cat/books/publisher/ics-publication
199,আইসিক্‌ল পাবলিকেশন লিমিটেড,https://www.wafilife.com/cat/books/publisher/icicle-publication-ltd
200,আইসিটি পাবলিকেশন্স,https://www.wafilife.com/cat/books/publisher/আইসিটি-পাবলিকেশন্স
201,আওয়ার ক্যানভাস পাবলিকেশন,https://www.wafilife.com/cat/books/publisher/our-canvass-publication
202,আওয়ার পাবলিকেশন্স,https://www.wafilife.com/cat/books/publisher/hour-publications
203,আকাশ,https://www.wafilife.com/cat/books/publisher/akash
204,আকিক পাবলিকেশন্স,https://www.wafilife.com/cat/books/publisher/আকিক-পাবলিকেশন্স
205,আকিজ-মনোয়ারা প্রকাশনী,https://www.wafilife.com/cat/books/publisher/akij-monowara-prokashoni
206,আকীল পাবলিকেশন,https://www.wafilife.com/cat/books/publisher/akil-publication
207,আক্বসা কাগজ ঘর,https://www.wafilife.com/cat/books/publisher/aqsa-kagoj-ghor
208,আগামী প্রকাশনী,https://www.wafilife.com/cat/books/publisher/agami-prokashoni
209,আছ-ছিরাত প্রকাশনী,https://www.wafilife.com/cat/books/publisher/আছ-ছিরাত-প্রকাশনী
210,আজকাল প্রকাশনী,https://www.wafilife.com/cat/books/publisher/আজকাল-প্রকাশনী
211,আজব প্রকাশ,https://www.wafilife.com/cat/books/publisher/aajob-prokash
212,আজমাইন পাবলিকেশন,https://www.wafilife.com/cat/books/publisher/azmaine-publications
213,আজিজিয়া বুক ডিপো,https://www.wafilife.com/cat/books/publisher/আজিজিয়া-বুক-ডিপো
214,আজিন পাবলিকেশন,https://www.wafilife.com/cat/books/publisher/azeen-publication
215,আত তাওফীক প্রকাশন,https://www.wafilife.com/cat/books/publisher/at-tawfik-prokashon
216,আত তাওহীদ প্রকাশনী,https://www.wafilife.com/cat/books/publisher/at-tawhid-prokashoni
217,আতফাল,https://www.wafilife.com/cat/books/publisher/atfal
218,আতিফা পাবলিকেশন,https://www.wafilife.com/cat/books/publisher/atifa-publication
219,আদ দাঈ ফাউন্ডেশন,https://www.wafilife.com/cat/books/publisher/ad-daei-foundation
220,আদ-দোহা পাবলিকেশন্স,https://www.wafilife.com/cat/books/publisher/ad-doha-publication
221,আদ-দ্বীন প্রকাশন,https://www.wafilife.com/cat/books/publisher/ad-deen-prokashon
222,আদর্শ,https://www.wafilife.com/cat/books/publisher/আদর্শ
223,আদর্শ হিফজখানার প্রশিক্ষণ কেন্দ্র,https://www.wafilife.com/cat/books/publisher/adarsha-hifzkhanar-proshikkhon-kendra
224,আদর্শলিপি,https://www.wafilife.com/cat/books/publisher/adorsholipi-prokashon
225,আদিত্য অনীক প্রকাশনী,https://www.wafilife.com/cat/books/publisher/আদিত্য-অনীক-প্রকাশনী
226,আদিত্য প্রকাশ,https://www.wafilife.com/cat/books/publisher/adityo-prokash
227,আদিবা পাবলিকেশন্স,https://www.wafilife.com/cat/books/publisher/adiba-publications
228,আদিয়াত প্রকাশনী,https://www.wafilife.com/cat/books/publisher/আদিয়াত-প্রকাশনী
229,আদী প্রকাশন,https://www.wafilife.com/cat/books/publisher/আদী-প্রকাশন
230,আদ্ব দ্বোহা প্রকাশনী,https://www.wafilife.com/cat/books/publisher/addoha-prokashoni
231,আধুনিক প্রকাশনী,https://www.wafilife.com/cat/books/publisher/adhunik-publication
232,আধুনিক বই পাবলিকেশন,https://www.wafilife.com/cat/books/publisher/adhunik-boi-publication
233,আন নাজাহাহ একাডেমি-এএনএ,https://www.wafilife.com/cat/books/publisher/an-najahah-academy-ana
234,আন নাফে একাডেমি,https://www.wafilife.com/cat/books/publisher/an-nafe-academy
235,আন নাবা প্রকাশনী,https://www.wafilife.com/cat/books/publisher/an-naba-publication
236,আন নাশিরুল মুতমায়িন্না (সৌদি আরব),https://www.wafilife.com/cat/books/publisher/an-nashirul-mutmayinna-saudi-arabia
237,আন নাহদা,https://www.wafilife.com/cat/books/publisher/an-nahda
238,আন নুর ইনস্টিটিউট ফর আল আযহার এডুকেশন,https://www.wafilife.com/cat/books/publisher/an-nur-institute-for-al-azhar-education
239,আন-নাহদাহ ফাউন্ডেশন,https://www.wafilife.com/cat/books/publisher/an-nahda-faundation
240,আন-নূর পাবলিকেশন্স,https://www.wafilife.com/cat/books/publisher/an-noor-publications
241,আন-নূর লাইব্রেরী,https://www.wafilife.com/cat/books/publisher/an-nur-library
242,আন-নেওয়াজ পাবলিকেশন,https://www.wafilife.com/cat/books/publisher/an-neoyaj-publication
243,আনন্দ প্রকাশন,https://www.wafilife.com/cat/books/publisher/ananda-prokashon
244,আনুগত্য প্রকাশনী,https://www.wafilife.com/cat/books/publisher/anugotto-prokashoni
245,আনোয়ার লাইব্রেরী,https://www.wafilife.com/cat/books/publisher/আনোয়ার-লাইব্রেরী
246,আন্দালুস পাবলিকেশন,https://www.wafilife.com/cat/books/publisher/andalus-publication
247,আফতাবীয়া লাইব্রেরী,https://www.wafilife.com/cat/books/publisher/আফতাবীয়া-লাইব্রেরী
248,আফসার ব্রাদার্স,https://www.wafilife.com/cat/books/publisher/afser-brothers
249,আবরণ প্রকাশন,https://www.wafilife.com/cat/books/publisher/aboron-prokashon
250,আবাদিলা প্রকাশনী,https://www.wafilife.com/cat/books/publisher/abadila-prokashoni
251,আবাবিল প্রকাশন,https://www.wafilife.com/cat/books/publisher/ababil-prokashon
252,আবির প্রকাশনী,https://www.wafilife.com/cat/books/publisher/abir-prokashoni
253,আবিষ্কার পাবলিকেশন,https://www.wafilife.com/cat/books/publisher/আবিষ্কার-পাবলিকেশন
254,আবীর পাবলিকেশন্স,https://www.wafilife.com/cat/books/publisher/abir-publications
255,আবীর প্রকাশনী,https://www.wafilife.com/cat/books/publisher/abir-prokashoni-publisher
256,আবু লাইস,https://www.wafilife.com/cat/books/publisher/abu-layis
257,আবুল কাসিম পাবলিশিং হাউজ,https://www.wafilife.com/cat/books/publisher/abul-qasim-publishing-house
258,আভাস,https://www.wafilife.com/cat/books/publisher/aavas
259,আমন্ত্রণ প্রকাশন,https://www.wafilife.com/cat/books/publisher/আমন্ত্রণ-প্রকাশন
260,আমানত পাবলিকেশন,https://www.wafilife.com/cat/books/publisher/amanot-publication
261,আমানত প্রকাশন,https://www.wafilife.com/cat/books/publisher/amanat-prokashon
262,আমিনাহ,https://www.wafilife.com/cat/books/publisher/aminah
263,আমুদ প্রকাশনী,https://www.wafilife.com/cat/books/publisher/আমুদ-প্রকাশনী
264,আয-যিহান পাবলিকেশন,https://www.wafilife.com/cat/books/publisher/az-zihan-publication
265,আয়েশা ছিদ্দিকা (রা.) হাফেজিয়া মহিলা মাদ্রাসা নোয়াখালী,https://www.wafilife.com/cat/books/publisher/ayesha-siddiqa-r-a-hafezia-mohila-madrasa-noakhali
266,আযাদ প্রকাশন,https://www.wafilife.com/cat/books/publisher/azad-prokashon
267,আযান প্রকাশনী,https://www.wafilife.com/cat/books/publisher/azan-prokashoni
268,আর রাশাদ পাবলিকেশন্স,https://www.wafilife.com/cat/books/publisher/ar-rashad-publication
269,আর রিসালাতুল আলামিয়া (মিশর),https://www.wafilife.com/cat/books/publisher/ar-risalat-al-alamiya-egypt
270,আর রিহাব পাবলিকেশন,https://www.wafilife.com/cat/books/publisher/ar-rihab-publication
271,আর.আই.বিডি পাবলিকেশন,https://www.wafilife.com/cat/books/publisher/ribd-publication
272,আরমান হোসেন,https://www.wafilife.com/cat/books/publisher/arman-hossain
273,আরশ প্রকাশন,https://www.wafilife.com/cat/books/publisher/arosh-prokashon
274,আরাফাত বুকস এন্ড বুকস,https://www.wafilife.com/cat/books/publisher/arafath-books-and-books
275,আরিফা প্রকাশনী,https://www.wafilife.com/cat/books/publisher/arifa-prokashoni
276,আরিশ প্রকাশন,https://www.wafilife.com/cat/books/publisher/arish-prokashon
277,আর্টস পাবলিকেশন্স,https://www.wafilife.com/cat/books/publisher/আর্টস-পাবলিকেশন্স
278,আল আজহার প্রকাশনী,https://www.wafilife.com/cat/books/publisher/al-azhar-prokasoni
279,আল আনসার প্রকাশনী,https://www.wafilife.com/cat/books/publisher/al-ansar-prokashoni
280,আল আমান পাবলিকেশন্স,https://www.wafilife.com/cat/books/publisher/al-aman-publications
281,আল আমান প্রকাশনী,https://www.wafilife.com/cat/books/publisher/al-aman-publishing
282,আল আমীন পাবলিকেশন,https://www.wafilife.com/cat/books/publisher/al-amin-publication
283,আল আরাবিয়া অনলাইন একাডেমি,https://www.wafilife.com/cat/books/publisher/al-arabiya-online-academy
284,আল ইখলাছ পাবলিকেশন্স,https://www.wafilife.com/cat/books/publisher/আল-ইখলাছ-পাবলিকেশন্স
285,আল ইরফান পাবলিকেশন,https://www.wafilife.com/cat/books/publisher/al-irfan-publication
286,আল ইয়ানা পাবলিকেশন,https://www.wafilife.com/cat/books/publisher/al-yeana-publication
287,আল কাউসার প্রকাশনী,https://www.wafilife.com/cat/books/publisher/আল-কাউসার-প্রকাশনী
288,আল কিতাবাহ প্রকাশনী,https://www.wafilife.com/cat/books/publisher/al-kitabah-prokashini
289,আল কুরআন ওয়াস সুন্নাহ ফাউন্ডেশন,https://www.wafilife.com/cat/books/publisher/al-quran-was-sunnah-foundation
290,আল কুরআনের ভাষা ইনস্টিটিউট,https://www.wafilife.com/cat/books/publisher/al-quraner-vasha-institute
291,আল কোরআন একাডেমী পাবলিকেশন্স,https://www.wafilife.com/cat/books/publisher/al-quran-publication-london
292,আল খালেদ প্রকাশন,https://www.wafilife.com/cat/books/publisher/আল-খালেদ-প্রকাশন
293,আল ফাতাহ পাবলিকেশন্স,https://www.wafilife.com/cat/books/publisher/al-fatah-publications
294,আল ফারুক আল হাদিসাতু লিততিবাআত ওয়াননাশর (মিশর),https://www.wafilife.com/cat/books/publisher/al-farooq-al-hadisatu-littibaat-wannashar-egypt
295,আল বালুগুল মুবিন,https://www.wafilife.com/cat/books/publisher/al-balagul-mubin
296,আল বায়ান পাবলিকেশন্স,https://www.wafilife.com/cat/books/publisher/al-bayan-publications
297,আল বুশরা প্রকাশনী,https://www.wafilife.com/cat/books/publisher/al-bushra-prokashoni
298,আল মাকতাবা আল উসাইরিয়াহ,https://www.wafilife.com/cat/books/publisher/al-maktaba-al-usairiyah
299,আল মাকতাবাতুল হাক্কানিয়্যাহ (পাকিস্তান),https://www.wafilife.com/cat/books/publisher/al-maktabatul-haqqaniyyah-pakistan
300,আল মানার লাইব্রেরী,https://www.wafilife.com/cat/books/publisher/al-manar-library
301,আল মাহমুদ প্রকাশন,https://www.wafilife.com/cat/books/publisher/আল-মাহমুদ-প্রকাশন
302,আল মিসবাহ প্রকাশনী,https://www.wafilife.com/cat/books/publisher/al-misbah-publishing
303,আল মুয্যাম্মিল লাইব্রেরী,https://www.wafilife.com/cat/books/publisher/al-muzammil-library
304,আল হিকমাহ পাবলিকেশন্স,https://www.wafilife.com/cat/books/publisher/আল-হিকমাহ-পাবলিকেশন্স
305,আল হিকমাহ্ পাব‌লি‌কেশন্স(নীলক্ষেত),https://www.wafilife.com/cat/books/publisher/al-hikmah-publications-neelkhet
306,আল-আকসা লাইব্রেরী,https://www.wafilife.com/cat/books/publisher/আল-আকসা-লাইব্রেরী
307,আল-আমীন রিসার্চ পাবলিকেশন,https://www.wafilife.com/cat/books/publisher/al-amin-research-publication
308,আল-আযহার প্রকাশনী,https://www.wafilife.com/cat/books/publisher/al-azhar-prokashoni
309,আল-ইমান ইনস্টিটিউট,https://www.wafilife.com/cat/books/publisher/al-iman-institute
310,আল-এছহাক প্রকাশনী,https://www.wafilife.com/cat/books/publisher/al-ehchak-publication
311,আল-খাইর পাবলিকেশন্স,https://www.wafilife.com/cat/books/publisher/al-khayr-publications
312,আল-খিদমাহ প্রকাশনী,https://www.wafilife.com/cat/books/publisher/al-khidmah-prokashoni
313,আল-বায়ান ফাউন্ডেশন বাংলাদেশ,https://www.wafilife.com/cat/books/publisher/al-bayan-foundation-bangladesh-publisher
314,আল-বারাকা লাইব্রেরী,https://www.wafilife.com/cat/books/publisher/al-baraka-library
315,আল-মক্কা বুক হাউস,https://www.wafilife.com/cat/books/publisher/al-mokka-book-house
316,আল-মদিনা লাইব্রেরী,https://www.wafilife.com/cat/books/publisher/al-madina-library
317,আল-মানার ল্যাঙ্গুয়েজ একাডেমি,https://www.wafilife.com/cat/books/publisher/al-manar-language-academy
318,আল-মাহবুব ফাউন্ডেশন,https://www.wafilife.com/cat/books/publisher/আল-মাহবুব-ফাউন্ডেশন
319,আল-মিদাদ المداد,https://www.wafilife.com/cat/books/publisher/al-midad-magazine
320,আল-হাদী প্রকাশন,https://www.wafilife.com/cat/books/publisher/al-hadi-prokashoni
321,আল-হামরা প্রকাশনী,https://www.wafilife.com/cat/books/publisher/al-hamra-publishing-house
322,আল-হামরা প্রকাশনী,https://www.wafilife.com/cat/books/publisher/al-hamra-prokashoni
323,আল-হিদায়াহ,https://www.wafilife.com/cat/books/publisher/al-hidaayah
324,আল-হিবা পাবলিকেশন,https://www.wafilife.com/cat/books/publisher/al-hiba-publication
325,আল-হুদুল টিম,https://www.wafilife.com/cat/books/publisher/al-hudul-team
326,আলফা বুকশপ প্রকাশন,https://www.wafilife.com/cat/books/publisher/alfa-bookshop-prokashon
327,আলিফ বুকস,https://www.wafilife.com/cat/books/publisher/আলিফ-বুকস
328,আলিফ লাম মিম,https://www.wafilife.com/cat/books/publisher/alif-lam-mim
329,আলিবাবা পাবলিকেশন্স,https://www.wafilife.com/cat/books/publisher/alibaba-publications
330,আলিমিয়া,https://www.wafilife.com/cat/books/publisher/alimia
331,আলেখ্য প্রকাশন,https://www.wafilife.com/cat/books/publisher/alekhyo-prokashon
332,আলেয়া বুক ডিপো,https://www.wafilife.com/cat/books/publisher/aleya-book-dipo
333,আলোকধারা প্রকাশন,https://www.wafilife.com/cat/books/publisher/alokdhara-prokashon
334,আলোকায়ন,https://www.wafilife.com/cat/books/publisher/aalokayan
335,আলোকিত প্রকাশনী,https://www.wafilife.com/cat/books/publisher/আলোকিত-প্রকাশনী
336,আলোঘর প্রকাশনা,https://www.wafilife.com/cat/books/publisher/aloghar-prokashona
337,আলোর ঠিকানা প্রকাশনী,https://www.wafilife.com/cat/books/publisher/আলোর-ঠিকানা-প্রকাশনী
338,আলোর দিশারী পাবলিকেশন্স,https://www.wafilife.com/cat/books/publisher/alor-dishari-publications
339,আলোর মিছিল প্রকাশন,https://www.wafilife.com/cat/books/publisher/alor-michil-prokashon
340,আল্লামা রুহুল আমিন (রহ.) রিসার্চ সেন্টার,https://www.wafilife.com/cat/books/publisher/allama-ruhul-amin-r-a-research-center
341,আল্লাহর দান বুক ডিপো পাবলিকেশন,https://www.wafilife.com/cat/books/publisher/allahs-dhan-book-depo-publication
342,আশ-শিফা পাবলিকেশন,https://www.wafilife.com/cat/books/publisher/ash-shifa-publication
343,আশরাফ বুক ডিপো,https://www.wafilife.com/cat/books/publisher/আশরাফ-বুক-ডিপো
344,আশরাফিয়া বুক হাউস,https://www.wafilife.com/cat/books/publisher/asrafia-book-house
345,আশরাফী বুক ডিপো,https://www.wafilife.com/cat/books/publisher/ashrafi-book-dipo
346,আশরাফী লাইব্রেরী,https://www.wafilife.com/cat/books/publisher/আশরাফী-লাইব্রেরী
347,আশরাফুল মাখলুকাত প্রকাশন,https://www.wafilife.com/cat/books/publisher/ashraful-makhlukat-prokashon
348,আশশারিকাতুল আলামিইয়্যাত (মিশর),https://www.wafilife.com/cat/books/publisher/ashsharikatul-alamiyat-egypt
349,আশেক খান পাবলিকেশন্স,https://www.wafilife.com/cat/books/publisher/ashek-khan-publication
350,আষাঢ়,https://www.wafilife.com/cat/books/publisher/asharh
351,আস সুন্নাহ নিত্য প্রকাশন,https://www.wafilife.com/cat/books/publisher/as-sunnah-nitto-prokashon
352,আস সুন্নাহ ফাউন্ডেশন পাবলিকেশন্স,https://www.wafilife.com/cat/books/publisher/আস-সুন্নাহ-ফাউন্ডেশন-পাব
353,আস-সুন্নাতুল মোবারকাহ্ দাওয়াহ সেন্টার,https://www.wafilife.com/cat/books/publisher/as-sunnatul-mubarakah-dawah-center
354,আস-সুন্নাহ পাবলিকেশন্স,https://www.wafilife.com/cat/books/publisher/আস-সুন্নাহ-পাবলিকেশন্স
355,আস্থা প্রকাশন,https://www.wafilife.com/cat/books/publisher/astha-prokashon
356,আহনাফ পাবলিকেশন,https://www.wafilife.com/cat/books/publisher/আহনাফ-পাবলিকেশন
357,আহবান প্রকাশনী,https://www.wafilife.com/cat/books/publisher/ahoban-prokashoni
358,আহবাব পাবলিকেশন,https://www.wafilife.com/cat/books/publisher/ahbab-publication
359,আহমদ পাবলিশিং হাউজ,https://www.wafilife.com/cat/books/publisher/ahmad-publishing-house
360,আহলেদিকর পাবলিকেশনস,https://www.wafilife.com/cat/books/publisher/ahledhikr-publications
361,আহসান পাবলিকেশন,https://www.wafilife.com/cat/books/publisher/ahsan-publication
362,আয়াত পাবলিকেশন,https://www.wafilife.com/cat/books/publisher/ayat-publication
363,আয়াত প্রকাশন,https://www.wafilife.com/cat/books/publisher/ayat-prokashon
364,আয়ান প্রকাশন,https://www.wafilife.com/cat/books/publisher/আয়ান-প্রকাশন
365,ইংলিশ থেরাপী,https://www.wafilife.com/cat/books/publisher/english-therapy
366,ইংলিশ পাবলিকেশন্স,https://www.wafilife.com/cat/books/publisher/english-publications
367,ইউনিক ল বুক হাউস,https://www.wafilife.com/cat/books/publisher/unique-law-book-house
368,ইউনিটি পাবলিকেশন,https://www.wafilife.com/cat/books/publisher/unity-publication
369,ইউনিভার্স আফ্রাঈন,https://www.wafilife.com/cat/books/publisher/universe-afraain
370,ইউনিভার্সেল প্রেস,https://www.wafilife.com/cat/books/publisher/universal-press
371,ইকরা,https://www.wafilife.com/cat/books/publisher/ikra
372,ইকরা পাবলিকেশন্স,https://www.wafilife.com/cat/books/publisher/iqra-publications
373,ইকরি বিকরি প্রকাশনী,https://www.wafilife.com/cat/books/publisher/ikribikri-prokashoni
374,ইকামাহ পাবলিকেশন্স,https://www.wafilife.com/cat/books/publisher/iqamah-publications
375,ইখওয়াহ পাবলিকেশন,https://www.wafilife.com/cat/books/publisher/ikhwah-publication
376,ইঙ্কস্প্রিং পাবলিকেশন,https://www.wafilife.com/cat/books/publisher/inkspring-publication
377,ইচ্ছাশক্তি প্রকাশনী,https://www.wafilife.com/cat/books/publisher/iccchashokti-prokashoni
378,ইজরা পাবলিকেশন্স,https://www.wafilife.com/cat/books/publisher/izra-publications
379,ইজি পাবলিকেশন্স,https://www.wafilife.com/cat/books/publisher/ইজি-পাবলিকেশন্স
380,ইঞ্জিনিয়ার্স পাবলিকেশন্স,https://www.wafilife.com/cat/books/publisher/engineers-publications
381,ইতমিনান পাবলিকেশন্স,https://www.wafilife.com/cat/books/publisher/itminan-publications
382,ইতি প্রকাশন,https://www.wafilife.com/cat/books/publisher/ইতি-প্রকাশন
383,ইতিহাস ও ভূগোল প্রকাশন,https://www.wafilife.com/cat/books/publisher/itihas-o-vhugol-prokason
384,ইত্তিহাদ পাবলিকেশন,https://www.wafilife.com/cat/books/publisher/ইত্তিহাদ-পাবলিকেশন
385,ইত্যাদি গ্রন্থ প্রকাশ,https://www.wafilife.com/cat/books/publisher/ইত্যাদি-গ্রন্থ-প্রকাশ
386,ইদরীসিয়া ওয়েলফেয়ার ট্রাস্ট,https://www.wafilife.com/cat/books/publisher/idrisia-welfare-trust
387,ইদারাতুত তুরাসুল ইসলামি (বৈরুত),https://www.wafilife.com/cat/books/publisher/idaratut-turasul-islami-beirut
388,ইদারাতুল মানার প্রকাশনী,https://www.wafilife.com/cat/books/publisher/ইদারাতুল-মানার-প্রকাশনী
389,ইদারাহ প্রকাশন,https://www.wafilife.com/cat/books/publisher/idarah-prokashon
390,ইনকিলাব পাবলিকেশন,https://www.wafilife.com/cat/books/publisher/ইনকিলাব-পাবলিকেশন
391,ইনকিলাব মঞ্চ,https://www.wafilife.com/cat/books/publisher/inqilab-moncho
392,ইনফিনিটি পাবলিকেশন্স,https://www.wafilife.com/cat/books/publisher/infinity-publications
393,ইনবাত পাবলিকেশন,https://www.wafilife.com/cat/books/publisher/inbaat-publication
394,ইনভাইট পাবলিকেশন,https://www.wafilife.com/cat/books/publisher/invite-publication
395,ইনলাইটনিং পাবলিকেশন্স,https://www.wafilife.com/cat/books/publisher/enlightening-publications
396,ইনসাইট জোন পাবলিকেশন্স,https://www.wafilife.com/cat/books/publisher/insight-zone-publications
397,ইনসাইট পাবলিকেশন্স,https://www.wafilife.com/cat/books/publisher/insight-publications
398,ইনসাফ পাবলিকেশন,https://www.wafilife.com/cat/books/publisher/insaf-publication
399,ইনসেপশন পাবলিকেশন্স,https://www.wafilife.com/cat/books/publisher/inception-publications
400,ইনস্টিটিউট অব ফ্যামিলি ডেভেলপমেন্ট,https://www.wafilife.com/cat/books/publisher/institute-of-family-development
401,ইনোভেটিভ পাবলিকেশন্স,https://www.wafilife.com/cat/books/publisher/innovative-publications
402,ইন্টারন্যাশনাল ইনস্টিটিউট অব ইসলামিক থট (আইআইআইটি),https://www.wafilife.com/cat/books/publisher/international-institute-of-islamic-thought-iiit
403,ইন্তিফাদা বুকস,https://www.wafilife.com/cat/books/publisher/intifada-books
404,ইফফাহ পাবলিকেশন্স,https://www.wafilife.com/cat/books/publisher/iffah-publication
405,ইবদা (মিশর),https://www.wafilife.com/cat/books/publisher/ibda-egypt
406,ইবরাত পাবলিকেশন,https://www.wafilife.com/cat/books/publisher/ibrat-publication
407,ইবাদাহ পাবলিকেশন,https://www.wafilife.com/cat/books/publisher/ibadah-publication
408,ইবানাহ পাবলিকেশন,https://www.wafilife.com/cat/books/publisher/ibanah-publications
409,ইমপ্রেস বুকস,https://www.wafilife.com/cat/books/publisher/impress-books
410,ইমানি তিতলি,https://www.wafilife.com/cat/books/publisher/imani-titli
411,ইমাম পাবলিকেশন্স লিঃ,https://www.wafilife.com/cat/books/publisher/imampublication
412,ইমিন্যান্ট পাবলিকেশন্স,https://www.wafilife.com/cat/books/publisher/eminent-publications
413,ইমেজ ভোকাবুলারি,https://www.wafilife.com/cat/books/publisher/image-vocabulary
414,ইলম হাউজ পাবলিকেশন,https://www.wafilife.com/cat/books/publisher/ilmhouse-publication
415,ইলমওয়েব,https://www.wafilife.com/cat/books/publisher/ilmweb
416,ইলমিয়া ‍কুতুবখানা,https://www.wafilife.com/cat/books/publisher/ilmiya-kutubkhana
417,ইলহাম ILHAM,https://www.wafilife.com/cat/books/publisher/ইলহাম-ilham
418,ইলাননূর পাবলিকেশন,https://www.wafilife.com/cat/books/publisher/ilannoor-publication
419,ইশতেহার প্রকাশ,https://www.wafilife.com/cat/books/publisher/ishtehar-prkash
420,ইসলাম হাউজ পাবলিকেশন্স,https://www.wafilife.com/cat/books/publisher/ইসলাম-হাউজ-পাবলিকেশন্স
421,ইসলামিক একাডেমি বাংলাদেশ,https://www.wafilife.com/cat/books/publisher/islamic-academy-bangladesh
422,ইসলামিক এডুকেশন এন্ড রিসার্চ ফাউন্ডেশন (IERF),https://www.wafilife.com/cat/books/publisher/islamic-education-and-research-foundation
423,ইসলামিক দাওয়াহ পাবলিকেশন্স,https://www.wafilife.com/cat/books/publisher/ইসলামিক-দাওয়াহ-পাবলিকেশ
424,ইসলামিক ফাউন্ডেশন,https://www.wafilife.com/cat/books/publisher/islamic-foundation
425,ইসলামিক রেনেসাঁ পাবলিকেশন,https://www.wafilife.com/cat/books/publisher/islamic-renesa-publication
426,ইসলামিয়া কুতুবখানা,https://www.wafilife.com/cat/books/publisher/%e0%a6%87%e0%a6%b8%e0%a6%b2%e0%a6%be%e0%a6%ae%e0%a6%bf%e0%a6%af%e0%a6%bc%e0%a6%be-%e0%a6%95%e0%a7%81%e0%a6%a4%e0%a7%81%e0%a6%ac%e0%a6%96%e0%a6%be%e0%a6%a8%e0%a6%be
427,ইসলামিয়া কুতুবখানা,https://www.wafilife.com/cat/books/publisher/ইসলামিয়া-কুতুবখানা
428,ইসলামিয়া কুরআন মহল,https://www.wafilife.com/cat/books/publisher/islamia-quran-mohol
429,ইসলামী চিন্তা ও গবেষনা ইন্সটিটিউট,https://www.wafilife.com/cat/books/publisher/institute-of-islamic-thought-and-research
430,ইসলাহ প্রকাশনী,https://www.wafilife.com/cat/books/publisher/islah-prokashoni
431,ইহদা পাবলিকেশন,https://www.wafilife.com/cat/books/publisher/ihda-publication
432,ইহদিনা পাবলিকেশন,https://www.wafilife.com/cat/books/publisher/ihdina-publication
433,ইহসান পাবলিকেশন,https://www.wafilife.com/cat/books/publisher/ইহসান-পাবলিকেশন
434,ইয়োথ ওয়েভ,https://www.wafilife.com/cat/books/publisher/youth-wave
435,ঈমানিয়াত প্রকাশনী,https://www.wafilife.com/cat/books/publisher/ঈমানিয়াত-প্রকাশনী
436,ঈহা প্রকাশ,https://www.wafilife.com/cat/books/publisher/ঈহা-প্রকাশ
437,উইজডম পাবলিকেশন্স,https://www.wafilife.com/cat/books/publisher/wisdom-publications
438,উচ্ছ্বাস প্রকাশনী,https://www.wafilife.com/cat/books/publisher/ucchas-prokshoni
439,উজান প্রকাশন,https://www.wafilife.com/cat/books/publisher/ujan-prokasoni
440,উত্তরণ,https://www.wafilife.com/cat/books/publisher/uttoron
441,উদ্দীপন প্রকাশন,https://www.wafilife.com/cat/books/publisher/উদ্দীপন-প্রকাশন
442,উদয় পাবলিকেশন,https://www.wafilife.com/cat/books/publisher/uday-publication
443,উপকথা প্রকাশন,https://www.wafilife.com/cat/books/publisher/উপকথা-প্রকাশন
444,উপদেশ প্রকাশন,https://www.wafilife.com/cat/books/publisher/উপদেশ-প্রকাশন
445,উমেদ প্রকাশ,https://www.wafilife.com/cat/books/publisher/উমেদ-প্রকাশ
446,উম্ম উই কোরা পাবলিকেশন্স (সৌদি আরব),https://www.wafilife.com/cat/books/publisher/umm-ul-qura-publications-saudi-arabia
447,উম্মাহ পাবলিকেশন্স,https://www.wafilife.com/cat/books/publisher/ummah-publications
448,উম্মাহ্‌স বুকল্যান্ড,https://www.wafilife.com/cat/books/publisher/ummahs-bookland
449,উসওয়া প্রকাশনী,https://www.wafilife.com/cat/books/publisher/uswa-prokashoni
450,উৎকর্ষ,https://www.wafilife.com/cat/books/publisher/utakrsha
451,উৎকর্ষ সিরিজ পাবলিকেশন্স,https://www.wafilife.com/cat/books/publisher/utkarsho-series-publications
452,উৎস প্রকাশন,https://www.wafilife.com/cat/books/publisher/utso-prokashon
453,ঊষা প্রকাশন,https://www.wafilife.com/cat/books/publisher/ঊষা-প্রকাশন
454,ঋদ্ধ প্রকাশ,https://www.wafilife.com/cat/books/publisher/riddho-prokash
455,ঋদ্ধ প্রকাশন,https://www.wafilife.com/cat/books/publisher/riddho-prokashon
456,এ প্লাস প্রতিভা পাবলিকেশন্স,https://www.wafilife.com/cat/books/publisher/a-plus-pratibha-publications
457,এআইডিএ একাডেমি,https://www.wafilife.com/cat/books/publisher/aida-academy
458,এক শব্দে কুরআন শিক্ষা প্রকাশনী,https://www.wafilife.com/cat/books/publisher/ek-shobde-quran-shikkha-prokashoni
459,একটু শিখি,https://www.wafilife.com/cat/books/publisher/ektu-shikhi
460,একাডেমি অব কুরআন স্টাডিজ,https://www.wafilife.com/cat/books/publisher/academy-of-quran-studies
461,একাডেমিয়া পাবলিশিং হাউজ লি: (এপিএল),https://www.wafilife.com/cat/books/publisher/academia-publishing-house-ltd-apl
462,একুশ,https://www.wafilife.com/cat/books/publisher/ekush
463,এক্সসেপশন প্রকাশনী,https://www.wafilife.com/cat/books/publisher/acception-prokashoni
464,এক্সিলেন্ট পাবলিকেশন্স,https://www.wafilife.com/cat/books/publisher/এক্সিলেন্ট-পাবলিকেশন্স
465,এডুবিডি পাবলিকেশন্স,https://www.wafilife.com/cat/books/publisher/edubd-publications
466,এন এস পাবলিকেশনস,https://www.wafilife.com/cat/books/publisher/n-s-publication
467,এফ.এন.এফ পাবলিকেশন,https://www.wafilife.com/cat/books/publisher/f-n-f-publication
468,এফ.টি. পাবলিকেশন,https://www.wafilife.com/cat/books/publisher/ft-publication
469,এফোর্ট বিডি,https://www.wafilife.com/cat/books/publisher/effort-bd
470,এবনে গোলাম সামাদ গবেষণা কেন্দ্র,https://www.wafilife.com/cat/books/publisher/ebne-golam-samad-research-center
471,এবি পাবলিকেশন্স,https://www.wafilife.com/cat/books/publisher/ab-publications
472,এম সিরাজুল ইসলামের প্রকাশিত,https://www.wafilife.com/cat/books/publisher/m-sirajul-islamer-prokashito
473,এম.এ.এস.এন প্রকাশনী,https://www.wafilife.com/cat/books/publisher/masn-prokashoni
474,এমওএস পাবলিকেশন,https://www.wafilife.com/cat/books/publisher/mos-publications
475,এমদাদিয়া পুস্তকালয় লিঃ,https://www.wafilife.com/cat/books/publisher/এমদাদিয়া-পুস্তকালয়-লিঃ
476,এমদাদিয়া লাইব্রেরী,https://www.wafilife.com/cat/books/publisher/emdadia-library
477,এমপি থ্রি পাবলিকেশন্স,https://www.wafilife.com/cat/books/publisher/mp3-publications
478,এশিয়া পাবলিকেশন্স,https://www.wafilife.com/cat/books/publisher/এশিয়া-পাবলিকেশন্স
479,এস. এ. প্রকাশনী,https://www.wafilife.com/cat/books/publisher/s-a-prokashani
480,এসএম-বন্ধু প্রকাশনী,https://www.wafilife.com/cat/books/publisher/sm-bondhu-publication
481,এসেনশিয়াল পাবলিকেশন,https://www.wafilife.com/cat/books/publisher/essential-publication
482,এ্যাবাকাস পাবলিকেশন্স,https://www.wafilife.com/cat/books/publisher/abacus-publications
483,ঐকতান প্রকাশন,https://www.wafilife.com/cat/books/publisher/eiktan-prakash
484,ঐতিহ্য,https://www.wafilife.com/cat/books/publisher/ঐতিহ্য
485,ও.আই.ই.পি,https://www.wafilife.com/cat/books/publisher/oiep
486,ওপেন পাবলিশিং হাউজ,https://www.wafilife.com/cat/books/publisher/open-publishing-house
487,ওমায়ের প্রকাশনী,https://www.wafilife.com/cat/books/publisher/omayer-prokashoni
488,ওরাকল পাবলিকেশন্স,https://www.wafilife.com/cat/books/publisher/oracle-publications
489,ওয়াটারমার্ক পাবলিকেশন,https://www.wafilife.com/cat/books/publisher/watermark-publications
490,ওয়ান পাবলিকেশন,https://www.wafilife.com/cat/books/publisher/one-publication
491,ওয়াফি পাবলিকেশন,https://www.wafilife.com/cat/books/publisher/wafi-publication
492,ওয়াফিলাইফ,https://www.wafilife.com/cat/books/publisher/wafilife
493,ওয়ারদাহ,https://www.wafilife.com/cat/books/publisher/wardah
494,ওয়ার্থী পাবলিকেশনস,https://www.wafilife.com/cat/books/publisher/worthy-publications
495,ওয়াহীদিয়া ইসলামিয়া লাইব্রেরী,https://www.wafilife.com/cat/books/publisher/wahidiya-islamiya-library
496,কওমি লাইব্রেরী,https://www.wafilife.com/cat/books/publisher/কওমি-লাইব্রেরী
497,কথন প্রকাশনী,https://www.wafilife.com/cat/books/publisher/kathon-prokashoni
498,কথাপ্রকাশ,https://www.wafilife.com/cat/books/publisher/kathaprokash
499,কথামেলা প্রকাশন,https://www.wafilife.com/cat/books/publisher/kothamela-prokashon
500,কনক পাবলিকেশনস,https://www.wafilife.com/cat/books/publisher/kanak-publications
501,কনজুমেট পাবলিকেশন্স,https://www.wafilife.com/cat/books/publisher/consummate-publication
502,কনফিডেন্ট পাবলিকেশন,https://www.wafilife.com/cat/books/publisher/কনফিডেন্ট-পাবলিকেশন
503,কবি প্রকাশনী,https://www.wafilife.com/cat/books/publisher/কবি-প্রকাশনী
504,কবির পাবলিকেশন্স,https://www.wafilife.com/cat/books/publisher/kabir-publications
505,কমল কুঁড়ি প্রকাশন,https://www.wafilife.com/cat/books/publisher/komol-kuri-prokason
506,কমার্স পাবলিকেশন্স,https://www.wafilife.com/cat/books/publisher/commerce-publications
507,কমিউনিটি ওয়েলফেয়ার ইনিশিয়েটিভ,https://www.wafilife.com/cat/books/publisher/community-welfare-initiative
508,কর্নিয়া পাবলিকেশন্স,https://www.wafilife.com/cat/books/publisher/cornea-publication
509,কলম একাডেমি,https://www.wafilife.com/cat/books/publisher/kolom-academy
510,কলম প্রকাশ,https://www.wafilife.com/cat/books/publisher/কলম-প্রকাশ
511,কলমালাপ সাহিত্য পরিষদ,https://www.wafilife.com/cat/books/publisher/kalamalap-sahitya-parishad
512,কলরব প্রকাশন,https://www.wafilife.com/cat/books/publisher/kolorob-prokashon
513,কলি প্রকাশনী,https://www.wafilife.com/cat/books/publisher/koli-prokashoni
514,কলেজিয়েট প্রকাশনী,https://www.wafilife.com/cat/books/publisher/collegiate-publications
515,কাকলী প্রকাশনী,https://www.wafilife.com/cat/books/publisher/kakali-prokashoni
516,কাকাতুয়া,https://www.wafilife.com/cat/books/publisher/kakatua
517,কাগজপত্র,https://www.wafilife.com/cat/books/publisher/kagojpotro
518,কাজল ব্রাদার্স লিমিটেড,https://www.wafilife.com/cat/books/publisher/kazal-brothers-limited
519,কাজী বুক হাউস,https://www.wafilife.com/cat/books/publisher/kazi-book-house
520,কাঠপেন্সিল,https://www.wafilife.com/cat/books/publisher/কাঠপেন্সিল
521,কাতেবিন প্রকাশন,https://www.wafilife.com/cat/books/publisher/katebeen-prokashon
522,কানন,https://www.wafilife.com/cat/books/publisher/কানন
523,কাব্যগ্রন্থ প্রকাশন,https://www.wafilife.com/cat/books/publisher/kabyogrontho-prokashon
524,কামিয়াব প্রকাশন লিমিটেড,https://www.wafilife.com/cat/books/publisher/kamiyab-proakshon-ltd
525,কারভান পাবলিকেশন,https://www.wafilife.com/cat/books/publisher/curvan-publication
526,কারিমাহ্‌ প্রকাশনী,https://www.wafilife.com/cat/books/publisher/karimah-prokashoni
527,কারিমুনি,https://www.wafilife.com/cat/books/publisher/karimuni
528,কারু প্রকাশ,https://www.wafilife.com/cat/books/publisher/karuprokash
529,কালান্তর প্রকাশনী,https://www.wafilife.com/cat/books/publisher/কালান্তর-প্রকাশনী
530,কালার পেন্সিল,https://www.wafilife.com/cat/books/publisher/color-pencil
531,কালিকলম প্রকাশনা,https://www.wafilife.com/cat/books/publisher/kalikolom-prokashona
532,কালোহরফ,https://www.wafilife.com/cat/books/publisher/kalohorof
533,কাশফ প্রকাশনী,https://www.wafilife.com/cat/books/publisher/kashf-prokashoni
534,কাশফুল প্রকাশন,https://www.wafilife.com/cat/books/publisher/কাশফুল-প্রকাশন
535,কাশফুল প্রকাশনী,https://www.wafilife.com/cat/books/publisher/কাশফুল-প্রকাশনী
536,কাসাস পাবলিকেশন,https://www.wafilife.com/cat/books/publisher/kasas-publication
537,কাহফ বাংলাদেশ,https://www.wafilife.com/cat/books/publisher/kahf-bangladash
538,কাহরামান পাবলিকেশন,https://www.wafilife.com/cat/books/publisher/kahraman-publication
539,কিং ফাহাদ গ্লোরিয়াস,https://www.wafilife.com/cat/books/publisher/king-fahad-glorious
540,কিংবদন্তী পাবলিকেশন,https://www.wafilife.com/cat/books/publisher/kingbodonty-publication
541,কিউএনএ পাবলিকেশন্স,https://www.wafilife.com/cat/books/publisher/qna-publications
542,কিডো,https://www.wafilife.com/cat/books/publisher/kidoo
543,কিতাব কানন,https://www.wafilife.com/cat/books/publisher/কিতাব-কানন
544,কিতাব বাজার,https://www.wafilife.com/cat/books/publisher/kitab-bazar
545,কিতাব বাড়ি ডট কম,https://www.wafilife.com/cat/books/publisher/kitab-bari-dot-com
546,কিতাব ভবন,https://www.wafilife.com/cat/books/publisher/kitab-vhobon
547,কিতাবিস্তান,https://www.wafilife.com/cat/books/publisher/kitabistan
548,কিন্ডারবুকস,https://www.wafilife.com/cat/books/publisher/kinderbooks
549,কিরতাস প্রকাশ,https://www.wafilife.com/cat/books/publisher/kirtash-prokash
550,কিশোরকন্ঠ,https://www.wafilife.com/cat/books/publisher/kishorkontho
551,কুতুববিডি-KutubBD,https://www.wafilife.com/cat/books/publisher/kutubbd
552,কুতুবুল মাসলাম,https://www.wafilife.com/cat/books/publisher/kutubul-maslam
553,কুরআন এইজ পাবলিকেশন,https://www.wafilife.com/cat/books/publisher/quran-edge-publication
554,কুরআন ক্যাম্পাস,https://www.wafilife.com/cat/books/publisher/quran-campus
555,কুরআন মাজীদ একাডেমী,https://www.wafilife.com/cat/books/publisher/কুরআন-মাজীদ-একাডেমী
556,কুরআন রিসার্চ ফাউণ্ডেশন,https://www.wafilife.com/cat/books/publisher/quran-research-foundation
557,কুরআন সুন্নাহ প্রকাশনী,https://www.wafilife.com/cat/books/publisher/quran-sunnah-prokashoni
558,কুরআন হাদীস রিসার্চ একাডেমি,https://www.wafilife.com/cat/books/publisher/quran-hadis-research-academy
559,কুরআনিক বুকস পাবলিকেশন্স,https://www.wafilife.com/cat/books/publisher/quranic-books-publications
560,কুরআনে ভাষা আরবি শিখি,https://www.wafilife.com/cat/books/publisher/quraner-vasha-arbi-shikhi
561,কেন্দ্রবিন্দু,https://www.wafilife.com/cat/books/publisher/kendrobindu
562,কেমিয়াস পাবলিকেশন্স,https://www.wafilife.com/cat/books/publisher/chemius-publication
563,কৈশোর পাবলিকেশন,https://www.wafilife.com/cat/books/publisher/koishor-publication
564,কোরআন মহল প্রকাশনী,https://www.wafilife.com/cat/books/publisher/কোরআন-মহল-প্রকাশনী
565,কোহিনূর লাইব্রেরী,https://www.wafilife.com/cat/books/publisher/kohinoor-library
566,কোয়ালিটি পাবলিকেশন,https://www.wafilife.com/cat/books/publisher/quality-publication
567,ক্যামব্রিজ ইউনিভার্সিটি প্রেস,https://www.wafilife.com/cat/books/publisher/cambridge-university-press
568,ক্যারিয়ার পাবলিকেশন্স,https://www.wafilife.com/cat/books/publisher/career-publications
569,ক্যারিয়ার শেপার,https://www.wafilife.com/cat/books/publisher/career-shaper
570,ক‌ম্পেয়ার পাব‌লি‌কেশন্স,https://www.wafilife.com/cat/books/publisher/compare-publications
571,খতীবে মিল্লাত প্রকাশন,https://www.wafilife.com/cat/books/publisher/khotibe-millat-prokashon
572,খন্দকার প্রকাশনী,https://www.wafilife.com/cat/books/publisher/খন্দকার-প্রকাশনী
573,খাইরুলস পাবলিকেশন্স,https://www.wafilife.com/cat/books/publisher/খাইরুলস-পাবলিকেশন্স
574,খান প্রকাশনী,https://www.wafilife.com/cat/books/publisher/khan-publishing
575,খান প্রকাশনী,https://www.wafilife.com/cat/books/publisher/khan-publication
576,খান প্রোডাক্ট,https://www.wafilife.com/cat/books/publisher/khan-product
577,খান ব্রাদার্স অ্যান্ড কোম্পানি,https://www.wafilife.com/cat/books/publisher/খান-ব্রাদার্স-অ্যান্ড-কো
578,খানকায়ে শাইখ যাকারিয়া রহ. ও জামিয়া মাযাহেরে উলূম,https://www.wafilife.com/cat/books/publisher/khankaye-sheikh-zakaria-rah-and-jamia-majahere-uloom
579,খায়রুন প্রকাশনী,https://www.wafilife.com/cat/books/publisher/khairun-publication
580,খুশবু,https://www.wafilife.com/cat/books/publisher/খুশবু
581,খেয়া প্রকাশনী,https://www.wafilife.com/cat/books/publisher/khea-prokashoni
582,খোশরোজ কিতাব মহল,https://www.wafilife.com/cat/books/publisher/খোশরোজ-কিতাব-মহল
583,খোয়াব,https://www.wafilife.com/cat/books/publisher/khoyab
584,খড়িয়া প্রকাশন,https://www.wafilife.com/cat/books/publisher/khoria-prokashon
585,গতিধারা,https://www.wafilife.com/cat/books/publisher/gotidhara
586,গদ্যপদ্য,https://www.wafilife.com/cat/books/publisher/গদ্যপদ্য
587,গপ্পো-সপ্পো প্রকাশন,https://www.wafilife.com/cat/books/publisher/goppo-soppo-publication
588,গরীবের গরীবখানা,https://www.wafilife.com/cat/books/publisher/goriber-goribkhana
589,গলুই প্রকাশন,https://www.wafilife.com/cat/books/publisher/galui-publication
590,গাইডলাইন পাবলিকেশন,https://www.wafilife.com/cat/books/publisher/guideline-publication
591,গাইডেন্স পাবলিকেশন্স,https://www.wafilife.com/cat/books/publisher/guidance-publications
592,গাইডেন্স ভিশন,https://www.wafilife.com/cat/books/publisher/guidance-vision
593,গাউসিয়া পাবলিকেশন্স,https://www.wafilife.com/cat/books/publisher/গাউসিয়া-পাবলিকেশন্স
594,গাওসিয়া পাবলিকেশন্স,https://www.wafilife.com/cat/books/publisher/gaosiya-publications
595,গাজী প্রকাশনী,https://www.wafilife.com/cat/books/publisher/গাজী-প্রকাশনী
596,গার্ডিয়ান পাবলিকেশন্স,https://www.wafilife.com/cat/books/publisher/গার্ডিয়ান-পাবলিকেশন্স
597,গুড ওয়ার্ড,https://www.wafilife.com/cat/books/publisher/goodword
598,গ্রন্থ কুটির,https://www.wafilife.com/cat/books/publisher/grontho-kutir
599,গ্রন্থগ্রহ,https://www.wafilife.com/cat/books/publisher/gronthogroho
600,গ্রন্থরাজ্য,https://www.wafilife.com/cat/books/publisher/গ্রন্থরাজ্য
601,গ্রন্থশালা প্রকাশন,https://www.wafilife.com/cat/books/publisher/grontosala-publication
602,গ্রন্থাগার প্রকাশন,https://www.wafilife.com/cat/books/publisher/gronthagar-prokashon
603,গ্রন্থালয়,https://www.wafilife.com/cat/books/publisher/gronthaloy
604,গ্রন্থিক প্রকাশন,https://www.wafilife.com/cat/books/publisher/granthik-prokashon
605,গ্রাজুয়েট পাবলিকেশন্স,https://www.wafilife.com/cat/books/publisher/graduate-publications
606,গ্রিপার মার্ক পাবলিকেশন,https://www.wafilife.com/cat/books/publisher/gripper-mark-publications
607,গ্লোবাল পাবলিশিং নেটওয়ার্ক,https://www.wafilife.com/cat/books/publisher/global-publishing-network
608,ঘাসফুল,https://www.wafilife.com/cat/books/publisher/ghasful
609,চন্দ্রবিন্দু প্রকাশন (চট্টগ্রাম),https://www.wafilife.com/cat/books/publisher/chondeobindu-prokashon-chottogram
610,চমনপ্রকাশ,https://www.wafilife.com/cat/books/publisher/chomonprokash
611,চর্চা গ্রন্থ প্রকাশ,https://www.wafilife.com/cat/books/publisher/চর্চা-গ্রন্থ-প্রকাশ
612,চারুলতা প্রকাশন,https://www.wafilife.com/cat/books/publisher/charulata-prakason
613,চারুলিপি প্রকাশন,https://www.wafilife.com/cat/books/publisher/charulipi-prokashon
614,চিঠি প্রকাশন,https://www.wafilife.com/cat/books/publisher/চিঠি-প্রকাশন
615,চিন্তাচর্চা,https://www.wafilife.com/cat/books/publisher/chintachorcha
616,চিন্তাপত্র প্রকাশন,https://www.wafilife.com/cat/books/publisher/chintapatra-prokashon
617,চিরকুট,https://www.wafilife.com/cat/books/publisher/চিরকুট
618,চিরায়ত,https://www.wafilife.com/cat/books/publisher/cirayoto
619,চিলড্রেন বুকস সেন্টার,https://www.wafilife.com/cat/books/publisher/childrens-books-center
620,চিলেকোঠা পাবলিকেশন,https://www.wafilife.com/cat/books/publisher/chilekotha-publicaton
621,চেতনা প্রকাশন,https://www.wafilife.com/cat/books/publisher/chetona-prokashon
622,চেনা সুর প্রকাশনী,https://www.wafilife.com/cat/books/publisher/chena-shur-prokashoni
623,চৈতন্য,https://www.wafilife.com/cat/books/publisher/choitonno
624,চ্যান্সেলর,https://www.wafilife.com/cat/books/publisher/chancellor
625,চড়ুই পাবলিকেশন,https://www.wafilife.com/cat/books/publisher/চড়ুই-পাবলিকেশন
626,চয়ন প্রকাশন,https://www.wafilife.com/cat/books/publisher/chayan-publication
627,ছাপাখানা প্রকাশনী,https://www.wafilife.com/cat/books/publisher/chapakhana-prokashoni
628,ছায়া প্রকাশন,https://www.wafilife.com/cat/books/publisher/chaya-prokashon
629,ছায়াবীথি,https://www.wafilife.com/cat/books/publisher/chayabithi
630,ছায়ামঞ্চ পাবলিকেশন্স,https://www.wafilife.com/cat/books/publisher/chayamonch-publication
631,ছোটদের বই,https://www.wafilife.com/cat/books/publisher/ছোটদের-বই
632,জনতা প্রকাশ,https://www.wafilife.com/cat/books/publisher/জনতা-প্রকাশ
633,জনলেখ প্রকাশনী,https://www.wafilife.com/cat/books/publisher/জনলেখ-প্রকাশনী
634,জবগুরু,https://www.wafilife.com/cat/books/publisher/jobguru
635,জমজম কুতুবখানা,https://www.wafilife.com/cat/books/publisher/jamjam-kutubkhana
636,জলছবি প্রকাশন,https://www.wafilife.com/cat/books/publisher/jolchobi-prokashon
637,জলরঙ পাবলিকেশন,https://www.wafilife.com/cat/books/publisher/jolrong-publication
638,জাগরণ প্রকাশন,https://www.wafilife.com/cat/books/publisher/jagoron-prokashon
639,জাগৃতি প্রকাশনী,https://www.wafilife.com/cat/books/publisher/jagriti-prokashoni
640,জাতীয় সাহিত্য প্রকাশ,https://www.wafilife.com/cat/books/publisher/jatiya-sahitya-prakash
641,জাদীদ প্রকাশন,https://www.wafilife.com/cat/books/publisher/জাদীদ-প্রকাশন
642,জাদুঘর প্রকাশনী,https://www.wafilife.com/cat/books/publisher/jadughor-prokashoni
643,জান্নাত প্রকাশনী,https://www.wafilife.com/cat/books/publisher/jannat-prokashoni
644,জাব পাবলিকেশন,https://www.wafilife.com/cat/books/publisher/jab-publication
645,জামেয়া প্রকাশনী,https://www.wafilife.com/cat/books/publisher/jameya-prokashoni
646,জায়েদ লাইব্রেরী,https://www.wafilife.com/cat/books/publisher/jayed-library
647,জি.এম. কামরুল ইসলাম,https://www.wafilife.com/cat/books/publisher/gm-kamrul-islam
648,জিনিয়াস পাবলিকেশন্স,https://www.wafilife.com/cat/books/publisher/জিনিয়াস-পাবলিকেশন্স
649,জিহাদ একাডেমি,https://www.wafilife.com/cat/books/publisher/zihad-academy
650,জোনাকী প্রকাশনী,https://www.wafilife.com/cat/books/publisher/জোনাকী-প্রকাশনী
651,জ্ঞান কুটির,https://www.wafilife.com/cat/books/publisher/gyan-kutir
652,জ্ঞান বিতরণী,https://www.wafilife.com/cat/books/publisher/জ্ঞান-বিতরণী
653,জ্ঞান বিতান,https://www.wafilife.com/cat/books/publisher/জ্ঞান-বিতান
654,জ্ঞানকোষ প্রকাশনী,https://www.wafilife.com/cat/books/publisher/gankosh-prokashoni
655,জ্ঞানজ্যোতি প্রকাশনী,https://www.wafilife.com/cat/books/publisher/geyanjoti-prokashoni
656,জ্ঞানপিপাসু প্রকাশন,https://www.wafilife.com/cat/books/publisher/geyanpipasu-prokashon
657,জ্ঞানের আলো পাঠাগার,https://www.wafilife.com/cat/books/publisher/gyaner-alo-pathagar
658,জ্ঞানের আলো প্রকাশনী,https://www.wafilife.com/cat/books/publisher/gyaner-alo-prokashoni
659,জ্যোতি প্রকাশ,https://www.wafilife.com/cat/books/publisher/জ্যোতি-প্রকাশ
660,জয়কলি পাবলিকেশন্স লিঃ,https://www.wafilife.com/cat/books/publisher/জয়কলি-পাবলিকেশন্স-লিঃ
661,জয়যাত্রা পাবলিকেশন্স,https://www.wafilife.com/cat/books/publisher/joyzatra-publications
662,ঝিঙেফুল,https://www.wafilife.com/cat/books/publisher/jhingephul
663,ঝিনুক প্রকাশনী,https://www.wafilife.com/cat/books/publisher/jhinuk-prokason
664,টই টই প্রকাশন,https://www.wafilife.com/cat/books/publisher/toi-toi-prokashon
665,টাইমস পিআর পাবলিকেশন্স,https://www.wafilife.com/cat/books/publisher/times-pr-publications
666,টার্গেট প্রকাশন,https://www.wafilife.com/cat/books/publisher/target-prokashon
667,টি এ্যান্ড টি পাবলিশার্স এ্যান্ড প্রিন্টিং,https://www.wafilife.com/cat/books/publisher/tt-publishers-and-printing
668,টিউটর পাবলিকেশন্স,https://www.wafilife.com/cat/books/publisher/tutor-publications
669,টিফিন পাবলিকেশন্স,https://www.wafilife.com/cat/books/publisher/tiffin-publications
670,টিম দাওয়াহ,https://www.wafilife.com/cat/books/publisher/taim-dawah
671,টুইংকেল পাবলিশিং,https://www.wafilife.com/cat/books/publisher/twinkle-publishing
672,টুনটুন বুকস,https://www.wafilife.com/cat/books/publisher/toontoon-books
673,টেন মিনিট স্কুল,https://www.wafilife.com/cat/books/publisher/ten-minute-school-publisher
674,ট্যাক্সপার্ট পাবলিকেশন,https://www.wafilife.com/cat/books/publisher/taxpert-publication
675,ট্যালেন্ট পাবলিকেশন্স,https://www.wafilife.com/cat/books/publisher/talent-publication
676,ড. ফরিদউদ্দীন আহমাদ,https://www.wafilife.com/cat/books/publisher/dr-fariduddin-ahmad
677,ডক্টরস প্রকাশন,https://www.wafilife.com/cat/books/publisher/doctors-prokashon
678,ডটপেন পাবলিকেশন্স,https://www.wafilife.com/cat/books/publisher/ডটপেন-পাবলিকেশন্স
679,ডাইনামিক প্রকাশন,https://www.wafilife.com/cat/books/publisher/dynamic-publishing
680,ডাক,https://www.wafilife.com/cat/books/publisher/ডাক
681,ডায়নামিক পাবলিকেশন,https://www.wafilife.com/cat/books/publisher/dynamic-publication
682,ডিফেন্স প্রকাশনী,https://www.wafilife.com/cat/books/publisher/defense-prokashoni
683,ডেব্রেক পাবলিকেশন,https://www.wafilife.com/cat/books/publisher/daybreak-publication
684,ড্যাফোডিল ইন্টারন্যাশনাল ইউনিভার্সিটি প্রেস,https://www.wafilife.com/cat/books/publisher/daffodil-international-university-press
685,ড্রিম হাউস পাবলিকেশন্স,https://www.wafilife.com/cat/books/publisher/dream-house-publications
686,ঢাকা হলি সার্ভে ট্রেনিং সেন্টার,https://www.wafilife.com/cat/books/publisher/dhaka-holly-survey-training-centre
687,ঢাকেশ্বরী লাইব্রেরী,https://www.wafilife.com/cat/books/publisher/dhakeshwary-library
688,তবআতু জায়িজাহ দুবাই আদ দাউলিয়াহ লিল কুরআনুল কারিম (আরব আমিরাত),https://www.wafilife.com/cat/books/publisher/tabatu-zaijah-dubai-ad-dawliyyah-lil-quranul-kareem-united-arab-emirates
689,তমদ্দুন প্রকাশনী,https://www.wafilife.com/cat/books/publisher/tomuddun-prokashoni
690,তরফদার প্রকাশনী,https://www.wafilife.com/cat/books/publisher/torofdar-prokashoni
691,তাইবাহ একাডেমি,https://www.wafilife.com/cat/books/publisher/taibah-academy
692,তাওহীদ পাবলিকেশন্স,https://www.wafilife.com/cat/books/publisher/tawhid-publication
693,তাকওয়া পাবলিকেশন্স,https://www.wafilife.com/cat/books/publisher/taqwa-plublications
694,তাক্বিয়া বুক ডিপো,https://www.wafilife.com/cat/books/publisher/taqia-book-dipo
695,তাজকিয়া পাবলিকেশন,https://www.wafilife.com/cat/books/publisher/তাজকিয়া-পাবলিকেশন
696,তাজদিদ পাবলিকেশন,https://www.wafilife.com/cat/books/publisher/tajdid-publication
697,তাদাব্বুর পাবলিকেশন,https://www.wafilife.com/cat/books/publisher/tadabbur-publications
698,তানজিল প্রকাশন,https://www.wafilife.com/cat/books/publisher/tanzil-publications
699,তানযীম কুতুবখানা,https://www.wafilife.com/cat/books/publisher/তানযীম-কুতুবখানা
700,তানযীল পাবলিকেশন্স,https://www.wafilife.com/cat/books/publisher/tanzeel-publication
701,তানশির পাবলিকেশন,https://www.wafilife.com/cat/books/publisher/tansheer-publication
702,তাফসীর পাবলিকেশন কমিটি,https://www.wafilife.com/cat/books/publisher/তাফসীর-পাবলিকেশন-কমিটি
703,তাফহীম পাবলিকেশন,https://www.wafilife.com/cat/books/publisher/tafheem-publications
704,তাবলীগী কুতুবখানা,https://www.wafilife.com/cat/books/publisher/tableague-kutubkhana
705,তাবসিরাহ,https://www.wafilife.com/cat/books/publisher/tabsirah
706,তামাদ্দুন,https://www.wafilife.com/cat/books/publisher/tamaddun
707,তাম্রলিপি,https://www.wafilife.com/cat/books/publisher/তাম্রলিপি
708,তাযকির পাবলিকেশন,https://www.wafilife.com/cat/books/publisher/tazkir-publication
709,তাযকিয়া সেন্টার,https://www.wafilife.com/cat/books/publisher/tazkiya-centre
710,তারবিয়াহ,https://www.wafilife.com/cat/books/publisher/tarbiyah
711,তারান্নুম প্রকাশনী,https://www.wafilife.com/cat/books/publisher/tarannum-prokashoni
712,তারুণ্য প্রকাশন,https://www.wafilife.com/cat/books/publisher/tarunnya-prokashon
713,তারুণ্যের উচ্ছ্বাস প্রকাশন,https://www.wafilife.com/cat/books/publisher/tarunyer-ucchwash-prokashon
714,তালবিয়া প্রকাশন,https://www.wafilife.com/cat/books/publisher/talbiya-prokashon
715,তালিমুন নিসা,https://www.wafilife.com/cat/books/publisher/taleemun-nisa
716,তালীমী ফাউন্ডেশন বাংলাদেশ,https://www.wafilife.com/cat/books/publisher/talimi-foundation-bangladesh
717,তালীমুল উম্মাহ প্রকাশনী,https://www.wafilife.com/cat/books/publisher/তালীমুল-উম্মাহ-প্রকাশনী
718,তাসনিফ পাবলিকেশন,https://www.wafilife.com/cat/books/publisher/tasnif-publication
719,তাসনিফ প্রকাশনী,https://www.wafilife.com/cat/books/publisher/tasnif-prokashoni
720,তাসনিম পাবলিকেশন,https://www.wafilife.com/cat/books/publisher/তাসনিম-পাবলিকেশন
721,তাহফীযুল কুরআন পাবলিকেশন,https://www.wafilife.com/cat/books/publisher/tahfizul-quran-publication
722,তিতাস পাবলিকেশন্স,https://www.wafilife.com/cat/books/publisher/titas-publications
723,তুবা পাবলিকেশন,https://www.wafilife.com/cat/books/publisher/tuba-publication
724,তুরাস পাবলিকেশন্স,https://www.wafilife.com/cat/books/publisher/turas-publication
725,তৃণলতা প্রকাশ,https://www.wafilife.com/cat/books/publisher/trinolota-prokash
726,তৃতীয় চোখ,https://www.wafilife.com/cat/books/publisher/tritiyo-chokh
727,তৌফিক প্রকাশন,https://www.wafilife.com/cat/books/publisher/taufiq-prokasan
728,থানভী লাইব্রেরী,https://www.wafilife.com/cat/books/publisher/থানভী-লাইব্রেরী
729,দরবারে কেতাব,https://www.wafilife.com/cat/books/publisher/darbare-ketab
730,দাঁড়িকমা প্রকাশনী,https://www.wafilife.com/cat/books/publisher/দাঁড়িকমা
731,দাওয়া পাবলিকেশন,https://www.wafilife.com/cat/books/publisher/dawah-publication
732,দারসুন,https://www.wafilife.com/cat/books/publisher/dursoon
733,দারিল ইলম লিল মালায়িন,https://www.wafilife.com/cat/books/publisher/dar-il-ilm-lil-malayin
734,দারু আরবাব আল ইলম (তুরষ্ক),https://www.wafilife.com/cat/books/publisher/daru-arbab-al-ilam-turkey
735,দারু ইহইয়া ইত তুরসুল আরবি (বৈরুত),https://www.wafilife.com/cat/books/publisher/daru-ihyait-tursul-arabi-beirut
736,দারু মাকতাবাতু আলামিয়া (মিশর),https://www.wafilife.com/cat/books/publisher/daru-maktabatu-alamia-egypt
737,দারু রিসালাতুল আলামিয়া (বৈরুত),https://www.wafilife.com/cat/books/publisher/daru-risalat-al-alamiya-beirut
738,দারুত তাওফিকিয়্যাহ (মিশর),https://www.wafilife.com/cat/books/publisher/darut-tawfiqiyah-egypt
739,দারুত তাকওয়া (সিরিয়া),https://www.wafilife.com/cat/books/publisher/darut-taqwa-syria
740,দারুত তাকবীর,https://www.wafilife.com/cat/books/publisher/darut-takbeer
741,দারুত তাজকিয়া,https://www.wafilife.com/cat/books/publisher/darut-tajkiya
742,দারুত তানফীয,https://www.wafilife.com/cat/books/publisher/দারুত-তানফীয
743,দারুত তানমিয়াহ,https://www.wafilife.com/cat/books/publisher/darut-tanmiyah
744,দারুত তাসনীফ,https://www.wafilife.com/cat/books/publisher/darut-tasnif
745,দারুত তাহলীল প্রকাশনী,https://www.wafilife.com/cat/books/publisher/দারুত-তাহলীল-প্রকাশনী
746,দারুত তিবইয়ান,https://www.wafilife.com/cat/books/publisher/daruttibyan
747,দারুত তোহফা,https://www.wafilife.com/cat/books/publisher/darut-tohfa
748,দারুত ত্বলাবা,https://www.wafilife.com/cat/books/publisher/darut-twalaba
749,দারুন নাজাত পাবলিকেশন্স,https://www.wafilife.com/cat/books/publisher/দারুন-নাজাত-পাবলিকেশন্স
750,দারুর রশিদ প্রকাশনী,https://www.wafilife.com/cat/books/publisher/darur-rashid-prokashoni
751,দারুল আরকাম,https://www.wafilife.com/cat/books/publisher/দারুল-আরকাম
752,দারুল আরাবিয়্যাহ,https://www.wafilife.com/cat/books/publisher/darul-arabiyah
753,"দারুল আলামিয়্যাহ (ইন্দোনেশিয়া, মিশর)",https://www.wafilife.com/cat/books/publisher/dar-ul-alamiyah-indonesia-egypt
754,দারুল আলামিয়া (ইন্দোনেশিয়া),https://www.wafilife.com/cat/books/publisher/dar-ul-alamia-indonesia
755,দারুল আসিমা (সৌদি আরব),https://www.wafilife.com/cat/books/publisher/dar-ul-asima-saudi-arabia
756,দারুল ইবতিকার,https://www.wafilife.com/cat/books/publisher/darul-ibtikar
757,দারুল ইমাম আল-আযম,https://www.wafilife.com/cat/books/publisher/darul-imam-al-azom
758,দারুল ইলম,https://www.wafilife.com/cat/books/publisher/দারুল-ইলম
759,দারুল ইলমি লিলমালাইন (বৈরুত),https://www.wafilife.com/cat/books/publisher/darul-ilmi-lilmalaine-beirut
760,দারুল ইসনাদ পাবলিকেশন্স,https://www.wafilife.com/cat/books/publisher/daarul-isnaad-publications
761,দারুল ইসলাম পাবলিকেশন ( ৫০ বাংলাবাজার ),https://www.wafilife.com/cat/books/publisher/দারুল-ইসলাম-পাবলিকেশন-৫০
762,দারুল ইহদা,https://www.wafilife.com/cat/books/publisher/দারুল-ইহদা
763,দারুল ইয়াসর লিননাশর (মিশর),https://www.wafilife.com/cat/books/publisher/dar-ul-yasar-linnashar-egypt
764,দারুল ঈমান,https://www.wafilife.com/cat/books/publisher/darul-iman
765,দারুল উলূম রামপুরা বনশ্রী মাদরাসা,https://www.wafilife.com/cat/books/publisher/darul-ulum-rampura-bonosri-madrasha
766,দারুল উলূম লাইব্রেরী,https://www.wafilife.com/cat/books/publisher/darul-uloom-library
767,দারুল ওয়াফা,https://www.wafilife.com/cat/books/publisher/দারুল-ওয়াফা
768,দারুল ওয়াফা (মিশর),https://www.wafilife.com/cat/books/publisher/darul-wafaa-egypt
769,দারুল কলম,https://www.wafilife.com/cat/books/publisher/দারুল-কলম
770,দারুল কলম (দামেস্ক),https://www.wafilife.com/cat/books/publisher/dar-ul-kalam-damascus
771,দারুল কারার পাবলিকেশন্স,https://www.wafilife.com/cat/books/publisher/darul-qarar-publications
772,দারুল কালিমাত,https://www.wafilife.com/cat/books/publisher/darul-kalimat
773,দারুল কিতাব,https://www.wafilife.com/cat/books/publisher/দারুল-কিতাব
774,"দারুল কিতাব আল আরাবিয়া (মিশর, বৈরুত)",https://www.wafilife.com/cat/books/publisher/darul-kitab-al-arabiya-egypt-beirut
775,দারুল কুতুব,https://www.wafilife.com/cat/books/publisher/darul-qutb
776,দারুল কুতুব আল ইলমিয়া (বৈরুত),https://www.wafilife.com/cat/books/publisher/dar-ul-qutb-al-ilmia-beirut
777,দারুল কুরআন,https://www.wafilife.com/cat/books/publisher/দারুল-কুরআন
778,দারুল খায়ের (সৌদি আরব),https://www.wafilife.com/cat/books/publisher/dar-ul-khair-saudi-arabia
779,দারুল গাদ্দিল জাদিদ (মিশর),https://www.wafilife.com/cat/books/publisher/dar-ul-gaddil-jadid-egypt
780,দারুল জান্নাহ,https://www.wafilife.com/cat/books/publisher/darul-jannah
781,দারুল তাছনীফ,https://www.wafilife.com/cat/books/publisher/দারুল-কিতাবওয়াত্তাছনীফ
782,দারুল ফাতহ (জর্ডান),https://www.wafilife.com/cat/books/publisher/darul-fath-jordan
783,দারুল ফালাহ,https://www.wafilife.com/cat/books/publisher/darul-falah
784,দারুল ফিকর,https://www.wafilife.com/cat/books/publisher/darul-fikr
785,দারুল ফিকর (বৈরুত),https://www.wafilife.com/cat/books/publisher/dar-ul-fikr-beirut
786,দারুল ফুরকান,https://www.wafilife.com/cat/books/publisher/darul-furqan
787,দারুল মাআরিফ (মিশর),https://www.wafilife.com/cat/books/publisher/dar-ul-maarif-egypt
788,দারুল মাকতাবা (বৈরুত),https://www.wafilife.com/cat/books/publisher/dar-ul-maqtaba-beirut
789,দারুল মানহাজ,https://www.wafilife.com/cat/books/publisher/darul-manhaj
790,দারুল মিনহাজ (সৌদি আরব),https://www.wafilife.com/cat/books/publisher/dar-ul-minhaj-saudi-arabia
791,দারুল মিরাছ আন নববি,https://www.wafilife.com/cat/books/publisher/dar-ul-mirach-an-nabbi
792,দারুল মিরাজ (বৈরুত),https://www.wafilife.com/cat/books/publisher/darul-miraj-beirut
793,দারুল মুআল্লিফ,https://www.wafilife.com/cat/books/publisher/darul-muallif
794,দারুল লুগাতিল আরাবিয়া বাংলাদেশ,https://www.wafilife.com/cat/books/publisher/darul-lugatil-arabiya-bangladesh
795,দারুল লুবাব,https://www.wafilife.com/cat/books/publisher/darul-lubab
796,দারুল লুবাব (বৈরুত),https://www.wafilife.com/cat/books/publisher/dar-ul-lubab-beirut
797,দারুল লূউলুউ (মিশর),https://www.wafilife.com/cat/books/publisher/dar-ul-loulou-egypt
798,দারুল হাদারাত লিননাশর ওয়াততাউজিঈ (মিশর),https://www.wafilife.com/cat/books/publisher/darul-hadarat-linnashar-wattawzii-egypt
799,দারুল হাদীস (মিশর),https://www.wafilife.com/cat/books/publisher/dar-ul-hadith-egypt
800,দারুল হিকমাহ পাবলিকেশন্স লিমিটেড,https://www.wafilife.com/cat/books/publisher/darul-hikmah-bangladesh-ltd
801,দারুল হিলাল,https://www.wafilife.com/cat/books/publisher/দারুল-হিলাল
802,দারুল হুদা কুতুবখানা,https://www.wafilife.com/cat/books/publisher/দারুল-হুদা-কুতুবখানা
803,দারুস সাকাফা,https://www.wafilife.com/cat/books/publisher/darus-sakafa
804,দারুস সাবুনি,https://www.wafilife.com/cat/books/publisher/darus-sabuni
805,দারুস সালাম,https://www.wafilife.com/cat/books/publisher/darussalam
806,"দারুস সালাম (সৌদি আরব, মিশর)",https://www.wafilife.com/cat/books/publisher/darus-salaam-saudi-arabia-egypt
807,দারুস সালাম বাংলাদেশ,https://www.wafilife.com/cat/books/publisher/দারুস-সালাম-বাংলাদেশ
808,দারুস সালেহ (মিশর),https://www.wafilife.com/cat/books/publisher/darus-saleh-egypt
809,দারুস সুন্নাত পাবলিকেশন্স,https://www.wafilife.com/cat/books/publisher/darus-sunnat-publications
810,দারুস সুলতান (তুরস্ক),https://www.wafilife.com/cat/books/publisher/darus-sultan-turkiye
811,দারুসসুন্নাত ইসলামিক রিসার্চ সেন্টার,https://www.wafilife.com/cat/books/publisher/darussunnat-islamic-research-center
812,দারে ইবনে আব্বাস (মিশর),https://www.wafilife.com/cat/books/publisher/dar-ibn-abbas-egypt
813,দারে ইবনে কাসির (মিশর),https://www.wafilife.com/cat/books/publisher/dar-ibn-kasir-egypt
814,দারে ইবনে জাওযী (মিশর),https://www.wafilife.com/cat/books/publisher/dar-ibn-zawzi-egypt
815,দারে ইবনে রজব (মিশর),https://www.wafilife.com/cat/books/publisher/dar-ibn-rajab-egypt
816,দারে ইবনে হাজম (মিশর),https://www.wafilife.com/cat/books/publisher/dar-ibn-hazm-egypt
817,দারে কুনুয (জর্ডান),https://www.wafilife.com/cat/books/publisher/dar-kunuz-jordan
818,দারে মাক্কা,https://www.wafilife.com/cat/books/publisher/dar-makkah
819,দারে মানসুরাতুল ফাজরাত (বৈরুত),https://www.wafilife.com/cat/books/publisher/dar-mansuratul-fajrat-beirut
820,দি ইউনিভার্সিটি প্রেস লিমিটেড(ইউ পি এল),https://www.wafilife.com/cat/books/publisher/the-university-press-limited-upl
821,দি ইউনিভার্সেল একাডেমি,https://www.wafilife.com/cat/books/publisher/the-universal-academy
822,দি এ্যানজেল পাবলিকেশন্স,https://www.wafilife.com/cat/books/publisher/the-angel-publication
823,দি নেটওয়ার্ক রিসার্স এন্ড পাবলিকেশনস,https://www.wafilife.com/cat/books/publisher/the-network-research-and-publication
824,দি পাথফাইন্ডার পাবলিকেশন্স,https://www.wafilife.com/cat/books/publisher/the-path-finder-publication
825,দি ফার্মা ৩৬০,https://www.wafilife.com/cat/books/publisher/the-pharma-360
826,দি বুক সেন্টার,https://www.wafilife.com/cat/books/publisher/the-book-center
827,দি বেঙ্গল প্রেস,https://www.wafilife.com/cat/books/publisher/দি-বেঙ্গল-প্রেস
828,দি রয়েল সায়েন্টিফিক পাবলিকেশন্স,https://www.wafilife.com/cat/books/publisher/the-royal-scientific-publications
829,দি স্কাই পাবলিশার্স,https://www.wafilife.com/cat/books/publisher/the-sky-publishers
830,দিকদর্শন প্রকাশনী লিঃ,https://www.wafilife.com/cat/books/publisher/dikdarshon-prokashoni-ltd
831,দিব্যপ্রকাশ,https://www.wafilife.com/cat/books/publisher/dibbya-prokash
832,দিলরুবা,https://www.wafilife.com/cat/books/publisher/দিলরুবা
833,দীনিয়াত শিক্ষার মেহনত,https://www.wafilife.com/cat/books/publisher/দীনিয়াত-শিক্ষার-মেহনত
834,দীপাধার প্রকাশন,https://www.wafilife.com/cat/books/publisher/দীপাধার-প্রকাশন
835,দীপ্তিমান প্রকাশনী,https://www.wafilife.com/cat/books/publisher/diptiman-prakashani
836,দুন্দুভি,https://www.wafilife.com/cat/books/publisher/dunduvi
837,দুরন্ত পাবলিকেশন্স,https://www.wafilife.com/cat/books/publisher/duranta-publications
838,দুরন্ত রিসার্চ ইনস্টিটিউট,https://www.wafilife.com/cat/books/publisher/duranta-research-institute
839,দুররানি প্রকাশন,https://www.wafilife.com/cat/books/publisher/durrani-prokashon
840,দুর্বার পাবলিকেশন্স,https://www.wafilife.com/cat/books/publisher/durbar-publication
841,দুয়ার প্রকাশনী,https://www.wafilife.com/cat/books/publisher/দুয়ার-প্রকাশনী
842,দূরবীণ,https://www.wafilife.com/cat/books/publisher/durbin
843,দেশ পাবলিকেশনস,https://www.wafilife.com/cat/books/publisher/দেশ-পাবলিকেশনস-publisher
844,দেশ বাংলা প্রকাশন,https://www.wafilife.com/cat/books/publisher/desh-bangla-prokashon
845,দ্বিমিক প্রকাশনী,https://www.wafilife.com/cat/books/publisher/দ্বিমিক-প্রকাশনী
846,দ্বীন পাবলিকেশন,https://www.wafilife.com/cat/books/publisher/deen-publication
847,দ্বীন প্রকাশন,https://www.wafilife.com/cat/books/publisher/deen-prokashon
848,দ্বীনিয়াত প্রকাশনী,https://www.wafilife.com/cat/books/publisher/deeniyat-publication
849,দ্য কুরাইশ ইন্টারন্যাশনাল লিমিটেড,https://www.wafilife.com/cat/books/publisher/the-quraish-international-limited
850,দ্য সুলতান,https://www.wafilife.com/cat/books/publisher/দ্য-সুলতান
851,দ্যু প্রকাশন,https://www.wafilife.com/cat/books/publisher/dyu-prokashon
852,ধরলা পাবলিকেশন্স,https://www.wafilife.com/cat/books/publisher/dharla-publications
853,ধ্রুবক প্রকাশনী,https://www.wafilife.com/cat/books/publisher/dhrubok-prokashoni
854,নওরোজ সাহিত্য সম্ভার,https://www.wafilife.com/cat/books/publisher/নওরোজ-সাহিত্য-সম্ভার
855,নটিলাস প্রকাশনী,https://www.wafilife.com/cat/books/publisher/নটিলাস-প্রকাশনী
856,নতুন ধারা,https://www.wafilife.com/cat/books/publisher/notun-dhara
857,নতুন বিন্যাস,https://www.wafilife.com/cat/books/publisher/notun-binyas
858,নন্দন,https://www.wafilife.com/cat/books/publisher/নন্দন
859,নন্দিতা প্রকাশ,https://www.wafilife.com/cat/books/publisher/nandita-prokash
860,নব সাহিত্য প্রকাশনী,https://www.wafilife.com/cat/books/publisher/nobo-shahityo-prokaskhoni
861,নবকথন প্রকাশনী,https://www.wafilife.com/cat/books/publisher/nobokothon-prokashoni
862,নবজাগরণ প্রকাশনী,https://www.wafilife.com/cat/books/publisher/nobojagoron-prokashoni
863,নবধারা প্রকাশন,https://www.wafilife.com/cat/books/publisher/nobodhara-prokashon
864,নবপথ প্রকাশনী,https://www.wafilife.com/cat/books/publisher/nobopoth-prokashoni
865,নবপ্রকাশ,https://www.wafilife.com/cat/books/publisher/নবপ্রকাশ
866,নবপ্রত্যুষ প্রকাশনী,https://www.wafilife.com/cat/books/publisher/noboprottush-prokashoni
867,নবযুগ প্রকাশনী,https://www.wafilife.com/cat/books/publisher/nobojug-prokashoni
868,নবারুণ পাবলিকেশন,https://www.wafilife.com/cat/books/publisher/nabarun-publication
869,নবারুণ প্রকাশন,https://www.wafilife.com/cat/books/publisher/nobarun-prokashon
870,নবায়ন প্রকাশন,https://www.wafilife.com/cat/books/publisher/nobayon-prokashon
871,নবীন প্রকাশন,https://www.wafilife.com/cat/books/publisher/নবীন-প্রকাশন
872,নযদিক প্রকাশন,https://www.wafilife.com/cat/books/publisher/nozdik-prokashon
873,নয়া প্রভাত প্রকাশন,https://www.wafilife.com/cat/books/publisher/নয়া-প্রভাত-প্রকাশন
874,নলেজ পাবলিশার্স,https://www.wafilife.com/cat/books/publisher/knowledge-publishers
875,নলেজ প্রোডাক্টস,https://www.wafilife.com/cat/books/publisher/knowledge-products
876,নলেজ মিডিয়া পাবলিকেশন,https://www.wafilife.com/cat/books/publisher/knowledge-media-publication
877,নহর প্রকাশন,https://www.wafilife.com/cat/books/publisher/nohor-prokashon
878,নাগরী,https://www.wafilife.com/cat/books/publisher/nagoree
879,নাজাত পাবলিকেশন,https://www.wafilife.com/cat/books/publisher/najat-publications
880,নাজিম পাবলিকেশন্স,https://www.wafilife.com/cat/books/publisher/nazim-publications
881,নাদওয়া পাবলিকেশন,https://www.wafilife.com/cat/books/publisher/nadwa-publication-publisher
882,নাদওয়া পাবলিকেশন,https://www.wafilife.com/cat/books/publisher/nadwa-publication
883,নাদিয়া বুক কর্ণার,https://www.wafilife.com/cat/books/publisher/nadia-book-korner
884,নাদিয়াতুল কুরআন প্রকাশনী,https://www.wafilife.com/cat/books/publisher/nadiyatul-quran-prakashoni
885,নাদিয়াতুল কুরআন ফাউন্ডেশন,https://www.wafilife.com/cat/books/publisher/nadiatul-quran-foundation
886,নাদিয়াতুল কুরআন লাইব্রেরী,https://www.wafilife.com/cat/books/publisher/নাদিয়াতুল-কুরআন-লাইব্রের
887,নাবহান প্রকাশন,https://www.wafilife.com/cat/books/publisher/nabhan-prokashon
888,নাবা প্রকাশন,https://www.wafilife.com/cat/books/publisher/naba-prokashon
889,নালন্দা,https://www.wafilife.com/cat/books/publisher/নালন্দা
890,নাশাত পাবলিকেশন,https://www.wafilife.com/cat/books/publisher/নাশাত
891,নি পাবলিকেশন্স,https://www.wafilife.com/cat/books/publisher/ni-publication
892,নিউ ভয়েস,https://www.wafilife.com/cat/books/publisher/new-voice
893,নিউক্লিয়াস প্রকাশনী,https://www.wafilife.com/cat/books/publisher/nucleus-prokashoni
894,নিউরন পাবলিকেশন,https://www.wafilife.com/cat/books/publisher/নিউরন-পাবলিকেশন
895,নিনাদ প্রকাশ,https://www.wafilife.com/cat/books/publisher/নিনাদ-প্রকাশ
896,নিপুণ প্রকাশন,https://www.wafilife.com/cat/books/publisher/নিপুণ-প্রকাশন
897,নিবেদিতা প্রকাশন,https://www.wafilife.com/cat/books/publisher/nibedita-prokashon
898,নিমগ্ন,https://www.wafilife.com/cat/books/publisher/nimagna
899,নিমোনিক পাবলিকেশন্স,https://www.wafilife.com/cat/books/publisher/mnemonic-publications
900,নিরাপদ প্রকাশনী,https://www.wafilife.com/cat/books/publisher/nirapod-publishing
901,নির্ণয় প্রকাশন,https://www.wafilife.com/cat/books/publisher/nirnoy-prokashon
902,নিয়ন,https://www.wafilife.com/cat/books/publisher/neon
903,নিয়ন পাবলিকেশন,https://www.wafilife.com/cat/books/publisher/নিয়ন-পাবলিকেশন
904,নীলক্ষেত মর্ডান লাইব্রেরী,https://www.wafilife.com/cat/books/publisher/nilkhet-modern-library
905,নুর ফিজিক্স ক্রিয়েটিভ পাবলিশার্স,https://www.wafilife.com/cat/books/publisher/nur-physics-creative-publishers
906,নুরানি একাডেমি,https://www.wafilife.com/cat/books/publisher/nurani-academy
907,নুসান পাবলিকেশন,https://www.wafilife.com/cat/books/publisher/nusan-publication
908,নূর ডিজিটাল ল্যান্ড সার্ভে ট্রেনিং ইনস্টিটিউট,https://www.wafilife.com/cat/books/publisher/noor-digital-land-survey-training-institute
909,নূর পাবলিকেশন্স,https://www.wafilife.com/cat/books/publisher/nur-publication
910,নূরানী প্রকাশনী,https://www.wafilife.com/cat/books/publisher/নূরানী-প্রকাশনী
911,নূরুল কুরআন একাডেমী,https://www.wafilife.com/cat/books/publisher/nurul-quran-academy
912,নূরুল কুরআন প্রকাশনী,https://www.wafilife.com/cat/books/publisher/নূরুল-কুরআন-প্রকাশনী
913,নেক্সাস পাবলিকেশন্স লিমিটেড,https://www.wafilife.com/cat/books/publisher/nexus-publications-ltd
914,নেলরি পাবলিকেশন,https://www.wafilife.com/cat/books/publisher/nelri-publication
915,নৈঃশব্দ্য প্রকাশনী,https://www.wafilife.com/cat/books/publisher/noishobdo-prokashoni
916,নোঙর প্রকাশন,https://www.wafilife.com/cat/books/publisher/nongor-prokashon
917,নোবেল পাবলিকেশন্স,https://www.wafilife.com/cat/books/publisher/noble-publications
918,নোভা বুকস অ্যান্ড পাবলিশার্স,https://www.wafilife.com/cat/books/publisher/nova-books-and-publishers
919,ন্যাশনাল পাবলিকেশন,https://www.wafilife.com/cat/books/publisher/national-publication
920,নয়া উদ্যোগ,https://www.wafilife.com/cat/books/publisher/নয়া-উদ্যোগ
921,নয়া প্রভাত পাবলিকেশন,https://www.wafilife.com/cat/books/publisher/naya-provat-publication
922,পথিক প্রকাশন,https://www.wafilife.com/cat/books/publisher/pothik-prokashon
923,পরশমণি প্রকাশন,https://www.wafilife.com/cat/books/publisher/পরশমণি-প্রকাশন
924,পরিবর্তন প্রকাশন,https://www.wafilife.com/cat/books/publisher/poriborton-publisher
925,পরিলেখ প্রকাশনী,https://www.wafilife.com/cat/books/publisher/porilekh-prokasoni
926,পরিশুদ্ধি প্রকাশন,https://www.wafilife.com/cat/books/publisher/পরিশুদ্ধি-প্রকাশন
927,পরিসর,https://www.wafilife.com/cat/books/publisher/porisor
928,পলল প্রকাশনী,https://www.wafilife.com/cat/books/publisher/পলল-প্রকাশনী
929,পলাশ প্রকাশনী,https://www.wafilife.com/cat/books/publisher/polash-publication
930,পাইওনিয়ার পাবলিকেশন্স,https://www.wafilife.com/cat/books/publisher/pioneer-publications
931,পাওয়ার পাবলিকেশন,https://www.wafilife.com/cat/books/publisher/power-publications
932,পাঞ্জেরী ইসলামিক পাবলিকেশন্স,https://www.wafilife.com/cat/books/publisher/panjeree-islamic-publications
933,পাঞ্জেরী পাবলিকেশন্স,https://www.wafilife.com/cat/books/publisher/panjeree-publicaitons
934,পাঞ্জেরী পাবলিকেশন্স লিমিটেড,https://www.wafilife.com/cat/books/publisher/panjeree-publications-ltd
935,পাঠক সমাবেশ,https://www.wafilife.com/cat/books/publisher/pathak-shamabesh
936,পাঠাগার প্রকাশনী,https://www.wafilife.com/cat/books/publisher/pathagar-prokashoni
937,পাণ্ডুলিপি প্রকাশ,https://www.wafilife.com/cat/books/publisher/pandulipi-prokash
938,পাতাং প্রকাশন,https://www.wafilife.com/cat/books/publisher/patang-prokashon
939,পাথেয় পাবলিকেশন,https://www.wafilife.com/cat/books/publisher/patheo-publication-publisher
940,পাপড়ি,https://www.wafilife.com/cat/books/publisher/papri
941,পারফেক্ট প্রকাশনী,https://www.wafilife.com/cat/books/publisher/perfect-prokashoni
942,পারিজাত প্রকাশনী,https://www.wafilife.com/cat/books/publisher/parijat-prakashani
943,পার্ল পাবলিকেশন্স,https://www.wafilife.com/cat/books/publisher/pearl-publications
944,পার্সপেক্টিভ,https://www.wafilife.com/cat/books/publisher/perspective
945,পালক পাবলিশার্স,https://www.wafilife.com/cat/books/publisher/palok-publishers
946,পাললিক সৌরভ,https://www.wafilife.com/cat/books/publisher/palolik-shourov
947,পিস পাবলিকেশন,https://www.wafilife.com/cat/books/publisher/peace-publication
948,পিস প্রেস পাবলিকেশনস,https://www.wafilife.com/cat/books/publisher/পিস-প্রেস-পাবলিকেশনস
949,পুঁথি,https://www.wafilife.com/cat/books/publisher/puthi
950,পুণ্ড্র প্রকাশন,https://www.wafilife.com/cat/books/publisher/পুণ্ড্র-প্রকাশন
951,পুথি প্রকাশ,https://www.wafilife.com/cat/books/publisher/puthi-prakash
952,পুথিনিলয় প্রকাশনী,https://www.wafilife.com/cat/books/publisher/puthiniloy-prokashany
953,পুনরায় প্রকাশন,https://www.wafilife.com/cat/books/publisher/punoray-prokashon
954,পুনর্পাঠ,https://www.wafilife.com/cat/books/publisher/punorpath
955,পুনশ্চ পাবলিকেশন,https://www.wafilife.com/cat/books/publisher/punoscho-publication
956,পুষ্প প্রকাশন,https://www.wafilife.com/cat/books/publisher/pushpo-prokash
957,পুস্তক প্রকাশন,https://www.wafilife.com/cat/books/publisher/pustok-prokashon
958,পেনফিল্ড পাবলিকেশন,https://www.wafilife.com/cat/books/publisher/penfield-publication
959,পেন্ডুলাম পাবলিশার্স,https://www.wafilife.com/cat/books/publisher/pandulum--publishers
960,পেন্সিল পাবলিকেশনস,https://www.wafilife.com/cat/books/publisher/pencil-publications
961,পেপার ভয়েজার,https://www.wafilife.com/cat/books/publisher/paper-voyager
962,পেপারপ্রোক,https://www.wafilife.com/cat/books/publisher/paperproc
963,পেপারসফট,https://www.wafilife.com/cat/books/publisher/papersoft
964,প্যান ইসলামিজম পাবলিশার্স,https://www.wafilife.com/cat/books/publisher/প্যান-ইসলামিজম-পাবলিশার্
965,প্যানাসিয়া পাবলিকেশনস,https://www.wafilife.com/cat/books/publisher/panacea-publications
966,প্যারাগন পাবলিকেশন্স,https://www.wafilife.com/cat/books/publisher/paragon-publications
967,প্যারামাউন্ট পাবলিকেশন,https://www.wafilife.com/cat/books/publisher/paramount-publication
968,প্যারেন্টস পাবলিকেশন্স,https://www.wafilife.com/cat/books/publisher/parents-publications
969,"প্রকাশনা বিভাগ, জামিয়া শারইয়্যাহ মালিবাগ",https://www.wafilife.com/cat/books/publisher/publication-department-jamia-shariah-malibagh
970,প্রগতি পাবলিশার্স,https://www.wafilife.com/cat/books/publisher/progoti-publishers
971,প্রগ্রেসিভ পাবলিশার্স,https://www.wafilife.com/cat/books/publisher/প্রগ্রেসিভ-পাবলিশার্স
972,প্রচলন প্রকাশন,https://www.wafilife.com/cat/books/publisher/প্রচলন-প্রকাশন
973,প্রচার প্রকাশনী,https://www.wafilife.com/cat/books/publisher/prochar-prokashoni
974,প্রচ্ছদ প্রকাশন,https://www.wafilife.com/cat/books/publisher/প্রচ্ছদ-প্রকাশন
975,প্রজন্ম পাবলিকেশন,https://www.wafilife.com/cat/books/publisher/প্রজন্ম-পাবলিকেশন
976,প্রজাপতি প্রকাশন,https://www.wafilife.com/cat/books/publisher/প্রজাপতি-প্রকাশন
977,প্রজ্ঞা প্রকাশ,https://www.wafilife.com/cat/books/publisher/progga-prokash
978,প্রতিচ্ছবি প্রকাশনী,https://www.wafilife.com/cat/books/publisher/প্রতিচ্ছবি-প্রকাশনী
979,প্রতিভা প্রকাশ,https://www.wafilife.com/cat/books/publisher/protiva-prokash
980,প্রতিভা প্রকাশন,https://www.wafilife.com/cat/books/publisher/protiva-prokashon
981,প্রতিভাষা প্রকাশন,https://www.wafilife.com/cat/books/publisher/protivasha-prokashon
982,প্রতিভূ প্রকাশ,https://www.wafilife.com/cat/books/publisher/protivu-prokash
983,প্রতীক প্রকাশনা সংস্থা,https://www.wafilife.com/cat/books/publisher/protik-prokashona-songstha
984,প্রত্যাশা প্রকাশ,https://www.wafilife.com/cat/books/publisher/prottasha-prokash
985,প্রত্যাশা প্রকাশন,https://www.wafilife.com/cat/books/publisher/protyasha-prokashon
986,প্রত্যয়,https://www.wafilife.com/cat/books/publisher/প্রত্যয়
987,প্রত্যয় পাবলিকেশন্স,https://www.wafilife.com/cat/books/publisher/prottoy-publications
988,প্রথমা প্রকাশন,https://www.wafilife.com/cat/books/publisher/prothoma-prokashon
989,প্রফেসর’স পাবলিকেশন্স,https://www.wafilife.com/cat/books/publisher/প্রফেসরস-পাবলিকেশন্স-publisher
990,প্রফেসর’স প্রকাশন,https://www.wafilife.com/cat/books/publisher/প্রফেসরস-প্রকাশন
991,প্রফেসর’স বুক কর্ণার,https://www.wafilife.com/cat/books/publisher/প্রফেসরস-বুক-কর্ণার-publisher
992,প্রসিদ্ধ পাবলিশার্স,https://www.wafilife.com/cat/books/publisher/prasiddha-publishers
993,প্রাইম পাবলিকেশনস্,https://www.wafilife.com/cat/books/publisher/prime-publications
994,প্রান্ত প্রকাশন,https://www.wafilife.com/cat/books/publisher/pranto-prokashon
995,প্রাপক প্রকাশন,https://www.wafilife.com/cat/books/publisher/prapok-prokashon
996,প্রিজম প্রকাশনী,https://www.wafilife.com/cat/books/publisher/prism-prokashoni
997,প্রিভিউ প্রকাশন,https://www.wafilife.com/cat/books/publisher/preview-prokashon
998,প্রিমিয়াম পাবলিকেশন্স,https://www.wafilife.com/cat/books/publisher/premium-publications
999,প্রিসেপটর্স পাবলিকেশন্স,https://www.wafilife.com/cat/books/publisher/preceptors-publication
1000,প্রিয়মুখ,https://www.wafilife.com/cat/books/publisher/প্রিয়মুখ
1001,প্রীতম প্রকাশ,https://www.wafilife.com/cat/books/publisher/pritom-prokash
1002,প্রীতি প্রকাশন,https://www.wafilife.com/cat/books/publisher/প্রীতি-প্রকাশন
1003,প্রেরণা পাবলিকেশন্স,https://www.wafilife.com/cat/books/publisher/prerona-publications
1004,প্রেরণা প্রকাশন,https://www.wafilife.com/cat/books/publisher/prerona-prokashon
1005,প্রোডাক্টিভ পাবলিকেশন,https://www.wafilife.com/cat/books/publisher/productive-publication
1006,প্রয়াস প্রকাশন,https://www.wafilife.com/cat/books/publisher/proyas-prokashon
1007,প্লাজমিড প্লাস পাবলিকেশন্স,https://www.wafilife.com/cat/books/publisher/plasmid-plus-publications
1008,পড় প্রকাশ,https://www.wafilife.com/cat/books/publisher/পড়-প্রকাশ
1009,পয়গাম প্রকাশনী,https://www.wafilife.com/cat/books/publisher/পয়গাম-প্রকাশনী
1010,ফজর পাবলিকেশন,https://www.wafilife.com/cat/books/publisher/ফজর-পাবলিকেশন
1011,ফজর লাইফস্টাইল ম্যাগাজিন,https://www.wafilife.com/cat/books/publisher/fajr-lifestyle-magazine
1012,ফরিদ বুক ডিপো,https://www.wafilife.com/cat/books/publisher/ফরিদ-বুক-ডিপো
1013,ফাইনাল টাচ পাবলিকেশন্স,https://www.wafilife.com/cat/books/publisher/final touch publications
1014,ফাউন্টেন পাবলিকেশন্স,https://www.wafilife.com/cat/books/publisher/fountain-publications
1015,ফাতিহ প্রকাশন,https://www.wafilife.com/cat/books/publisher/fatih-prokashon
1016,ফাতেমা প্রকাশনী,https://www.wafilife.com/cat/books/publisher/fatema-prokashoni
1017,ফাতেহ ২৪ পাবলিকেশন,https://www.wafilife.com/cat/books/publisher/fateh-24-publication
1018,ফাহিম বুক ডিপো,https://www.wafilife.com/cat/books/publisher/ফাহিম-বুক-ডিপো
1019,ফিউচার উম্মাহ বিডি,https://www.wafilife.com/cat/books/publisher/future-ummah-bd
1020,ফিউচার রেডি পাবলিকেশন,https://www.wafilife.com/cat/books/publisher/future-ready-publication
1021,ফিকরাহ পাবলিকেশন,https://www.wafilife.com/cat/books/publisher/fiqrah-publication
1022,ফিকির পাবলিকেশন্স,https://www.wafilife.com/cat/books/publisher/fikir-publications
1023,ফিট লাইফ পাবলিকেশন,https://www.wafilife.com/cat/books/publisher/fit-life-publications
1024,ফিট লাইফ ফর উম্মাহ পাবলিকেশন্স,https://www.wafilife.com/cat/books/publisher/fit-life-for-ummah-publications
1025,ফিটাস পাবলিকেশন্স,https://www.wafilife.com/cat/books/publisher/fetus-publication
1026,ফিনফ্যাক্টস পাবলিকেশন্স,https://www.wafilife.com/cat/books/publisher/finfacts-publications
1027,ফিলহাল প্রকাশন,https://www.wafilife.com/cat/books/publisher/filhal-prokashon
1028,ফুরকান প্রকাশনী,https://www.wafilife.com/cat/books/publisher/ফুরকান-প্রকাশনী
1029,ফুলদানী প্রকাশনী,https://www.wafilife.com/cat/books/publisher/fuldani-prokashoni
1030,ফেইথ পাবলিকেশন্স,https://www.wafilife.com/cat/books/publisher/faith-publications
1031,ফেরা প্রকাশন,https://www.wafilife.com/cat/books/publisher/fera-prokashon
1032,ফোয়ারা,https://www.wafilife.com/cat/books/publisher/ফোয়ারা
1033,ফ্যালকন পাবলিকেশন,https://www.wafilife.com/cat/books/publisher/falcon-publication
1034,ফ্রেন্ডস্ বুক কর্ণার,https://www.wafilife.com/cat/books/publisher/friends-book-corner
1035,ফ্রেশ প্রকাশনী,https://www.wafilife.com/cat/books/publisher/fresh-prokashoni
1036,ফয়েজিয়া কুতুবখানা,https://www.wafilife.com/cat/books/publisher/foyezia-kutubkhana
1037,বই অঙ্গন প্রকাশন,https://www.wafilife.com/cat/books/publisher/boi-ongon-prokashon
1038,বই কারিগর,https://www.wafilife.com/cat/books/publisher/বই-কারিগর
1039,বইকেন্দ্র,https://www.wafilife.com/cat/books/publisher/বইকেন্দ্র
1040,বইঘর,https://www.wafilife.com/cat/books/publisher/বই-ঘর
1041,বইঠা,https://www.wafilife.com/cat/books/publisher/boitha
1042,বইনীড় পাবলিকেশন্স,https://www.wafilife.com/cat/books/publisher/boinir-publications
1043,বইপল্লি,https://www.wafilife.com/cat/books/publisher/বইপল্লি
1044,বইপাঠ পাবলিকেশন,https://www.wafilife.com/cat/books/publisher/boipath-publication
1045,বইপিয়ন প্রকাশনী,https://www.wafilife.com/cat/books/publisher/boipeon-prokashoni
1046,বইপ্রকাশ,https://www.wafilife.com/cat/books/publisher/বইপ্রকাশ
1047,বইপড়া,https://www.wafilife.com/cat/books/publisher/boipora
1048,বইবাজার প্রকাশনী,https://www.wafilife.com/cat/books/publisher/boibazar-prokashoni
1049,বইমই প্রকাশনী,https://www.wafilife.com/cat/books/publisher/boimoi-prokashoni
1050,বঙ্গ প্রকাশ,https://www.wafilife.com/cat/books/publisher/bongo-prokash
1051,বন্দি পাঠশালা পাবলিকেশন্স,https://www.wafilife.com/cat/books/publisher/bandi-pathshala-publications
1052,বন্ধন প্রকাশন,https://www.wafilife.com/cat/books/publisher/bandhan-prokashon
1053,বরেন্দ্র পাবলিকেশন,https://www.wafilife.com/cat/books/publisher/varendra-publication
1054,বর্ণ প্রকাশ,https://www.wafilife.com/cat/books/publisher/borno-prokash
1055,বর্ণঘর প্রকাশন,https://www.wafilife.com/cat/books/publisher/bornoghar-prokashon
1056,বর্ণালি বুক সেন্টার-বিবিসি,https://www.wafilife.com/cat/books/publisher/bornali-book-center-bbc
1057,বর্ণায়ন,https://www.wafilife.com/cat/books/publisher/বর্ণায়ন
1058,বর্তমান প্রকাশনী,https://www.wafilife.com/cat/books/publisher/bortoman-prokashoni
1059,বর্ষাদুপুর,https://www.wafilife.com/cat/books/publisher/borshadupur
1060,বাঁধন পাবলিকেশন্স,https://www.wafilife.com/cat/books/publisher/badhon-publication
1061,বাংলা একাডেমি,https://www.wafilife.com/cat/books/publisher/bangla-academy
1062,বাংলা প্রকাশ,https://www.wafilife.com/cat/books/publisher/bangla-prokash
1063,বাংলা সাহিত্য আন্দোলন,https://www.wafilife.com/cat/books/publisher/bangla-sahitto-andolon
1064,বাংলা সাহিত্য পরিষদ,https://www.wafilife.com/cat/books/publisher/bangla-sahityo-prishod
1065,বাংলাদেশ ইনস্টিটিউট অব ইসলামিক থট (বি.আই.আই.টি),https://www.wafilife.com/cat/books/publisher/bangladesh-institute-of-islamic-thought-biit
1066,বাংলাদেশ ইনস্টিটিউট অব ইসলামিক ফাইন্যান্স (বিআইআইএফ),https://www.wafilife.com/cat/books/publisher/বাংলাদেশ-ইনস্টিটিউট-অব-ই
1067,বাংলাদেশ ইসলামিক ল রিসার্চ এন্ড লিগ্যাল এইড সেন্টার,https://www.wafilife.com/cat/books/publisher/বাংলাদেশ-ইসলামিক-লরিসার
1068,বাংলাদেশ ইসলামিক সেন্টার,https://www.wafilife.com/cat/books/publisher/bangladesh-islamic-center
1069,বাংলাদেশ ইসলামী লেখক ফোরাম,https://www.wafilife.com/cat/books/publisher/bangladesh-islami-lekhok-forum
1070,বাংলাদেশ কো-অপারেটিভ বুক সোসাইটি লিঃ,https://www.wafilife.com/cat/books/publisher/bangladesh-co-operative-book-society-ltd
1071,বাংলাদেশ ট্রাভেল রাইটার্স এসোসিয়েশন,https://www.wafilife.com/cat/books/publisher/bangladesh-travel-writers-association
1072,বাংলাদেশ তাজ কোম্পানী লিঃ,https://www.wafilife.com/cat/books/publisher/bangladesh-taj-company-ltd
1073,বাংলাদেশ মুসলিম কাউন্সিল,https://www.wafilife.com/cat/books/publisher/bangladesh-muslim-council
1074,বাংলাপ্রকাশ,https://www.wafilife.com/cat/books/publisher/banglaprakash
1075,বাংলার প্রকাশন,https://www.wafilife.com/cat/books/publisher/banglar-prokashon
1076,বাইতুত তাহকীক,https://www.wafilife.com/cat/books/publisher/baitut-tahkik
1077,বাইতুল কিতাব,https://www.wafilife.com/cat/books/publisher/baitul-kitab
1078,বাইয়্যিনাহ প্রকাশন,https://www.wafilife.com/cat/books/publisher/bayyinah-prokason
1079,বাঙ্গালা গবেষণা,https://www.wafilife.com/cat/books/publisher/বাঙ্গালা-গবেষণা
1080,বাছবিচার বুকস,https://www.wafilife.com/cat/books/publisher/bachbichar-books
1081,বাড কম্প্রিন্ট এন্ড পাবলিকেশন্স,https://www.wafilife.com/cat/books/publisher/bird-komprit-and-publication
1082,বাতায়ন পাবলিকেশন,https://www.wafilife.com/cat/books/publisher/batayon-publication
1083,বাতিঘর,https://www.wafilife.com/cat/books/publisher/batighar
1084,বাতিঘর প্রকাশনী,https://www.wafilife.com/cat/books/publisher/বাতিঘর-প্রকাশনী
1085,বাবুই,https://www.wafilife.com/cat/books/publisher/babui
1086,বায়ান্ন ’৫২,https://www.wafilife.com/cat/books/publisher/bayanno-52
1087,বাহার বুক হাউস,https://www.wafilife.com/cat/books/publisher/bahar-book-house
1088,বিআইআইটি পাবলিকেশন্স,https://www.wafilife.com/cat/books/publisher/biit-publications
1089,বিকল্প পাবলিকেশন-(জিজ্ঞাসা সিরিজ),https://www.wafilife.com/cat/books/publisher/bikolpo-publication-jigghasa-series
1090,বিগ ব্যাং এক্সাম কেয়ার,https://www.wafilife.com/cat/books/publisher/big-bang-exam-care
1091,বিজিটিকেডি,https://www.wafilife.com/cat/books/publisher/bgtkd
1092,বিজ্ঞানবিদ্যা পাবলিকেশন,https://www.wafilife.com/cat/books/publisher/bigganbidya-publication
1093,বিডিয়ান পাবলিকেশনস,https://www.wafilife.com/cat/books/publisher/bdian-publications
1094,বিদ্যাপ্রকাশ,https://www.wafilife.com/cat/books/publisher/বিদ্যাপ্রকাশ
1095,বিদ্যাবাড়ি পাবলিকেশন্স,https://www.wafilife.com/cat/books/publisher/bidyabari-publications
1096,বিদ্যামেলা প্রকাশনী,https://www.wafilife.com/cat/books/publisher/বিদ্যামেলা-প্রকাশনী
1097,বিনির্মাণ পাবলিকেশন,https://www.wafilife.com/cat/books/publisher/binirman-publication
1098,বিন্দু প্রকাশ,https://www.wafilife.com/cat/books/publisher/bindu-prokash-publisher
1099,বিন্দুতে সিন্ধু,https://www.wafilife.com/cat/books/publisher/bindute-sindhu
1100,বিবরণ প্রকাশন,https://www.wafilife.com/cat/books/publisher/biboron-prokashon
1101,বিবর্তন প্রকাশন,https://www.wafilife.com/cat/books/publisher/biborton-prokashon
1102,বিবলিওফাইল প্রকাশনী,https://www.wafilife.com/cat/books/publisher/বিবলিওফাইল-প্রকাশনী
1103,বিভাস,https://www.wafilife.com/cat/books/publisher/bivas
1104,বিলিভার্স ভিশন পাবলিকেশন্স,https://www.wafilife.com/cat/books/publisher/believers-vision-publication
1105,বিশ্বকল্যাণ পাবলিকেশন্স,https://www.wafilife.com/cat/books/publisher/বিশ্বকল্যাণ-পাবলিকেশন্স
1106,বিশ্বসাহিত্য কেন্দ্র,https://www.wafilife.com/cat/books/publisher/bishowsahitto-kendro
1107,বিশ্বসাহিত্য ভবন,https://www.wafilife.com/cat/books/publisher/bishwasahitto-vobon
1108,বিহান,https://www.wafilife.com/cat/books/publisher/bihan
1109,বুক পয়েন্ট,https://www.wafilife.com/cat/books/publisher/book-point
1110,বুক স্ট্রিট,https://www.wafilife.com/cat/books/publisher/বুক-স্ট্রিট
1111,বুক হাউজ,https://www.wafilife.com/cat/books/publisher/book-house
1112,বুকফ্লাই পাবলিকেশন,https://www.wafilife.com/cat/books/publisher/বুকফ্লাই-পাবলিকেশন
1113,বুকমার্ক পাবলিকেশন,https://www.wafilife.com/cat/books/publisher/bookmark-publication
1114,বুকস্‌ ফেয়ার,https://www.wafilife.com/cat/books/publisher/books-fair
1115,বুকিশ পাবলিশার,https://www.wafilife.com/cat/books/publisher/bookish-publisher
1116,বুনট,https://www.wafilife.com/cat/books/publisher/buknot
1117,বুস্টার পাবলিকেশন্স,https://www.wafilife.com/cat/books/publisher/booster-publication
1118,বেঙ্গল ল বুকস্‌,https://www.wafilife.com/cat/books/publisher/bengal-law-books
1119,বেঙ্গলবুকস,https://www.wafilife.com/cat/books/publisher/বেঙ্গলবুকস
1120,বেদুঈন প্রকাশনী,https://www.wafilife.com/cat/books/publisher/beduin-prokashoni
1121,বেনজিন প্রকাশন,https://www.wafilife.com/cat/books/publisher/benjin-prokashon
1122,বেফাকুল মাদারিসিল আরাবিয়া বাংলাদেশ,https://www.wafilife.com/cat/books/publisher/befakul-madarisil-arabiya-bangladesh
1123,বেসিক নিয়োগ পাবলিকেশন্স,https://www.wafilife.com/cat/books/publisher/basic-niyog-publications
1124,বেহুলাবাংলা,https://www.wafilife.com/cat/books/publisher/behulabangla
1125,বৈচিত্র্য প্রকাশ,https://www.wafilife.com/cat/books/publisher/boichitro-prokash
1126,বৈভব,https://www.wafilife.com/cat/books/publisher/বৈভব
1127,বোনা-ফাইড পাবলিকেশন্স,https://www.wafilife.com/cat/books/publisher/bona-fide-publications
1128,বোরাক প্রকাশন,https://www.wafilife.com/cat/books/publisher/বোরাক-প্রকাশন
1129,বোহো,https://www.wafilife.com/cat/books/publisher/boho
1130,ব্যাপন,https://www.wafilife.com/cat/books/publisher/byapon
1131,ব্রাইট ফিউচার পাবলিকেশন,https://www.wafilife.com/cat/books/publisher/bright-future-publication
1132,ব্রাদার্স পাবলিকেশন,https://www.wafilife.com/cat/books/publisher/brothers-publications
1133,ব্রেইনল্যান্ড,https://www.wafilife.com/cat/books/publisher/brainland
1134,ব্রেইনারি পাবলিকেশন,https://www.wafilife.com/cat/books/publisher/brainery-publication
1135,ব্রেনফিভার (চট্টগ্রাম),https://www.wafilife.com/cat/books/publisher/brainfever-chattogram
1136,ভাষাচিত্র,https://www.wafilife.com/cat/books/publisher/vashachitro
1137,ভাষাপ্রকাশ,https://www.wafilife.com/cat/books/publisher/vashaprokash
1138,ভূঁইয়া প্রকাশনী,https://www.wafilife.com/cat/books/publisher/ভূঁইয়া-প্রকাশনী
1139,ভূমিকা,https://www.wafilife.com/cat/books/publisher/ভূমিকা
1140,ভূমিপ্রকাশ,https://www.wafilife.com/cat/books/publisher/ভূমিপ্রকাশ
1141,মক্কা পাবলিকেশন্স,https://www.wafilife.com/cat/books/publisher/makka-publications
1142,মক্কা প্রকাশন,https://www.wafilife.com/cat/books/publisher/mokka-prokashon
1143,মক্তব প্রকাশন,https://www.wafilife.com/cat/books/publisher/maktab-prokashon
1144,মজিদ পাবলিকেশন,https://www.wafilife.com/cat/books/publisher/majid-publication
1145,মতলেবিয়া কুতুবখানা,https://www.wafilife.com/cat/books/publisher/motlebia-kutubkhana
1146,মদিনা ভিলেজ,https://www.wafilife.com/cat/books/publisher/medina-village
1147,মদীনা পাবলিকেশান্স,https://www.wafilife.com/cat/books/publisher/madina-publications
1148,মধুপোক,https://www.wafilife.com/cat/books/publisher/modhupok
1149,মনন প্রকাশ,https://www.wafilife.com/cat/books/publisher/মনন-প্রকাশ
1150,মনোজ প্রকাশনী,https://www.wafilife.com/cat/books/publisher/মনোজ-প্রকাশনী
1151,মম প্রকাশ,https://www.wafilife.com/cat/books/publisher/মম-প্রকাশ
1152,মরিয়ম বুক হাউস,https://www.wafilife.com/cat/books/publisher/mariyam-book-house
1153,মল্লিক ব্রাদার্স,https://www.wafilife.com/cat/books/publisher/মল্লিক-ব্রাদার্স
1154,মহাকাল,https://www.wafilife.com/cat/books/publisher/mohakal
1155,মহানগর পাবলিকেশন,https://www.wafilife.com/cat/books/publisher/mohanogor-publications
1156,মাহাদুল কুরআন ওয়াস সুন্নাহ,https://www.wafilife.com/cat/books/publisher/mahadul-quran-wassunnah
1157,মাইমুনা প্রকাশনী,https://www.wafilife.com/cat/books/publisher/মাইমুনা-প্রকাশনী
1158,মাওলা প্রকাশনী,https://www.wafilife.com/cat/books/publisher/mawla-prokashoni
1159,মাওলা ব্রাদার্স,https://www.wafilife.com/cat/books/publisher/mowla-brothers
1160,মাওলানা আনিসুর রহমান,https://www.wafilife.com/cat/books/publisher/mawlana-anisur-rahman
1161,মাওলানা আব্দুল কাদির সিংকাপনী ফাউন্ডেশন,https://www.wafilife.com/cat/books/publisher/mawlana-abdul-kadir-sinkaponi-foundation
1162,মাকতাব,https://www.wafilife.com/cat/books/publisher/maktab
1163,মাকতাবা,https://www.wafilife.com/cat/books/publisher/maktaba
1164,মাকতাবা দাঈরাতুল মাআরিফ (পাকিস্তান),https://www.wafilife.com/cat/books/publisher/maktaba-dairatul-maarif-pakistan
1165,মাকতাবাত আলমুফলিহুন,https://www.wafilife.com/cat/books/publisher/maktabat-al-muflihun
1166,মাকতাবাতু ইবরাহীম,https://www.wafilife.com/cat/books/publisher/মাকতাবাতু-ইবরাহীম
1167,মাকতাবাতু দারুল উলুম (পাকিস্তান),https://www.wafilife.com/cat/books/publisher/maktabatu-dar-ul-uloom-pakistan
1168,মাকতাবাতু দারুল হিজাজ (মিশর),https://www.wafilife.com/cat/books/publisher/maktabatu-dar-ul-hijaz-egypt
1169,মাকতাবাতু মারকাযিত তালীম ওয়াত তায়াল্লুম,https://www.wafilife.com/cat/books/publisher/maktabatu-markazit-talim-wat-taallum
1170,মাকতাবাতু মারিফুল কুরআন (পাকিস্তান),https://www.wafilife.com/cat/books/publisher/maktabatu-mariful-quran-pakistan
1171,মাকতাবাতু রাইয়্যান,https://www.wafilife.com/cat/books/publisher/maktabatu-rayyan
1172,মাকতাবাতু সাঈদ,https://www.wafilife.com/cat/books/publisher/maktabatu-sayed
1173,মাকতাবাতুত তাওফিকহিয়্যা (মিশর),https://www.wafilife.com/cat/books/publisher/maktabatut-tawfiqhiya-egypt
1174,মাকতাবাতুত তাকওয়া,https://www.wafilife.com/cat/books/publisher/মাকতাবাতুত-তাকওয়া
1175,মাকতাবাতুত তাকওয়া (মিশর),https://www.wafilife.com/cat/books/publisher/maktabatut-taqwa-egypt
1176,মাকতাবাতুত তাকী,https://www.wafilife.com/cat/books/publisher/মাকতাবাতুত-তাকী
1177,মাকতাবাতুত তাসনীম,https://www.wafilife.com/cat/books/publisher/maktabatut-tasneem
1178,মাকতাবাতুদ দাওয়াহ,https://www.wafilife.com/cat/books/publisher/মাকতাবাতুদ-দাওয়াহ
1179,মাকতাবাতুন নূর,https://www.wafilife.com/cat/books/publisher/maktabatun-nur
1180,মাকতাবাতুয যাকারিয়া,https://www.wafilife.com/cat/books/publisher/মাকতাবাতুয-যাকারিয়া
1181,মাকতাবাতুয যুবায়ের,https://www.wafilife.com/cat/books/publisher/maktabatul-jubayer
1182,মাকতাবাতুর রশীদ,https://www.wafilife.com/cat/books/publisher/maktabatur-rashid
1183,মাকতাবাতুর রাইয়্যান,https://www.wafilife.com/cat/books/publisher/maktabatur-rayan
1184,মাকতাবাতুর রিফাত,https://www.wafilife.com/cat/books/publisher/maktabatur-rifat
1185,মাকতাবাতুল আকসা,https://www.wafilife.com/cat/books/publisher/maktabatul-aqsa
1186,মাকতাবাতুল আখতার,https://www.wafilife.com/cat/books/publisher/মাকতাবাতুল-আখতার
1187,মাকতাবাতুল আনোয়ার,https://www.wafilife.com/cat/books/publisher/maktabatul-anwar
1188,মাকতাবাতুল আফকার,https://www.wafilife.com/cat/books/publisher/maktabatul-afkar
1189,মাকতাবাতুল আফনান,https://www.wafilife.com/cat/books/publisher/maktabatul-afnan
1190,মাকতাবাতুল আবরার,https://www.wafilife.com/cat/books/publisher/makbatul-abrar
1191,মাকতাবাতুল আবরার (জামালপুর),https://www.wafilife.com/cat/books/publisher/maktabatul-abrar-jamalpur
1192,মাকতাবাতুল আমজাদ,https://www.wafilife.com/cat/books/publisher/maktabatul-amjad
1193,মাকতাবাতুল আমান,https://www.wafilife.com/cat/books/publisher/মাকতাবাতুল-আমান
1194,মাকতাবাতুল আমীন,https://www.wafilife.com/cat/books/publisher/maktabatul-amin
1195,মাকতাবাতুল আযহার,https://www.wafilife.com/cat/books/publisher/maktabatul-azhar
1196,মাকতাবাতুল আযান,https://www.wafilife.com/cat/books/publisher/maktabatul-azan
1197,মাকতাবাতুল আরাফ,https://www.wafilife.com/cat/books/publisher/maktabatul-araf
1198,মাকতাবাতুল আরাবিয়া,https://www.wafilife.com/cat/books/publisher/maktabatul-arabiya
1199,মাকতাবাতুল আশরাফ,https://www.wafilife.com/cat/books/publisher/maktabatul-ashraf
1200,মাকতাবাতুল আসআদ,https://www.wafilife.com/cat/books/publisher/মাকতাবাতুল-আসআদ
1201,মাকতাবাতুল আসলাফ,https://www.wafilife.com/cat/books/publisher/মাকতাবাতুল-আসলাফ
1202,মাকতাবাতুল আহনাফ,https://www.wafilife.com/cat/books/publisher/maktabatul-ahnaf
1203,মাকতাবাতুল আহবাব,https://www.wafilife.com/cat/books/publisher/maktabatul-ahbab
1204,মাকতাবাতুল ইখওয়ান,https://www.wafilife.com/cat/books/publisher/maktabatul-ikhwan
1205,মাকতাবাতুল ইখওয়ান (গাজীপুর),https://www.wafilife.com/cat/books/publisher/maktabatul-ikhwan-gazipur
1206,মাকতাবাতুল ইত্তিহাদ,https://www.wafilife.com/cat/books/publisher/মাকতাবাতুল-ইত্তিহাদ
1207,মাকতাবাতুল ইলম,https://www.wafilife.com/cat/books/publisher/maktabatul-ilm
1208,মাকতাবাতুল ইলম (যশোর),https://www.wafilife.com/cat/books/publisher/maktabatul-ilm-joshore
1209,মাকতাবাতুল ইসলাম,https://www.wafilife.com/cat/books/publisher/মাকতাবাতুল-ইসলাম
1210,মাকতাবাতুল ইসলাহ,https://www.wafilife.com/cat/books/publisher/maktabatul-islah
1211,মাকতাবাতুল ঈমান,https://www.wafilife.com/cat/books/publisher/মাকতাবাতুল-ঈমান
1212,মাকতাবাতুল ওয়াতান,https://www.wafilife.com/cat/books/publisher/maktabatu-watan
1213,মাকতাবাতুল ওয়াজীহ,https://www.wafilife.com/cat/books/publisher/maktabatul-wazih
1214,মাকতাবাতুল ওয়াতান,https://www.wafilife.com/cat/books/publisher/maktabatul-watan
1215,মাকতাবাতুল কুরআন,https://www.wafilife.com/cat/books/publisher/মাকতাবাতুল-কুরআন
1216,মাকতাবাতুল ক্বলব,https://www.wafilife.com/cat/books/publisher/maktabatul-kolb
1217,মাকতাবাতুল খিদমাহ,https://www.wafilife.com/cat/books/publisher/maktabatul-khidmah
1218,মাকতাবাতুল ফকীর,https://www.wafilife.com/cat/books/publisher/maktabatul-faqir
1219,মাকতাবাতুল ফাতাহ বাংলাদেশ,https://www.wafilife.com/cat/books/publisher/মাকতাবাতুল-ফাতাহ-বাংলাদে
1220,মাকতাবাতুল ফুনূন,https://www.wafilife.com/cat/books/publisher/maktabatul-funun
1221,মাকতাবাতুল ফুরকান,https://www.wafilife.com/cat/books/publisher/maktabatul-furqan
1222,মাকতাবাতুল বায়ান,https://www.wafilife.com/cat/books/publisher/maktabatul-bayan
1223,মাকতাবাতুল বুশরা,https://www.wafilife.com/cat/books/publisher/মাকতাবাতুল-বুশরা
1224,মাকতাবাতুল মদিনাহ,https://www.wafilife.com/cat/books/publisher/maktabatul-madinah
1225,মাকতাবাতুল মাআরিফ,https://www.wafilife.com/cat/books/publisher/maktabatul-maarif
1226,মাকতাবাতুল মাদীনা(ডেমরা),https://www.wafilife.com/cat/books/publisher/maktabatul madina(demra)
1227,মাকতাবাতুল মারিয়াম,https://www.wafilife.com/cat/books/publisher/maktabatul-mariam
1228,মাকতাবাতুল মুয়াজ,https://www.wafilife.com/cat/books/publisher/maktabatul-muyaj-publisher
1229,মাকতাবাতুল মুয়াজ,https://www.wafilife.com/cat/books/publisher/maktabatul-muyaj
1230,মাকতাবাতুল হাকীম,https://www.wafilife.com/cat/books/publisher/maktabatul-hakim
1231,মাকতাবাতুল হাদি আল মুহাম্মাদি (ইংল্যান্ড),https://www.wafilife.com/cat/books/publisher/maktabatul-hadi-al-muhammadi-england
1232,মাকতাবাতুল হামীদ,https://www.wafilife.com/cat/books/publisher/মাকতাবাতুল-হামীদ
1233,মাকতাবাতুল হারামাইন,https://www.wafilife.com/cat/books/publisher/মাকতাবাতুল-হারামাইন
1234,মাকতাবাতুল হাসান,https://www.wafilife.com/cat/books/publisher/মাকতাবাতুল-হাসান
1235,মাকতাবাতুল হিকমাহ,https://www.wafilife.com/cat/books/publisher/maktabatul-hikmah
1236,মাকতাবাতুল হিজায,https://www.wafilife.com/cat/books/publisher/maktabatul-hijaz
1237,মাকতাবাতুল হিদায়াহ,https://www.wafilife.com/cat/books/publisher/maktabatul-hidayah
1238,মাকতাবাতুল হুদা আল ইসলামিয়া,https://www.wafilife.com/cat/books/publisher/মাকতাবাতুল-হুদা-আল-ইসলাম
1239,মাকতাবাতুল হুসাইন,https://www.wafilife.com/cat/books/publisher/maktabatul-hussain
1240,মাকতাবাতুল হেরা,https://www.wafilife.com/cat/books/publisher/মাকতাবাতুল-হেরা
1241,মাকতাবাতুস শামস,https://www.wafilife.com/cat/books/publisher/মাকতাবাতুস-শামস
1242,মাকতাবাতুস শেফা,https://www.wafilife.com/cat/books/publisher/maktabatus-shefa
1243,মাকতাবাতুস সফা,https://www.wafilife.com/cat/books/publisher/maktabatus-sofa
1244,মাকতাবাতুস সফা (মিশর),https://www.wafilife.com/cat/books/publisher/maktabatus-safa-egypt
1245,মাকতাবাতুস সাইফ,https://www.wafilife.com/cat/books/publisher/maktabatus-saif
1246,মাকতাবাতুস সালাফ,https://www.wafilife.com/cat/books/publisher/maktabatus-salaf
1247,মাকতাবাতুস সালাম,https://www.wafilife.com/cat/books/publisher/মাকতাবাতুস-সালাম
1248,মাকতাবাতুস সাহাবা,https://www.wafilife.com/cat/books/publisher/maktabatus-sahaba
1249,মাকতাবাতুস সুন্নাহ,https://www.wafilife.com/cat/books/publisher/মাকতাবাতুস-সুন্নাহ
1250,মাকতাবাতুস সুন্নাহ (বাংলাবাজার),https://www.wafilife.com/cat/books/publisher/মাকতাবাতুস-সুন্নাহ-বাংল
1251,মাকতাবাতুস সুন্নাহ (মাদরাসা মার্কেট),https://www.wafilife.com/cat/books/publisher/মাকতাবাতুস-সুন্নাহ-মাদর
1252,মাকতাবাতুস সুন্নাহ ঢাকা,https://www.wafilife.com/cat/books/publisher/maktabatus-sunnah-dhaka
1253,মাকতাবায়ে ফিদায়ে মিল্লাত,https://www.wafilife.com/cat/books/publisher/maktabaye-fidaye-millat
1254,মাকতাবায়ে ত্বহা,https://www.wafilife.com/cat/books/publisher/maktabaye-twaha
1255,মাকতাবায়ে মারকাজুল হুদা,https://www.wafilife.com/cat/books/publisher/maktabaye-markajul-huda
1256,মাকতূব পাবলিকেশন,https://www.wafilife.com/cat/books/publisher/maktub-publication
1257,মাকাসিদ পাবলিকেশন্স,https://www.wafilife.com/cat/books/publisher/maqasid-publications
1258,মাজলিশ মারকাজু হিযব (পাকিস্তান),https://www.wafilife.com/cat/books/publisher/majlish-markazu-hizb-pakistan
1259,মাজলিসু হুকামা আল মুসলিমিন (আরব আমিরাত),https://www.wafilife.com/cat/books/publisher/majlisu-hukama-al-muslimin-united-arab-emirates
1260,মাজলিসে দাওয়াতুল হক,https://www.wafilife.com/cat/books/publisher/মাজলিসে-দাওয়াতুল-হক
1261,মাজহুল প্রকাশন,https://www.wafilife.com/cat/books/publisher/mazhul-prokashon
1262,মাটিগন্ধা,https://www.wafilife.com/cat/books/publisher/matigondha
1263,মাতৃভাষা প্রকাশ,https://www.wafilife.com/cat/books/publisher/matrivasa-prokash
1264,মাত্রা পাবলিকেশন্স,https://www.wafilife.com/cat/books/publisher/matra-publications
1265,মাত্রাপ্রকাশ,https://www.wafilife.com/cat/books/publisher/matraprokash
1266,মাদরাসায়ে ইসলামিয়া দারুলউলুম সুধন্যপুর,https://www.wafilife.com/cat/books/publisher/madrasaye-islamia-darululoom-sudhanyapur
1267,মাদানী কুতুবখানা,https://www.wafilife.com/cat/books/publisher/madani-kutubkhana
1268,মাদানী মাকতাব প্রশিক্ষণকেন্দ্র,https://www.wafilife.com/cat/books/publisher/madani-maktab-proshikkhonkendro
1269,মানচিত্র প্রকাশনী,https://www.wafilife.com/cat/books/publisher/manchitra-prokashoni
1270,মানযিল ইনস্টিটিউট,https://www.wafilife.com/cat/books/publisher/manjil-institute
1271,মানহাল পাবলিকেশন,https://www.wafilife.com/cat/books/publisher/manhal-publlication
1272,মানাবি পাবলিকেশন্স,https://www.wafilife.com/cat/books/publisher/manabi-publications
1273,মামুন পাবলিকেশন বিডি,https://www.wafilife.com/cat/books/publisher/mamun-publication-bd
1274,মারকাজুত তাহফিজ ফাউন্ডেশন বাংলাদেশ,https://www.wafilife.com/cat/books/publisher/markazut-tahfiz-foundation-bangladesh
1275,মারকাযু তাফসীর লি দিরাসাতিল কুরআনিয়া (সৌদি আরব),https://www.wafilife.com/cat/books/publisher/markazu-tafseer-li-dirasatil-quraniya-saudi-arabia
1276,মারকাযু হারফ লিলবাহত ওয়ালতাতউয়ির আল ইলমি (তুরস্ক),https://www.wafilife.com/cat/books/publisher/markazu-harf-lilbahat-waltatuyir-al-ilmi-turkiye
1277,মারকাযুদ দাওয়াহ আল ইসলামিয়া,https://www.wafilife.com/cat/books/publisher/markazud-dawah-alislamia-dhaka
1278,মারকাযুল বুহুস আল ইলমিয়া,https://www.wafilife.com/cat/books/publisher/markazul-buhus-al-ilmiya
1279,মারকাযুস শায়েখ আবুল হাসান আন নদভি (পাকিস্তান),https://www.wafilife.com/cat/books/publisher/markaz-shaikh-abul-hasan-an-nadvi-pakistan
1280,মালাইকা পাবলিকেশনস,https://www.wafilife.com/cat/books/publisher/malaika-publications
1281,মাসিক আলকাউসার,https://www.wafilife.com/cat/books/publisher/the-monthly-al-kawsar
1282,মাসিক নকীব,https://www.wafilife.com/cat/books/publisher/mashik-nokib
1283,মাসিক নেয়ামত,https://www.wafilife.com/cat/books/publisher/monthly-niamat
1284,মাসিক মদীনা পাবলিকেশান্স,https://www.wafilife.com/cat/books/publisher/mashik-madina-publications
1285,মাস্টার পাবলিকেশন,https://www.wafilife.com/cat/books/publisher/master-publication
1286,মাস্তুল পাবলিকেশন,https://www.wafilife.com/cat/books/publisher/mastul-publication
1287,মাহফিল,https://www.wafilife.com/cat/books/publisher/মাহফিল
1288,মাহমুদ পাবলিকেশন্স,https://www.wafilife.com/cat/books/publisher/মাহমুদ-পাবলিকেশন্স
1289,মাহমুদিয়া লাইব্রেরী,https://www.wafilife.com/cat/books/publisher/মাহমুদিয়া-লাইব্রেরী
1290,মাহাদুল কুরআন ওয়াস সুন্নাহ,https://www.wafilife.com/cat/books/publisher/mahdul-quran-oyas-sunnah
1291,মিজান পাবলিশার্স,https://www.wafilife.com/cat/books/publisher/মিজান-পাবলিশার্স
1292,মিতা ট্রেডার্স,https://www.wafilife.com/cat/books/publisher/mita-traders
1293,মিনারাহ পাবলিকেশন্স,https://www.wafilife.com/cat/books/publisher/মিনারাহ-পাবলিকেশন্স
1294,মিফতাহ প্রকাশনী,https://www.wafilife.com/cat/books/publisher/miftah-prokashoni
1295,মিরর পাবলিকেশন্স,https://www.wafilife.com/cat/books/publisher/mirror-pulications
1296,মিরাজীয়ান পাবলিকেশন্স,https://www.wafilife.com/cat/books/publisher/mirajian-publications
1297,মিসবাহ প্রকাশন,https://www.wafilife.com/cat/books/publisher/misbah-prokashoni
1298,মিহির’স পাবলিকেশন,https://www.wafilife.com/cat/books/publisher/mihirs-publication
1299,মীনা বুক হাউস,https://www.wafilife.com/cat/books/publisher/meena-book-house
1300,মীরাছ,https://www.wafilife.com/cat/books/publisher/mirash
1301,মুআসসাতু আল ফুরকান লি তুরাছিল ইসলামি (বৈরুত),https://www.wafilife.com/cat/books/publisher/muassatu-al-furqan-li-turasil-islami-beirut
1302,মুআসসাসা ইলমিয়্যাহ বাংলাদেশ,https://www.wafilife.com/cat/books/publisher/muassasa-ilmiyah--bangladesh
1303,মুআসসাসাতুদ দাওয়াহ,https://www.wafilife.com/cat/books/publisher/muassatud-dawah
1304,মুআসসাসাতুল ইহদা আল ইসলামিয়াহ,https://www.wafilife.com/cat/books/publisher/muassasatul-ihda-al-islamiyah
1305,মুআসসাসাতুল মাওয়াহিব বাংলাদেশ,https://www.wafilife.com/cat/books/publisher/muassatul-mawahib-bangladesh
1306,মুআসসাসাতুল হিকমাহ,https://www.wafilife.com/cat/books/publisher/muassasatul-hikmah
1307,মুআসসাসাহ আরাবিয়্যাহ বাংলাদেশ,https://www.wafilife.com/cat/books/publisher/muassasa-arabiyah-bangladesh
1308,মুক্ত পাঠশালা,https://www.wafilife.com/cat/books/publisher/mukto-pathshala
1309,মুক্তচিন্তা,https://www.wafilife.com/cat/books/publisher/muktocinta
1310,মুক্তদেশ প্রকাশন,https://www.wafilife.com/cat/books/publisher/muktadesh-publication
1311,মুক্তধারা,https://www.wafilife.com/cat/books/publisher/muktodhara
1312,মুদ্রণশিল্প,https://www.wafilife.com/cat/books/publisher/mudraṇsilpo
1313,মুনলাইট পাবলিকেশন,https://www.wafilife.com/cat/books/publisher/moonlight-publication
1314,মুন্তাখাব প্রকাশনী,https://www.wafilife.com/cat/books/publisher/মুন্তাখাব-প্রকাশনী
1315,মুন্নি পাবলিকেশন,https://www.wafilife.com/cat/books/publisher/munni-publication
1316,মুযদালিফা প্রকাশন,https://www.wafilife.com/cat/books/publisher/muzdalifah-publication
1317,মুয়াসসাতু রিসালাতি নাশিরুন (বৈরুত),https://www.wafilife.com/cat/books/publisher/muassatu-risalati-nashirun-beirut
1318,মুয়াসসাতুস শায়েখ সালেহ আল উসাইমিন (বৈরুত),https://www.wafilife.com/cat/books/publisher/muassatus-shaykh-saleh-al-uthaymeen-beirut
1319,মুয়াসসাসাতুল ফুরসান (বৈরুত),https://www.wafilife.com/cat/books/publisher/muassasatul-fursan-beirut
1320,মুসতাকিম প্রকাশন,https://www.wafilife.com/cat/books/publisher/mustakim-prokashon
1321,মুসলিম বাংলা ফাউন্ডেশন,https://www.wafilife.com/cat/books/publisher/muslim-bangla-foundation
1322,মুসলিম ভিলেজ,https://www.wafilife.com/cat/books/publisher/মুসলিম-ভিলেজ
1323,মুসাফির,https://www.wafilife.com/cat/books/publisher/musafir
1324,মুহাম্মদ পাবলিকেশন,https://www.wafilife.com/cat/books/publisher/muhammod-publication
1325,মুহাম্মদী বুক হাউজ,https://www.wafilife.com/cat/books/publisher/muhammadi-book-house
1326,মুহাম্মাদ ব্রাদার্স,https://www.wafilife.com/cat/books/publisher/মুহাম্মাদ-ব্রাদার্স
1327,মুহিউস সুন্নাহ প্রকাশনী,https://www.wafilife.com/cat/books/publisher/মুহিউস-সুন্নাহ-প্রকাশনী
1328,মুহিউসসুন্নাহ প্রকাশন,https://www.wafilife.com/cat/books/publisher/mohiusunnah-prokashon
1329,মুয়াসসাতুর রিসালাহ (বৈরুত),https://www.wafilife.com/cat/books/publisher/muassatur-risalah-beirut
1330,মুয়াসাসাতুল উলুমুল কুরআন,https://www.wafilife.com/cat/books/publisher/muasasatul-ulumul-quran
1331,মেঘ প্রকাশ,https://www.wafilife.com/cat/books/publisher/megh-prokash
1332,মেঘনা পাবলিকেশন্স,https://www.wafilife.com/cat/books/publisher/মেঘনা-পাবলিকেশন্স
1333,মেট্রো পাবলিকেশন্স,https://www.wafilife.com/cat/books/publisher/মেট্রো-পাবলিকেশন্স
1334,মেডিকো,https://www.wafilife.com/cat/books/publisher/medico
1335,মেডিসাকসেস পাবলিকেশন্স,https://www.wafilife.com/cat/books/publisher/medisuccess-publications
1336,মেধা অন্বেষন প্রকাশ,https://www.wafilife.com/cat/books/publisher/medha-onyason-prokash
1337,মেধা পাবলিকেশন্স,https://www.wafilife.com/cat/books/publisher/medha-publications
1338,মেধা বিকাশ প্রকাশন,https://www.wafilife.com/cat/books/publisher/medha-bikash-prokashon
1339,মেরিট ফেয়ার প্রকাশন,https://www.wafilife.com/cat/books/publisher/merit-fair-prokashon
1340,মেশক প্রকাশন,https://www.wafilife.com/cat/books/publisher/meshk-prokashon
1341,মেহরাব পাবলিকেশন,https://www.wafilife.com/cat/books/publisher/mehrab-publication
1342,মোঃ আজিজুর রহমান মোল্লা,https://www.wafilife.com/cat/books/publisher/md-ajijur-rahman-molla
1343,মোহাম্মদী কুতুবখানা,https://www.wafilife.com/cat/books/publisher/মোহাম্মদী-কুতুবখানা
1344,মোহাম্মদী বুক হাউস,https://www.wafilife.com/cat/books/publisher/মোহাম্মদী-বুক-হাউস
1345,মোহাম্মদী লাইব্রেরী,https://www.wafilife.com/cat/books/publisher/muhammadi-library
1346,ম্যাগনেট পাবলিকেশন,https://www.wafilife.com/cat/books/publisher/magnet-publication
1347,ম্যাট্রিক্স পাবলিকেশন,https://www.wafilife.com/cat/books/publisher/matrix-publication
1348,ম্যানুভার,https://www.wafilife.com/cat/books/publisher/manoeuvre
1349,ম্যানুয়াল প্রকাশন,https://www.wafilife.com/cat/books/publisher/manual-prokasoni
1350,ম্যানুয়াল পাবলিকেশন,https://www.wafilife.com/cat/books/publisher/manual-publication
1351,যমযম পাবলিকেশন,https://www.wafilife.com/cat/books/publisher/যমযম-পাবলিকেশন
1352,যাইতুন পাবলিকেশন,https://www.wafilife.com/cat/books/publisher/jaitun-publication
1353,যাহরাহ প্রকাশনী,https://www.wafilife.com/cat/books/publisher/zaharat-prokashoni
1354,যিকরাহ পাবলিকেশন,https://www.wafilife.com/cat/books/publisher/zikra-publication
1355,যিয়ান পাবলিকেশন,https://www.wafilife.com/cat/books/publisher/jian-publication
1356,যুমার পাবলিকেশন,https://www.wafilife.com/cat/books/publisher/jumar-publication
1357,রংতুলি প্রকাশন,https://www.wafilife.com/cat/books/publisher/rongtuli-prokashon
1358,রংধনু পাবলিকেশন্স,https://www.wafilife.com/cat/books/publisher/রংধনু-পাবলিকেশন্স
1359,রচনা প্রকাশ,https://www.wafilife.com/cat/books/publisher/rochona-prokash
1360,রফরফ বুক পয়েন্ট,https://www.wafilife.com/cat/books/publisher/rofrof-book-point
1361,রশিদ বুক হাউস,https://www.wafilife.com/cat/books/publisher/রশিদ-বুক-হাউস
1362,রশিদীয়া কুতুবখানা,https://www.wafilife.com/cat/books/publisher/rashidiya-kutubkhana
1363,রশীদ বুক হাউজ,https://www.wafilife.com/cat/books/publisher/রশীদ-বুক-হাউজ
1364,রসায়ন দরবার পাবলিকেশন,https://www.wafilife.com/cat/books/publisher/rosayon-dorbar-publication
1365,রহমত প্রকাশনী,https://www.wafilife.com/cat/books/publisher/rahmat-prakashani
1366,রাইজ পাবলিকেশনস,https://www.wafilife.com/cat/books/publisher/রাইজ-পাবলিকেশনস
1367,রাইডার্স পাবলিকেশন্স,https://www.wafilife.com/cat/books/publisher/riders-publication
1368,রাইয়ান প্রকাশন,https://www.wafilife.com/cat/books/publisher/raiyan-prokashon
1369,রাওয়া পাবলিকেশনস,https://www.wafilife.com/cat/books/publisher/raowa-publications
1370,রাজ পাবলিকেশন,https://www.wafilife.com/cat/books/publisher/raz-publication
1371,রাজিয়া মোল্লা পাবলিকেশন,https://www.wafilife.com/cat/books/publisher/রাজিয়া-মোল্লা-পাবলিকেশন
1372,রাত্রি প্রকাশনী,https://www.wafilife.com/cat/books/publisher/ratri-prokashoni
1373,রাবেয়া বুকস্,https://www.wafilife.com/cat/books/publisher/rabeya-books
1374,রাহনুমা পরিবেশিত,https://www.wafilife.com/cat/books/publisher/rahnuma-poribeshito
1375,রাহনুমা প্রকাশনী,https://www.wafilife.com/cat/books/publisher/রাহনুমা-প্রকাশনী
1376,রাহবার পাবলিকেশন্স,https://www.wafilife.com/cat/books/publisher/rahbar-publications
1377,রাহবার প্রকাশন,https://www.wafilife.com/cat/books/publisher/rahbar-prokashon
1378,রাহবার প্রকাশনী,https://www.wafilife.com/cat/books/publisher/rahabar-prokasoni
1379,রাহমাহ পাবলিকেশন,https://www.wafilife.com/cat/books/publisher/rahmah-publication
1380,রাহাতস ইংলিশ কেয়ার,https://www.wafilife.com/cat/books/publisher/রাহাতস-ইংলিশ-কেয়ার
1381,রাহাবার পাবলিকেশন্স,https://www.wafilife.com/cat/books/publisher/রাহাবার-পাবলিকেশন্স
1382,রাহে জান্নাত কুতুবখানা,https://www.wafilife.com/cat/books/publisher/rahe-jannat-kutubkhana
1383,রিজকুন কারীম প্রকাশন,https://www.wafilife.com/cat/books/publisher/rijkun-kareem-prokashoni
1384,রিডার্স পাবলিশার্স,https://www.wafilife.com/cat/books/publisher/readers-publishers
1385,রিফাইন পাবলিকেশন,https://www.wafilife.com/cat/books/publisher/রিফাইন-পাবলিকেশন
1386,রিভাইভ পাবলিকেশন্স,https://www.wafilife.com/cat/books/publisher/revive-publications
1387,রিভার্স পাবলিকেশন,https://www.wafilife.com/cat/books/publisher/reverse-publication
1388,রিমঝিম প্রকাশনী,https://www.wafilife.com/cat/books/publisher/rimjhim-publishing
1389,রিলে পাবলিকেশন,https://www.wafilife.com/cat/books/publisher/rely-publication
1390,রিশতা প্রকাশন,https://www.wafilife.com/cat/books/publisher/rista-prokashon
1391,রিশাহ্ পাবলিকেশন্স,https://www.wafilife.com/cat/books/publisher/risah-publications
1392,রিসালাহ পাবলিকেশন্স,https://www.wafilife.com/cat/books/publisher/risalah-publications
1393,রিসেন্ট পাবলিকেশন,https://www.wafilife.com/cat/books/publisher/recent-pabolication
1394,রিস্টার্ট ইয়োরসেলফ,https://www.wafilife.com/cat/books/publisher/restart-yourself
1395,রিহলাহ পাবলিকেশন,https://www.wafilife.com/cat/books/publisher/rihlah-publication
1396,রিয়াদ প্রকাশনী,https://www.wafilife.com/cat/books/publisher/রিয়াদ-প্রকাশনী
1397,রুদ্র প্রকাশ,https://www.wafilife.com/cat/books/publisher/rudro-prokash
1398,রুশদা প্রকাশ,https://www.wafilife.com/cat/books/publisher/rushda-prokash
1399,রুহামা পাবলিকেশন,https://www.wafilife.com/cat/books/publisher/রুহামা-পাবলিকেশন
1400,রূপসী বাংলা,https://www.wafilife.com/cat/books/publisher/ruposi-bangla
1401,রেইনড্রপস,https://www.wafilife.com/cat/books/publisher/raindrops
1402,রেইনফল পাবলিকেশন,https://www.wafilife.com/cat/books/publisher/রেইনফল-পাবলিকেশন
1403,রেজায়ী সেন্টার,https://www.wafilife.com/cat/books/publisher/rejayee-center
1404,রেটিনা মেডিকেল এন্ড ডেন্টাল এ্যাডমিশন কোচিং,https://www.wafilife.com/cat/books/publisher/retina-medical-dental-admission-coaching
1405,রেড পাবলিকেশন,https://www.wafilife.com/cat/books/publisher/red-publication
1406,রেডিয়েন্ট পাবলিশিং,https://www.wafilife.com/cat/books/publisher/radiant-publishing
1407,রেহাল প্রকাশন,https://www.wafilife.com/cat/books/publisher/rehal-publications
1408,রোদেলা প্রকাশনী,https://www.wafilife.com/cat/books/publisher/রোদেলা-প্রকাশনী
1409,রোহেল পাবলিকেশনস্,https://www.wafilife.com/cat/books/publisher/rohel-publications
1410,রয়েল পাবলিকেশন,https://www.wafilife.com/cat/books/publisher/royal-publication
1411,র‍্যাকস পাবলিকেশন্স,https://www.wafilife.com/cat/books/publisher/raqs-publications
1412,লাজনা প্রকাশনা ও গবেষণা কেন্দ্র,https://www.wafilife.com/cat/books/publisher/lajna-prokashona-o-gobeshona-kendro
1413,লাজনাতুল উলামা বাংলাদেশ,https://www.wafilife.com/cat/books/publisher/lajnatul-ulama-bangladesh
1414,লামাআন প্রকাশনী,https://www.wafilife.com/cat/books/publisher/lama-an-prokashoni
1415,লার্নিং কুরআন পাবলিকেশন্স,https://www.wafilife.com/cat/books/publisher/learning-quran-publications
1416,লার্নিং স্কুল পাবলিকেশন্স,https://www.wafilife.com/cat/books/publisher/learning-school-publications
1417,লিগ্যাম পাবলিকেশন্স,https://www.wafilife.com/cat/books/publisher/legum-publications
1418,লিজেন্ড পাবলিকেশন্স,https://www.wafilife.com/cat/books/publisher/legend-publications
1419,লিটন পাবলিকেশন্স,https://www.wafilife.com/cat/books/publisher/liton-publications
1420,লিটল উম্মাহ,https://www.wafilife.com/cat/books/publisher/little-ummah
1421,লিডার্স স্কুল এন্ড কলেজ চট্টগ্রাম,https://www.wafilife.com/cat/books/publisher/leaders-school-and-college-chittagong
1422,লিপিকলা টাইপ ফাউন্ড্রী,https://www.wafilife.com/cat/books/publisher/lipikola-type-foundry
1423,লিপির আলো,https://www.wafilife.com/cat/books/publisher/lipir-alo
1424,লিয়াকতস ইংলিশ,https://www.wafilife.com/cat/books/publisher/liakats-english-publication
1425,লেকচার পাবলিকেশন্স লি.,https://www.wafilife.com/cat/books/publisher/lecture-publications-ltd
1426,লেকচার পাবলিকেশন্স লি. (মাদ্রাসা),https://www.wafilife.com/cat/books/publisher/lecture-publications-ltd-madrasa
1427,লেজার প্রিন্ট,https://www.wafilife.com/cat/books/publisher/laser-print
1428,লেভেল আপ পাবলিশিং,https://www.wafilife.com/cat/books/publisher/level-up-publishing
1429,লোকমান প্রকাশনী,https://www.wafilife.com/cat/books/publisher/lokman-prokashoni
1430,ল্যান্ড ল প্রকাশনী,https://www.wafilife.com/cat/books/publisher/land-law-prokashoni
1431,ল্যাব বাংলা,https://www.wafilife.com/cat/books/publisher/lab-bangla
1432,শতাব্দী প্রকাশনী,https://www.wafilife.com/cat/books/publisher/শতাব্দী-প্রকাশনী
1433,শব্দ সম্ভার,https://www.wafilife.com/cat/books/publisher/shobdo-shomvar
1434,শব্দ সাগর,https://www.wafilife.com/cat/books/publisher/shabdo-sagor
1435,শব্দ সিঁড়ি প্রকাশন,https://www.wafilife.com/cat/books/publisher/sobdho-siri-publishing
1436,শব্দকথা প্রকাশন,https://www.wafilife.com/cat/books/publisher/sobdokotha-prakason
1437,শব্দকোলাজ প্রকাশনী,https://www.wafilife.com/cat/books/publisher/শব্দকোলাজ-প্রকাশনী
1438,শব্দতরু,https://www.wafilife.com/cat/books/publisher/shobdotoru
1439,শব্দশিল্প,https://www.wafilife.com/cat/books/publisher/শব্দশিল্প
1440,শব্দশৈলী,https://www.wafilife.com/cat/books/publisher/শব্দশৈলী
1441,শব্দসিঁড়ি,https://www.wafilife.com/cat/books/publisher/shobdosiri
1442,শব্দাঙ্গণ,https://www.wafilife.com/cat/books/publisher/shobdanggn
1443,শব্দাবলি প্রকাশন,https://www.wafilife.com/cat/books/publisher/shobdaboli-prokashon
1444,শাওন প্রকাশনী,https://www.wafilife.com/cat/books/publisher/shawon-publishing
1445,শাপলা প্রকাশন,https://www.wafilife.com/cat/books/publisher/shapla-publications
1446,শামস টি প্রকাশনী,https://www.wafilife.com/cat/books/publisher/shams-t-prokashoni
1447,শামসুল উলূম লাইব্রেরী,https://www.wafilife.com/cat/books/publisher/shamsul-ullum-library
1448,শামীম পাবলিকেশন,https://www.wafilife.com/cat/books/publisher/shamims-publication
1449,শায়েখ আব্দুল্লাহ আল মুনীর,https://www.wafilife.com/cat/books/publisher/shaykh-abdullah-al-munir
1450,শায়খুল ইসলাম প্রকাশন,https://www.wafilife.com/cat/books/publisher/shaikhul-islam-prokashon
1451,শায়েখ শফিকুল ইসলাম ইমদাদি একাডেমি,https://www.wafilife.com/cat/books/publisher/shaikh-shafiqul-islam-imdadi-academy
1452,শিউলিমালা প্রকাশন,https://www.wafilife.com/cat/books/publisher/shiulimala-publications
1453,শিক্ষা কোষ,https://www.wafilife.com/cat/books/publisher/shikkha-kosh
1454,শিক্ষাকোষ,https://www.wafilife.com/cat/books/publisher/shikkhakosh
1455,শিকড়,https://www.wafilife.com/cat/books/publisher/shikor
1456,শিখা পাবলিকেশন,https://www.wafilife.com/cat/books/publisher/shikha-publication
1457,শিখা প্রকাশনী,https://www.wafilife.com/cat/books/publisher/শিখা-প্রকাশনী
1458,শিবলী প্রকাশনী,https://www.wafilife.com/cat/books/publisher/shibly-prokashony
1459,শিরোনাম প্রকাশন,https://www.wafilife.com/cat/books/publisher/shironam-prokashon
1460,শিরোপা প্রকাশনী,https://www.wafilife.com/cat/books/publisher/shiropa-prokashoni
1461,শিলা প্রকাশনী,https://www.wafilife.com/cat/books/publisher/shila-prokashoni
1462,শিলালিপি (ঢাকা),https://www.wafilife.com/cat/books/publisher/shilalipi-dhaka
1463,শিশু কানন,https://www.wafilife.com/cat/books/publisher/শিশু-কানন
1464,শিশু গ্রন্থ কুটির,https://www.wafilife.com/cat/books/publisher/শিশু-গ্রন্থ-কুটির
1465,শিশুতোষ প্রকাশন,https://www.wafilife.com/cat/books/publisher/shishutosh-prokashon
1466,শিশুরাজ্য প্রকাশন,https://www.wafilife.com/cat/books/publisher/শিশুরাজ্য-প্রকাশন
1467,শুদ্ধি,https://www.wafilife.com/cat/books/publisher/শুদ্ধি-publisher
1468,শোভা প্রকাশ,https://www.wafilife.com/cat/books/publisher/শোভা-প্রকাশ
1469,শ্রাবণ প্রকাশনী,https://www.wafilife.com/cat/books/publisher/shrabon-prokashani
1470,শ্রীহট্ট প্রকাশ,https://www.wafilife.com/cat/books/publisher/shrihotto-prokash
1471,সংকল্প প্রকাশন,https://www.wafilife.com/cat/books/publisher/সংকল্প-প্রকাশন
1472,সংবেদ,https://www.wafilife.com/cat/books/publisher/shongbed
1473,সংহতি প্রকাশন,https://www.wafilife.com/cat/books/publisher/samhati-prokashon
1474,সওগাত প্রকাশন,https://www.wafilife.com/cat/books/publisher/sowgat-prokashon
1475,সকাল টিভি,https://www.wafilife.com/cat/books/publisher/sokal-tv
1476,সঞ্চারী প্রকাশনী,https://www.wafilife.com/cat/books/publisher/সঞ্চারী-প্রকাশনী
1477,সঞ্চালন প্রকাশনী,https://www.wafilife.com/cat/books/publisher/sanchalan-prokashoni
1478,সঞ্জীবন প্রকাশন,https://www.wafilife.com/cat/books/publisher/sonjibon-prokashon
1479,সতীর্থ প্রকাশনা,https://www.wafilife.com/cat/books/publisher/sotirtho-prokashona
1480,সত্যকথা প্রকাশ,https://www.wafilife.com/cat/books/publisher/sattokotha-prokash
1481,সত্যমনা প্রকাশনী,https://www.wafilife.com/cat/books/publisher/sottomona-prokashon
1482,সত্যালোক প্রকাশন,https://www.wafilife.com/cat/books/publisher/sottalok-prokashon
1483,সত্যায়ন প্রকাশন,https://www.wafilife.com/cat/books/publisher/sottayon-prokashon
1484,সত্যের আলো প্রকাশন,https://www.wafilife.com/cat/books/publisher/shotter-alo-prokashon
1485,সত্যের আলো প্রকাশনী,https://www.wafilife.com/cat/books/publisher/sotter-alo-prokashoni
1486,সন্দীপন প্রকাশন,https://www.wafilife.com/cat/books/publisher/সন্দীপন-প্রকাশন
1487,সন্দেশ,https://www.wafilife.com/cat/books/publisher/sandesh
1488,সন্ধান পাবলিকেশন্স,https://www.wafilife.com/cat/books/publisher/shondan-publications
1489,সপ্তশীষ প্রকাশন,https://www.wafilife.com/cat/books/publisher/shoptoshis-prokashon
1490,সফা প্রকাশনী,https://www.wafilife.com/cat/books/publisher/সফা-প্রকাশনী
1491,সবুজ উদ্যোগ প্রকাশনী,https://www.wafilife.com/cat/books/publisher/সবুজ-উদ্যোগ-প্রকাশনী
1492,সবুজপত্র পাবলিকেশন্স,https://www.wafilife.com/cat/books/publisher/সবুজপত্র-পাবলিকেশন্স
1493,সমকাল প্রকাশন,https://www.wafilife.com/cat/books/publisher/samakal-prokashon
1494,সমকালীন প্রকাশন,https://www.wafilife.com/cat/books/publisher/somokalin-prokashon
1495,সমগ্র প্রকাশন,https://www.wafilife.com/cat/books/publisher/somogro-prokashon
1496,সমতট,https://www.wafilife.com/cat/books/publisher/সমতট
1497,সমন্বয় প্রকাশনী,https://www.wafilife.com/cat/books/publisher/samannoy-prokashoni
1498,সমর্পণ প্রকাশন,https://www.wafilife.com/cat/books/publisher/somorpon-prokashon
1499,সমাচার,https://www.wafilife.com/cat/books/publisher/সমাচার
1500,সমারোহ প্রকাশন,https://www.wafilife.com/cat/books/publisher/সমারোহ-প্রকাশন
1501,সমাহার বইকেন্দ্র,https://www.wafilife.com/cat/books/publisher/shamahar-boikendro
1502,সম্প্রীতি প্রকাশ,https://www.wafilife.com/cat/books/publisher/sompriti-prokash
1503,সময় প্রকাশন,https://www.wafilife.com/cat/books/publisher/somoy-prokashon
1504,সরলপথ পাবলিকেশন,https://www.wafilife.com/cat/books/publisher/sorolpoth-publication
1505,সরলরেখা প্রকাশন,https://www.wafilife.com/cat/books/publisher/সরলরেখা-প্রকাশন
1506,সরোবর,https://www.wafilife.com/cat/books/publisher/sorobor
1507,সরোবর,https://www.wafilife.com/cat/books/publisher/shorobor
1508,সহজ পাবলিকেশন,https://www.wafilife.com/cat/books/publisher/sohoj-publication
1509,সহজ প্রকাশ,https://www.wafilife.com/cat/books/publisher/sohoj-prokash
1510,সহীহ ইন্টারন্যাশনাল,https://www.wafilife.com/cat/books/publisher/saheeh-intl
1511,সাইকা পাবলিকেশন্স,https://www.wafilife.com/cat/books/publisher/saika-publications
1512,সাইন্সভার্স পাবলিকেশন,https://www.wafilife.com/cat/books/publisher/scienceverse-publication
1513,সাইফুরস,https://www.wafilife.com/cat/books/publisher/saifurs
1514,সাজিদ বুকশপ,https://www.wafilife.com/cat/books/publisher/sajid-bookshop
1515,সাতভাই চম্পা প্রকাশনী,https://www.wafilife.com/cat/books/publisher/satvai-chompa-prokashoni
1516,সাথী প্রকাশন,https://www.wafilife.com/cat/books/publisher/sathi-publication
1517,সাদিদ মেডিকেল বুক সেন্টার,https://www.wafilife.com/cat/books/publisher/sadid-medical-book-center
1518,সাফওয়ান প্রকাশনী,https://www.wafilife.com/cat/books/publisher/safwan-prokashoni
1519,সাফল্য প্রকাশনী,https://www.wafilife.com/cat/books/publisher/saphollo-prokashoni
1520,সাবাহ পাবলিকেশন,https://www.wafilife.com/cat/books/publisher/sabah-publication
1521,সাবিল পাবলিকেশন,https://www.wafilife.com/cat/books/publisher/sabil-publication
1522,সাবিহা প্রিন্টার্স এন্ড এক্সেসরিজ,https://www.wafilife.com/cat/books/publisher/sabiha-printers-and-accessories
1523,সামারাহ প্রকাশন,https://www.wafilife.com/cat/books/publisher/samarah-prokashon
1524,সায়েন্স এন্ড ইঞ্জিনিয়ারিং টিউটর,https://www.wafilife.com/cat/books/publisher/self-publication
1525,সায়েন্স ভিউ পাবলিকেশন্স,https://www.wafilife.com/cat/books/publisher/science-view-publications
1526,সারস প্রকাশন,https://www.wafilife.com/cat/books/publisher/saras-publications
1527,সার্কেল অব কুরআন,https://www.wafilife.com/cat/books/publisher/circle-of-quran
1528,সালমা বুক ডিপো,https://www.wafilife.com/cat/books/publisher/সালমা-বুক-ডিপো
1529,সালমান প্রকাশনী,https://www.wafilife.com/cat/books/publisher/salman-prokashoni
1530,সালাউদ্দিন বইঘর,https://www.wafilife.com/cat/books/publisher/সালাউদ্দিন-বইঘর
1531,সালাফি দাওয়াহ প্রকাশনী,https://www.wafilife.com/cat/books/publisher/salafi-dawah-prokashoni
1532,সাস পাবলিকেশন,https://www.wafilife.com/cat/books/publisher/sas-publication
1533,সাহস পাবলিকেশন্স,https://www.wafilife.com/cat/books/publisher/sasos-publication
1534,সাহিত্য ও গবেষণা কেন্দ্র,https://www.wafilife.com/cat/books/publisher/সাহিত্য-ও-গবেষণা-কেন্দ্র
1535,সাহিত্য কুটির,https://www.wafilife.com/cat/books/publisher/sahitto-kutir
1536,সাহিত্য চর্চা,https://www.wafilife.com/cat/books/publisher/sahithy-charcha
1537,সাহিত্য প্রকাশ,https://www.wafilife.com/cat/books/publisher/সাহিত্য-প্রকাশ
1538,সাহিত্য প্রকাশনী,https://www.wafilife.com/cat/books/publisher/sahityo-prokashoni
1539,সাহিত্যদেশ,https://www.wafilife.com/cat/books/publisher/sahityodesh
1540,সিজদাহ পাবলিকেশন,https://www.wafilife.com/cat/books/publisher/sijdah-publication
1541,সিতারা পাবলিকেশন,https://www.wafilife.com/cat/books/publisher/sitara-publication-publisher
1542,সিতারা প্রকাশ,https://www.wafilife.com/cat/books/publisher/sitara-publication
1543,সিদ্দিকীয়া পাবলিকেশন্স,https://www.wafilife.com/cat/books/publisher/siddikia-publications
1544,সিদ্দীকিয়া প্রকাশনী,https://www.wafilife.com/cat/books/publisher/siddiqia-prokashoni
1545,সিনক্রোনাস বই পাবলিকেশন,https://www.wafilife.com/cat/books/publisher/synchronusboi-publication
1546,সিবাওয়াই ইনস্টিটিউট,https://www.wafilife.com/cat/books/publisher/sibawayh-institute
1547,সিম্পোজিয়াম পাবলিকেশন্স,https://www.wafilife.com/cat/books/publisher/symposium-publications
1548,সিরাজাম মুনীরা প্রকাশন,https://www.wafilife.com/cat/books/publisher/sirajam-munira-prokashon
1549,সিলসিলাহ প্রকাশন,https://www.wafilife.com/cat/books/publisher/silsilah-prokashon
1550,সিসটেক পাবলিকেশন্স,https://www.wafilife.com/cat/books/publisher/সিসটেক-পাবলিকেশন্স
1551,সিসটেক পাবলিকেশন্স লিমিটেড,https://www.wafilife.com/cat/books/publisher/systech-publications-limited
1552,সিয়ান পাবলিকেশন,https://www.wafilife.com/cat/books/publisher/sean-publication
1553,সিয়ানাহ ট্রাস্ট,https://www.wafilife.com/cat/books/publisher/seanah_trust
1554,সিয়ানাহ ট্রাস্ট,https://www.wafilife.com/cat/books/publisher/seanah-trust
1555,সীরাত একাডেমি,https://www.wafilife.com/cat/books/publisher/seerat-academy
1556,সীরাত পাবলিকেশন,https://www.wafilife.com/cat/books/publisher/সীরাত-পাবলিকেশন
1557,সীরাহ প্রকাশ,https://www.wafilife.com/cat/books/publisher/sirah-prokash
1558,সুকুন কিডস,https://www.wafilife.com/cat/books/publisher/sukun-kids
1559,সুকুন পাবলিশিং,https://www.wafilife.com/cat/books/publisher/sukun-publishing
1560,সুকূন পাবলিকেশন,https://www.wafilife.com/cat/books/publisher/sukoon-publication
1561,সুচয়নী পাবলিশার্স,https://www.wafilife.com/cat/books/publisher/suchayani-publishers
1562,সুজুদ পাবলিশিং,https://www.wafilife.com/cat/books/publisher/sujud-publishing
1563,সুবর্ণ,https://www.wafilife.com/cat/books/publisher/suborno
1564,সুবহে সাদিক প্রকাশনী,https://www.wafilife.com/cat/books/publisher/সুবহে-সাদিক-প্রকাশনী
1565,সুবুত,https://www.wafilife.com/cat/books/publisher/সুবুত
1566,সুলতান আহমেদ সাগর,https://www.wafilife.com/cat/books/publisher/sultan-ahmed-sagor
1567,সুলতানস,https://www.wafilife.com/cat/books/publisher/sultans
1568,সুসুকস পাবলিকেশনস,https://www.wafilife.com/cat/books/publisher/susuks-publications
1569,সুহেল পাবলিকেশন্স,https://www.wafilife.com/cat/books/publisher/suhel-publications
1570,সূচীপত্র,https://www.wafilife.com/cat/books/publisher/suchipotro
1571,সূরা,https://www.wafilife.com/cat/books/publisher/sura
1572,সূর্যোদয় প্রকাশন,https://www.wafilife.com/cat/books/publisher/shurjodoy-prokashon
1573,সৃজনী,https://www.wafilife.com/cat/books/publisher/srijony
1574,সেঞ্চুরি প্রকাশনী,https://www.wafilife.com/cat/books/publisher/century-publishing
1575,সেন্টার ফর এডুকেশন রিসার্চ এন্ড ট্রেনিং (সিইআরটি),https://www.wafilife.com/cat/books/publisher/center-for-information-education-and-research-cier
1576,সেন্টার ফর বেঙ্গল স্টাডিজ (সিবিএস),https://www.wafilife.com/cat/books/publisher/centre-for-bengal-studies
1577,সেন্টার ফর রিসার্চ এন্ড পাবলিকেশন - আইআইইউসি,https://www.wafilife.com/cat/books/publisher/center-for-research-and-publication-iiuc
1578,সেবা প্রকাশনী,https://www.wafilife.com/cat/books/publisher/সেবা-প্রকাশনী
1579,সেরা পাবলিকেশন,https://www.wafilife.com/cat/books/publisher/sera-publication
1580,সেলফ-সাজেশন পাবলিকেশন,https://www.wafilife.com/cat/books/publisher/self-suggestion-publication
1581,সোজলার পাবলিকেশন লিঃ,https://www.wafilife.com/cat/books/publisher/সোজলার-পাবলিকেশন-লিঃ
1582,সোনালী সোপান প্রকাশনী,https://www.wafilife.com/cat/books/publisher/সোনালী-সোপান-প্রকাশনী
1583,সোলেমানিয়া বুক হাউস,https://www.wafilife.com/cat/books/publisher/solemaniya-book-house
1584,সৌরভ বর্ণালী প্রকাশনী,https://www.wafilife.com/cat/books/publisher/সৌরভ-বর্ণালী-প্রকাশনী
1585,স্কলারস পাবলিকেশন,https://www.wafilife.com/cat/books/publisher/scholars-publication
1586,স্কিল অন অ্যাডভান্সড ম্যানেজমেন্ট স্টাডিস (সামস),https://www.wafilife.com/cat/books/publisher/স্কিল-অন-অ্যাডভান্সড-ম্য
1587,স্টুডেন্ট ওয়েজ,https://www.wafilife.com/cat/books/publisher/student-ways
1588,স্ট্যাক আই টি পাবলিকেশন,https://www.wafilife.com/cat/books/publisher/stack-it-publication
1589,স্পন্দন,https://www.wafilife.com/cat/books/publisher/spondon
1590,স্প্রাই পাবলিকেশন,https://www.wafilife.com/cat/books/publisher/spry-publications
1591,স্ব উদ্যোগে প্রকাশিত,https://www.wafilife.com/cat/books/publisher/so-uddog-prkasit
1592,স্বদেশ পাবলিকেশন্স,https://www.wafilife.com/cat/books/publisher/swadesh-publications
1593,স্বদেশ শৈলী,https://www.wafilife.com/cat/books/publisher/shodesh-shoili
1594,স্বপ্ন প্রকাশ,https://www.wafilife.com/cat/books/publisher/shopno-prokash
1595,স্বপ্ন ৭১ প্রকাশন,https://www.wafilife.com/cat/books/publisher/swapno71-prakashan
1596,স্বপ্নসিঁড়ি প্রকাশন,https://www.wafilife.com/cat/books/publisher/shopno-siri-prokashon
1597,স্বরবর্ণ প্রকাশন,https://www.wafilife.com/cat/books/publisher/shorborno
1598,স্বরবর্ণ প্রকাশনী,https://www.wafilife.com/cat/books/publisher/shorborno-publication
1599,স্বরবিন্দু প্রকাশন,https://www.wafilife.com/cat/books/publisher/shorbindhu-prokashon
1600,স্বরবৃত্ত প্রকাশন,https://www.wafilife.com/cat/books/publisher/sarobritto-prokashon
1601,স্বরলিপি প্রকাশন,https://www.wafilife.com/cat/books/publisher/shorolipi-prokashon
1602,স্বরে অ,https://www.wafilife.com/cat/books/publisher/স্বরে-অ
1603,স্বাধীন বাংলা,https://www.wafilife.com/cat/books/publisher/shadhin-bangla
1604,স্মার্ট ভিশন পাবলিকেশন্স,https://www.wafilife.com/cat/books/publisher/smart-vision-publications
1605,স্যার ওয়ান পাবলিকেশন (র‍্যাডিকেল),https://www.wafilife.com/cat/books/publisher/sir-one-publication-radical
1606,হক একাডেমি,https://www.wafilife.com/cat/books/publisher/hoque-academy
1607,হকপ্রকাশ,https://www.wafilife.com/cat/books/publisher/haque-prokash
1608,হঠাৎ আয়োজন প্রকাশনী,https://www.wafilife.com/cat/books/publisher/hotat-aiojon-prokasoni
1609,হলি সার্ভে এন্ড টেকনিক্যাল ইনস্টিটিউট বাংলাদেশ,https://www.wafilife.com/cat/books/publisher/holy-survey-and-technical-institute-bangladesh
1610,হসন্ত প্রকাশন,https://www.wafilife.com/cat/books/publisher/hosonto-prokashon
1611,হাউস অফ হারমনি,https://www.wafilife.com/cat/books/publisher/house-of-harmony
1612,হাওলাদার প্রকাশনী,https://www.wafilife.com/cat/books/publisher/howlader-prokashani
1613,হাকীম মোঃ রুহুল আমিন (মিলন),https://www.wafilife.com/cat/books/publisher/hakim-md-ruhul-amin-milon
1614,হাকীমুল উম্মত প্রকাশনী,https://www.wafilife.com/cat/books/publisher/হাকীমুল-উম্মত-প্রকাশনী
1615,হাটবাজার ৩৬৫.কম,https://www.wafilife.com/cat/books/publisher/hatbazar365
1616,হাতেখড়ি,https://www.wafilife.com/cat/books/publisher/হাতেখড়ি
1617,হাদীছ ফাউণ্ডেশন বাংলাদেশ,https://www.wafilife.com/cat/books/publisher/hadish-foundation-bangladesh
1618,হাদীস একাডেমী,https://www.wafilife.com/cat/books/publisher/হাদীস-একাডেমী
1619,হাদীস পাবলিকেশন (তাওহীদ পাবলিকেশন পরিবেশিত),https://www.wafilife.com/cat/books/publisher/হাদীস-পাবলিকেশন-তাওহীদ-প
1620,হাদীস রিসার্চ ফাউন্ডেশন,https://www.wafilife.com/cat/books/publisher/hadith-research-foundation
1621,হাদীস সোসাইটি পাবলিকেশন্স,https://www.wafilife.com/cat/books/publisher/hadith-society-publications
1622,হামদান প্রকাশন,https://www.wafilife.com/cat/books/publisher/hamdan-prokashon
1623,হামামাহ পাবলিকেশন,https://www.wafilife.com/cat/books/publisher/hamamah-publication
1624,হামিদিয়া লাইব্রেরী লিঃ,https://www.wafilife.com/cat/books/publisher/hamidia-library
1625,হাম্মাদ প্রকাশন,https://www.wafilife.com/cat/books/publisher/hammad-prokashon
1626,হালচাল,https://www.wafilife.com/cat/books/publisher/halchal
1627,হালদা পাবলিকেশন্স,https://www.wafilife.com/cat/books/publisher/halda-publications
1628,হালাকাতু তাহফিযিল কুরআনিল কারীম,https://www.wafilife.com/cat/books/publisher/halakatu-tahfijil-quranil-karim
1629,হাসান বুক হাউজ,https://www.wafilife.com/cat/books/publisher/hassan-book-house
1630,হাসানাহ পাবলিকেশন,https://www.wafilife.com/cat/books/publisher/hasanah-publication
1631,হাসেমী পাবলিকেশন,https://www.wafilife.com/cat/books/publisher/হাসেমী-পাবলিকেশন
1632,হিকমাহ একাডেমি,https://www.wafilife.com/cat/books/publisher/hikmah-academy
1633,হিকমাহ পাবলিকেশন,https://www.wafilife.com/cat/books/publisher/hikmah-publication
1634,হিজাজ প্রকাশনী,https://www.wafilife.com/cat/books/publisher/হিজাজ-প্রকাশনী
1635,হিদায়াহ পাবলিকেশন,https://www.wafilife.com/cat/books/publisher/hidayah-publications
1636,হিমালয় প্রকাশনী,https://www.wafilife.com/cat/books/publisher/himaloy-prokasoni
1637,হিমেল পাবলিকেশন,https://www.wafilife.com/cat/books/publisher/himel-publication
1638,হিস্টোরিয়ান পাবলিকেশন্স,https://www.wafilife.com/cat/books/publisher/historian-publication
1639,হিয়া প্রকাশনা,https://www.wafilife.com/cat/books/publisher/hia-prokashona
1640,হুদহুদ প্রকাশন,https://www.wafilife.com/cat/books/publisher/হুদহুদ-প্রকাশন
1641,হুফফাজুল কুরআন ফাউন্ডেশন বাংলাদেশ,https://www.wafilife.com/cat/books/publisher/huffazul-quran-foundation-bangladesh
1642,হুমায়রা প্রকাশ,https://www.wafilife.com/cat/books/publisher/humaira-prakash
1643,হুসাইন আল-মাদানী প্রকাশনী,https://www.wafilife.com/cat/books/publisher/হুসাইন-আল-মাদানী-প্রকাশন
1644,হেক্সাস এডুকেশন,https://www.wafilife.com/cat/books/publisher/hexas-education
1645,হেরার জ্যোতি প্রকাশন,https://www.wafilife.com/cat/books/publisher/হেরার-জ্যোতি-প্রকাশন
1646,হোসাইনিয়া লাইব্রেরী,https://www.wafilife.com/cat/books/publisher/hoshainiya-library
1647,হোসেন পাবলিকেশন্স,https://www.wafilife.com/cat/books/publisher/hossain-publications
1648,হ্যাপি টেইলার্স,https://www.wafilife.com/cat/books/publisher/হ্যাপি-টেইলার্স
1649,হ্যালো ওয়ার্ল্ড প্রকাশনী,https://www.wafilife.com/cat/books/publisher/hello-world-prokashoni
1650,২৪ প্রকাশনী,https://www.wafilife.com/cat/books/publisher/24-prokashoni
1651,৩৬শে জুলাই থিঙ্কট্যাঙ্ক গ্রুপ,https://www.wafilife.com/cat/books/publisher/36-july-thinktank-group
